q,date,计划购电量(kWh),紧急购电量(kWh),未利用电量(kWh),计划费用(元),紧急费用(元),总费用(元),发生紧急购电,期初储能(kWh),期末储能(kWh),求解器
0.05,2025-02-01,35659.64273038724,4652.486703148277,2295.848467157632,18079.30557328435,18420.39001627016,36499.69558955451,1,6000.0,6000.0,HiGHS LP
0.05,2025-02-02,76762.6850483066,6254.096602466285,241.1167478793045,47049.307504470315,25205.664199675215,72254.97170414553,1,6000.0,6000.0,HiGHS LP
0.05,2025-02-03,77128.04922831761,7789.749837957535,276.26098351060887,47303.65794826446,30268.244445339235,77571.9023936037,1,6000.0,6000.0,HiGHS LP
0.05,2025-02-04,77187.34798256293,8622.068740300138,196.58100935801394,47388.261567295885,34924.90041961784,82313.16198691374,1,6000.0,6000.0,HiGHS LP
0.05,2025-02-05,72787.50774141634,12337.509332568628,6.541224912916164,44064.44290433213,48834.54053074728,92898.98343507941,1,6000.0,6000.0,HiGHS LP
0.05,2025-02-06,78507.70079192132,6420.5608261724565,242.51408920014637,48433.81315210355,24494.09123356371,72927.90438566727,1,6000.0,6000.0,HiGHS LP
0.05,2025-02-07,32846.528159918846,4996.59240211029,2549.350049834884,16580.143986510444,20425.470897179686,37005.61488369013,1,6000.0,6000.0,HiGHS LP
0.05,2025-02-08,31966.759137680394,6761.748927373296,3729.172501270276,16091.856136879589,26548.584292868356,42640.44042974795,1,6000.0,6000.0,HiGHS LP
0.05,2025-02-09,71022.34147594796,12942.981782057159,52.467387136527464,43212.450851686546,48575.618045178984,91788.06889686553,1,6000.0,6000.0,HiGHS LP
0.05,2025-02-10,74398.81315354788,4816.513487158578,496.4213999418531,45526.40228705687,18351.396733256657,63877.79902031353,1,6000.0,6000.0,HiGHS LP
0.05,2025-02-11,74753.22857344386,5000.73683440872,121.96065875765825,45856.882880450765,19386.289180287327,65243.17206073809,1,6000.0,6000.0,HiGHS LP
0.05,2025-02-12,70472.05187588846,9150.387170267277,2.740759421396774,42672.7070780662,37166.31955564766,79839.02663371386,1,6000.0,6000.0,HiGHS LP
0.05,2025-02-13,70587.06046125217,5712.742797961662,614.6270132653667,43060.2202172851,20602.33468605837,63662.55490334347,1,6000.0,6000.0,HiGHS LP
0.05,2025-02-14,32237.236327295726,5029.879732396033,4064.316294589782,16351.43915673556,17546.170662686694,33897.60981942226,1,6000.0,6000.0,HiGHS LP
0.05,2025-02-15,30723.968791801988,7210.737974803844,5345.198469794477,15547.08287500867,25578.562578202273,41125.64545321094,1,6000.0,6000.0,HiGHS LP
0.05,2025-02-16,67320.28077234825,12284.746101471635,0.0,40832.8227888561,46199.06240588857,87031.88519474468,1,6000.0,6000.0,HiGHS LP
0.05,2025-02-17,67454.13236377585,8041.916116586969,86.95226900151607,40848.93500166037,29305.391273221616,70154.32627488198,1,6000.0,6000.0,HiGHS LP
0.05,2025-02-18,68417.46835668241,8042.537400257052,115.18649386650503,41639.72571654614,29717.323609951076,71357.04932649722,1,6000.0,6000.0,HiGHS LP
0.05,2025-02-19,66607.15015017215,10420.984644481749,17.93374297159096,40465.25396813448,41205.19292654347,81670.44689467794,1,6000.0,6000.0,HiGHS LP
0.05,2025-02-20,67568.29907503304,7702.903646055811,123.90114943571808,41016.911366222776,29331.498180818162,70348.40954704094,1,6000.0,6000.0,HiGHS LP
0.05,2025-02-21,30239.145459272346,5853.968553640638,7306.091492232031,15289.231392085518,21146.75605039118,36435.9874424767,1,6000.0,6000.0,HiGHS LP
0.05,2025-02-22,31523.055944274616,5969.118794577931,6380.694150359265,16133.951400988088,21873.61727477127,38007.56867575936,1,6000.0,6000.0,HiGHS LP
0.05,2025-02-23,67407.01069218032,8431.018150608978,179.48704422082895,41008.356231645914,30497.514548573163,71505.87078021908,1,6000.0,6000.0,HiGHS LP
0.05,2025-02-24,65273.20743974729,7048.938019393361,22.207847205128147,39361.529927935335,27380.714747930768,66742.2446758661,1,6000.0,6000.0,HiGHS LP
0.05,2025-02-25,64067.41285131889,6315.362700703642,469.4926079447316,38639.08598982853,23969.290413605955,62608.37640343448,1,6000.0,6000.0,HiGHS LP
0.05,2025-02-26,63543.76339275911,9363.641657967288,5.289833331751993,38190.34666647106,35823.470653457414,74013.81731992846,1,6000.0,6000.0,HiGHS LP
0.05,2025-02-27,63601.34341526147,7751.432472236028,304.5590557268096,38378.02886264216,33244.20597718935,71622.23483983151,1,6000.0,6000.0,HiGHS LP
0.05,2025-02-28,28603.816203775794,6998.50740906212,9213.20277707805,14325.34536864243,25969.509910313318,40294.85527895574,1,6000.0,6000.0,HiGHS LP
0.05,2025-03-01,29653.50918999488,4580.856029849857,7456.150722549923,14985.55062293753,18293.728198740035,33279.278821677566,1,6000.0,6000.0,HiGHS LP
0.05,2025-03-02,60052.704476455576,16415.454802651235,24.65181340660604,36425.08308764295,61270.24410840587,97695.32719604882,1,6000.0,6000.0,HiGHS LP
0.05,2025-03-03,62348.327334830916,13910.034653013397,144.61483228459724,38103.93461253616,52461.61036575357,90565.54497828973,1,6000.0,6000.0,HiGHS LP
0.05,2025-03-04,63657.1683679572,9808.465918652679,151.14156035604174,38803.331635028655,34784.520275088944,73587.8519101176,1,6000.0,6000.0,HiGHS LP
0.05,2025-03-05,63852.859315849506,6631.831658494311,242.35080405710906,38780.54511843791,24519.44824115408,63299.993359591994,1,6000.0,6000.0,HiGHS LP
0.05,2025-03-06,63842.56284992852,6886.526188855441,673.4355217668493,38878.99747521835,24396.57269168593,63275.570166904276,1,6000.0,6000.0,HiGHS LP
0.05,2025-03-07,28077.49287777584,6219.79084917904,10334.998193621548,14368.524959436429,22695.37586851062,37063.90082794704,1,6000.0,6000.0,HiGHS LP
0.05,2025-03-08,27064.152136829794,4905.1196267314,9866.132246894527,13918.790684306572,15973.746281174068,29892.53696548064,1,6000.0,6000.0,HiGHS LP
0.05,2025-03-09,59909.931955308566,8057.483630647641,543.127216976082,35984.43813372596,31372.534410441367,67356.97254416734,1,6000.0,6000.0,HiGHS LP
0.05,2025-03-10,60148.798776750795,12054.433661920097,65.94245923573317,36176.664581861034,43260.0030632047,79436.66764506573,1,6000.0,6000.0,HiGHS LP
0.05,2025-03-11,60978.4214186817,7255.62527149991,200.5154165175766,36583.29231998798,26698.449932973854,63281.742252961834,1,6000.0,6000.0,HiGHS LP
0.05,2025-03-12,58369.449086412584,8185.105304200742,40.81069499332216,34829.44569491007,31266.235100537277,66095.68079544735,1,6000.0,6000.0,HiGHS LP
0.05,2025-03-13,58887.43761223678,12844.82331590235,103.87129637768078,35309.322793037565,48061.3989344048,83370.72172744237,1,6000.0,6000.0,HiGHS LP
0.05,2025-03-14,26630.977531192024,5007.419264098493,12568.970811957186,13443.472445674874,18743.891087215965,32187.36353289084,1,6000.0,6000.0,HiGHS LP
0.05,2025-03-15,26137.556007881074,6755.723580475398,8929.15443835647,13027.977374304042,24987.511484047533,38015.48885835157,1,6000.0,6000.0,HiGHS LP
0.05,2025-03-16,58855.577703328556,8709.33992851148,146.12547902715437,35349.29161266251,32885.67973543384,68234.97134809635,1,6000.0,6000.0,HiGHS LP
0.05,2025-03-17,58926.24373329154,3894.5128014256234,887.4009671030858,35142.61772651578,14834.274908774401,49976.89263529018,1,6000.0,6000.0,HiGHS LP
0.05,2025-03-18,55753.364618309104,9339.631267001529,15.703419830583812,33328.86470173574,37771.15730914272,71100.02201087846,1,6000.0,6000.0,HiGHS LP
0.05,2025-03-19,56933.97716742994,6665.641122545814,165.09545127851968,34010.356056016855,27198.29840790692,61208.654463923776,1,6000.0,6000.0,HiGHS LP
0.05,2025-03-20,54934.40457769313,11299.70696377214,13.063677050318574,32870.266738112645,44207.59349716718,77077.86023527983,1,6000.0,6000.0,HiGHS LP
0.05,2025-03-21,26295.977565170317,3463.8051378331666,14686.318186336819,13160.03353119141,12342.019955914351,25502.05348710576,1,6000.0,6000.0,HiGHS LP
0.05,2025-03-22,26068.25747794256,5789.609461597754,12936.667206206981,12895.601089072636,21749.870294874472,34645.47138394711,1,6000.0,6000.0,HiGHS LP
0.05,2025-03-23,56186.03048764853,7452.010609010564,934.9707492040418,33577.963093766026,28261.838141406784,61839.80123517281,1,6000.0,6000.0,HiGHS LP
0.05,2025-03-24,54535.291111260165,7597.584035011942,138.38516750357363,32657.0303023634,29412.996591027393,62070.026893390794,1,6000.0,6000.0,HiGHS LP
0.05,2025-03-25,55409.030498966735,9742.866800359825,177.5133668887409,33130.27129944107,37358.024388202626,70488.2956876437,1,6000.0,6000.0,HiGHS LP
0.05,2025-03-26,53788.55461659268,6400.824207013991,601.9569169297934,32113.83732859045,25197.58483806283,57311.42216665328,1,6000.0,6000.0,HiGHS LP
0.05,2025-03-27,52989.194199108635,9703.140274917561,34.45544163521157,31793.434151629783,39067.3453747148,70860.77952634459,1,6000.0,6000.0,HiGHS LP
0.05,2025-03-28,25653.771452213667,3881.497874235309,15673.388559782306,12608.511972828343,14794.285239247412,27402.797212075755,1,6000.0,6000.0,HiGHS LP
0.05,2025-03-29,26385.39100708474,2826.5232444938065,18464.705068245217,13034.423013267115,10639.49138920096,23673.914402468075,1,6000.0,6000.0,HiGHS LP
0.05,2025-03-30,51058.40164538625,8199.509978003749,104.27620960133638,30744.271367527548,32980.14157386949,63724.41294139704,1,6000.0,6000.0,HiGHS LP
0.05,2025-03-31,52352.63288958635,8749.523740313029,218.7510007381864,31442.261638837837,33792.92761373757,65235.18925257541,1,6000.0,6000.0,HiGHS LP
0.05,2025-04-01,50962.20445702351,13134.895969851197,64.34324321719825,30614.107139114567,47485.96003579718,78100.06717491175,1,6000.0,6000.0,HiGHS LP
0.05,2025-04-02,51083.73270961414,13260.416106631623,100.22922960182859,30709.65291439317,51306.37329438624,82016.02620877941,1,6000.0,6000.0,HiGHS LP
0.05,2025-04-03,51029.80888612667,8727.386868272477,63.369326368728515,30619.254192555512,35858.268746701404,66477.52293925692,1,6000.0,6000.0,HiGHS LP
0.05,2025-04-04,24707.495670459277,3380.1604398114205,18616.853860270694,11853.102927483793,12839.401851960705,24692.504779444498,1,6000.0,6000.0,HiGHS LP
0.05,2025-04-05,24799.997526036346,7360.853208614555,17076.735751317567,11909.821326193953,30204.696351882427,42114.51767807638,1,6000.0,6000.0,HiGHS LP
0.05,2025-04-06,49610.94766266055,9764.962281146316,1299.0280557218018,29829.777113631084,36980.00517059514,66809.78228422622,1,6000.0,6000.0,HiGHS LP
0.05,2025-04-07,50267.08844333506,8964.321959663263,2255.8643477369324,30151.99109587905,32772.80147597082,62924.79257184987,1,6000.0,6000.0,HiGHS LP
0.05,2025-04-08,50631.99587797996,8029.684519399046,568.5936561422707,30427.339054237513,33468.03888466535,63895.377938902864,1,6000.0,6000.0,HiGHS LP
0.05,2025-04-09,51102.86407696242,12233.526611224905,438.06213678961365,30796.035857717437,45905.95514946027,76701.99100717771,1,6000.0,6000.0,HiGHS LP
0.05,2025-04-10,50443.179599966184,8026.211354701859,258.8025934973383,30372.092968212448,33268.1472837217,63640.24025193415,1,6000.0,6000.0,HiGHS LP
0.05,2025-04-11,24454.247582882213,3311.967073460205,19409.56448967575,11659.748822899404,12535.764002409964,24195.512825309368,1,6000.0,6000.0,HiGHS LP
0.05,2025-04-12,24961.001211318187,4963.766870565665,17859.60753188385,12000.389619267018,20625.981746777157,32626.371366044175,1,6000.0,6000.0,HiGHS LP
0.05,2025-04-13,48843.34116439309,9856.545571505034,857.9692953861701,29372.5685030644,37519.163683595674,66891.73218666008,1,6000.0,6000.0,HiGHS LP
0.05,2025-04-14,48311.307984144165,9232.471500258025,1477.3499598692435,28954.10197330674,34474.64020210177,63428.74217540851,1,6000.0,6000.0,HiGHS LP
0.05,2025-04-15,48566.05337325939,8674.784929630776,3550.6254336128463,29071.598922424135,35569.1203253806,64640.71924780474,1,6000.0,6000.0,HiGHS LP
0.05,2025-04-16,48206.203036487546,11835.041170730761,758.9450062177095,28965.650526024358,43059.8915748364,72025.54210086077,1,6000.0,6000.0,HiGHS LP
0.05,2025-04-17,49329.88726585483,8679.344155662311,1545.4658807550677,29709.44088345985,34188.62362756716,63898.06451102701,1,6000.0,6000.0,HiGHS LP
0.05,2025-04-18,23692.311148140598,4710.773961337337,19007.18673317179,11116.749605821908,18499.308265091197,29616.057870913104,1,6000.0,6000.0,HiGHS LP
0.05,2025-04-19,24248.697578272902,3916.738766252278,18340.75709452518,11516.57809790615,15376.669708198204,26893.24780610435,1,6000.0,6000.0,HiGHS LP
0.05,2025-04-20,48877.21511064039,8466.569362540598,1852.6209131129253,29404.511040602236,32907.89929252051,62312.410333122745,1,6000.0,6000.0,HiGHS LP
0.05,2025-04-21,49390.17772767329,4260.386775781809,1552.786088013254,29681.23794091629,15143.667855940726,44824.90579685701,1,6000.0,6000.0,HiGHS LP
0.05,2025-04-22,47747.60870466671,10174.674793367609,2328.860351510955,28623.91108824919,37681.63375294925,66305.54484119844,1,6000.0,6000.0,HiGHS LP
0.05,2025-04-23,49676.834977757724,7484.519704691237,2195.1243454534706,29920.890823163507,26261.58369566236,56182.47451882587,1,6000.0,6000.0,HiGHS LP
0.05,2025-04-24,47982.75025100987,4912.193014894903,2334.873632449759,28784.0435187618,17612.932830463727,46396.97634922553,1,6000.0,6000.0,HiGHS LP
0.05,2025-04-25,23402.772493880133,2879.6235344798642,21241.332148371763,10945.87225959064,11687.857920643117,22633.730180233757,1,6000.0,6000.0,HiGHS LP
0.05,2025-04-26,23009.457389220606,6184.322241408578,26083.58599729585,10634.569250323433,25782.132652242024,36416.70190256546,1,6000.0,6000.0,HiGHS LP
0.05,2025-04-27,46074.39422840456,9320.615484028678,3514.2194300381693,27424.050495344192,39605.89910489938,67029.94960024356,1,6000.0,6000.0,HiGHS LP
0.05,2025-04-28,47505.971806936344,13211.005838667134,714.3970271591912,28486.44831177557,49854.746058676414,78341.19437045198,1,6000.0,6000.0,HiGHS LP
0.05,2025-04-29,47905.35495051014,6675.510066652044,3692.695094493906,28671.507633816793,24581.72042029142,53253.228054108215,1,6000.0,6000.0,HiGHS LP
0.05,2025-04-30,45932.807453243695,8329.826483608787,2722.3612856882137,27388.63382164208,29393.959694101184,56782.59351574327,1,6000.0,6000.0,HiGHS LP
0.05,2025-05-01,47053.37528970833,10785.544959350891,3545.356123349592,28350.929104512135,45965.35451888321,74316.28362339534,1,6000.0,6000.0,HiGHS LP
0.05,2025-05-02,24364.0271273463,9458.347540267061,16489.98366672497,11749.46432160528,40326.54095913921,52076.00528074449,1,6000.0,6000.0,HiGHS LP
0.05,2025-05-03,25334.8747021577,6642.503814380943,20070.20686653864,12457.396237005833,28539.2790286107,40996.67526561653,1,6000.0,6000.0,HiGHS LP
0.05,2025-05-04,48522.61455908788,9634.540253795258,3135.777970496258,29765.060808453796,34583.70985390004,64348.77066235384,1,6000.0,6000.0,HiGHS LP
0.05,2025-05-05,47228.29698708873,12820.50201810331,1821.136921209899,29000.09634151382,52177.597146587505,81177.69348810133,1,6000.0,6000.0,HiGHS LP
0.05,2025-05-06,48295.0040922865,9285.535752478048,1497.5551447926798,29772.95986346618,37356.71831984412,67129.6781833103,1,6000.0,6000.0,HiGHS LP
0.05,2025-05-07,49054.2512332564,10499.033952064066,1256.4381445397078,30313.69813226706,42583.30849138681,72897.00662365387,1,6000.0,6000.0,HiGHS LP
0.05,2025-05-08,48608.13257988768,11977.345200681786,1513.8924702178706,29993.311962021013,45363.9701623998,75357.2821244208,1,6000.0,6000.0,HiGHS LP
0.05,2025-05-09,25175.216135841518,5288.508034159786,18923.757195688704,12538.387778015524,21986.72304009462,34525.110818110144,1,6000.0,6000.0,HiGHS LP
0.05,2025-05-10,23488.602780228855,8492.317375721505,16819.68572130268,11234.56246026533,35852.8243644192,47087.38682468452,1,6000.0,6000.0,HiGHS LP
0.05,2025-05-11,49259.02396848947,9822.45914636258,324.16726950930365,30557.722396684665,37205.49412844017,67763.21652512484,1,6000.0,6000.0,HiGHS LP
0.05,2025-05-12,49782.00607165546,7535.95721446152,2098.9863617627716,30932.63781368984,25303.86649500428,56236.504308694115,1,6000.0,6000.0,HiGHS LP
0.05,2025-05-13,46064.477032057424,11027.503559311166,916.6130610228789,28275.2658644863,43544.52153877572,71819.78740326202,1,6000.0,6000.0,HiGHS LP
0.05,2025-05-14,46515.82440634112,10756.852579548053,1161.3432129318762,28543.986699204466,41439.90375964767,69983.89045885214,1,6000.0,6000.0,HiGHS LP
0.05,2025-05-15,47423.13144577827,9839.319961047364,1376.734605870492,29392.203794089415,38752.54733567142,68144.75112976084,1,6000.0,6000.0,HiGHS LP
0.05,2025-05-16,24724.898275295993,3684.568982247083,22653.96072420974,12254.048933029484,13967.731300758252,26221.780233787737,1,6000.0,6000.0,HiGHS LP
0.05,2025-05-17,24609.592342029522,7341.665476455648,18458.02849198566,12130.895408885961,30775.105824092185,42906.001232978146,1,6000.0,6000.0,HiGHS LP
0.05,2025-05-18,47523.68912855038,10770.260339787515,1552.218503642313,29487.758126838802,38699.633790210035,68187.39191704884,1,6000.0,6000.0,HiGHS LP
0.05,2025-05-19,46415.13002816992,5734.734507546187,1588.7862374915107,28525.841867650855,24329.371774860454,52855.21364251131,1,6000.0,6000.0,HiGHS LP
0.05,2025-05-20,46483.746177262394,12582.298387944,1478.0088480692416,28587.962441451607,47600.878063106036,76188.84050455765,1,6000.0,6000.0,HiGHS LP
0.05,2025-05-21,46005.925973907295,9396.30267824454,993.048013576622,28266.228636087093,36256.021276326814,64522.24991241391,1,6000.0,6000.0,HiGHS LP
0.05,2025-05-22,46535.08355818133,8742.372245991279,1410.5635900982538,28745.406942729478,33220.49414488006,61965.90108760954,1,6000.0,6000.0,HiGHS LP
0.05,2025-05-23,23361.689512198114,6742.83794992935,20643.578578794128,11248.10690488112,27628.569362291753,38876.67626717287,1,6000.0,6000.0,HiGHS LP
0.05,2025-05-24,23539.83887839003,4496.164865243236,21241.502360299935,11307.605932885963,18181.51677696111,29489.122709847074,1,6000.0,6000.0,HiGHS LP
0.05,2025-05-25,45131.35490904041,7896.8528590002825,1434.5696394768916,27575.162588382773,31652.039666347984,59227.20225473076,1,6000.0,6000.0,HiGHS LP
0.05,2025-05-26,44722.465030937674,13392.742450734673,483.8676664465949,27322.068669817,51568.771788887476,78890.84045870448,1,6000.0,6000.0,HiGHS LP
0.05,2025-05-27,45809.6942245305,7676.613130078584,1048.2840678580355,28139.157753665502,31189.62061892031,59328.77837258582,1,6000.0,6000.0,HiGHS LP
0.05,2025-05-28,46055.05377204478,9960.398150563502,695.7853401664753,28230.801887569472,36469.30450676927,64700.10639433874,1,6000.0,6000.0,HiGHS LP
0.05,2025-05-29,46032.164995605286,11645.783208274272,490.0640153433279,28229.024730112265,46156.71506660456,74385.73979671684,1,6000.0,6000.0,HiGHS LP
0.05,2025-05-30,23247.251766957623,7258.14375959758,20869.162259888537,11194.311292695778,29782.954515395766,40977.26580809154,1,6000.0,6000.0,HiGHS LP
0.05,2025-05-31,23535.338489407663,6697.228173177473,18803.38511258514,11283.56582267216,27726.404436533532,39009.97025920569,1,6000.0,6000.0,HiGHS LP
0.05,2025-06-01,49012.74400038396,25469.964307434057,0.0,30222.332622715854,98803.70221346075,129026.03483617661,1,6000.0,6000.0,HiGHS LP
0.05,2025-06-02,53795.87718087917,18295.01756676172,139.91031811892105,34459.14227021807,71605.46662357399,106064.60889379206,1,6000.0,6000.0,HiGHS LP
0.05,2025-06-03,56853.072356178,14835.010429429565,85.68735312580031,35699.245311522376,58949.1493026183,94648.39461414068,1,6000.0,6000.0,HiGHS LP
0.05,2025-06-04,59871.10317393743,13471.149234159926,170.75669497650176,37287.62999753435,48980.54421772178,86268.17421525612,1,6000.0,6000.0,HiGHS LP
0.05,2025-06-05,60349.847961797335,14424.873460925783,137.52782130266985,37667.459928937235,54923.610247018325,92591.07017595557,1,6000.0,6000.0,HiGHS LP
0.05,2025-06-06,30477.679258636657,12329.027081465774,8911.710940102434,16724.495423029297,48767.62876837566,65492.12419140496,1,6000.0,6000.0,HiGHS LP
0.05,2025-06-07,30506.272345836398,9555.253964331603,5895.013143501328,16442.172453776177,36969.11954383335,53411.29199760953,1,6000.0,6000.0,HiGHS LP
0.05,2025-06-08,70607.0532021021,3140.764020775815,4534.298985931167,43315.694967794916,11323.146118054081,54638.841085848995,1,6000.0,6000.0,HiGHS LP
0.05,2025-06-09,60995.865188525066,13412.73253870465,60.12196668268244,37663.26581968428,54352.560576851676,92015.82639653597,1,6000.0,6000.0,HiGHS LP
0.05,2025-06-10,63093.250647837165,12068.937617314441,71.27724727572809,38611.00687159311,47225.43305260499,85836.4399241981,1,6000.0,6000.0,HiGHS LP
0.05,2025-06-11,63409.60635540057,16313.626145310101,52.08494914338701,38719.369344362014,67265.88885232099,105985.258196683,1,6000.0,6000.0,HiGHS LP
0.05,2025-06-12,67273.31471948032,9441.468272024367,397.2984111733177,41140.625276204926,36963.780714068285,78104.40599027321,1,6000.0,6000.0,HiGHS LP
0.05,2025-06-13,29357.06591780485,8005.948468750244,5977.700686555092,15874.783414744492,30705.713351844213,46580.49676658871,1,6000.0,6000.0,HiGHS LP
0.05,2025-06-14,30148.546036856915,7709.719243598304,8624.922530455224,16264.713931107819,28822.829096967533,45087.54302807535,1,6000.0,6000.0,HiGHS LP
0.05,2025-06-15,62371.23835108713,12093.983577519653,235.30387127545592,38419.30676738953,47762.33639531441,86181.64316270393,1,6000.0,6000.0,HiGHS LP
0.05,2025-06-16,63317.71861767124,13039.356943703508,62.70976681065713,38515.41653955509,52570.94744249001,91086.36398204509,1,6000.0,6000.0,HiGHS LP
0.05,2025-06-17,64609.957946395254,13784.869768344954,74.17895732970251,39243.96366787047,54804.8231905267,94048.78685839717,1,6000.0,6000.0,HiGHS LP
0.05,2025-06-18,65246.22912126017,9437.85502816674,84.87708139207169,39684.95261087586,36168.48757793694,75853.44018881279,1,6000.0,6000.0,HiGHS LP
0.05,2025-06-19,63368.89536558568,8883.086137285638,427.25634667949555,38928.368320309455,35547.78368639399,74476.15200670344,1,6000.0,6000.0,HiGHS LP
0.05,2025-06-20,29873.34824649121,4258.740080769511,8691.50747726072,16321.978493367733,14962.348337301222,31284.326830668957,1,6000.0,6000.0,HiGHS LP
0.05,2025-06-21,29827.432786669946,4243.233162476419,11695.925549146365,16150.219441058347,16278.880227652975,32429.099668711322,1,6000.0,6000.0,HiGHS LP
0.05,2025-06-22,61100.34093432757,10076.130587611246,204.29321693921514,37150.454326089704,38676.15548002239,75826.6098061121,1,6000.0,6000.0,HiGHS LP
0.05,2025-06-23,62445.41492468526,8521.905984579735,373.2036650198368,38228.02989959965,36417.23559997593,74645.26549957559,1,6000.0,6000.0,HiGHS LP
0.05,2025-06-24,57643.5517235008,22105.57951349792,18.058947321862433,35116.740948408325,88748.706402979,123865.44735138732,1,6000.0,6000.0,HiGHS LP
0.05,2025-06-25,65254.03663228516,9164.199777899714,262.6289351545752,39787.98870647579,35813.85369094847,75601.84239742426,1,6000.0,6000.0,HiGHS LP
0.05,2025-06-26,62705.45636380106,9181.74331650164,741.3348193782795,38066.31343393903,39168.47679287502,77234.79022681405,1,6000.0,6000.0,HiGHS LP
0.05,2025-06-27,28707.23309295176,4431.108605379344,10326.695831664434,15328.960489634454,17051.112159061344,32380.072648695797,1,6000.0,6000.0,HiGHS LP
0.05,2025-06-28,28995.024835644526,5345.108357264542,9523.207076242405,15490.030469914283,20202.430120169112,35692.4605900834,1,6000.0,6000.0,HiGHS LP
0.05,2025-06-29,62883.38664974818,10292.245015606957,281.54086217681015,38359.70307290245,38074.54224499193,76434.24531789438,1,6000.0,6000.0,HiGHS LP
0.05,2025-06-30,63060.001148854426,10788.412344828028,269.3204606019925,38335.01635210961,41471.63314331559,79806.6494954252,1,6000.0,6000.0,HiGHS LP
0.05,2025-07-01,68897.06544685058,14099.856424203917,192.52585423588062,42196.32216308298,51941.92862870943,94138.25079179241,1,6000.0,6000.0,HiGHS LP
0.05,2025-07-02,72574.65289227625,6355.324375221275,2181.561226856551,45569.21375133938,20786.031663838126,66355.24541517752,1,6000.0,6000.0,HiGHS LP
0.05,2025-07-03,71087.1384503851,12532.798423714528,172.19024707489802,44951.05567709472,46578.91787754505,91529.97355463977,1,6000.0,6000.0,HiGHS LP
0.05,2025-07-04,36301.71051228112,6858.750605620762,11239.593651235215,21055.269520166436,24639.824861058893,45695.094381225324,1,6000.0,6000.0,HiGHS LP
0.05,2025-07-05,38014.44805055194,5750.947745788948,11935.315829674217,22021.249708903437,20084.476964047008,42105.72667295045,1,6000.0,6000.0,HiGHS LP
0.05,2025-07-06,68892.53446251755,14688.981299108542,87.90700813865783,43430.06969951679,58514.37708556516,101944.44678508195,1,6000.0,6000.0,HiGHS LP
0.05,2025-07-07,72189.37508145737,6268.608982312241,1237.833759357659,45076.0248578302,22025.71664161682,67101.74149944702,1,6000.0,6000.0,HiGHS LP
0.05,2025-07-08,73560.5878078952,7033.21144521407,1269.501873084792,46077.7370231899,29978.019301554417,76055.75632474432,1,6000.0,6000.0,HiGHS LP
0.05,2025-07-09,67407.37965852176,10679.890263073557,363.07438463056417,42581.215099230976,40066.42805122757,82647.64315045855,1,6000.0,6000.0,HiGHS LP
0.05,2025-07-10,66867.83402958342,10000.729374326032,342.73401551846354,42361.41349208431,39067.51305525163,81428.92654733594,1,6000.0,6000.0,HiGHS LP
0.05,2025-07-11,36981.6785003878,8122.028461039993,9544.929811427794,21157.517785816213,30716.805463186993,51874.32324900321,1,6000.0,6000.0,HiGHS LP
0.05,2025-07-12,37579.348610908375,7183.82608834327,10638.931365918315,21454.933932130858,28134.265050917933,49589.19898304879,1,6000.0,6000.0,HiGHS LP
0.05,2025-07-13,64284.015265920374,9044.840551778252,514.9915519489209,40762.38960655025,36881.69387514221,77644.08348169246,1,6000.0,6000.0,HiGHS LP
0.05,2025-07-14,60312.046848115366,14995.96735764608,97.87320522093127,38644.15788152268,57512.72120026879,96156.87908179147,1,6000.0,6000.0,HiGHS LP
0.05,2025-07-15,63018.82089685978,13635.534984647105,397.95522263699434,40426.23782541951,49487.851668187286,89914.08949360679,1,6000.0,6000.0,HiGHS LP
0.05,2025-07-16,62825.8151459552,13394.481061134189,509.61567460204606,40096.371802722846,47789.42150891815,87885.793311641,1,6000.0,6000.0,HiGHS LP
0.05,2025-07-17,62283.10851809972,14066.251940750975,124.19330855863751,39937.55932846897,56081.10267397582,96018.66200244479,1,6000.0,6000.0,HiGHS LP
0.05,2025-07-18,35602.53085158338,8975.268523301922,10263.5512748853,20148.640174246884,36016.15938158177,56164.79955582865,1,6000.0,6000.0,HiGHS LP
0.05,2025-07-19,35639.769500165436,8198.370723975893,13615.321174141332,20198.918197340114,31980.191826307146,52179.110023647256,1,6000.0,6000.0,HiGHS LP
0.05,2025-07-20,62407.58209735763,13293.080656605965,172.4774335704205,40191.51049284819,49796.82194264993,89988.33243549812,1,6000.0,6000.0,HiGHS LP
0.05,2025-07-21,60986.150039113374,16486.932561722377,50.288329824884386,39165.09365842688,62041.64369490159,101206.73735332847,1,6000.0,6000.0,HiGHS LP
0.05,2025-07-22,64039.12676658822,13535.691391985545,208.41426767799433,40770.38033769435,52390.01242639631,93160.39276409065,1,6000.0,6000.0,HiGHS LP
0.05,2025-07-23,64680.988744506445,13218.46593076675,112.83440519086318,41301.004738982825,51359.46932936703,92660.47406834985,1,6000.0,6000.0,HiGHS LP
0.05,2025-07-24,63307.1665239146,14063.350042437205,205.85446755083615,40417.3477041025,52875.15146535053,93292.49916945303,1,6000.0,6000.0,HiGHS LP
0.05,2025-07-25,36806.69713590941,5443.268772104874,12704.646341347614,21138.44977939415,20929.42460918651,42067.87438858066,1,6000.0,6000.0,HiGHS LP
0.05,2025-07-26,36941.01641327343,6883.014813738857,12314.939660345619,21068.256417417615,27333.360007029816,48401.616424447435,1,6000.0,6000.0,HiGHS LP
0.05,2025-07-27,64332.428867941766,12953.708884195688,48.31764869352696,41008.66970560467,51935.23262393857,92943.90232954324,1,6000.0,6000.0,HiGHS LP
0.05,2025-07-28,65187.1132033136,16471.874619051534,136.5773194172416,41525.70007543726,63553.45124953483,105079.15132497209,1,6000.0,6000.0,HiGHS LP
0.05,2025-07-29,65109.5314022877,14750.905915054664,221.91816434516193,41307.13145391146,56367.6401378053,97674.77159171677,1,6000.0,6000.0,HiGHS LP
0.05,2025-07-30,64910.75114517983,12861.59090540406,97.99881358774655,41208.24412634493,49917.1926436567,91125.43677000163,1,6000.0,6000.0,HiGHS LP
0.05,2025-07-31,63423.829348265834,14905.499591065396,66.38469686425105,40426.57399169338,58760.44664053619,99187.02063222957,1,6000.0,6000.0,HiGHS LP
0.05,2025-08-01,35576.58592444145,4432.842191527217,15718.068449302005,20296.2719918129,15881.758076390526,36178.03006820343,1,6000.0,6000.0,HiGHS LP
0.05,2025-08-02,34062.12614850284,7604.611873462288,17699.71308863179,19150.510608610377,30395.922474680305,49546.433083290685,1,6000.0,6000.0,HiGHS LP
0.05,2025-08-03,60869.832537338814,6976.6530487739055,1628.338882709901,39305.328602325244,25052.565922581412,64357.89452490666,1,6000.0,6000.0,HiGHS LP
0.05,2025-08-04,60702.37700894488,9349.17183024772,1307.4328913033519,39244.86200239323,33981.59230955306,73226.45431194629,1,6000.0,6000.0,HiGHS LP
0.05,2025-08-05,60513.27984645342,9204.955022378821,1216.5913961684935,39108.125784079755,32360.077242575502,71468.20302665526,1,6000.0,6000.0,HiGHS LP
0.05,2025-08-06,58965.51777142317,14265.327556779006,1838.2263354817665,37973.01489244373,54274.4021770971,92247.41706954082,1,6000.0,6000.0,HiGHS LP
0.05,2025-08-07,62586.87758613842,5197.406543645035,943.7222173604077,40515.43550598543,19176.55260256546,59691.98810855089,1,6000.0,6000.0,HiGHS LP
0.05,2025-08-08,34384.711106434894,4806.786766790202,20376.326623225093,19430.635022615854,18369.466840910587,37800.10186352644,1,6000.0,6000.0,HiGHS LP
0.05,2025-08-09,33531.34104148776,7559.037603997903,19128.44964548566,18760.578022392383,29859.17626080678,48619.75428319916,1,6000.0,6000.0,HiGHS LP
0.05,2025-08-10,58307.60789438455,12655.482607629887,2402.642794764259,37492.34570324302,47485.174471217295,84977.52017446031,1,6000.0,6000.0,HiGHS LP
0.05,2025-08-11,60407.90125460435,8433.993987145059,939.1128360205673,38950.8430868908,31522.765655900173,70473.60874279098,1,6000.0,6000.0,HiGHS LP
0.05,2025-08-12,59664.24815091166,12027.182784674169,620.1026099179059,38432.56552231836,45838.2219307348,84270.78745305316,1,6000.0,6000.0,HiGHS LP
0.05,2025-08-13,58639.231327975205,11436.994567552882,663.1751344974647,37652.52811469862,43907.24009755715,81559.76821225577,1,6000.0,6000.0,HiGHS LP
0.05,2025-08-14,58668.487830516744,11877.117699578188,1303.3762404650424,37755.57114611076,46691.56284720028,84447.13399331103,1,6000.0,6000.0,HiGHS LP
0.05,2025-08-15,34939.6987909911,5800.203247847108,20540.175155504872,19849.378613355693,21756.402858106303,41605.781471461996,1,6000.0,6000.0,HiGHS LP
0.05,2025-08-16,35890.30685557676,5506.1710964544345,21427.197585364527,20456.747452821233,22681.04810269711,43137.79555551834,1,6000.0,6000.0,HiGHS LP
0.05,2025-08-17,57362.83476486364,11335.353506340527,2305.4533989400634,36817.39960113683,43570.29262333849,80387.69222447532,1,6000.0,6000.0,HiGHS LP
0.05,2025-08-18,59731.8606481138,10185.487884734239,2203.141863278606,38484.63740199547,42203.713811116366,80688.35121311183,1,6000.0,6000.0,HiGHS LP
0.05,2025-08-19,57984.569078965396,12267.01656489431,2644.329316301838,37253.87812942683,46414.71709556805,83668.59522499488,1,6000.0,6000.0,HiGHS LP
0.05,2025-08-20,59681.07502571265,15426.80678832582,1113.9856253309306,38427.45130039226,60243.852097483,98671.30339787526,1,6000.0,6000.0,HiGHS LP
0.05,2025-08-21,60550.76174094067,9921.901801495718,1191.8645416381642,38978.5104352011,37087.656414787474,76066.16684998857,1,6000.0,6000.0,HiGHS LP
0.05,2025-08-22,35774.19856371935,8350.803481527573,19854.432645246918,20384.616075726903,34403.57827568485,54788.19435141175,1,6000.0,6000.0,HiGHS LP
0.05,2025-08-23,34878.93873037371,7565.172282070929,16874.104862444638,19717.113886071453,30882.792308953613,50599.90619502506,1,6000.0,6000.0,HiGHS LP
0.05,2025-08-24,58182.00882423225,11235.061894705183,2362.371222096448,37284.79112845127,46926.96695117168,84211.75807962294,1,6000.0,6000.0,HiGHS LP
0.05,2025-08-25,59006.59191090026,16386.733764323475,1263.1767198905955,37945.93206685913,63044.10585211955,100990.03791897869,1,6000.0,6000.0,HiGHS LP
0.05,2025-08-26,58293.95353633442,11828.277073421348,1230.0118278409482,37364.40725015569,48461.56150715352,85825.96875730921,1,6000.0,6000.0,HiGHS LP
0.05,2025-08-27,57581.35604404338,15038.9631550036,1388.3921500000004,36933.53886015905,60492.29271191215,97425.83157207121,1,6000.0,6000.0,HiGHS LP
0.05,2025-08-28,58853.99408750438,15440.602603692556,128.4870710351206,37790.22892440692,59962.793865844316,97753.02279025124,1,6000.0,6000.0,HiGHS LP
0.05,2025-08-29,32984.558449841184,9704.991000781418,17094.3291006226,18453.314325188145,39223.74204337658,57677.05636856472,1,6000.0,6000.0,HiGHS LP
0.05,2025-08-30,33905.75009798334,9391.450070643634,21744.48033529364,19105.38746129409,37391.172226983064,56496.55968827715,1,6000.0,6000.0,HiGHS LP
0.05,2025-08-31,59519.94783670229,11796.9826294916,1278.2521659180652,38281.38173728647,45450.87355628156,83732.25529356803,1,6000.0,6000.0,HiGHS LP
0.05,2025-09-01,55710.17228192257,5474.294388628763,4346.2057729627495,35715.923693034616,18349.659315477096,54065.58300851171,1,6000.0,6000.0,HiGHS LP
0.05,2025-09-02,46340.91995757268,13948.681052931957,3102.5339394589446,28845.15632080028,55708.961575535664,84554.11789633594,1,6000.0,6000.0,HiGHS LP
0.05,2025-09-03,48106.35736466631,13271.48561558182,2566.932572014074,29986.173481446065,50822.4017235937,80808.57520503976,1,6000.0,6000.0,HiGHS LP
0.05,2025-09-04,47860.11454614891,13793.358135099785,4457.388547697293,29760.951492038257,54731.02329028135,84491.97478231961,1,6000.0,6000.0,HiGHS LP
0.05,2025-09-05,26837.570577656836,4077.899359545951,21051.208270536124,14064.74943060596,15639.210315633663,29703.959746239623,1,6000.0,6000.0,HiGHS LP
0.05,2025-09-06,28141.76825522469,3268.0591191638723,20648.743674388563,14980.43067961296,12702.884532287375,27683.315211900335,1,6000.0,6000.0,HiGHS LP
0.05,2025-09-07,47858.71241471878,13257.090804543022,2843.2001566598515,29754.59666885343,51228.1974786854,80982.79414753884,1,6000.0,6000.0,HiGHS LP
0.05,2025-09-08,41325.35697243549,23920.11686794076,2621.840533333334,25015.78609462212,93400.46208648989,118416.24818111201,1,6000.0,6000.0,HiGHS LP
0.05,2025-09-09,48507.67799318768,11160.127987907552,3208.0726350907917,30203.924952988622,44037.71324975114,74241.63820273976,1,6000.0,6000.0,HiGHS LP
0.05,2025-09-10,48417.83162036092,17447.174469010963,1182.7452506924956,30119.852642082165,68844.0643997969,98963.91704187906,1,6000.0,6000.0,HiGHS LP
0.05,2025-09-11,48311.555396669966,10723.648620887314,2087.020387270934,29953.772585158375,42442.472172980575,72396.24475813896,1,6000.0,6000.0,HiGHS LP
0.05,2025-09-12,25088.764758900666,8335.801901103103,18832.910460003768,12763.874387982349,31469.856185765566,44233.73057374792,1,6000.0,6000.0,HiGHS LP
0.05,2025-09-13,25119.909828412656,8208.486411356374,22281.29475643569,12791.61081411437,31905.955430073594,44697.56624418797,1,6000.0,6000.0,HiGHS LP
0.05,2025-09-14,49389.53918558516,15873.323142660469,1573.9358166666666,30623.709509361026,59373.81534907653,89997.52485843757,1,6000.0,6000.0,HiGHS LP
0.05,2025-09-15,51702.11416677182,9760.561389611852,2707.359373190887,32229.566109251715,37924.20736141843,70153.77347067014,1,6000.0,6000.0,HiGHS LP
0.05,2025-09-16,50845.488661578165,14418.300140264682,2062.2464,31563.056189186187,50874.028641703066,82437.08483088925,1,6000.0,6000.0,HiGHS LP
0.05,2025-09-17,54238.189512031066,10060.570733955634,533.3596745727992,33973.06182465447,36987.47671532337,70960.53853997783,1,6000.0,6000.0,HiGHS LP
0.05,2025-09-18,52543.96652159437,11208.561001240252,977.3759272222364,32662.65601391864,43095.842376796776,75758.49839071542,1,6000.0,6000.0,HiGHS LP
0.05,2025-09-19,26615.82954897161,7713.654445255492,15188.13167756043,13836.370509871878,28751.505475976737,42587.875985848616,1,6000.0,6000.0,HiGHS LP
0.05,2025-09-20,27754.63070524607,7158.113674915065,16227.310646827793,14575.971198249721,27757.24940667492,42333.220604924645,1,6000.0,6000.0,HiGHS LP
0.05,2025-09-21,53504.73104743652,10550.944433394641,1762.399603793836,33060.953472816494,36507.58466909881,69568.53814191531,1,6000.0,6000.0,HiGHS LP
0.05,2025-09-22,52301.55268270374,13658.772131548772,1413.4243999999999,32289.4701469383,49400.42832922233,81689.89847616063,1,6000.0,6000.0,HiGHS LP
0.05,2025-09-23,53260.18691923175,13124.012163772375,331.93470000000013,32968.41026121263,50531.248003356945,83499.65826456957,1,6000.0,6000.0,HiGHS LP
0.05,2025-09-24,52139.866657582315,13964.365121868284,1088.0106019889975,32113.26899448028,50480.80590004056,82594.07489452085,1,6000.0,6000.0,HiGHS LP
0.05,2025-09-25,53869.890032745796,11595.832994207123,1099.854090743112,33366.92249092,41989.43632511303,75356.35881603303,1,6000.0,6000.0,HiGHS LP
0.05,2025-09-26,28690.697120831945,5368.778080018146,13325.23170085009,15185.859960480142,20377.263713778935,35563.12367425908,1,6000.0,6000.0,HiGHS LP
0.05,2025-09-27,27525.75373846446,9931.159187677531,16615.610676141987,14295.530308878675,39624.68439282962,53920.2147017083,1,6000.0,6000.0,HiGHS LP
0.05,2025-09-28,54671.58494692331,13048.11059708582,178.06054471148428,33805.35928956191,49500.3441043638,83305.70339392571,1,6000.0,6000.0,HiGHS LP
0.05,2025-09-29,55353.33294676161,11732.086169906534,269.5174030082817,34266.76290250571,45037.257553509,79304.02045601471,1,6000.0,6000.0,HiGHS LP
0.05,2025-09-30,56983.209389973825,12621.248510466621,125.00361787184795,35508.716286507064,50434.38546594436,85943.10175245142,1,6000.0,6000.0,HiGHS LP
0.05,2025-10-01,56342.455820186835,2083.632767407521,4705.694908254438,34987.01597194012,5903.961877629491,40890.97784956961,1,6000.0,6000.0,HiGHS LP
0.05,2025-10-02,53274.58547929851,4356.915291294274,1847.384320592784,32583.86319215697,13768.958408929062,46352.821601086034,1,6000.0,6000.0,HiGHS LP
0.05,2025-10-03,25675.543742103786,4918.109317728489,19736.499359832276,12853.826333475172,17794.875465122597,30648.70179859777,1,6000.0,6000.0,HiGHS LP
0.05,2025-10-04,26160.03684182935,6604.906382276605,16628.96079077262,13093.193358330933,24742.542005124065,37835.735363454995,1,6000.0,6000.0,HiGHS LP
0.05,2025-10-05,53825.97229964136,6196.933318643708,1233.6112182850675,32730.367073666683,20566.761466149703,53297.12853981639,1,6000.0,6000.0,HiGHS LP
0.05,2025-10-06,54340.35771806767,8593.691736419107,1147.6068711534501,33035.5974742156,30504.970214755125,63540.567688970725,1,6000.0,6000.0,HiGHS LP
0.05,2025-10-07,54156.10282986487,8435.9787311218,767.1852276533278,32821.98451724973,30106.231780943534,62928.21629819326,1,6000.0,6000.0,HiGHS LP
0.05,2025-10-08,54326.91300197855,7688.155968499031,1479.9845894575908,32460.654058357315,28889.082858039612,61349.73691639693,1,6000.0,6000.0,HiGHS LP
0.05,2025-10-09,53108.079033986294,8130.789707819722,1425.553725139348,31695.356135152168,32383.556799353457,64078.91293450563,1,6000.0,6000.0,HiGHS LP
0.05,2025-10-10,27027.531438081467,4534.706835297213,19178.62735671201,13293.757278079807,18119.86443852775,31413.62171660756,1,6000.0,6000.0,HiGHS LP
0.05,2025-10-11,27614.07656577217,4788.750145129267,15256.513127568101,13534.359751758779,21364.897695977987,34899.25744773677,1,6000.0,6000.0,HiGHS LP
0.05,2025-10-12,53270.01446441417,11067.368467952721,1769.0936157002293,31809.87890220863,42800.860937937396,74610.73984014602,1,6000.0,6000.0,HiGHS LP
0.05,2025-10-13,53148.42816228177,9544.621650992167,1612.321179940603,31823.211470136637,38327.94816725877,70151.15963739541,1,6000.0,6000.0,HiGHS LP
0.05,2025-10-14,52938.063403481865,12851.057021491564,961.9578083067611,31660.448540229372,50558.24964147444,82218.6981817038,1,6000.0,6000.0,HiGHS LP
0.05,2025-10-15,53690.64351914222,13054.87448085778,772.1610166666667,32194.369786709452,50240.099562145566,82434.46934885503,1,6000.0,6000.0,HiGHS LP
0.05,2025-10-16,54224.340042154305,13848.15446486435,1052.688223685326,32605.992084336496,55485.8374771776,88091.8295615141,1,6000.0,6000.0,HiGHS LP
0.05,2025-10-17,27701.214667963948,6430.120909637521,15087.136260934802,13709.735347625134,27626.484085989847,41336.219433614984,1,6000.0,6000.0,HiGHS LP
0.05,2025-10-18,27398.037743299716,7233.04295280594,15514.487429438987,13535.937539432121,29865.318503235118,43401.25604266724,1,6000.0,6000.0,HiGHS LP
0.05,2025-10-19,54650.862683419226,13609.298029303076,321.1048460556359,32869.720153855356,55238.88028859029,88108.60044244565,1,6000.0,6000.0,HiGHS LP
0.05,2025-10-20,55305.209758976656,13236.01458284638,47.10864182303317,33478.53924201107,53112.79140185879,86591.33064386986,1,6000.0,6000.0,HiGHS LP
0.05,2025-10-21,55489.22177180954,15026.69291152379,0.0,33616.70215880471,58015.09979653201,91631.80195533672,1,6000.0,6000.0,HiGHS LP
0.05,2025-10-22,55262.460313496194,14393.902595131512,46.40359663321806,33379.30707699931,58169.939277143436,91549.24635414274,1,6000.0,6000.0,HiGHS LP
0.05,2025-10-23,56831.320066602915,10692.40330587044,88.02943984198981,34500.24103183982,42762.56150112174,77262.80253296156,1,6000.0,6000.0,HiGHS LP
0.05,2025-10-24,27416.19188101157,7845.767885691886,13801.909050036791,13514.824418685725,33483.5926517106,46998.417070396325,1,6000.0,6000.0,HiGHS LP
0.05,2025-10-25,28094.49083232393,7177.326118961358,12833.384217951945,14031.472129903928,30274.222907733434,44305.695037637364,1,6000.0,6000.0,HiGHS LP
0.05,2025-10-26,57867.843043682864,10804.561669217428,66.59045047728796,35226.12544120717,42073.430057492966,77299.55549870014,1,6000.0,6000.0,HiGHS LP
0.05,2025-10-27,57329.44492206915,10483.44951547322,200.07954719213495,34689.120246788385,43902.21891554796,78591.33916233634,1,6000.0,6000.0,HiGHS LP
0.05,2025-10-28,57646.465707337,12431.779014714131,43.89982395789582,35012.869329053196,49574.64683721042,84587.51616626361,1,6000.0,6000.0,HiGHS LP
0.05,2025-10-29,58937.08761121715,14486.082010668932,44.75965773130008,35903.05369181505,57494.69866099618,93397.75235281122,1,6000.0,6000.0,HiGHS LP
0.05,2025-10-30,60842.18303806975,8147.920981849375,133.52596155612906,37239.25324683268,31712.41457249973,68951.66781933242,1,6000.0,6000.0,HiGHS LP
0.05,2025-10-31,29816.40105993554,6627.442749440982,9396.95626574577,15257.647216971272,26378.791558592813,41636.438775564086,1,6000.0,6000.0,HiGHS LP
0.05,2025-11-01,30286.603194061492,5671.176423034411,10243.433390995595,15564.650956480498,21239.503896256167,36804.15485273667,1,6000.0,6000.0,HiGHS LP
0.05,2025-11-02,62903.66737079878,10001.000187410384,0.0,38361.961534005546,40452.35236781547,78814.313901821,1,6000.0,6000.0,HiGHS LP
0.05,2025-11-03,63810.983889643074,9874.468572159789,62.413592912723004,39129.39077599638,35617.838720109,74747.22949610537,1,6000.0,6000.0,HiGHS LP
0.05,2025-11-04,65584.09361009629,6378.314261122965,254.35976170320623,40267.40665636905,25443.749932241277,65711.15658861032,1,6000.0,6000.0,HiGHS LP
0.05,2025-11-05,66071.15779153962,7827.733825871701,96.97596736834157,40802.74675877485,28760.168569692447,69562.9153284673,1,6000.0,6000.0,HiGHS LP
0.05,2025-11-06,63750.51180735503,11742.977518709153,4.802363626496799,38975.230231218826,46098.41060213267,85073.6408333515,1,6000.0,6000.0,HiGHS LP
0.05,2025-11-07,30067.277244910987,4161.548056259522,7736.043853346761,15469.011804585078,16106.708328396671,31575.720132981747,1,6000.0,6000.0,HiGHS LP
0.05,2025-11-08,31035.36368561424,3384.8020762679503,7425.368180128331,16070.15343304208,12385.752784462682,28455.906217504762,1,6000.0,6000.0,HiGHS LP
0.05,2025-11-09,66792.76878263125,8784.103626948221,78.32505969943617,40846.59560274185,34214.10407168817,75060.69967443001,1,6000.0,6000.0,HiGHS LP
0.05,2025-11-10,68566.30173005548,9554.888359200802,28.004243784033406,42075.54068835921,36683.8244102429,78759.36509860211,1,6000.0,6000.0,HiGHS LP
0.05,2025-11-11,68472.91662938318,7342.333266504011,17.96942611420559,41903.38249268201,29283.644265266572,71187.02675794858,1,6000.0,6000.0,HiGHS LP
0.05,2025-11-12,70035.71704060805,5441.043418894173,197.5164447210578,43061.926304521454,22835.899266724628,65897.82557124608,1,6000.0,6000.0,HiGHS LP
0.05,2025-11-13,69524.3855550306,7454.914014337142,261.5095155547727,42756.524805951776,27743.011733671905,70499.53653962369,1,6000.0,6000.0,HiGHS LP
0.05,2025-11-14,31203.96720608924,5582.839331913005,5939.5571955397145,16178.962972420637,20376.793567660454,36555.75654008109,1,6000.0,6000.0,HiGHS LP
0.05,2025-11-15,31638.54157433519,5079.384813190714,5231.968112639548,16414.928957792297,19099.232038688588,35514.16099648089,1,6000.0,6000.0,HiGHS LP
0.05,2025-11-16,70480.06075402226,8402.401794775233,64.14154005894883,43203.96002289945,33368.93058289503,76572.89060579448,1,6000.0,6000.0,HiGHS LP
0.05,2025-11-17,72807.40965910404,4552.283991557169,242.94743656096307,45000.85992027505,17450.62961996875,62451.4895402438,1,6000.0,6000.0,HiGHS LP
0.05,2025-11-18,69459.44625159874,9812.884424103158,28.67652640566935,42431.089286092145,37096.614392629126,79527.70367872127,1,6000.0,6000.0,HiGHS LP
0.05,2025-11-19,71457.63733644839,8315.685996240296,0.0,43885.39094989415,32878.94753671647,76764.33848661062,1,6000.0,6000.0,HiGHS LP
0.05,2025-11-20,72634.33768773297,6676.318218858998,97.45367739469839,44880.81057105608,24999.981320350547,69880.79189140662,1,6000.0,6000.0,HiGHS LP
0.05,2025-11-21,31828.75127687509,4919.161398366427,4562.908822357319,16563.76684676817,16576.97594934016,33140.74279610833,1,6000.0,6000.0,HiGHS LP
0.05,2025-11-22,31438.18404746534,5409.436540870409,3323.9705516579083,16232.199712721073,20100.257225447884,36332.45693816896,1,6000.0,6000.0,HiGHS LP
0.05,2025-11-23,73126.19593520468,6893.444629394713,345.476530243653,45068.41544642924,27341.38601499286,72409.80146142209,1,6000.0,6000.0,HiGHS LP
0.05,2025-11-24,73408.18118526116,5521.099624841067,346.48921701944414,45385.576777944974,20847.21879563419,66232.79557357916,1,6000.0,6000.0,HiGHS LP
0.05,2025-11-25,74540.93099460124,6212.360981432888,108.04315759555354,46089.83120495135,23479.73681675917,69569.56802171053,1,6000.0,6000.0,HiGHS LP
0.05,2025-11-26,73521.85315680863,7727.95701924634,52.76045634133811,45315.20510106981,30009.06608756933,75324.27118863913,1,6000.0,6000.0,HiGHS LP
0.05,2025-11-27,75120.35094762841,5394.02257639534,259.5010008286509,46576.08714069632,20802.117705149936,67378.20484584625,1,6000.0,6000.0,HiGHS LP
0.05,2025-11-28,31590.63102793999,5630.459814501667,2971.7123693743406,16372.10280704052,21563.875121823246,37935.977928863766,1,6000.0,6000.0,HiGHS LP
0.05,2025-11-29,33003.57249715636,7691.264927826887,2377.7960069399433,17289.454637781528,27021.686947302784,44311.14158508431,1,6000.0,6000.0,HiGHS LP
0.05,2025-11-30,77457.01244249484,7372.893186303977,122.98689568200052,48232.76998765738,27682.766571723063,75915.53655938045,1,6000.0,6000.0,HiGHS LP
0.05,2025-12-01,76531.50693866977,14233.080984215798,12.05753900839079,47550.84942211656,53679.75869619449,101230.60811831105,1,6000.0,6000.0,HiGHS LP
0.05,2025-12-02,81514.28333031079,11911.765070124999,278.79202651183516,51476.265386850384,43420.92860267597,94897.19398952636,1,6000.0,6000.0,HiGHS LP
0.05,2025-12-03,82155.85726777097,9723.729246953968,130.6070759112419,51166.023347644004,35935.45115463753,87101.47450228153,1,6000.0,6000.0,HiGHS LP
0.05,2025-12-04,83743.50831665553,7737.486657632518,85.08637649126814,52467.04294211269,30214.39732337976,82681.44026549245,1,6000.0,6000.0,HiGHS LP
0.05,2025-12-05,38146.92731282863,7216.662878143787,173.9157135500387,19576.70837679776,28980.439814331505,48557.148191129265,1,6000.0,6000.0,HiGHS LP
0.05,2025-12-06,40404.80575627182,7361.621050096253,148.60056399446015,20740.023110909155,26954.847725409218,47694.87083631837,1,6000.0,6000.0,HiGHS LP
0.05,2025-12-07,86431.41629349536,6135.530469514929,230.8406955223171,54374.03121427377,23408.162103012546,77782.19331728632,1,6000.0,6000.0,HiGHS LP
0.05,2025-12-08,83673.37041758445,9512.996055432719,723.4340246443057,51587.40801483867,38665.69227795751,90253.10029279618,1,6000.0,6000.0,HiGHS LP
0.05,2025-12-09,87419.75753987538,5174.174370778982,488.4407124169908,54875.45758819686,22488.011049405584,77363.46863760245,1,6000.0,6000.0,HiGHS LP
0.05,2025-12-10,84950.03574460134,8225.365721037982,103.80112560166128,53115.9940909368,30632.74399091835,83748.73808185515,1,6000.0,6000.0,HiGHS LP
0.05,2025-12-11,87948.21996193228,3467.1337934480334,735.7657220469861,55490.91166801666,12932.756293695604,68423.66796171227,1,6000.0,6000.0,HiGHS LP
0.05,2025-12-12,38010.479871827585,9546.115748265314,69.63784808538173,19466.813149317502,35756.67966289054,55223.492812208046,1,6000.0,6000.0,HiGHS LP
0.05,2025-12-13,42921.947517403,5113.994892886759,348.1307546475299,22042.322817099866,20846.624397871972,42888.947214971835,1,6000.0,6000.0,HiGHS LP
0.05,2025-12-14,87040.6430989155,6518.9062977176345,62.494263299810655,54703.860504254364,25447.219147927768,80151.07965218213,1,6000.0,6000.0,HiGHS LP
0.05,2025-12-15,87635.39409495264,6667.968571032128,115.47136598477357,55155.984508179514,24740.857037764465,79896.84154594399,1,6000.0,6000.0,HiGHS LP
0.05,2025-12-16,86942.67822257966,7226.588468125044,32.84202403803664,54547.88157413744,27891.2937280239,82439.17530216134,1,6000.0,6000.0,HiGHS LP
0.05,2025-12-17,88750.44878728344,4283.140534558535,123.40892184196497,55879.49513183639,15770.488170167971,71649.98330200436,1,6000.0,6000.0,HiGHS LP
0.05,2025-12-18,86539.34337499875,5990.376877742877,445.1199527416205,54277.085907820474,24293.000358174984,78570.08626599546,1,6000.0,6000.0,HiGHS LP
0.05,2025-12-19,41211.366263732736,5810.226161529722,173.3148755366768,20935.145589612024,23122.621670796543,44057.76726040857,1,6000.0,6000.0,HiGHS LP
0.05,2025-12-20,41218.068090943976,5695.596768619184,145.1311588454463,20975.494120792064,22974.754128687164,43950.24824947923,1,6000.0,6000.0,HiGHS LP
0.05,2025-12-21,85903.76910813019,7928.82363532538,76.47754345557007,53813.002072914416,30229.65822559679,84042.66029851121,1,6000.0,6000.0,HiGHS LP
0.05,2025-12-22,88432.05494877248,5321.685652034725,97.98018414053456,55687.48523860839,20965.465132995763,76652.95037160415,1,6000.0,6000.0,HiGHS LP
0.05,2025-12-23,88358.47394339499,4116.921169569992,498.96924629830625,55639.19198388538,15992.269000798213,71631.4609846836,1,6000.0,6000.0,HiGHS LP
0.05,2025-12-24,86980.36896370653,5860.740940927155,268.2172546336789,54708.47972842078,23151.891940061105,77860.37166848188,1,6000.0,6000.0,HiGHS LP
0.05,2025-12-25,86550.03084607709,6102.508880099336,121.75785950976382,54473.66123971563,22617.632717875156,77091.29395759078,1,6000.0,6000.0,HiGHS LP
0.05,2025-12-26,40304.63599039725,6832.063665928767,249.12141112057247,20521.391870787964,26269.630600116896,46791.02247090486,1,6000.0,6000.0,HiGHS LP
0.05,2025-12-27,41813.82471577598,5520.544623633368,133.58312722490433,21345.998501751386,21462.674223058784,42808.67272481017,1,6000.0,6000.0,HiGHS LP
0.05,2025-12-28,85925.09644946727,6157.788410882788,555.2967770167384,53918.04264278062,23364.19979155278,77282.2424343334,1,6000.0,6000.0,HiGHS LP
0.05,2025-12-29,86022.1969573976,6306.370032708908,86.46739010650123,53897.01630615698,23140.593509939452,77037.60981609643,1,6000.0,6000.0,HiGHS LP
0.05,2025-12-30,88191.54616707715,3621.8555075200893,870.6657412638953,55621.00661970683,14100.53081670409,69721.53743641092,1,6000.0,6000.0,HiGHS LP
0.05,2025-12-31,85694.73179566821,7696.422973919951,62.138784648849224,53700.60068909684,30207.032750935567,83907.63344003241,1,6000.0,6000.0,HiGHS LP
0.1,2025-02-01,36400.2929953992,3517.3053648103905,1869.6397801742291,18529.658829742002,14411.112094506505,32940.77092424851,1,6000.0,6000.0,HiGHS LP
0.1,2025-02-02,78302.3001070304,4861.536475208291,373.7176688961887,48079.286568252035,20072.973808969728,68152.26037722177,1,6000.0,6000.0,HiGHS LP
0.1,2025-02-03,78619.59939020094,6424.051364015563,403.63897774914864,48313.356523836985,25267.797139533795,73581.15366337079,1,6000.0,6000.0,HiGHS LP
0.1,2025-02-04,78713.16577526991,7261.192887368388,362.3436018293054,48416.47022177521,29926.761227971947,78343.23144974717,1,6000.0,6000.0,HiGHS LP
0.1,2025-02-05,74293.93575188625,10857.736751273947,8.643475676188359,45049.772233332515,43437.54493496463,88487.31716829714,1,6000.0,6000.0,HiGHS LP
0.1,2025-02-06,80027.9270680617,5047.426566687022,401.64086931300164,49494.923971725126,19496.278289771315,68991.20226149644,1,6000.0,6000.0,HiGHS LP
0.1,2025-02-07,33479.78785196241,4168.209600824893,2327.0472177585066,16952.583206316263,17411.757820676932,34364.34102699319,1,6000.0,6000.0,HiGHS LP
0.1,2025-02-08,32650.908526252817,5568.935853359235,3193.373815100327,16495.51725653094,22398.77355021988,38894.290806750825,1,6000.0,6000.0,HiGHS LP
0.1,2025-02-09,72561.82444153147,11435.400226516858,69.3428431196653,44202.40426676215,43182.07441454656,87384.47868130871,1,6000.0,6000.0,HiGHS LP
0.1,2025-02-10,75989.92805546729,3634.7765831977513,884.6548295037559,46569.88022276925,13965.181057624139,60535.06128039339,1,6000.0,6000.0,HiGHS LP
0.1,2025-02-11,76333.0271840843,3620.5535463609176,299.1200617337231,46913.642498767105,14241.61438862981,61155.256887396914,1,6000.0,6000.0,HiGHS LP
0.1,2025-02-12,72022.88507190635,7632.80261260827,18.365615245693903,43694.070911888055,31480.539115389583,75174.61002727764,1,6000.0,6000.0,HiGHS LP
0.1,2025-02-13,72115.58673703551,4609.4858205937935,1022.2732374806957,44065.83476001278,16487.05153367789,60552.88629369067,1,6000.0,6000.0,HiGHS LP
0.1,2025-02-14,32984.11273502193,4089.3346343748517,3842.5353311731324,16806.481726031274,13786.660717245584,30593.142443276858,1,6000.0,6000.0,HiGHS LP
0.1,2025-02-15,31454.99453550831,6197.317087324307,5038.629476670374,15990.43109923515,21543.83735058745,37534.2684498226,1,6000.0,6000.0,HiGHS LP
0.1,2025-02-16,69032.96520831877,10647.025406817022,2.1720108068033994,41910.30897365704,40015.33764558473,81925.64661924177,1,6000.0,6000.0,HiGHS LP
0.1,2025-02-17,69177.73743704753,6495.486592414318,191.69708120174607,41934.91656547939,23578.369392020133,65513.285957499524,1,6000.0,6000.0,HiGHS LP
0.1,2025-02-18,70067.98310334787,6581.530317203982,257.7768328652081,42686.92899019973,24313.991213805588,67000.92020400532,1,6000.0,6000.0,HiGHS LP
0.1,2025-02-19,68266.67906382098,8833.2344951598,39.3708536744507,41477.28265143208,35219.60989561812,76696.8925470502,1,6000.0,6000.0,HiGHS LP
0.1,2025-02-20,69241.75783263455,6178.204811445334,222.4356386246243,42052.41827878573,23585.97811181087,65638.3963905966,1,6000.0,6000.0,HiGHS LP
0.1,2025-02-21,30954.11213671966,4813.714399575552,6960.757443156137,15718.654084776459,17209.445011861444,32928.0990966379,1,6000.0,6000.0,HiGHS LP
0.1,2025-02-22,32235.02211012451,4963.019334940524,6063.554337648548,16558.691398653158,18001.464153300247,34560.1555519534,1,6000.0,6000.0,HiGHS LP
0.1,2025-02-23,68819.76044531055,7131.60583559469,248.8000207939091,41910.50673345351,25660.31587259816,67570.82260605168,1,6000.0,6000.0,HiGHS LP
0.1,2025-02-24,66657.0559598926,5724.0457834236095,79.00613853414885,40259.96852313774,22412.824722419024,62672.793245556764,1,6000.0,6000.0,HiGHS LP
0.1,2025-02-25,65457.23611080312,5272.971455732857,814.8461264128879,39536.522085379125,19907.284946638945,59443.80703201807,1,6000.0,6000.0,HiGHS LP
0.1,2025-02-26,64940.444789273366,7975.03599896808,11.2870748015132,39082.17479723694,30674.559977279125,69756.73477451607,1,6000.0,6000.0,HiGHS LP
0.1,2025-02-27,64977.34371179897,6659.561725350418,586.4920010916471,39254.948038658564,28959.845968757265,68214.79400741583,1,6000.0,6000.0,HiGHS LP
0.1,2025-02-28,29271.42487111332,6057.7325320497075,8918.0489942415,14729.035375788444,22586.8045291506,37315.83990493904,1,6000.0,6000.0,HiGHS LP
0.1,2025-03-01,30300.802411778695,3837.926543839989,7339.150406975312,15371.755304262453,15610.049414714125,30981.80471897658,1,6000.0,6000.0,HiGHS LP
0.1,2025-03-02,61527.3628484785,14975.238578417055,56.757509535524946,37335.87040269165,56114.97996258737,93450.85036527902,1,6000.0,6000.0,HiGHS LP
0.1,2025-03-03,63876.84138091479,12479.192853305167,239.80935183223198,39056.502785091114,47444.1087292069,86500.61151429801,1,6000.0,6000.0,HiGHS LP
0.1,2025-03-04,65214.56940942345,8364.136378648898,259.97448557205473,39762.467706468975,29792.956550702642,69555.42425717162,1,6000.0,6000.0,HiGHS LP
0.1,2025-03-05,65411.529717239515,5278.091997146663,443.042967853005,39736.89005983286,19859.7059320766,59596.59599190946,1,6000.0,6000.0,HiGHS LP
0.1,2025-03-06,65367.64281305118,5542.5005045843345,850.2512243719466,39816.21074614477,19867.84514649507,59684.05589263984,1,6000.0,6000.0,HiGHS LP
0.1,2025-03-07,28789.437734355062,5302.233991070079,10129.386192091808,14793.172089613709,19622.597186047853,34415.76927566156,1,6000.0,6000.0,HiGHS LP
0.1,2025-03-08,27818.304717551506,3990.889741779979,9706.05494266482,14373.141936490243,12867.064111600113,27240.206048090356,1,6000.0,6000.0,HiGHS LP
0.1,2025-03-09,61443.884285550535,6682.744341977531,699.3644790355672,36945.99461926369,26270.013831394976,63216.00845065867,1,6000.0,6000.0,HiGHS LP
0.1,2025-03-10,61673.43252078556,10574.299126371187,106.20309147512171,37127.86357563737,37921.67211426236,75049.53568989973,1,6000.0,6000.0,HiGHS LP
0.1,2025-03-11,62548.80786310267,5855.310917800204,367.1014697414738,37539.67867942359,21726.457586948698,59266.13626637228,1,6000.0,6000.0,HiGHS LP
0.1,2025-03-12,60021.30598976644,6557.448990198673,60.25755780099121,35820.98734911529,25367.983682626782,61188.97103174207,1,6000.0,6000.0,HiGHS LP
0.1,2025-03-13,60565.37465574045,11253.280424065153,185.51172150005,36313.30370085068,42375.77385392065,78689.07755477133,1,6000.0,6000.0,HiGHS LP
0.1,2025-03-14,27346.408727346607,4013.044057636089,12290.026801649366,13876.72594877331,15176.382048097114,29053.10799687042,1,6000.0,6000.0,HiGHS LP
0.1,2025-03-15,26796.00406183697,5700.731142115352,8532.610053952325,13430.451647262704,21205.873858637275,34636.32550589998,1,6000.0,6000.0,HiGHS LP
0.1,2025-03-16,60434.34398521764,7349.369475230456,343.50033625742896,36283.057022504305,27951.23426254006,64234.29128504437,1,6000.0,6000.0,HiGHS LP
0.1,2025-03-17,60545.933935975554,2903.226641978436,1501.9612112613802,36125.62345083196,11156.708324253905,47282.33177508587,1,6000.0,6000.0,HiGHS LP
0.1,2025-03-18,57388.009658312105,7756.031420863951,55.8209477650137,34286.72177944274,31779.063527784398,66065.78530722714,1,6000.0,6000.0,HiGHS LP
0.1,2025-03-19,58649.46846010561,5322.463550599356,471.7114882948168,34988.99027222252,21972.52327759372,56961.51354981624,1,6000.0,6000.0,HiGHS LP
0.1,2025-03-20,56391.1605703616,9799.794436872013,37.28269899885595,33770.90286602128,38464.73402382688,72235.63688984816,1,6000.0,6000.0,HiGHS LP
0.1,2025-03-21,26980.75357317489,2754.4079524930457,14661.697009001273,13587.473015558844,9715.729134105914,23303.202149664758,1,6000.0,6000.0,HiGHS LP
0.1,2025-03-22,26736.3550135018,4773.753429193023,12588.908709361489,13315.195118040461,17801.470914502228,31116.66603254269,1,6000.0,6000.0,HiGHS LP
0.1,2025-03-23,57766.163813974854,6349.624514816225,1347.1371324898091,34506.75444908455,24122.0303538116,58628.784802896145,1,6000.0,6000.0,HiGHS LP
0.1,2025-03-24,56108.47208855209,6144.911589656114,262.7500883514398,33587.79752533781,23600.244627464555,57188.042152802365,1,6000.0,6000.0,HiGHS LP
0.1,2025-03-25,56956.499779595346,8304.332599701609,364.56048598444386,34094.0502475691,31672.125093089555,65766.17534065866,1,6000.0,6000.0,HiGHS LP
0.1,2025-03-26,55578.6351346591,4908.430856007355,863.309687671139,33118.99542484883,19430.409476571418,52549.40490142025,1,6000.0,6000.0,HiGHS LP
0.1,2025-03-27,54813.95543170274,8030.829612580022,131.50501345529193,32781.91122653069,32404.32741162186,65186.23863815255,1,6000.0,6000.0,HiGHS LP
0.1,2025-03-28,26298.949342641543,2986.618923335561,15423.687499310436,12995.568249935599,11172.227436439949,24167.795686375546,1,6000.0,6000.0,HiGHS LP
0.1,2025-03-29,27013.329190322067,2196.43313290637,18462.553139895103,13424.206919772427,8340.175686412063,21764.38260618449,1,6000.0,6000.0,HiGHS LP
0.1,2025-03-30,52155.77508979199,7112.77820874196,64.69753504933618,31395.621889292634,29081.074249840447,60476.696139133084,1,6000.0,6000.0,HiGHS LP
0.1,2025-03-31,54084.663789800004,7300.612389778864,451.0974315445816,32368.77939170748,27997.228942026362,60366.008333733844,1,6000.0,6000.0,HiGHS LP
0.1,2025-04-01,52469.55016458797,11714.682620908703,103.8879231194691,31438.333572696767,41896.77802481271,73335.11159750947,1,6000.0,6000.0,HiGHS LP
0.1,2025-04-02,52123.64683881258,12340.654938546462,167.16232283746803,31344.23557253256,48105.1028799491,79449.33845248166,1,6000.0,6000.0,HiGHS LP
0.1,2025-04-03,52401.555360540224,7423.620480533967,78.04362319769572,31380.08389877567,30776.787678522294,62156.87157729796,1,6000.0,6000.0,HiGHS LP
0.1,2025-04-04,25294.721158269273,2712.296200116613,18536.215108385888,12219.261062100344,10362.691940573197,22581.95300267354,1,6000.0,6000.0,HiGHS LP
0.1,2025-04-05,25371.980793336246,6574.424141047214,16862.28995105013,12268.070660642972,26993.089198553804,39261.15985919678,1,6000.0,6000.0,HiGHS LP
0.1,2025-04-06,50482.75277361792,8607.869600303402,962.723492098018,30384.754588364904,32519.88353599755,62904.63812436245,1,6000.0,6000.0,HiGHS LP
0.1,2025-04-07,51122.64252574588,7703.809518128272,1799.8889948745314,30700.068663830945,27865.981195636155,58566.0498594671,1,6000.0,6000.0,HiGHS LP
0.1,2025-04-08,51499.34034892073,6925.973353457547,279.39900540893314,30983.735412309725,29262.22804166739,60245.963453977114,1,6000.0,6000.0,HiGHS LP
0.1,2025-04-09,51977.34609864531,11164.423157989106,187.57358494700622,31360.59692581617,41850.64544155651,73211.24236737267,1,6000.0,6000.0,HiGHS LP
0.1,2025-04-10,51338.943296922545,7159.060422095866,232.31261759654456,30954.456184678085,30105.9526450751,61060.408829753185,1,6000.0,6000.0,HiGHS LP
0.1,2025-04-11,25033.621907013283,2595.233291280658,19272.205031627276,12038.060827662153,9601.555359961785,21639.61618762394,1,6000.0,6000.0,HiGHS LP
0.1,2025-04-12,25522.54380352659,4376.331813976643,17833.715067503224,12367.023536489673,18257.20566542406,30624.22920191373,1,6000.0,6000.0,HiGHS LP
0.1,2025-04-13,49707.831969072926,8844.31847951573,649.850190978405,29913.8298007429,33452.396791310945,63366.22659205385,1,6000.0,6000.0,HiGHS LP
0.1,2025-04-14,49203.344893071815,8128.1876130653945,1204.3090519555763,29513.778900752463,29922.563068606723,59436.341969359186,1,6000.0,6000.0,HiGHS LP
0.1,2025-04-15,49415.34173639041,7495.443254829231,3164.766682996587,29607.590650082057,30950.0702245453,60557.660874627356,1,6000.0,6000.0,HiGHS LP
0.1,2025-04-16,49040.85478855787,10687.688574289681,387.5398296328658,29488.439653572666,38396.86104027972,67885.30069385239,1,6000.0,6000.0,HiGHS LP
0.1,2025-04-17,50173.7721057896,7601.2710992927205,1251.3798129606594,30226.07564833461,30097.949301972963,60324.024950307576,1,6000.0,6000.0,HiGHS LP
0.1,2025-04-18,24224.700502110172,4021.279843332316,18851.86316210915,11441.063654301992,15803.915708757415,27244.979363059407,1,6000.0,6000.0,HiGHS LP
0.1,2025-04-19,24804.122663980943,3201.887752278678,18181.33116625962,11860.442732703066,12596.26683114461,24456.709563847675,1,6000.0,6000.0,HiGHS LP
0.1,2025-04-20,49745.55391431923,7106.612239275078,1297.212802042573,29928.898453866823,27826.535966305964,57755.43442017279,1,6000.0,6000.0,HiGHS LP
0.1,2025-04-21,50295.636497677,3271.821175871529,1401.5419673450806,30223.40087354948,11667.212387688982,41890.61326123846,1,6000.0,6000.0,HiGHS LP
0.1,2025-04-22,48528.1641237433,8948.783165422272,1831.8018369813822,29100.905766707052,33025.84850477117,62126.754271478225,1,6000.0,6000.0,HiGHS LP
0.1,2025-04-23,50541.448893779,6223.87625638803,1742.929080888698,30455.185108453778,21652.303234675855,52107.48834312963,1,6000.0,6000.0,HiGHS LP
0.1,2025-04-24,48815.168733179904,3999.3841175102007,2209.0945965779856,29326.50788299615,14335.076905532671,43661.584788528824,1,6000.0,6000.0,HiGHS LP
0.1,2025-04-25,23908.908863278237,2207.968060477181,21071.735916704594,11253.813243474415,9049.828914444328,20303.642157918744,1,6000.0,6000.0,HiGHS LP
0.1,2025-04-26,23487.359051011146,5591.256811202654,25968.42222888047,10923.568172194318,23447.02650765649,34370.59467985081,1,6000.0,6000.0,HiGHS LP
0.1,2025-04-27,46837.016306218735,8088.179946778536,2993.7414652864645,27895.805712047488,34720.70646927424,62616.51218132173,1,6000.0,6000.0,HiGHS LP
0.1,2025-04-28,48292.781948239186,12395.162140012977,634.8482295892583,28983.550911297632,46055.763536772174,75039.31444806981,1,6000.0,6000.0,HiGHS LP
0.1,2025-04-29,48733.10933976359,5321.328998473984,3112.186880264566,29185.22028599211,19791.904349027893,48977.12463502,1,6000.0,6000.0,HiGHS LP
0.1,2025-04-30,46773.68810233668,7282.299332594839,2450.7590996551144,27895.128338085968,25113.52317715236,53008.65151523833,1,6000.0,6000.0,HiGHS LP
0.1,2025-05-01,47861.66453854578,9363.04504336435,2871.10316280852,28853.966809667734,40450.33498377437,69304.30179344211,1,6000.0,6000.0,HiGHS LP
0.1,2025-05-02,24826.541178597472,8925.884143753821,16421.30800613403,12041.536225155673,38157.43473529033,50198.970960446,1,6000.0,6000.0,HiGHS LP
0.1,2025-05-03,25815.85212189927,5809.194460670203,19717.874932569463,12761.998180476445,25085.139079172965,37847.13725964941,1,6000.0,6000.0,HiGHS LP
0.1,2025-05-04,49424.92452250444,8151.736605726723,2489.8826150580635,30336.392633613694,28813.173591820603,59149.5662254343,1,6000.0,6000.0,HiGHS LP
0.1,2025-05-05,48130.83991614905,11275.697182629341,1110.4520077501702,29559.04147954806,45971.44239163499,75530.48387118305,1,6000.0,6000.0,HiGHS LP
0.1,2025-05-06,49238.81215793433,7614.260401015727,696.3368156481123,30368.152042045152,30865.545292837644,61233.697334882796,1,6000.0,6000.0,HiGHS LP
0.1,2025-05-07,50019.302026676945,9121.02720941934,769.0352278439933,30921.86260120428,37800.84211811269,68722.70471931697,1,6000.0,6000.0,HiGHS LP
0.1,2025-05-08,49563.34797040768,10746.574919211274,1164.9270430069937,30602.763317253426,40919.889174659824,71522.65249191325,1,6000.0,6000.0,HiGHS LP
0.1,2025-05-09,25706.987008464122,4399.445292140494,18567.04645060461,12914.64545660597,18148.03050283108,31062.67595943705,1,6000.0,6000.0,HiGHS LP
0.1,2025-05-10,24024.131689029484,7746.2770816513685,16607.869057682125,11579.42516415055,32765.63161531677,44345.056779467326,1,6000.0,6000.0,HiGHS LP
0.1,2025-05-11,50348.74171455589,8792.732009845187,310.75521370161204,31254.019985906772,34158.763801074616,65412.78378698139,1,6000.0,6000.0,HiGHS LP
0.1,2025-05-12,50895.09584014911,6001.169630713333,1603.0229065175454,31644.73274159745,19775.920489411623,51420.65323100907,1,6000.0,6000.0,HiGHS LP
0.1,2025-05-13,47108.10143072605,9765.15350703843,630.5489025782355,28918.198890169868,39271.505620723314,68189.70451089318,1,6000.0,6000.0,HiGHS LP
0.1,2025-05-14,47594.53519922824,9383.674270658117,795.6772078701425,29195.475592165218,36806.987042380715,66002.46263454593,1,6000.0,6000.0,HiGHS LP
0.1,2025-05-15,48491.300298589325,8488.939347120313,1023.8003392732505,30039.221690415638,34026.90531480787,64066.127005223505,1,6000.0,6000.0,HiGHS LP
0.1,2025-05-16,25324.44536875551,2871.3603168542327,22440.29915227641,12658.280828608486,10674.732064780492,23333.01289338898,1,6000.0,6000.0,HiGHS LP
0.1,2025-05-17,25217.312592119393,6343.966514526699,18068.205977232956,12544.489493337813,26645.65549155412,39190.14498489193,1,6000.0,6000.0,HiGHS LP
0.1,2025-05-18,48545.422293264026,9286.292196178412,1023.9710297414323,30135.29806617592,33516.551612516225,63651.849678692146,1,6000.0,6000.0,HiGHS LP
0.1,2025-05-19,47477.3402966523,5002.667441417116,1857.226817435249,29204.02941313931,21649.030872759544,50853.06028589886,1,6000.0,6000.0,HiGHS LP
0.1,2025-05-20,47556.721105850906,11066.909295966696,968.4493112972693,29259.89318373605,42396.70724148111,71656.60042521716,1,6000.0,6000.0,HiGHS LP
0.1,2025-05-21,47067.97925876725,8324.839228913823,948.2756455122868,28957.868003777454,32996.77823839185,61954.64624216931,1,6000.0,6000.0,HiGHS LP
0.1,2025-05-22,47716.71240293063,7328.5020731709865,1103.4987581995233,29491.046124230983,28398.555611381125,57889.60173561211,1,6000.0,6000.0,HiGHS LP
0.1,2025-05-23,23976.860862630463,5687.064115843217,20202.976095140344,11672.493957863995,23240.809065216978,34913.303023080975,1,6000.0,6000.0,HiGHS LP
0.1,2025-05-24,24137.37945511809,3660.0052528043534,21001.659312642332,11718.831546779842,14734.162665575805,26452.994212355647,1,6000.0,6000.0,HiGHS LP
0.1,2025-05-25,46291.536471654224,6387.853631202608,1085.0240509455957,28364.603967626812,25843.51555374163,54208.11952136844,1,6000.0,6000.0,HiGHS LP
0.1,2025-05-26,45823.7051288799,12298.68549828452,499.76806740414395,28084.66199210014,47665.983256091655,75750.6452481918,1,6000.0,6000.0,HiGHS LP
0.1,2025-05-27,47022.46769095865,6444.447080532213,986.7237700622823,28942.563760000612,26610.574006947252,55553.13776694787,1,6000.0,6000.0,HiGHS LP
0.1,2025-05-28,47296.26188950981,9053.249730887652,949.1285411558947,29030.412982805326,33634.59881210832,62665.01179491365,1,6000.0,6000.0,HiGHS LP
0.1,2025-05-29,47250.43522839011,10358.871883871583,343.67038625656954,29013.4169519805,41629.42076681264,70642.83771879313,1,6000.0,6000.0,HiGHS LP
0.1,2025-05-30,23913.484181379892,6253.016836832942,20530.01641224471,11648.26040595257,25505.50147714066,37153.76188309323,1,6000.0,6000.0,HiGHS LP
0.1,2025-05-31,24200.542075891422,5671.407243299051,18441.752817655615,11735.593174634856,23420.215280586646,35155.8084552215,1,6000.0,6000.0,HiGHS LP
0.1,2025-06-01,50783.58869649937,23802.870150900373,12.287027604053662,31267.62079283246,92579.42860608503,123847.04939891749,1,6000.0,6000.0,HiGHS LP
0.1,2025-06-02,56029.523497000795,16252.484643923228,249.6142501658161,35717.440743022446,63534.54273255873,99251.98347558118,1,6000.0,6000.0,HiGHS LP
0.1,2025-06-03,59096.88906224485,12728.789284198043,141.70396066405078,36989.72498307968,50482.627810375,87472.35279345469,1,6000.0,6000.0,HiGHS LP
0.1,2025-06-04,62252.99024723823,11302.504913576176,286.5962419195247,38698.256004597024,40149.17698084768,78847.4329854447,1,6000.0,6000.0,HiGHS LP
0.1,2025-06-05,62713.73948778672,12292.972249892962,271.9028330556803,39063.93931748149,46305.67099079833,85369.61030827982,1,6000.0,6000.0,HiGHS LP
0.1,2025-06-06,31212.424629157,11200.243207864673,8517.672437021673,17288.85691238987,43702.209415923244,60991.066328313114,1,6000.0,6000.0,HiGHS LP
0.1,2025-06-07,31285.419366005146,8328.883197401821,5447.789396740303,17033.171007880017,31682.830228329683,48716.001236209704,1,6000.0,6000.0,HiGHS LP
0.1,2025-06-08,73003.3044928587,2104.032299647784,5772.160403656615,44863.69341623246,7470.762327166312,52334.45574339877,1,6000.0,6000.0,HiGHS LP
0.1,2025-06-09,63582.536686295934,11108.42262929813,244.37992720314108,39147.65058506578,44887.68042294124,84035.33100800702,1,6000.0,6000.0,HiGHS LP
0.1,2025-06-10,65619.1387710367,9832.993476777134,230.56682669634978,40096.358781076065,38261.910068489655,78358.26884956572,1,6000.0,6000.0,HiGHS LP
0.1,2025-06-11,65893.95727935944,14021.078169509683,94.69740739657368,40188.665796890426,58066.28944653069,98254.95524342111,1,6000.0,6000.0,HiGHS LP
0.1,2025-06-12,69820.77526812388,7359.937477021352,678.4021634095932,42699.00797519123,28630.3486818255,71329.35665701673,1,6000.0,6000.0,HiGHS LP
0.1,2025-06-13,30251.482062571173,6590.654875151813,5456.823237722987,16533.220819674465,25035.089880543597,41568.31070021806,1,6000.0,6000.0,HiGHS LP
0.1,2025-06-14,31021.115402741394,6366.905300930787,8154.677953672182,16916.185554040858,23161.780351174693,40077.96590521555,1,6000.0,6000.0,HiGHS LP
0.1,2025-06-15,65140.58294079852,9617.860203676384,445.91348559300536,40093.56755605227,37311.00140735014,77404.56896340242,1,6000.0,6000.0,HiGHS LP
0.1,2025-06-16,66172.89396326331,10454.783584874149,112.58421865476296,40173.904360609085,41644.831845145556,81818.73620575464,1,6000.0,6000.0,HiGHS LP
0.1,2025-06-17,67416.92625983182,11351.623550288139,215.18693685775776,40900.15770865258,44479.12101430331,85379.27872295589,1,6000.0,6000.0,HiGHS LP
0.1,2025-06-18,68049.49573354865,7182.149716765573,411.496973466757,41361.60101680443,26826.25415618226,68187.85517298669,1,6000.0,6000.0,HiGHS LP
0.1,2025-06-19,66084.3089675538,6631.0666745810395,700.4271172683259,40521.89931538809,26086.004142023674,66607.90345741177,1,6000.0,6000.0,HiGHS LP
0.1,2025-06-20,30782.064200675875,3095.1447737573662,8436.628124433235,16979.152815287365,10620.419479048018,27599.572294335383,1,6000.0,6000.0,HiGHS LP
0.1,2025-06-21,30689.049396908664,3232.7083786143876,11547.017375523053,16762.360275930354,12302.526016408694,29064.886292339048,1,6000.0,6000.0,HiGHS LP
0.1,2025-06-22,63664.35279439671,8084.524840130159,673.1774769466704,38681.866209847,30673.656131621374,69355.52234146837,1,6000.0,6000.0,HiGHS LP
0.1,2025-06-23,64967.33679383028,6473.7624710541,707.729598638123,39720.69028115193,27995.858167091566,67716.5484482435,1,6000.0,6000.0,HiGHS LP
0.1,2025-06-24,60175.02029890462,19749.43291431696,37.94929905039373,36568.0378935522,79178.32756453994,115746.36545809214,1,6000.0,6000.0,HiGHS LP
0.1,2025-06-25,67945.74807361982,6967.951950072603,570.6358143656995,41378.892294962425,27119.373660900914,68498.26595586335,1,6000.0,6000.0,HiGHS LP
0.1,2025-06-26,65390.71740888314,7124.989347030879,1199.090259669593,39643.34206387201,30645.460801669222,70288.80286554123,1,6000.0,6000.0,HiGHS LP
0.1,2025-06-27,29618.47885679744,3144.317889458449,9951.15087958922,15989.037959218815,11940.260988242377,27929.29894746119,1,6000.0,6000.0,HiGHS LP
0.1,2025-06-28,29872.35050887594,4153.9063386500475,9209.330730859325,16124.812326130399,15417.161867063294,31541.974193193695,1,6000.0,6000.0,HiGHS LP
0.1,2025-06-29,65601.39750386841,8067.460666915726,591.4161170534901,39955.49921244135,29355.000749912622,69310.49996235396,1,6000.0,6000.0,HiGHS LP
0.1,2025-06-30,65777.6095089834,8559.28393840169,565.0075785844699,39934.97055535906,32721.603472965096,72656.57402832416,1,6000.0,6000.0,HiGHS LP
0.1,2025-07-01,71562.24351714036,12061.558282821927,624.6801413410594,43804.48557112143,43598.411882162465,87402.89745328389,1,6000.0,6000.0,HiGHS LP
0.1,2025-07-02,75099.61783211582,5045.567500426151,3215.97119897841,47076.33351266655,15752.490027830496,62828.82354049705,1,6000.0,6000.0,HiGHS LP
0.1,2025-07-03,73403.68938243178,10512.24893698452,307.8426750604786,46317.85466809284,38400.98754380953,84718.84221190237,1,6000.0,6000.0,HiGHS LP
0.1,2025-07-04,37123.60070738716,5801.751890736003,11004.485131456491,21637.987587981217,20480.620388079697,42118.607976060914,1,6000.0,6000.0,HiGHS LP
0.1,2025-07-05,38878.903646623745,4520.073193432875,11568.896873389962,22626.509748248107,15624.629009782133,38251.13875803024,1,6000.0,6000.0,HiGHS LP
0.1,2025-07-06,71017.67581533262,12650.956973058723,147.3175784023988,44686.5352992097,50493.20853627639,95179.7438354861,1,6000.0,6000.0,HiGHS LP
0.1,2025-07-07,74294.70556727063,4871.402083571351,1838.408023887677,46309.19431411709,17145.22950967414,63454.423823791236,1,6000.0,6000.0,HiGHS LP
0.1,2025-07-08,75792.95413849586,5506.0075632385215,1861.147754694905,47359.00392831043,23494.50799195652,70853.51192026694,1,6000.0,6000.0,HiGHS LP
0.1,2025-07-09,69756.58530351717,8711.38275312939,646.1289764494602,43877.97797212911,32874.247626218224,76752.22559834734,1,6000.0,6000.0,HiGHS LP
0.1,2025-07-10,69259.91160355153,7882.100951157969,521.839594364992,43654.81671296699,30923.14534735971,74577.9620603267,1,6000.0,6000.0,HiGHS LP
0.1,2025-07-11,37863.58334541988,6954.560139863799,9259.366335283681,21721.616179450975,26217.228470748247,47938.84465019922,1,6000.0,6000.0,HiGHS LP
0.1,2025-07-12,38479.19372392497,5898.662972570506,10253.613363162138,22039.579304471623,23214.351449036472,45253.930753508095,1,6000.0,6000.0,HiGHS LP
0.1,2025-07-13,66642.4671602954,7202.033169732829,950.8469094227019,42017.782752783445,29690.304432640936,71708.08718542437,1,6000.0,6000.0,HiGHS LP
0.1,2025-07-14,61618.679813096256,13710.877515314434,46.35346933640096,39461.46467706338,53702.058592534624,93163.523269598,1,6000.0,6000.0,HiGHS LP
0.1,2025-07-15,65469.796547265934,11476.246783494464,613.2008346556869,41730.319353250525,41204.78268271762,82935.10203596814,1,6000.0,6000.0,HiGHS LP
0.1,2025-07-16,65269.745110083146,11371.757079465002,848.2080052557938,41393.61263287186,40368.76908435026,81762.38171722212,1,6000.0,6000.0,HiGHS LP
0.1,2025-07-17,64654.87426622317,11870.148341360615,224.88780532273552,41195.76625679505,47699.036232000144,88894.80248879519,1,6000.0,6000.0,HiGHS LP
0.1,2025-07-18,36511.669922910354,7810.975103338924,10008.396926249274,20728.918382347103,31158.990306901105,51887.90868924821,1,6000.0,6000.0,HiGHS LP
0.1,2025-07-19,36513.498413411326,6915.683076369985,13206.362439781311,20749.5588788607,26992.786321699386,47742.345200560085,1,6000.0,6000.0,HiGHS LP
0.1,2025-07-20,64327.4959960495,11546.823844389251,270.79868952379314,41235.49626409919,43575.204622656645,84810.70088675583,1,6000.0,6000.0,HiGHS LP
0.1,2025-07-21,62733.243330587306,14851.40016728693,83.07360147823601,40139.361751296965,56429.38949658826,96568.75124788523,1,6000.0,6000.0,HiGHS LP
0.1,2025-07-22,66429.08822133916,11363.580491188428,340.84168202482266,42039.05903835979,44105.836022745876,86144.89506110566,1,6000.0,6000.0,HiGHS LP
0.1,2025-07-23,67059.58491479754,10997.57027071865,183.25126921839296,42567.32956225859,42881.816473825864,85449.14603608445,1,6000.0,6000.0,HiGHS LP
0.1,2025-07-24,65749.38086078496,11887.132993810144,384.8402225455702,41726.92721174219,44598.849644856615,86325.77685659881,1,6000.0,6000.0,HiGHS LP
0.1,2025-07-25,37663.49101884935,4233.867071786266,12352.038523968953,21691.715988733427,16060.819196331173,37752.5351850646,1,6000.0,6000.0,HiGHS LP
0.1,2025-07-26,37855.565953205885,5673.785917532554,12020.260304071773,21680.86042084908,22007.08146613817,43687.941886987246,1,6000.0,6000.0,HiGHS LP
0.1,2025-07-27,67107.56254989738,10384.96209239724,153.47884455545858,42503.54560281389,42257.4475558164,84760.99315863028,1,6000.0,6000.0,HiGHS LP
0.1,2025-07-28,67875.81731975876,13994.871049451693,240.22781683592143,43005.31658315903,54247.277874810345,97252.59445796938,1,6000.0,6000.0,HiGHS LP
0.1,2025-07-29,67838.55297681988,12283.523765083919,369.42124356642523,42799.010678600294,46944.3699359835,89743.38061458379,1,6000.0,6000.0,HiGHS LP
0.1,2025-07-30,67688.05175937053,10523.407578806547,419.318686052193,42725.24114298775,41283.42254035367,84008.66368334141,1,6000.0,6000.0,HiGHS LP
0.1,2025-07-31,65983.87679468803,12506.963135941038,130.93913112303284,41783.69097281298,49810.56518024285,91594.25615305583,1,6000.0,6000.0,HiGHS LP
0.1,2025-08-01,36511.32016955698,3404.549440072592,15624.509942962908,20914.600894409094,12014.68110605121,32929.282000460305,1,6000.0,6000.0,HiGHS LP
0.1,2025-08-02,34979.457828220824,6338.307706772895,17350.740601660385,19747.89619342093,25491.44033530688,45239.336528727814,1,6000.0,6000.0,HiGHS LP
0.1,2025-08-03,62423.24002846643,5103.356678597,1219.1383392565444,40218.208382381665,18583.347907756895,58801.55629013856,1,6000.0,6000.0,HiGHS LP
0.1,2025-08-04,62123.85296039832,7458.840508444431,753.3823386927338,40113.30256299184,27618.795434484142,67732.09799747598,1,6000.0,6000.0,HiGHS LP
0.1,2025-08-05,61862.28386150372,7740.118654262951,1023.8358473239731,39933.2033228841,28151.469996348365,68084.67331923248,1,6000.0,6000.0,HiGHS LP
0.1,2025-08-06,60286.48066785835,12692.18105783535,1518.8063338943525,38798.40685855235,49216.70529856016,88015.11215711251,1,6000.0,6000.0,HiGHS LP
0.1,2025-08-07,64665.30935224119,3596.4530169437166,1342.7395958900393,41665.61571028532,13433.308619311283,55098.9243295966,1,6000.0,6000.0,HiGHS LP
0.1,2025-08-08,35305.656374013386,3877.9351281182135,20368.4202521316,20035.142035757446,15015.758174802299,35050.90021055975,1,6000.0,6000.0,HiGHS LP
0.1,2025-08-09,34480.648918113104,6457.193787033367,18975.91370514647,19389.437809238876,25760.769885882743,45150.207695121615,1,6000.0,6000.0,HiGHS LP
0.1,2025-08-10,59633.80769837732,10784.230783750803,1786.7636759205998,38327.38128944961,40758.09716305409,79085.4784525037,1,6000.0,6000.0,HiGHS LP
0.1,2025-08-11,61749.98307460066,6905.542163290309,676.7292957819869,39798.597161227335,26163.420731240556,65962.01789246789,1,6000.0,6000.0,HiGHS LP
0.1,2025-08-12,60931.65393690961,10658.272108141035,446.4891970838522,39223.68309956807,41377.16626423008,80600.84936379816,1,6000.0,6000.0,HiGHS LP
0.1,2025-08-13,59949.80782902433,10038.295182592772,497.52200639395926,38460.64782144282,39379.429735812184,77840.077557255,1,6000.0,6000.0,HiGHS LP
0.1,2025-08-14,59898.157332981034,10481.777776350053,1070.2488005266177,38523.09406362629,41948.496354801195,80471.59041842748,1,6000.0,6000.0,HiGHS LP
0.1,2025-08-15,35823.34684135204,4806.601375084089,20430.221333102792,20442.47002633683,18035.70884870585,38478.17887504268,1,6000.0,6000.0,HiGHS LP
0.1,2025-08-16,36754.072942585735,4676.6341758234785,21461.42675174254,21037.868376818005,19500.28575413488,40538.154130952884,1,6000.0,6000.0,HiGHS LP
0.1,2025-08-17,58432.51746589464,9823.336877353844,1804.265562157597,37497.99685752403,38105.78625358668,75603.78311111071,1,6000.0,6000.0,HiGHS LP
0.1,2025-08-18,60863.012643288515,8732.440887475257,1822.9075651315566,39220.92440761062,36790.061915417915,76010.98632302854,1,6000.0,6000.0,HiGHS LP
0.1,2025-08-19,59120.83637404494,10823.789238336843,2278.624531281133,37987.13761841909,40948.13474781572,78935.2723662348,1,6000.0,6000.0,HiGHS LP
0.1,2025-08-20,60884.179011411776,14124.751373267023,952.1951070223636,39205.51366906494,55426.033181573745,94631.54685063868,1,6000.0,6000.0,HiGHS LP
0.1,2025-08-21,61778.31959382352,8456.232952080363,884.3075849706069,39767.20911523811,32135.575798609774,71902.78491384789,1,6000.0,6000.0,HiGHS LP
0.1,2025-08-22,36595.65087297519,7534.5742738184035,19859.655746793593,20944.755424920288,31167.443761931994,52112.19918685228,1,6000.0,6000.0,HiGHS LP
0.1,2025-08-23,35712.992672123364,6531.858945685363,16674.84546780873,20297.69797664939,26809.154612627925,47106.85258927732,1,6000.0,6000.0,HiGHS LP
0.1,2025-08-24,59372.17427845332,9809.463023793787,2076.7134967848124,38069.79468826965,41538.58911495752,79608.38380322716,1,6000.0,6000.0,HiGHS LP
0.1,2025-08-25,60151.79352418986,15155.855619051485,1127.2758792868995,38689.65742346436,58518.641089803474,97208.29851326783,1,6000.0,6000.0,HiGHS LP
0.1,2025-08-26,59389.901507807306,10300.244048084931,750.4483939632364,38085.44117531778,42775.58389157109,80861.02506688886,1,6000.0,6000.0,HiGHS LP
0.1,2025-08-27,58728.25247139204,13719.211319188511,1165.4919156275528,37684.07731819508,55949.0751198943,93633.15243808938,1,6000.0,6000.0,HiGHS LP
0.1,2025-08-28,60023.47955109856,14417.911708915522,223.17756421414646,38560.04795456304,56889.629255981716,95449.67721054476,1,6000.0,6000.0,HiGHS LP
0.1,2025-08-29,33844.60719133048,8548.036525925254,16797.423367255735,19034.70732333766,34748.33625380036,53783.043577138014,1,6000.0,6000.0,HiGHS LP
0.1,2025-08-30,34783.84152572995,8262.532814434668,21493.654506831288,19712.502664181047,33048.338073334045,52760.84073751509,1,6000.0,6000.0,HiGHS LP
0.1,2025-08-31,60738.4974418109,10345.963646218459,997.8088996098619,39098.69225119375,40258.6100570448,79357.30230823855,1,6000.0,6000.0,HiGHS LP
0.1,2025-09-01,56910.909060409555,4598.148324874382,4617.161137865829,36523.575088154044,15388.775405800563,51912.35049395461,1,6000.0,6000.0,HiGHS LP
0.1,2025-09-02,47743.05452601798,12120.338497541341,2627.446276528449,29809.691361676872,48393.24708765937,78202.93844933624,1,6000.0,6000.0,HiGHS LP
0.1,2025-09-03,49664.39129154627,11527.600365996634,2324.6576000201762,31089.928850771943,43630.39179194841,74720.32064272035,1,6000.0,6000.0,HiGHS LP
0.1,2025-09-04,49365.35869197209,11811.001168376339,3932.633713463537,30821.09994676797,46889.32162696032,77710.4215737283,1,6000.0,6000.0,HiGHS LP
0.1,2025-09-05,28012.12399107708,2887.9746835511314,21035.83700796154,14909.907600314411,10977.454304960203,25887.361905274614,1,6000.0,6000.0,HiGHS LP
0.1,2025-09-06,29304.184525190343,2348.119485911699,20891.220311102043,15796.11864648107,9304.728426469253,25100.847072950324,1,6000.0,6000.0,HiGHS LP
0.1,2025-09-07,49309.243152585324,11411.921055558774,2393.978934114682,30765.470080330524,43995.11707875845,74760.58715908897,1,6000.0,6000.0,HiGHS LP
0.1,2025-09-08,42748.57217445505,22130.171315766285,2198.9232,25992.237430374218,86201.6796501946,112193.91708056882,1,6000.0,6000.0,HiGHS LP
0.1,2025-09-09,50067.62882806042,9156.803515489712,2704.564209213949,31278.706853975164,36330.213876646856,67608.92073062202,1,6000.0,6000.0,HiGHS LP
0.1,2025-09-10,49958.03796196335,15642.448704409726,859.1896681025862,31185.090363200303,61680.55152060917,92865.64188380947,1,6000.0,6000.0,HiGHS LP
0.1,2025-09-11,49964.67316307773,8755.96702210698,1705.6384034263006,31088.386655506303,35146.88082045197,66235.26747595827,1,6000.0,6000.0,HiGHS LP
0.1,2025-09-12,26366.05958851068,6736.129490366075,18510.532878876755,13640.035730597418,25113.933733044476,38753.96946364189,1,6000.0,6000.0,HiGHS LP
0.1,2025-09-13,26386.365991905554,6578.633324493335,21917.897833065552,13645.430038454508,25428.65931199413,39074.08935044864,1,6000.0,6000.0,HiGHS LP
0.1,2025-09-14,50978.43602271679,13862.09036611121,1085.6156978955887,31691.907520062043,51396.5471450803,83088.45466514234,1,6000.0,6000.0,HiGHS LP
0.1,2025-09-15,53387.70669290396,7395.394329702354,1959.4112334361153,33368.33580043781,28896.664670045502,62265.00047048331,1,6000.0,6000.0,HiGHS LP
0.1,2025-09-16,52549.41727760427,12340.892554145761,1621.712635935502,32720.6689291405,42529.37728569127,75250.04621483176,1,6000.0,6000.0,HiGHS LP
0.1,2025-09-17,56020.02338497683,8210.321315504814,383.59251749436896,35172.719619419004,30616.90444799392,65789.62406741292,1,6000.0,6000.0,HiGHS LP
0.1,2025-09-18,54267.798897070315,9121.820069157127,539.4813401629376,33843.93947277176,35044.20331464066,68888.14278741242,1,6000.0,6000.0,HiGHS LP
0.1,2025-09-19,27892.420689084254,5981.53493094314,14732.603303360724,14712.464598563904,21795.042209816427,36507.506808380334,1,6000.0,6000.0,HiGHS LP
0.1,2025-09-20,28972.746069869216,5632.4282396298695,15919.740576165754,15432.395541446596,21674.643345447752,37107.03888689435,1,6000.0,6000.0,HiGHS LP
0.1,2025-09-21,55078.01004373412,8751.481328783124,1488.6705558505705,34165.76707657588,30030.436300266272,64196.20337684215,1,6000.0,6000.0,HiGHS LP
0.1,2025-09-22,53838.49210606687,11705.183393440031,933.0136488408142,33344.27382448087,41929.04659181069,75273.32041629156,1,6000.0,6000.0,HiGHS LP
0.1,2025-09-23,54785.19495394002,11389.896331117066,58.48695349029033,34019.28219053913,44577.47743195773,78596.75962249686,1,6000.0,6000.0,HiGHS LP
0.1,2025-09-24,53667.29033323165,11855.997848254929,444.54091954525074,33166.617419012066,42781.22459790125,75947.84201691332,1,6000.0,6000.0,HiGHS LP
0.1,2025-09-25,55383.4579264684,9638.07123692582,632.7469300608826,34447.222658193576,35148.89898507756,69596.12164327114,1,6000.0,6000.0,HiGHS LP
0.1,2025-09-26,29941.8756387518,4091.6509192546264,13299.28305800643,16074.18661768258,15286.347610199777,31360.53422788236,1,6000.0,6000.0,HiGHS LP
0.1,2025-09-27,28766.57372184031,8518.346198330839,16443.617670171145,15143.694089741615,33735.85009858794,48879.54418832955,1,6000.0,6000.0,HiGHS LP
0.1,2025-09-28,56235.106814328465,11365.54849504825,56.317046992087114,34933.11005881398,44101.82887093089,79034.93892974488,1,6000.0,6000.0,HiGHS LP
0.1,2025-09-29,57108.88599298376,9775.711864428788,65.99288066569568,35473.99340724433,38172.68402906931,73646.67743631364,1,6000.0,6000.0,HiGHS LP
0.1,2025-09-30,59264.44273156596,10443.572370047525,225.85755595789692,36900.40342674106,42399.944407714975,79300.34783445604,1,6000.0,6000.0,HiGHS LP
0.1,2025-10-01,58600.34167304037,1346.9970320829268,6224.241762696396,36363.064456833206,3399.8949538127918,39762.959410646,1,6000.0,6000.0,HiGHS LP
0.1,2025-10-02,55058.95146885443,2718.9406393838262,1993.7756582382435,33839.78339519673,7821.604373449871,41661.3877686466,1,6000.0,6000.0,HiGHS LP
0.1,2025-10-03,26772.439371600572,3808.2735699955992,19723.559241596173,13618.512629440447,13260.527829350363,26879.040458790812,1,6000.0,6000.0,HiGHS LP
0.1,2025-10-04,27183.78858165282,5234.332135311324,16282.138283630813,13792.635776510444,18992.391565019374,32785.027341529814,1,6000.0,6000.0,HiGHS LP
0.1,2025-10-05,55201.78692410851,4472.198598663657,882.2132099468895,33748.06504767526,14432.694562827353,48180.75961050262,1,6000.0,6000.0,HiGHS LP
0.1,2025-10-06,55656.26669116276,6699.166820555398,568.8016344236685,34008.64034803813,23415.42018869432,57424.060536732446,1,6000.0,6000.0,HiGHS LP
0.1,2025-10-07,55450.03485114992,6864.486012388245,488.29743008718214,33796.04604560626,24488.066145841505,58284.11219144776,1,6000.0,6000.0,HiGHS LP
0.1,2025-10-08,55598.06189141267,6028.777419104685,1089.895410171005,33411.1290270244,22733.874888379483,56145.00391540388,1,6000.0,6000.0,HiGHS LP
0.1,2025-10-09,54414.70124877748,6522.597558057727,1123.9837901685357,32639.477210313624,26495.81780697079,59135.295017284414,1,6000.0,6000.0,HiGHS LP
0.1,2025-10-10,27875.659516505417,3352.801769111,18844.850368949756,13864.507950965051,13258.235379372096,27122.743330337147,1,6000.0,6000.0,HiGHS LP
0.1,2025-10-11,28460.88009343772,3583.0919411850873,14897.658451289477,14105.39679088887,16186.13388592478,30291.53067681365,1,6000.0,6000.0,HiGHS LP
0.1,2025-10-12,54551.60702840613,9235.15827868061,1218.4759904200685,32757.223480145287,35672.918934248686,68430.14241439398,1,6000.0,6000.0,HiGHS LP
0.1,2025-10-13,54434.35571321089,7570.429635984985,924.056715862543,32786.78317918118,30774.55328643132,63561.3364656125,1,6000.0,6000.0,HiGHS LP
0.1,2025-10-14,54201.26884727097,11194.77986997995,568.8861005842542,32617.432630603413,44424.62230414473,77042.05493474814,1,6000.0,6000.0,HiGHS LP
0.1,2025-10-15,54972.11661922133,11376.191418859911,374.9510547479065,33178.00773534861,43988.23450091167,77166.24223626028,1,6000.0,6000.0,HiGHS LP
0.1,2025-10-16,55487.60937387583,12107.273589736269,575.0766802787657,33583.621426481695,48905.19995302746,82488.82137950916,1,6000.0,6000.0,HiGHS LP
0.1,2025-10-17,28511.542857407927,5389.476644267363,14856.82018500862,14262.42978430138,22999.874189913404,37262.30397421478,1,6000.0,6000.0,HiGHS LP
0.1,2025-10-18,28213.16603785537,6188.1795506249455,15284.752321813648,14097.577750409102,25194.83834193659,39292.416092345695,1,6000.0,6000.0,HiGHS LP
0.1,2025-10-19,55873.904909914185,12105.581721054154,40.10743823385258,33827.977126319645,49886.49389554362,83714.47102186327,1,6000.0,6000.0,HiGHS LP
0.1,2025-10-20,56510.841654314165,12052.084348576174,64.71916799544238,34390.02601330746,49343.96589759943,83733.99191090689,1,6000.0,6000.0,HiGHS LP
0.1,2025-10-21,57007.490604967585,13518.881166419567,3.8787360538283338,34665.83438500003,52744.75518207527,87410.58956707531,1,6000.0,6000.0,HiGHS LP
0.1,2025-10-22,57326.913409659115,12371.946172699552,81.92708462277847,34670.62356818428,50304.65066317604,84975.27423136032,1,6000.0,6000.0,HiGHS LP
0.1,2025-10-23,59010.77059198875,8602.407996576572,170.51147019255558,35863.6095075877,34548.86840501186,70412.47791259957,1,6000.0,6000.0,HiGHS LP
0.1,2025-10-24,28222.063830887768,6683.061288787912,13445.074403009008,14068.075777541431,28360.226691593212,42428.30246913464,1,6000.0,6000.0,HiGHS LP
0.1,2025-10-25,28875.157659822868,6105.879256577608,12542.604183067144,14577.725653839847,25333.116171846545,39910.841825686395,1,6000.0,6000.0,HiGHS LP
0.1,2025-10-26,60057.9226865994,8647.647195531707,89.39595205353567,36621.67357896329,33471.891116661165,70093.56469562446,1,6000.0,6000.0,HiGHS LP
0.1,2025-10-27,59547.14123677618,8582.52344181488,507.262174766783,36109.73095279542,35982.49998247522,72092.23093527064,1,6000.0,6000.0,HiGHS LP
0.1,2025-10-28,59824.98543470529,10285.318466021283,64.93795279688163,36401.44153950777,41028.78297695366,77430.22451646143,1,6000.0,6000.0,HiGHS LP
0.1,2025-10-29,61164.15468620221,12327.787079148635,95.20003648346528,37331.2521589113,48985.47746667164,86316.72962558294,1,6000.0,6000.0,HiGHS LP
0.1,2025-10-30,62798.03419288155,6336.520910417059,254.91597667739882,38492.49619828633,24757.98540728154,63250.48160556787,1,6000.0,6000.0,HiGHS LP
0.1,2025-10-31,30620.90630648555,5505.777026596731,9056.728477301185,15783.621895222,21408.732589465188,37192.35448468719,1,6000.0,6000.0,HiGHS LP
0.1,2025-11-01,31053.40135270812,4504.032316845952,9819.555160227072,16052.793553985632,16585.970758412943,32638.764312398576,1,6000.0,6000.0,HiGHS LP
0.1,2025-11-02,64705.98858097625,8218.035379190056,5.9361098012961975,39507.13100080281,33453.498254144644,72960.62925494745,1,6000.0,6000.0,HiGHS LP
0.1,2025-11-03,65788.85032572999,7999.965450211189,142.81079789556304,40361.6359627323,28415.85248365649,68777.4884463888,1,6000.0,6000.0,HiGHS LP
0.1,2025-11-04,67518.64607929686,4834.778719091246,618.9791903637879,41460.04252231912,19325.1863241311,60785.22884645022,1,6000.0,6000.0,HiGHS LP
0.1,2025-11-05,67996.75300464721,6021.806044501584,188.2045933588123,41973.4922887054,21934.89907100598,63908.39135971138,1,6000.0,6000.0,HiGHS LP
0.1,2025-11-06,65625.12286642077,9936.880827483501,50.83367443117697,40113.27651109702,39153.80987487452,79267.08638597155,1,6000.0,6000.0,HiGHS LP
0.1,2025-11-07,30709.816376677594,3481.634671575487,7677.666341945033,15862.636135412231,13652.162924368906,29514.799059781137,1,6000.0,6000.0,HiGHS LP
0.1,2025-11-08,31679.336525252005,2443.0302174518456,7105.85239372291,16467.39425715334,8982.90340590687,25450.297663060213,1,6000.0,6000.0,HiGHS LP
0.1,2025-11-09,68492.72844856813,7159.703329548258,112.93443324756265,41914.9281541731,28036.053631480732,69950.98178565383,1,6000.0,6000.0,HiGHS LP
0.1,2025-11-10,70391.22101903943,7845.435328975367,70.31689236910965,43234.29824452353,30140.523404150867,73374.8216486744,1,6000.0,6000.0,HiGHS LP
0.1,2025-11-11,70292.71596779839,5654.406342570984,74.86674577906736,43058.86143099915,22748.406206229705,65807.26763722886,1,6000.0,6000.0,HiGHS LP
0.1,2025-11-12,71836.34358664622,3997.332682627037,498.64161305578,44224.80663734152,17070.399301141788,61295.20593848331,1,6000.0,6000.0,HiGHS LP
0.1,2025-11-13,71199.7826707105,5967.713221325465,395.0354875283672,43846.344407830766,22003.757229606417,65850.10163743718,1,6000.0,6000.0,HiGHS LP
0.1,2025-11-14,31877.130636634152,4495.800940090687,5504.6532598767535,16597.02160801419,16226.037537589695,32823.05914560388,1,6000.0,6000.0,HiGHS LP
0.1,2025-11-15,32350.142169169776,3944.6342369467748,4784.988604038825,16864.976104061534,14838.650810049035,31703.62691411057,1,6000.0,6000.0,HiGHS LP
0.1,2025-11-16,72203.63196163138,6790.060847625362,145.10089588305863,44376.91938773121,27059.299628617337,71436.21901634854,1,6000.0,6000.0,HiGHS LP
0.1,2025-11-17,74518.8296372284,3182.433817345358,552.5251912634473,46177.14422108173,12078.004446369307,58255.14866745104,1,6000.0,6000.0,HiGHS LP
0.1,2025-11-18,71082.0398073902,8279.172881645969,79.31186440027221,43523.233956663156,31118.403781021156,74641.63773768432,1,6000.0,6000.0,HiGHS LP
0.1,2025-11-19,73041.04578674842,6773.360844947039,16.32475305399049,44978.94219641537,26892.8448416586,71871.78703807398,1,6000.0,6000.0,HiGHS LP
0.1,2025-11-20,74245.01803845042,5269.829504823199,271.3514016504097,45997.479154484456,19605.643674525683,65603.12282901014,1,6000.0,6000.0,HiGHS LP
0.1,2025-11-21,32500.399095500426,3861.4796576574195,4148.0261369850705,16985.441543875415,12597.716235009902,29583.157778885317,1,6000.0,6000.0,HiGHS LP
0.1,2025-11-22,32102.308288412176,4353.3428746375175,2904.3471124362122,16642.994136835496,16082.691738906506,32725.685875742,1,6000.0,6000.0,HiGHS LP
0.1,2025-11-23,74655.54600569792,5559.18418089347,540.05670512137,46138.33114274346,22277.98870553222,68416.31984827569,1,6000.0,6000.0,HiGHS LP
0.1,2025-11-24,75028.52123526251,4289.173723254563,708.8820333736471,46502.831627026346,16288.585673853748,62791.41730088009,1,6000.0,6000.0,HiGHS LP
0.1,2025-11-25,75999.85719894836,4812.779206329844,203.50841211916995,47181.00092923835,17983.355836277617,65164.356765515964,1,6000.0,6000.0,HiGHS LP
0.1,2025-11-26,75013.56311915361,6322.447759818277,126.07995593979604,46384.80329331335,24404.19334808195,70788.9966413953,1,6000.0,6000.0,HiGHS LP
0.1,2025-11-27,76534.58842715889,4117.763249720786,432.4233353832567,47643.82122223921,15781.665883166905,63425.487105406115,1,6000.0,6000.0,HiGHS LP
0.1,2025-11-28,32247.634422096904,4608.525131953067,2583.3115889250403,16790.841664324358,17553.528236362683,34344.369900687045,1,6000.0,6000.0,HiGHS LP
0.1,2025-11-29,33668.694097985404,6862.21163783074,2185.16253530003,17706.007560395163,23674.062503341705,41380.07006373687,1,6000.0,6000.0,HiGHS LP
0.1,2025-11-30,78830.20671972488,6043.9228583297445,184.25280869304333,49250.683996544205,22446.029309214144,71696.71330575834,1,6000.0,6000.0,HiGHS LP
0.1,2025-12-01,77880.31748900263,12863.241429120137,21.153620388995023,48559.06342412566,48325.05259130178,96884.11601542744,1,6000.0,6000.0,HiGHS LP
0.1,2025-12-02,82981.88720226349,10608.63453708438,361.5984047468114,52520.07923190226,38400.403042918624,90920.48227482088,1,6000.0,6000.0,HiGHS LP
0.1,2025-12-03,83549.89931696889,8417.455478339754,201.78737931127992,52210.24039926774,30764.71470157283,82974.95510084057,1,6000.0,6000.0,HiGHS LP
0.1,2025-12-04,85101.98047572412,6452.858473171251,140.23048302460705,53490.24200377516,25095.38423845002,78585.62624222517,1,6000.0,6000.0,HiGHS LP
0.1,2025-12-05,39537.52058556744,6006.583277863513,322.0888511142249,20303.43172821639,24210.576118765366,44514.00784698175,1,6000.0,6000.0,HiGHS LP
0.1,2025-12-06,41599.11604893736,6285.78996911906,229.57653559743449,21388.422406273414,22842.757461065885,44231.1798673393,1,6000.0,6000.0,HiGHS LP
0.1,2025-12-07,87646.05885630604,5064.873354663765,356.4407763202817,55278.72461342664,19289.138444410255,74567.86305783689,1,6000.0,6000.0,HiGHS LP
0.1,2025-12-08,84855.93254724858,8437.670674790144,812.2854065043257,52482.21563774418,34340.81792000211,86823.0335577463,1,6000.0,6000.0,HiGHS LP
0.1,2025-12-09,88673.41135991873,4189.742714857862,756.366474776585,55834.21835670386,18534.407692468165,74368.62604917202,1,6000.0,6000.0,HiGHS LP
0.1,2025-12-10,86312.17505203644,6962.881682664171,183.58650044976065,54127.13941988048,25754.246144453315,79881.38556433379,1,6000.0,6000.0,HiGHS LP
0.1,2025-12-11,89278.28399816676,2490.080272662086,1088.7762374955046,56509.92223421875,9067.72288443845,65577.6451186572,1,6000.0,6000.0,HiGHS LP
0.1,2025-12-12,39449.0380551789,8228.511802985135,135.06859400292325,20225.12266087426,30562.9052233143,50788.02788418856,1,6000.0,6000.0,HiGHS LP
0.1,2025-12-13,44369.74458351738,4001.906722379238,623.9163432904485,22835.033315895398,16450.874012112254,39285.907328007655,1,6000.0,6000.0,HiGHS LP
0.1,2025-12-14,88438.6254655869,5176.725652610909,118.29598486446821,55749.683327751,20250.585892874835,76000.26922062584,1,6000.0,6000.0,HiGHS LP
0.1,2025-12-15,89040.86236920027,5342.34834512242,195.3194143226857,56213.05535251695,19660.44195851703,75873.49731103398,1,6000.0,6000.0,HiGHS LP
0.1,2025-12-16,88350.94448626392,5871.155182024639,85.6750016218947,55605.095745987695,22653.842679905007,78258.9384258927,1,6000.0,6000.0,HiGHS LP
0.1,2025-12-17,90137.63058609674,3101.663051859231,329.11323795597013,56930.32771459156,11224.430184030916,68154.75789862248,1,6000.0,6000.0,HiGHS LP
0.1,2025-12-18,87842.67381773566,4913.0252025563295,671.0987202919735,55248.266757290854,19962.782966130297,75211.04972342115,1,6000.0,6000.0,HiGHS LP
0.1,2025-12-19,42502.66820580492,4646.995361990832,374.9390521133447,21716.246886494395,18769.193542267516,40485.44042876191,1,6000.0,6000.0,HiGHS LP
0.1,2025-12-20,42497.56872276003,4546.918300652024,347.05401235150015,21750.337285218422,18523.335486415486,40273.67277163391,1,6000.0,6000.0,HiGHS LP
0.1,2025-12-21,87239.98355262248,6697.642882656361,181.5112352788452,54793.59045801509,25559.953581393762,80353.54403940885,1,6000.0,6000.0,HiGHS LP
0.1,2025-12-22,89820.96797701035,4068.3828336502347,224.64522576131301,56704.6315325352,16193.487287807198,72898.1188203424,1,6000.0,6000.0,HiGHS LP
0.1,2025-12-23,89717.14674784633,3011.1524718591704,744.6999931081677,56642.73729515243,11679.682487993745,68322.41978314618,1,6000.0,6000.0,HiGHS LP
0.1,2025-12-24,88371.39692313192,4561.3687814602,359.3431808454258,55736.39924609708,18090.1861379599,73826.58538405698,1,6000.0,6000.0,HiGHS LP
0.1,2025-12-25,87966.6725840741,4799.112877506664,232.97579350929357,55510.843190950676,17700.99974884205,73211.84293979272,1,6000.0,6000.0,HiGHS LP
0.1,2025-12-26,41696.58258672062,5519.779570450504,333.91800186428173,21306.740458274653,21240.94628829869,42547.686746573345,1,6000.0,6000.0,HiGHS LP
0.1,2025-12-27,43235.464336440156,4289.467109217277,301.12065498289735,22141.15388222498,16826.115189796335,38967.269072021314,1,6000.0,6000.0,HiGHS LP
0.1,2025-12-28,87332.82815438544,4937.983508964743,739.8524003248788,54956.242685856705,18828.00726663079,73784.2499524875,1,6000.0,6000.0,HiGHS LP
0.1,2025-12-29,87466.07312395761,5003.078428964789,227.0519529223988,54963.03603793889,18347.77508638859,73310.81112432748,1,6000.0,6000.0,HiGHS LP
0.1,2025-12-30,89629.59607223453,2546.3135084108535,1233.173647312052,56690.89077925276,9973.45720089881,66664.34798015156,1,6000.0,6000.0,HiGHS LP
0.1,2025-12-31,87167.31887469243,6355.6385264215,158.2011344472582,54761.30635589444,25065.306277078333,79826.61263297277,1,6000.0,6000.0,HiGHS LP
0.15,2025-02-01,37040.19045478687,2850.411033560605,1817.491763119669,18920.996909093737,12057.215843020353,30978.21275211409,1,6000.0,6000.0,HiGHS LP
0.15,2025-02-02,79472.10572127407,3874.6929210525077,569.985482602808,48911.599989820206,16384.70773016728,65296.30771998748,1,6000.0,6000.0,HiGHS LP
0.15,2025-02-03,79765.55161018204,5415.7347042534,553.1117239607177,49129.31743098398,21456.027133071493,70585.34456405547,1,6000.0,6000.0,HiGHS LP
0.15,2025-02-04,79861.44473784843,6237.670288382798,496.8557813236837,49241.89307074684,25997.861565703453,75239.75463645029,1,6000.0,6000.0,HiGHS LP
0.15,2025-02-05,75536.75218631089,9657.18474429807,20.699344206991327,45904.06399879146,38902.562046762265,84806.62604555373,1,6000.0,6000.0,HiGHS LP
0.15,2025-02-06,81255.80236247127,4024.6705080562197,607.748987194143,50389.50902468722,15636.181641913376,66025.6906666006,1,6000.0,6000.0,HiGHS LP
0.15,2025-02-07,34094.02500603564,3553.94303314474,2306.4433353470986,17340.44161339307,15118.04889158547,32458.49050497854,1,6000.0,6000.0,HiGHS LP
0.15,2025-02-08,33259.63621041016,4685.247122632449,2901.158985810021,16880.703150181864,19023.538879930908,35904.24203011277,1,6000.0,6000.0,HiGHS LP
0.15,2025-02-09,73797.9222119621,10247.265075132513,96.29763271902709,45064.46721553233,38591.02618493353,83655.49340046586,1,6000.0,6000.0,HiGHS LP
0.15,2025-02-10,77257.73162199935,2684.0219805231254,1178.1965738897875,47460.81438562709,10265.478896233348,57726.29328186044,1,6000.0,6000.0,HiGHS LP
0.15,2025-02-11,77610.31490936624,2663.9301833722084,632.2771032582971,47830.08483612812,10593.268722645042,58423.35355877316,1,6000.0,6000.0,HiGHS LP
0.15,2025-02-12,73207.27946032942,6519.487000764565,75.58002407585458,44491.159363230836,27256.10267408778,71747.26203731861,1,6000.0,6000.0,HiGHS LP
0.15,2025-02-13,73293.26239627352,3787.957179376501,1366.4742674091583,44860.05950314074,13504.535871429964,58364.59537457071,1,6000.0,6000.0,HiGHS LP
0.15,2025-02-14,33567.16031697912,3358.9666034783995,3678.9536288969425,17165.530878675454,11006.644108077711,28172.174986753165,1,6000.0,6000.0,HiGHS LP
0.15,2025-02-15,32019.567107171846,5339.214311102449,4726.911916889576,16325.640988287396,18430.42825590638,34756.06924419377,1,6000.0,6000.0,HiGHS LP
0.15,2025-02-16,70251.92750328063,9468.567511206365,18.290778889866772,42710.42781827002,35614.78792098792,78325.21573925794,1,6000.0,6000.0,HiGHS LP
0.15,2025-02-17,70364.95127424362,5450.691457075791,324.4332743854369,42726.438306769,19784.632972052714,62511.07127882171,1,6000.0,6000.0,HiGHS LP
0.15,2025-02-18,71249.07592671199,5553.940794791219,403.70926982400965,43474.90457028713,20541.23596226151,64016.14053254864,1,6000.0,6000.0,HiGHS LP
0.15,2025-02-19,69379.81405970649,7821.79945179354,90.91067122979956,42202.157824437214,31212.19532131988,73414.3531457571,1,6000.0,6000.0,HiGHS LP
0.15,2025-02-20,70338.25298625024,5249.126468600129,338.86074995932023,42776.71599071313,20011.719241229635,62788.43523194276,1,6000.0,6000.0,HiGHS LP
0.15,2025-02-21,31474.469180579596,4231.851705850299,6886.049164283732,16039.058352416727,15126.663580536639,31165.721932953365,1,6000.0,6000.0,HiGHS LP
0.15,2025-02-22,32758.974120495724,4387.1306521159295,5995.951236261421,16874.650727493055,15969.898701428883,32844.549428921935,1,6000.0,6000.0,HiGHS LP
0.15,2025-02-23,69894.12366041254,6206.510992246112,335.74071532121417,42606.31389298248,22123.07259616859,64729.38648915107,1,6000.0,6000.0,HiGHS LP
0.15,2025-02-24,67649.9076188354,4883.460065598159,227.97711951217062,40910.961473404706,19170.11404694324,60081.07552034795,1,6000.0,6000.0,HiGHS LP
0.15,2025-02-25,66436.63901730257,4599.502949075277,1119.0546993797493,40187.25335031032,17262.50175469673,57449.75510500705,1,6000.0,6000.0,HiGHS LP
0.15,2025-02-26,65969.50885000505,7022.358590874724,85.9479005648207,39745.1998456071,27069.26371709944,66814.46356270654,1,6000.0,6000.0,HiGHS LP
0.15,2025-02-27,66047.02611764878,5785.127195005206,780.1667782764536,39933.3547496358,25415.940394495752,65349.29514413155,1,6000.0,6000.0,HiGHS LP
0.15,2025-02-28,29798.148226723453,5370.116159282524,8741.448433193007,15041.31801012879,20042.431007402993,35083.74901753178,1,6000.0,6000.0,HiGHS LP
0.15,2025-03-01,30818.19760181611,3261.4188289993654,7264.362032694661,15686.68912874814,13328.064027267821,29014.753156015962,1,6000.0,6000.0,HiGHS LP
0.15,2025-03-02,62733.92385846464,13803.681537038128,88.75736574786362,38085.55435596264,51812.27838122977,89897.83273719241,1,6000.0,6000.0,HiGHS LP
0.15,2025-03-03,65091.595310799894,11398.31337969405,365.8091081018781,39800.71238873182,43549.35219800291,83350.06458673473,1,6000.0,6000.0,HiGHS LP
0.15,2025-03-04,66430.096487411,7273.196342509455,375.1236444065131,40534.048184976,25771.06680052607,66305.11498550208,1,6000.0,6000.0,HiGHS LP
0.15,2025-03-05,66588.06471758711,4329.872267873972,662.6744293855365,40481.823933916756,16357.494332385731,56839.318266302485,1,6000.0,6000.0,HiGHS LP
0.15,2025-03-06,66535.45089721956,4551.730856035904,1017.681115360589,40558.92180202141,16340.9984365112,56899.920238532606,1,6000.0,6000.0,HiGHS LP
0.15,2025-03-07,29329.200429548346,4675.860743283729,10042.77563949874,15119.010439031259,17290.111638936178,32409.122077967437,1,6000.0,6000.0,HiGHS LP
0.15,2025-03-08,28319.417009139477,3396.227052194443,9612.50454466725,14674.392346244444,10618.354691786913,25292.747038031357,1,6000.0,6000.0,HiGHS LP
0.15,2025-03-09,62542.32913677217,5780.069387457714,889.2133802820254,37639.98260748949,22817.022138465727,60457.004745955215,1,6000.0,6000.0,HiGHS LP
0.15,2025-03-10,62777.64279234538,9534.384932366112,164.57817357451165,37821.128620340736,34024.244703829,71845.37332416973,1,6000.0,6000.0,HiGHS LP
0.15,2025-03-11,63667.370429174436,4946.613480548182,571.0456031058468,38252.94181440948,18408.99904385853,56661.94085826801,1,6000.0,6000.0,HiGHS LP
0.15,2025-03-12,61116.85246814857,5505.528730413069,98.53205993779245,36491.08936802427,21478.898410842772,57969.98777886704,1,6000.0,6000.0,HiGHS LP
0.15,2025-03-13,61699.068828063166,10200.588757188365,261.16251048624406,37003.77644546816,38580.814881496815,75584.59132696498,1,6000.0,6000.0,HiGHS LP
0.15,2025-03-14,27850.49693545392,3384.7298419442977,12165.800794064884,14175.755518164651,12890.082131772248,27065.837649936897,1,6000.0,6000.0,HiGHS LP
0.15,2025-03-15,27266.68824989669,5098.973766376057,8401.536866272747,13709.784504300587,18788.063007832585,32497.847512133172,1,6000.0,6000.0,HiGHS LP
0.15,2025-03-16,61611.96816398113,6313.378362569747,476.25100519385995,36994.012166754634,24111.99437346011,61106.006540214745,1,6000.0,6000.0,HiGHS LP
0.15,2025-03-17,61779.679397424945,2251.028212464058,2071.486509622605,36883.35681369351,8765.5227479214,45648.87956161491,1,6000.0,6000.0,HiGHS LP
0.15,2025-03-18,58738.40841752371,6520.026610684995,128.64129545425132,35043.71689250124,27131.997569012427,62175.714461513664,1,6000.0,6000.0,HiGHS LP
0.15,2025-03-19,59987.45995623286,4327.116210303692,768.8746240109701,35751.16884732281,18143.676123893365,53894.84497121618,1,6000.0,6000.0,HiGHS LP
0.15,2025-03-20,57823.19482853629,8452.664450222786,76.8498448596946,34564.43938362267,33526.54141651603,68090.9808001387,1,6000.0,6000.0,HiGHS LP
0.15,2025-03-21,27434.04762575726,2251.7487402286597,14612.331849319255,13863.651826299109,7858.474006109103,21722.125832408212,1,6000.0,6000.0,HiGHS LP
0.15,2025-03-22,27195.200104840776,4148.932692725822,12422.933064233264,13593.32165430702,15124.253384158837,28717.575038465857,1,6000.0,6000.0,HiGHS LP
0.15,2025-03-23,59086.01841594385,5474.035207463928,1733.489751823898,35249.21379300146,20978.48623570667,56227.70002870813,1,6000.0,6000.0,HiGHS LP
0.15,2025-03-24,57379.982637631736,4993.436427384364,415.0839401142199,34355.90135928453,19230.763907120887,53586.66526640541,1,6000.0,6000.0,HiGHS LP
0.15,2025-03-25,58238.29069600306,7199.508376469496,494.4377983157753,34823.26065577543,27594.568194684543,62417.82885045998,1,6000.0,6000.0,HiGHS LP
0.15,2025-03-26,57012.56812826567,3768.5407873154613,1220.6131348291046,33966.266866580925,15272.748566747521,49239.015433328444,1,6000.0,6000.0,HiGHS LP
0.15,2025-03-27,56236.1803371092,6759.277062096677,298.1764876200137,33599.78884702128,27466.565462804778,61066.354309826056,1,6000.0,6000.0,HiGHS LP
0.15,2025-03-28,26760.96519292454,2350.7023560654866,15249.786782323368,13273.558565062689,8689.394132957983,21962.952698020672,1,6000.0,6000.0,HiGHS LP
0.15,2025-03-29,27487.83018529451,1744.3669912179553,18484.987993179133,13708.287486179574,6695.0561827297315,20403.343668909307,1,6000.0,6000.0,HiGHS LP
0.15,2025-03-30,53633.52271965414,5792.222300424448,173.966334170158,32171.238944112167,23683.35672183919,55854.59566595136,1,6000.0,6000.0,HiGHS LP
0.15,2025-03-31,55511.27755274909,6205.922400981469,731.3479069797609,33137.149616622526,23703.011885099746,56840.16150172227,1,6000.0,6000.0,HiGHS LP
0.15,2025-04-01,53877.06716401152,10416.214625993027,161.56866880326237,32180.427535849583,36708.86217095202,68889.2897068016,1,6000.0,6000.0,HiGHS LP
0.15,2025-04-02,53502.08991113462,11138.742208940595,299.45098476282556,32063.07499112548,43379.08311028173,75442.15810140721,1,6000.0,6000.0,HiGHS LP
0.15,2025-04-03,53821.3036186825,6121.3395019732325,146.6747856841879,32118.351371427194,25599.18390176014,57717.535273187335,1,6000.0,6000.0,HiGHS LP
0.15,2025-04-04,25706.73863560695,2243.354255154697,18479.290640761647,12466.381343571262,8688.380377190284,21154.761720761548,1,6000.0,6000.0,HiGHS LP
0.15,2025-04-05,25772.67882853556,5813.254340994695,16501.818186196928,12513.81328975694,23866.836069315454,36380.64935907239,1,6000.0,6000.0,HiGHS LP
0.15,2025-04-06,51110.60365671388,7491.5546450818865,434.13064212759286,30763.586509784032,28289.352570809046,59052.939080593074,1,6000.0,6000.0,HiGHS LP
0.15,2025-04-07,51786.07714412281,6576.126872689213,1292.2378433792865,31101.063395067235,23594.41158087999,54695.474975947225,1,6000.0,6000.0,HiGHS LP
0.15,2025-04-08,52208.36662967853,6260.717371499175,283.0058286917376,31414.878700600315,27102.782032563915,58517.66073316423,1,6000.0,6000.0,HiGHS LP
0.15,2025-04-09,53100.511432355954,10165.171057048603,256.74088678248586,31978.171006816046,38050.17675044881,70028.34775726486,1,6000.0,6000.0,HiGHS LP
0.15,2025-04-10,52469.86491418775,6227.7515215953845,375.5977456752479,31570.718485574158,26402.2050805277,57972.92356610186,1,6000.0,6000.0,HiGHS LP
0.15,2025-04-11,25444.01489265258,2144.1869367432873,19231.5516627292,12289.680648842992,7879.98767891491,20169.668327757903,1,6000.0,6000.0,HiGHS LP
0.15,2025-04-12,25941.295174612318,3701.3538959703783,17577.4885205827,12629.189051740892,15510.343564521998,28139.53261626289,1,6000.0,6000.0,HiGHS LP
0.15,2025-04-13,50450.33845905647,7939.114594695737,439.0626867274042,30372.969821894116,30081.310987092736,60454.28080898685,1,6000.0,6000.0,HiGHS LP
0.15,2025-04-14,49904.60073348063,7222.670291253743,953.2774877016377,29937.980370109668,26484.757206953647,56422.737577063315,1,6000.0,6000.0,HiGHS LP
0.15,2025-04-15,50150.10859655824,6344.477135036279,2696.5675296613117,30048.65628501342,26441.027678252227,56489.68396326565,1,6000.0,6000.0,HiGHS LP
0.15,2025-04-16,49775.17746768029,9721.568225445437,107.55498997636172,29940.229645454652,34843.74566555969,64783.97531101434,1,6000.0,6000.0,HiGHS LP
0.15,2025-04-17,50916.4322789422,6659.941188265847,1003.4890955622138,30688.16828614862,26665.23104983531,57353.39933598393,1,6000.0,6000.0,HiGHS LP
0.15,2025-04-18,24634.342349861603,3353.423699380475,18593.648865908748,11705.027585664735,13057.051995813941,24762.079581478676,1,6000.0,6000.0,HiGHS LP
0.15,2025-04-19,25166.981262042307,2615.0512913791554,17957.353303421463,12088.852773614004,10183.2290327375,22272.081806351503,1,6000.0,6000.0,HiGHS LP
0.15,2025-04-20,50464.64981915219,5990.617498216312,848.3709216838881,30367.510326989475,23434.590426697847,53802.10075368732,1,6000.0,6000.0,HiGHS LP
0.15,2025-04-21,50957.83082226021,2777.1483124140223,1514.7396602737751,30609.352714885463,9975.933590761833,40585.2863056473,1,6000.0,6000.0,HiGHS LP
0.15,2025-04-22,49182.273013255945,8069.516141154503,1556.6013553338878,29490.39259833214,29478.415910244446,58968.808508576585,1,6000.0,6000.0,HiGHS LP
0.15,2025-04-23,51217.50744443339,5282.255892109172,1418.059081530623,30846.369383983532,18043.837482005256,48890.20686598879,1,6000.0,6000.0,HiGHS LP
0.15,2025-04-24,49471.197338105005,3403.949783232496,2220.841116143688,29727.25980136588,12250.76714791582,41978.0269492817,1,6000.0,6000.0,HiGHS LP
0.15,2025-04-25,24251.95749621612,1892.4440847494986,21099.828291876693,11473.436307331289,7790.4787037725755,19263.915011103865,1,6000.0,6000.0,HiGHS LP
0.15,2025-04-26,23821.26133020632,5071.541219554513,25782.608916427504,11129.499186759687,21321.292983717296,32450.792170476983,1,6000.0,6000.0,HiGHS LP
0.15,2025-04-27,47395.59629125427,7129.840439241805,2565.0983008121984,28262.624872294,30722.289744149522,58984.91461644352,1,6000.0,6000.0,HiGHS LP
0.15,2025-04-28,48899.810099667135,11794.582660268148,608.8629607141897,29373.60745929402,44035.240028565066,73408.84748785908,1,6000.0,6000.0,HiGHS LP
0.15,2025-04-29,49361.14434247654,4240.953341270424,2625.888232871426,29595.68649682101,15669.204797374938,45264.89129419595,1,6000.0,6000.0,HiGHS LP
0.15,2025-04-30,47388.15950721359,6481.8596571920725,2227.934945176979,28290.761912538506,21919.90020082739,50210.66211336589,1,6000.0,6000.0,HiGHS LP
0.15,2025-05-01,48540.47120657247,8148.116042341278,2292.7707212359583,29282.58031062806,35571.64072231561,64854.22103294367,1,6000.0,6000.0,HiGHS LP
0.15,2025-05-02,25199.13612002734,8193.685503431678,16062.501540125682,12278.77558395679,35139.728667048825,47418.504251005616,1,6000.0,6000.0,HiGHS LP
0.15,2025-05-03,26195.1174850814,5130.649414221989,19418.595249303384,13004.746848124425,22251.453139173693,35256.19998729812,1,6000.0,6000.0,HiGHS LP
0.15,2025-05-04,50121.477924557636,7041.894459796439,2035.8394011075395,30796.445999223633,24633.805602570996,55430.25160179463,1,6000.0,6000.0,HiGHS LP
0.15,2025-05-05,48829.04791601562,10209.939772409485,702.0283439018083,30019.825101523686,42002.24864236217,72022.07374388585,1,6000.0,6000.0,HiGHS LP
0.15,2025-05-06,49936.27724208551,6629.35323665495,367.32936488414447,30820.941209112978,27347.24412445393,58168.18533356691,1,6000.0,6000.0,HiGHS LP
0.15,2025-05-07,50725.24591141518,8112.521476736696,424.90800934521457,31375.27573017285,34254.395553588765,65629.67128376162,1,6000.0,6000.0,HiGHS LP
0.15,2025-05-08,50263.167011032536,9844.53609853418,921.1418924003922,31059.69502023055,37767.671336007224,68827.36635623778,1,6000.0,6000.0,HiGHS LP
0.15,2025-05-09,26132.58831361069,3629.3983226142273,18222.600786224917,13200.289302177,15050.403665849732,28250.69296802673,1,6000.0,6000.0,HiGHS LP
0.15,2025-05-10,24437.878063930133,6989.9202447142,16263.720983452271,11843.967445979782,29630.70577657169,41474.67322255147,1,6000.0,6000.0,HiGHS LP
0.15,2025-05-11,51122.927799086276,8219.519756720401,465.5802321897567,31759.924128288054,32469.887293208245,64229.8114214963,1,6000.0,6000.0,HiGHS LP
0.15,2025-05-12,51656.707225057806,5334.387602561423,1651.1085831193468,32137.868967904335,17535.896235416356,49673.76520332069,1,6000.0,6000.0,HiGHS LP
0.15,2025-05-13,47883.779141150284,8814.329506413236,405.24433077343383,29415.548760802056,35869.268642176714,65284.81740297877,1,6000.0,6000.0,HiGHS LP
0.15,2025-05-14,48412.865235715115,8353.267767278254,529.0947767831732,29738.87854080957,32894.29593705474,62633.174477864304,1,6000.0,6000.0,HiGHS LP
0.15,2025-05-15,49279.65143381849,7585.099973165166,853.8061363532895,30572.77426196817,30545.018373560466,61117.79263552863,1,6000.0,6000.0,HiGHS LP
0.15,2025-05-16,25769.44615403109,2310.0362443341455,22323.9758650319,12973.208548529456,8463.27340004921,21436.481948578665,1,6000.0,6000.0,HiGHS LP
0.15,2025-05-17,25660.547933034737,5727.853496021506,17896.50004821705,12845.347799580259,24130.959051607206,36976.306851187466,1,6000.0,6000.0,HiGHS LP
0.15,2025-05-18,49323.28702109643,8154.212636325508,625.1507206370686,30646.07292369011,29448.81111356026,60094.88403725037,1,6000.0,6000.0,HiGHS LP
0.15,2025-05-19,48253.20463110445,4770.714990721114,2355.6938925303125,29707.69129352747,21050.886358927044,50758.577652454514,1,6000.0,6000.0,HiGHS LP
0.15,2025-05-20,48343.68558972128,9910.52954586141,542.4264285406919,29756.518401222987,38574.18351934537,68330.70192056836,1,6000.0,6000.0,HiGHS LP
0.15,2025-05-21,47870.19368869695,7773.80322819697,1142.600257697719,29470.190416898542,31929.05753948754,61399.24795638608,1,6000.0,6000.0,HiGHS LP
0.15,2025-05-22,48576.35338338009,6288.054475544391,871.0690695031593,30065.482709936317,24953.86092724042,55019.34363717674,1,6000.0,6000.0,HiGHS LP
0.15,2025-05-23,24423.15956088448,5036.692933320737,19998.90361087189,11967.81907081186,20498.82423983746,32466.64331064932,1,6000.0,6000.0,HiGHS LP
0.15,2025-05-24,24627.884262372092,2888.1715750621593,20717.790204003635,12039.387677533765,11437.022297681422,23476.40997521519,1,6000.0,6000.0,HiGHS LP
0.15,2025-05-25,47190.10762714174,5350.808884507298,880.0795284411006,28941.414466764483,21672.04398689105,50613.458453655534,1,6000.0,6000.0,HiGHS LP
0.15,2025-05-26,46693.623417556475,11324.332473355804,377.4402970786365,28669.91514798597,44197.94244106072,72867.85758904669,1,6000.0,6000.0,HiGHS LP
0.15,2025-05-27,47930.24474844549,5349.66523239638,728.635185994491,29507.48624014054,22267.05372526378,51774.53996540432,1,6000.0,6000.0,HiGHS LP
0.15,2025-05-28,48064.4733024047,8761.529215383407,1372.8957517673305,29517.366156571756,33055.19403735285,62572.560193924604,1,6000.0,6000.0,HiGHS LP
0.15,2025-05-29,48040.70113070227,9500.130245243712,218.50979186995139,29521.823178037434,38407.21517652161,67929.03835455904,1,6000.0,6000.0,HiGHS LP
0.15,2025-05-30,24344.296987002428,5510.856802814451,20218.920523150216,11926.83355694799,22323.120596919598,34249.954153867584,1,6000.0,6000.0,HiGHS LP
0.15,2025-05-31,24646.54751420978,5010.884171592277,18228.25013580206,12022.68845145962,20631.125663216357,32653.814114675977,1,6000.0,6000.0,HiGHS LP
0.15,2025-06-01,52198.98413874279,22481.820816495696,39.72002253019184,32062.811428359004,87105.86862307115,119168.68005143016,1,6000.0,6000.0,HiGHS LP
0.15,2025-06-02,57483.27772618893,14971.50634929024,365.58888165496785,36538.73052182966,58277.192226747924,94815.92274857758,1,6000.0,6000.0,HiGHS LP
0.15,2025-06-03,60586.80348033776,11371.41217615414,210.27934807910742,37865.39843544263,44896.01303427742,82761.41146972004,1,6000.0,6000.0,HiGHS LP
0.15,2025-06-04,63635.99207728106,10011.723770293393,405.6405504627759,39584.11736943595,34877.24982817508,74461.36719761103,1,6000.0,6000.0,HiGHS LP
0.15,2025-06-05,64144.09013568195,10957.86414466651,411.31973879695124,39988.87193392084,40982.78009748523,80971.65203140606,1,6000.0,6000.0,HiGHS LP
0.15,2025-06-06,31802.163544792173,10326.96497902913,8234.133123821299,17698.970137035518,40057.60288359207,57756.57302062759,1,6000.0,6000.0,HiGHS LP
0.15,2025-06-07,31913.89266287277,7470.795154610451,5218.174650816554,17482.790493668563,27885.703206843697,45368.49370051226,1,6000.0,6000.0,HiGHS LP
0.15,2025-06-08,74541.23182803515,1633.0486778362942,6753.138297761656,45901.458256197744,5745.73676058711,51647.195016784855,1,6000.0,6000.0,HiGHS LP
0.15,2025-06-09,65295.87151180949,9546.524775521091,379.5254117507893,40203.88518428634,38320.42751574938,78524.31270003572,1,6000.0,6000.0,HiGHS LP
0.15,2025-06-10,67397.460216112,8332.555571675555,383.91651244782554,41205.77247626833,32088.994715632205,73294.76719190054,1,6000.0,6000.0,HiGHS LP
0.15,2025-06-11,67686.93229314098,12421.142159971143,158.8997768998746,41307.59104162523,51370.99909201883,92678.59013364406,1,6000.0,6000.0,HiGHS LP
0.15,2025-06-12,71557.23620563431,6029.873765119225,995.8699308318155,43866.20046723001,23101.748560962296,66967.9490281923,1,6000.0,6000.0,HiGHS LP
0.15,2025-06-13,30886.55218262873,5635.183904646982,5136.422387275711,16982.609114216735,21236.739853556646,38219.34896777338,1,6000.0,6000.0,HiGHS LP
0.15,2025-06-14,31634.475147170662,5560.757503804683,7961.889900975348,17342.60909927438,19834.76738183182,37177.3764811062,1,6000.0,6000.0,HiGHS LP
0.15,2025-06-15,66823.2396862793,8270.644044645596,686.1050426073461,41070.50329581622,31877.55811596141,72948.06141177763,1,6000.0,6000.0,HiGHS LP
0.15,2025-06-16,67988.90485378695,8861.70395237455,204.60927003596828,41273.93588895503,35173.867592982126,76447.80348193715,1,6000.0,6000.0,HiGHS LP
0.15,2025-06-17,69411.9861032389,9704.12542968588,407.90852133568603,42118.22932206278,37971.66133963057,80089.89066169335,1,6000.0,6000.0,HiGHS LP
0.15,2025-06-18,70112.03919477551,5818.0515786088135,930.7048839560584,42624.04192316954,21571.318587394308,64195.36051056385,1,6000.0,6000.0,HiGHS LP
0.15,2025-06-19,67951.70474279713,5286.716509807287,1104.947078596913,41613.50286676605,20779.66239990648,62393.16526667253,1,6000.0,6000.0,HiGHS LP
0.15,2025-06-20,31471.686253458938,2392.700828445823,8423.806231904764,17465.475631298264,8269.296963018744,25734.772594317008,1,6000.0,6000.0,HiGHS LP
0.15,2025-06-21,31342.339367062545,2651.8585351077118,11619.457502170257,17243.884558484126,10094.897312136105,27338.78187062023,1,6000.0,6000.0,HiGHS LP
0.15,2025-06-22,65419.63086698344,6830.412583461561,1084.62949764353,39726.29980114102,26121.265306777448,65847.56510791848,1,6000.0,6000.0,HiGHS LP
0.15,2025-06-23,66806.22343452585,5193.856079409918,1167.7628236233854,40794.551174527034,22905.39681957389,63699.94799410092,1,6000.0,6000.0,HiGHS LP
0.15,2025-06-24,61851.07327211158,18054.207231239627,47.044787254898324,37600.6171158873,72584.3713312367,110184.988447124,1,6000.0,6000.0,HiGHS LP
0.15,2025-06-25,69764.77895160334,5586.248726734706,890.2573716109139,42490.533751230396,21693.421968478353,64183.95571970875,1,6000.0,6000.0,HiGHS LP
0.15,2025-06-26,67224.53097745456,5932.179267757585,1716.504826581019,40773.18153115659,25686.985786235942,66460.16731739254,1,6000.0,6000.0,HiGHS LP
0.15,2025-06-27,30269.015550764394,2380.978271171265,9838.347955268993,16458.028158964335,8976.098218140327,25434.12637710466,1,6000.0,6000.0,HiGHS LP
0.15,2025-06-28,30510.163613106528,3323.601862798396,9016.839359238254,16582.35085847941,12129.864751100651,28712.21560958006,1,6000.0,6000.0,HiGHS LP
0.15,2025-06-29,67420.49432718486,6606.101559019604,850.6429497899628,41042.54292802773,23866.964678851044,64909.507606878775,1,6000.0,6000.0,HiGHS LP
0.15,2025-06-30,67597.21646277496,7065.30061752995,788.3910523724471,41029.694549228705,27132.788143081518,68162.48269231022,1,6000.0,6000.0,HiGHS LP
0.15,2025-07-01,73408.86915561941,10791.627980121653,1108.9768134734677,44982.1292761792,38836.70857915573,83818.83785533493,1,6000.0,6000.0,HiGHS LP
0.15,2025-07-02,76890.3700685387,4292.82770645852,4153.05326884044,48145.60631540863,13061.466889479114,61207.07320488774,1,6000.0,6000.0,HiGHS LP
0.15,2025-07-03,75408.62881809814,8812.133452403557,499.2557563435373,47492.59571035962,31974.8583103681,79467.45402072772,1,6000.0,6000.0,HiGHS LP
0.15,2025-07-04,37856.0846296857,4951.984484997526,10887.201648016557,22167.926709645806,17243.080608876757,39411.00731852256,1,6000.0,6000.0,HiGHS LP
0.15,2025-07-05,39583.22168701328,3704.5318634541336,11457.673583800752,23125.087434292334,12590.970630655927,35716.05806494826,1,6000.0,6000.0,HiGHS LP
0.15,2025-07-06,72694.44663305678,11087.813094880345,221.4480825966872,45700.109480129766,44396.71678266335,90096.82626279313,1,6000.0,6000.0,HiGHS LP
0.15,2025-07-07,76014.21935464069,3816.801784955166,2406.009991228296,47353.342185514506,13347.280318764457,60700.62250427896,1,6000.0,6000.0,HiGHS LP
0.15,2025-07-08,77592.91553576203,4334.670172964395,2393.3103386488474,48417.09701251673,18532.314028609253,66949.41104112598,1,6000.0,6000.0,HiGHS LP
0.15,2025-07-09,71435.92901475151,7315.203589579272,968.5160191345749,44896.89640767738,27622.08317753327,72518.97958521065,1,6000.0,6000.0,HiGHS LP
0.15,2025-07-10,70935.6049470038,6374.983929567332,695.8533185864433,44657.03794279953,24938.953890215173,69595.9918330147,1,6000.0,6000.0,HiGHS LP
0.15,2025-07-11,38490.8183833027,6104.513645937642,9036.554879240342,22152.899588379027,22797.54517502845,44950.444763407475,1,6000.0,6000.0,HiGHS LP
0.15,2025-07-12,39096.4393009185,4976.106119059814,9948.302086644975,22462.841352419273,19600.14329627737,42062.98464869664,1,6000.0,6000.0,HiGHS LP
0.15,2025-07-13,68402.97525668397,5915.822200581122,1350.4811618662175,43002.58980953437,24432.939223821217,67435.52903335559,1,6000.0,6000.0,HiGHS LP
0.15,2025-07-14,63350.21845409881,12081.582110779473,87.44938692681751,40389.89520408021,47583.770695077204,87973.66589915741,1,6000.0,6000.0,HiGHS LP
0.15,2025-07-15,67187.19474076206,10070.21989031649,859.8071846680523,42658.41800751965,36036.412631768435,78694.83063928809,1,6000.0,6000.0,HiGHS LP
0.15,2025-07-16,66977.69750096387,10002.169024067245,1119.087086492881,42301.2369455204,35633.93751181241,77935.17445733282,1,6000.0,6000.0,HiGHS LP
0.15,2025-07-17,66497.05605420785,10206.576640872854,329.4239573346439,42152.56110291283,41369.617589934336,83522.17869284717,1,6000.0,6000.0,HiGHS LP
0.15,2025-07-18,37120.52462566202,6981.594086515212,9787.870612177241,21143.23914769065,27889.81068862331,49033.04983631396,1,6000.0,6000.0,HiGHS LP
0.15,2025-07-19,37111.262680815285,6103.456473201791,12991.900104017073,21168.363982431914,23747.91093293932,44916.274915371236,1,6000.0,6000.0,HiGHS LP
0.15,2025-07-20,66237.38550875148,9851.09876386405,418.34623667309586,42272.76545927381,37124.698562563644,79397.46402183746,1,6000.0,6000.0,HiGHS LP
0.15,2025-07-21,64647.63638936377,13086.022070168332,171.71882651412557,41169.553208056925,49762.30854024825,90931.86174830518,1,6000.0,6000.0,HiGHS LP
0.15,2025-07-22,68323.36737919977,9652.773797476415,454.8146759666683,43079.758950520656,37724.78712069374,80804.5460712144,1,6000.0,6000.0,HiGHS LP
0.15,2025-07-23,68960.64905784761,9250.81752663716,264.0552863718385,43607.16324948851,36289.000130067085,79896.1633795556,1,6000.0,6000.0,HiGHS LP
0.15,2025-07-24,67622.6756410988,10335.556388061323,629.6803400597921,42736.08511429998,38918.49373106613,81654.57884536611,1,6000.0,6000.0,HiGHS LP
0.15,2025-07-25,38290.25739053188,3361.7469900127953,12106.684813878002,22115.865235472127,12943.392298124169,35059.2575335963,1,6000.0,6000.0,HiGHS LP
0.15,2025-07-26,38462.46430637599,5025.936254924572,11979.308994633897,22102.741556555968,19148.11175408652,41250.85331064249,1,6000.0,6000.0,HiGHS LP
0.15,2025-07-27,68711.60561506945,8978.662196532241,290.0345246966602,43416.71814551497,36740.44955684338,80157.16770235835,1,6000.0,6000.0,HiGHS LP
0.15,2025-07-28,69515.75783640987,12476.48986431678,295.57500628402147,43924.65515239615,48509.99446754354,92434.6496199397,1,6000.0,6000.0,HiGHS LP
0.15,2025-07-29,69500.93537132729,10827.253866678548,510.22611208360263,43747.11818475218,41367.85737322276,85114.97555797495,1,6000.0,6000.0,HiGHS LP
0.15,2025-07-30,69384.34424129326,9143.169399169903,674.6439686149965,43680.41167331944,36246.992368209874,79927.40404152931,1,6000.0,6000.0,HiGHS LP
0.15,2025-07-31,67940.07793217471,10736.696210663176,247.1649258588829,42830.67691002834,42916.76727232552,85747.44418235385,1,6000.0,6000.0,HiGHS LP
0.15,2025-08-01,37141.890625226086,2839.484917284246,15690.015875843666,21346.068174631888,9858.390017760217,31204.458192392107,1,6000.0,6000.0,HiGHS LP
0.15,2025-08-02,35585.26662010681,5482.935171540035,17101.176858313513,20157.15756791202,22111.556529461195,42268.71409737322,1,6000.0,6000.0,HiGHS LP
0.15,2025-08-03,64385.56771176829,4068.7627061347384,2077.0569391545932,41278.29849578632,14806.694967457148,56084.993463243474,1,6000.0,6000.0,HiGHS LP
0.15,2025-08-04,63161.16287275929,6273.638077564332,538.9820604091715,40760.31513444285,23538.413131688212,64298.72826613106,1,6000.0,6000.0,HiGHS LP
0.15,2025-08-05,62946.8990929714,6591.930588427542,894.8396155149389,40598.590667929464,24547.953495834692,65146.544163764156,1,6000.0,6000.0,HiGHS LP
0.15,2025-08-06,61307.65739539013,11301.254787834136,1090.7923241274616,39436.33016532688,44211.85198168912,83648.18214701599,1,6000.0,6000.0,HiGHS LP
0.15,2025-08-07,66553.7424970295,2695.80303175836,2262.580092260453,42675.198359591115,10001.26168225452,52676.46004184564,1,6000.0,6000.0,HiGHS LP
0.15,2025-08-08,35976.48254302787,3255.4067241815746,20416.71801720945,20480.02991602666,12740.44373525896,33220.47365128562,1,6000.0,6000.0,HiGHS LP
0.15,2025-08-09,35131.437989010294,5818.98324668149,18988.492235691778,19821.595238801085,23387.995676076684,43209.59091487777,1,6000.0,6000.0,HiGHS LP
0.15,2025-08-10,60546.541480839514,9574.167398237925,1443.9724958912204,38916.50890725337,36296.843346956986,75213.35225421036,1,6000.0,6000.0,HiGHS LP
0.15,2025-08-11,62672.077077980706,6235.844918770885,879.9093598805225,40394.001111134115,24145.696231781578,64539.69734291569,1,6000.0,6000.0,HiGHS LP
0.15,2025-08-12,61889.6330113277,9743.584797278556,442.5062758773072,39857.25000681781,38273.32174457704,78130.57175139486,1,6000.0,6000.0,HiGHS LP
0.15,2025-08-13,60920.71855772108,8928.83724813812,306.8593049816414,39083.77211168074,35430.29429116007,74514.0664028408,1,6000.0,6000.0,HiGHS LP
0.15,2025-08-14,60871.78108359318,9314.547964315552,824.5697988897994,39156.69211044598,37610.82058835459,76767.51269880056,1,6000.0,6000.0,HiGHS LP
0.15,2025-08-15,36488.446347918216,4028.319876816715,20317.039341401593,20895.30113303483,15158.805984229477,36054.107117264306,1,6000.0,6000.0,HiGHS LP
0.15,2025-08-16,37407.06970903541,3950.345227072059,21388.134569440797,21483.014719403793,16787.353420158495,38270.368139562284,1,6000.0,6000.0,HiGHS LP
0.15,2025-08-17,59450.633851846236,8502.824930569284,1453.6278410041598,38150.60706691569,33161.53154773307,71312.13861464876,1,6000.0,6000.0,HiGHS LP
0.15,2025-08-18,61906.83115357965,7651.981423751467,1735.5865863276717,39894.13565218801,32774.64238248329,72668.7780346713,1,6000.0,6000.0,HiGHS LP
0.15,2025-08-19,60119.8611369375,9496.06071127547,1900.2393656776358,38629.35317458799,36053.18156336581,74682.5347379538,1,6000.0,6000.0,HiGHS LP
0.15,2025-08-20,61861.23535931915,13115.430006808012,872.1436160300655,39833.49605910745,51936.67602156996,91770.17208067741,1,6000.0,6000.0,HiGHS LP
0.15,2025-08-21,62789.7332073943,7285.282419118164,673.4729143466234,40406.51908944854,28038.185375705318,68444.70446515386,1,6000.0,6000.0,HiGHS LP
0.15,2025-08-22,37219.61163882225,6800.402138782751,19749.444377605003,21355.934839637066,28351.247787663888,49707.18262730095,1,6000.0,6000.0,HiGHS LP
0.15,2025-08-23,36379.387381375505,5756.527470783622,16565.908702159126,20743.089778672354,23896.47403498925,44639.5638136616,1,6000.0,6000.0,HiGHS LP
0.15,2025-08-24,60288.38976807216,8691.495822850608,1832.575202377485,38670.64306488097,37108.68468865339,75779.32775353437,1,6000.0,6000.0,HiGHS LP
0.15,2025-08-25,61058.88031538449,14113.538596727341,953.3004671219188,39297.02144735462,55184.97652942868,94481.9979767833,1,6000.0,6000.0,HiGHS LP
0.15,2025-08-26,60374.68904579373,9084.489112817817,473.8459710002148,38745.967553552764,38415.86559338437,77161.83314693713,1,6000.0,6000.0,HiGHS LP
0.15,2025-08-27,59679.61184540282,12261.621818395906,619.1675280046636,38323.112759274634,50762.589780648515,89085.70253992315,1,6000.0,6000.0,HiGHS LP
0.15,2025-08-28,61138.853944054645,13468.423516185052,343.82563943218247,39270.39759295544,53991.090216150675,93261.48780910613,1,6000.0,6000.0,HiGHS LP
0.15,2025-08-29,34564.49382914512,7573.263830393381,16542.537309538497,19535.744965020338,30954.59155588853,50490.336520908866,1,6000.0,6000.0,HiGHS LP
0.15,2025-08-30,35491.00266131983,7243.747229404427,21182.030057390915,20220.965738500254,28998.865684950084,49219.831423450334,1,6000.0,6000.0,HiGHS LP
0.15,2025-08-31,61675.68171256995,9266.682618811265,816.7774716455272,39734.81724162775,36447.23903387446,76182.05627550221,1,6000.0,6000.0,HiGHS LP
0.15,2025-09-01,57869.2920185462,4075.445983767786,5015.259391628156,37176.41189583638,13869.128293749465,51045.54018958585,1,6000.0,6000.0,HiGHS LP
0.15,2025-09-02,48799.84571244986,10754.585435566072,2273.7065300511476,30516.607874293586,43195.728717754755,73712.33659204835,1,6000.0,6000.0,HiGHS LP
0.15,2025-09-03,50687.31338848587,10387.355796388665,2160.226156420261,31776.351296413777,39148.35408964935,70924.70538606313,1,6000.0,6000.0,HiGHS LP
0.15,2025-09-04,50325.16194451037,10550.566681186656,3596.9819916443494,31493.09762639154,41889.866023093266,73382.96364948481,1,6000.0,6000.0,HiGHS LP
0.15,2025-09-05,28735.60024212246,2286.422388502474,21157.76096395827,15410.61834691512,8740.534866753966,24151.153213669088,1,6000.0,6000.0,HiGHS LP
0.15,2025-09-06,30029.664039884738,1895.2615393797198,21163.84187926445,16308.345181084529,7487.387290677645,23795.732471762174,1,6000.0,6000.0,HiGHS LP
0.15,2025-09-07,50236.37226177822,10050.048213207445,1924.0526977143668,31398.253629760417,38890.51880645985,70288.77243622026,1,6000.0,6000.0,HiGHS LP
0.15,2025-09-08,43681.78623232756,20853.42598658058,1818.3307000000004,26628.098596185726,81149.10005996877,107777.19865615449,1,6000.0,6000.0,HiGHS LP
0.15,2025-09-09,51062.67831463244,7818.9114702903,2316.738255160474,31964.58487873378,31073.69838555878,63038.283264292564,1,6000.0,6000.0,HiGHS LP
0.15,2025-09-10,51066.8690670849,14235.40309333663,496.710943781596,31906.12969352365,56601.500382996324,88507.63007651997,1,6000.0,6000.0,HiGHS LP
0.15,2025-09-11,51131.92066173621,7326.062646334589,1378.0077753486078,31834.736822393766,29743.525951927833,61578.2627743216,1,6000.0,6000.0,HiGHS LP
0.15,2025-09-12,27136.606885019377,5759.010489531791,18303.961174551165,14165.662919450599,21313.442607116944,35479.10552656754,1,6000.0,6000.0,HiGHS LP
0.15,2025-09-13,27219.412363722244,5378.774432713565,21551.08531310247,14225.696180765019,20539.88539832818,34765.581579093196,1,6000.0,6000.0,HiGHS LP
0.15,2025-09-14,52104.449222409225,12352.184174150807,642.6909224483761,32445.78290658896,45524.89159432518,77970.67450091415,1,6000.0,6000.0,HiGHS LP
0.15,2025-09-15,54542.248135555754,5803.399323499443,1459.5021791354216,34135.30744650582,22792.19618318548,56927.5036296913,1,6000.0,6000.0,HiGHS LP
0.15,2025-09-16,53677.95895414266,11060.399193543482,1407.9718406557754,33470.48812369038,38078.94729491112,71549.4354186015,1,6000.0,6000.0,HiGHS LP
0.15,2025-09-17,57173.47446613001,7317.521924205119,583.1626591683904,35948.43840679506,28212.35680251332,64160.79520930838,1,6000.0,6000.0,HiGHS LP
0.15,2025-09-18,55385.710545763955,7725.691337383281,201.52865688179304,34586.025557260655,30244.2723400236,64830.297897284254,1,6000.0,6000.0,HiGHS LP
0.15,2025-09-19,28634.716178410272,5025.880885453282,14519.24474719688,15218.52529213116,17992.75020462436,33211.27549675552,1,6000.0,6000.0,HiGHS LP
0.15,2025-09-20,29712.129728503936,4666.012362046965,15692.708357217567,15943.395713005522,17881.94752523835,33825.34323824387,1,6000.0,6000.0,HiGHS LP
0.15,2025-09-21,56151.4833150834,7518.789278160274,1329.4517765770072,34913.19400889885,25960.05634128042,60873.25035017927,1,6000.0,6000.0,HiGHS LP
0.15,2025-09-22,54922.648359092746,10248.987542339619,516.5233259171362,34083.75088724941,36655.05160947595,70738.80249672536,1,6000.0,6000.0,HiGHS LP
0.15,2025-09-23,55972.16476318271,10207.505649318082,17.053349309822238,34830.81185947054,40732.85202438797,75563.6638838585,1,6000.0,6000.0,HiGHS LP
0.15,2025-09-24,54848.2428764021,10504.5247181157,236.2091611844668,33984.94447091495,38080.39248169731,72065.33695261226,1,6000.0,6000.0,HiGHS LP
0.15,2025-09-25,56578.04305685584,8070.950153417623,260.2109769401191,35304.84327960663,29549.64885539493,64854.492135001565,1,6000.0,6000.0,HiGHS LP
0.15,2025-09-26,30823.717420069905,3001.052873565256,13090.526793635163,16687.59092992738,11127.559990218992,27815.15092014637,1,6000.0,6000.0,HiGHS LP
0.15,2025-09-27,29621.444849096464,7256.301274340215,16036.44387343668,15725.080826637117,28807.571522075905,44532.65234871302,1,6000.0,6000.0,HiGHS LP
0.15,2025-09-28,58296.33020585828,9397.19376819834,146.8461190820969,36155.64130009904,36521.83785164604,72677.4791517451,1,6000.0,6000.0,HiGHS LP
0.15,2025-09-29,59157.24889071671,7792.59374095005,128.8980623300099,36714.97130986405,30373.42476584523,67088.39607570929,1,6000.0,6000.0,HiGHS LP
0.15,2025-09-30,61168.89281627687,8674.919480874054,359.2548612669406,38041.91459765125,35438.88985015782,73480.80444780907,1,6000.0,6000.0,HiGHS LP
0.15,2025-10-01,60481.71558419008,1001.9754884347893,7758.19423996958,37497.09596027626,2416.140230070033,39913.236190346295,1,6000.0,6000.0,HiGHS LP
0.15,2025-10-02,57229.23539766075,2010.3854895980319,3455.2287472177186,35136.72219120848,5371.828586293697,40508.550777502176,1,6000.0,6000.0,HiGHS LP
0.15,2025-10-03,27530.195168226004,2894.090566102137,19567.13203432814,14140.097923511785,9515.77509813018,23655.873021641964,1,6000.0,6000.0,HiGHS LP
0.15,2025-10-04,27945.972472170768,4122.61175993842,15932.601798775857,14329.475734717793,14356.24548665939,28685.721221377185,1,6000.0,6000.0,HiGHS LP
0.15,2025-10-05,56231.006227612466,3324.865651349771,762.8215360149563,34529.14711404254,10699.513145724723,45228.66025976726,1,6000.0,6000.0,HiGHS LP
0.15,2025-10-06,56639.242349225315,5430.863558169261,281.1540579619401,34747.31440039372,19092.434505615463,53839.74890600918,1,6000.0,6000.0,HiGHS LP
0.15,2025-10-07,56326.307741650824,5913.475063490194,411.23939955189314,34453.602581203224,21694.03774774877,56147.640328951995,1,6000.0,6000.0,HiGHS LP
0.15,2025-10-08,57124.24848330408,4581.829126370283,1166.8137371898847,34348.46967742771,17168.670442069182,51517.14011949689,1,6000.0,6000.0,HiGHS LP
0.15,2025-10-09,55220.192953328995,5485.347876873081,892.2258135354019,33256.90271586295,22722.426788624987,55979.329504487934,1,6000.0,6000.0,HiGHS LP
0.15,2025-10-10,28513.7572392675,2666.5993789516324,18796.745701552463,14298.650088342843,10429.800559992276,24728.45064833512,1,6000.0,6000.0,HiGHS LP
0.15,2025-10-11,29087.0790917118,2858.270621376593,14799.036129755059,14534.7891175525,12847.690166637582,27382.47928419008,1,6000.0,6000.0,HiGHS LP
0.15,2025-10-12,55378.3368999442,7846.840050794495,656.887634072033,33404.165938189806,30440.150060674452,63844.31599886426,1,6000.0,6000.0,HiGHS LP
0.15,2025-10-13,55216.77261920841,6332.119126355878,468.1631122309458,33407.8482945803,26026.187078355957,59434.035372936254,1,6000.0,6000.0,HiGHS LP
0.15,2025-10-14,54989.83955990195,10008.218400594684,170.89534382996374,33242.38274697084,40174.44653067668,73416.82927764751,1,6000.0,6000.0,HiGHS LP
0.15,2025-10-15,55752.71020375236,10358.315879980768,137.669100399792,33802.25915945506,40514.37154156764,74316.6307010227,1,6000.0,6000.0,HiGHS LP
0.15,2025-10-16,56315.21413132741,10806.523409543399,100.80030558088913,34248.393895079855,44090.88611884986,78339.28001392972,1,6000.0,6000.0,HiGHS LP
0.15,2025-10-17,29131.182817991634,4502.646384554388,14589.629885879356,14702.819239034308,19100.69268647851,33803.511925512816,1,6000.0,6000.0,HiGHS LP
0.15,2025-10-18,28815.46620235724,5279.171485850914,14978.044421541481,14524.752424399972,21256.81646322958,35781.56888762955,1,6000.0,6000.0,HiGHS LP
0.15,2025-10-19,57337.87503846747,10671.020663592413,63.8769472764053,34763.40272664526,44543.69913678958,79307.10186343484,1,6000.0,6000.0,HiGHS LP
0.15,2025-10-20,58166.04816353749,10425.001703590242,87.16217184791094,35404.12075436997,42992.202691259234,78396.32344562921,1,6000.0,6000.0,HiGHS LP
0.15,2025-10-21,58671.92864906846,11896.782165744526,40.53691909472241,35689.14210907856,46433.2292446362,82122.37135371476,1,6000.0,6000.0,HiGHS LP
0.15,2025-10-22,58971.88609371875,10770.361054008546,118.62836629942524,35693.84278544372,44051.811985702865,79745.65477114658,1,6000.0,6000.0,HiGHS LP
0.15,2025-10-23,60666.29033346735,7118.027358096411,333.4885877701717,36907.271716587304,28701.842121852773,65609.11383844007,1,6000.0,6000.0,HiGHS LP
0.15,2025-10-24,28831.091077808742,5770.622047566421,13133.678162369844,14487.351564295916,24369.878331110292,38857.229895406206,1,6000.0,6000.0,HiGHS LP
0.15,2025-10-25,29552.604372641872,5156.219603311417,12255.557880345934,15033.393336981724,21278.46287467076,36311.856211652484,1,6000.0,6000.0,HiGHS LP
0.15,2025-10-26,61706.4302614031,7043.233132377318,122.52549174973035,37665.20235710334,27217.007932227814,64882.21028933115,1,6000.0,6000.0,HiGHS LP
0.15,2025-10-27,61212.53576988894,7201.301238919194,780.4705330307356,37178.414886891,30361.817704364636,67540.23259125563,1,6000.0,6000.0,HiGHS LP
0.15,2025-10-28,61515.84279627951,8628.406011969928,87.91888836662224,37494.174121876466,34533.50350362218,72027.67762549865,1,6000.0,6000.0,HiGHS LP
0.15,2025-10-29,62816.15085566767,10731.430761172942,139.59368480498313,38399.37957677093,42710.42473702584,81109.80431379678,1,6000.0,6000.0,HiGHS LP
0.15,2025-10-30,64380.580238264985,4919.899448179288,408.29415619939124,39468.03843451189,19267.839970179404,58735.87840469129,1,6000.0,6000.0,HiGHS LP
0.15,2025-10-31,31138.217846848445,4743.5086464082815,8797.935810100635,16112.46265939434,18263.322634211632,34375.78529360597,1,6000.0,6000.0,HiGHS LP
0.15,2025-11-01,31532.55416256062,3700.359944185256,9482.433747593035,16353.42514407617,13580.967249196827,29934.392393272996,1,6000.0,6000.0,HiGHS LP
0.15,2025-11-02,66052.55618259762,6943.6527731362785,56.20023329835209,40367.17710996303,28485.801341858296,68852.97845182133,1,6000.0,6000.0,HiGHS LP
0.15,2025-11-03,67360.58416191736,6530.541166851999,222.2526177346246,41321.323310974214,22901.674387957133,64222.99769893134,1,6000.0,6000.0,HiGHS LP
0.15,2025-11-04,69204.85311892783,3660.2597895389163,1086.6340409863756,42480.24556239258,14709.806331157037,57190.051893549615,1,6000.0,6000.0,HiGHS LP
0.15,2025-11-05,69604.22971925695,4588.365893748358,329.9485709428938,42953.60414851998,16650.243545510217,59603.8476940302,1,6000.0,6000.0,HiGHS LP
0.15,2025-11-06,67098.97276040826,8548.27216420234,115.09808384967845,41030.24194924901,33937.520394399464,74967.76234364847,1,6000.0,6000.0,HiGHS LP
0.15,2025-11-07,31240.148352930337,2915.903816054478,7620.4730317699095,16188.265339470698,11706.052598092621,27894.31793756332,1,6000.0,6000.0,HiGHS LP
0.15,2025-11-08,32266.70763570583,1779.8857054135644,7001.712779692305,16811.1735049709,6536.940382370869,23348.113887341766,1,6000.0,6000.0,HiGHS LP
0.15,2025-11-09,69801.50931726057,5954.354497544462,154.07374065518786,42750.41695432116,23381.751333356027,66132.1682876772,1,6000.0,6000.0,HiGHS LP
0.15,2025-11-10,71717.74361161047,6658.722555426445,141.20545780197202,44078.60723593181,25571.577055316957,69650.18429124876,1,6000.0,6000.0,HiGHS LP
0.15,2025-11-11,71492.64792253112,4601.197507685356,153.6757877004427,43841.38648924372,18624.440284801054,62465.82677404478,1,6000.0,6000.0,HiGHS LP
0.15,2025-11-12,73016.94713342302,3148.4087455494628,810.3723652280684,45039.50277282422,13584.611934513327,58624.11470733755,1,6000.0,6000.0,HiGHS LP
0.15,2025-11-13,72415.73488530784,4913.224187953173,537.0844852059547,44679.378977044034,18028.02930399777,62707.408281041804,1,6000.0,6000.0,HiGHS LP
0.15,2025-11-14,32437.46978206262,3683.8325354915287,5231.363444863781,16962.235667767047,13086.326932169906,30048.56259993695,1,6000.0,6000.0,HiGHS LP
0.15,2025-11-15,32873.93664721528,3199.135683689241,4544.781355293658,17204.15517800374,12001.898787532096,29206.053965535837,1,6000.0,6000.0,HiGHS LP
0.15,2025-11-16,73449.90693411589,5728.837086978065,310.00932529253487,45261.548481502214,22670.432822589464,67931.98130409168,1,6000.0,6000.0,HiGHS LP
0.15,2025-11-17,75621.78663059926,2387.672057259345,880.1414382366695,47011.63327006452,8919.154174345453,55930.78744440997,1,6000.0,6000.0,HiGHS LP
0.15,2025-11-18,72253.4020255022,7191.973340879225,141.8572086396033,44353.28943633835,26792.729564860092,71146.01900119844,1,6000.0,6000.0,HiGHS LP
0.15,2025-11-19,74201.63159327192,5651.155876933002,44.052121595235164,45810.5382287752,22437.09602185374,68247.63425062894,1,6000.0,6000.0,HiGHS LP
0.15,2025-11-20,75374.6229655669,4360.836789083398,509.66670647258866,46839.34632987747,16048.268890306392,62887.61522018386,1,6000.0,6000.0,HiGHS LP
0.15,2025-11-21,33061.55092246369,3156.6088580177234,3979.1746593058297,17329.53840598298,9995.495028565474,27325.033434548455,1,6000.0,6000.0,HiGHS LP
0.15,2025-11-22,32633.07283980902,3751.198650784155,2811.7934968757763,16967.26120602944,13728.058354674813,30695.319560704254,1,6000.0,6000.0,HiGHS LP
0.15,2025-11-23,75665.7065224236,4725.176890068248,728.0932153095127,46896.662677355474,18906.12482242808,65802.78749978356,1,6000.0,6000.0,HiGHS LP
0.15,2025-11-24,76087.93929430172,3542.2511001576586,1020.0214856478807,47284.951602368295,13438.018691915973,60722.97029428427,1,6000.0,6000.0,HiGHS LP
0.15,2025-11-25,77000.24428251301,3903.307137064374,307.6938077646845,47952.89017517262,14289.458419132003,62242.348594304625,1,6000.0,6000.0,HiGHS LP
0.15,2025-11-26,76058.21094034227,5352.05786471763,213.4044026210031,47176.284299917344,20460.295616742238,67636.57991665958,1,6000.0,6000.0,HiGHS LP
0.15,2025-11-27,77590.44999018364,3284.764006153637,667.5622133265774,48437.69206437781,12620.50754868548,61058.19961306329,1,6000.0,6000.0,HiGHS LP
0.15,2025-11-28,32801.367968196224,3952.563848167929,2454.0740027178244,17127.982098254593,15105.693236484818,32233.67533473941,1,6000.0,6000.0,HiGHS LP
0.15,2025-11-29,34248.7963448057,6272.227340014795,2144.507035205277,18057.793013227943,21456.94543197879,39514.738445206734,1,6000.0,6000.0,HiGHS LP
0.15,2025-11-30,79817.02027225794,5163.1689253249915,276.8138405944803,49990.16619994127,18931.97009036193,68922.1362903032,1,6000.0,6000.0,HiGHS LP
0.15,2025-12-01,78876.08676876244,11893.762144421173,40.770399748791874,49288.830457451695,44530.81965325038,93819.65011070207,1,6000.0,6000.0,HiGHS LP
0.15,2025-12-02,84034.62142172855,9677.465000385342,424.11602015165977,53277.29226455219,34816.624656032196,88093.9169205844,1,6000.0,6000.0,HiGHS LP
0.15,2025-12-03,84545.5293268369,7526.806305077032,294.1831074405271,52954.742149391066,27329.028549215152,80283.77069860621,1,6000.0,6000.0,HiGHS LP
0.15,2025-12-04,86180.74874607811,5521.57804246183,270.27030573896786,54284.269455044145,21457.364974960678,75741.63443000482,1,6000.0,6000.0,HiGHS LP
0.15,2025-12-05,40577.07218866967,5177.935329436772,500.5642768649307,20866.55901612129,20991.284565761693,41857.84358188298,1,6000.0,6000.0,HiGHS LP
0.15,2025-12-06,42632.38676147271,5345.623851122894,309.3939397535736,21963.399110070968,19299.80308285832,41263.20219292929,1,6000.0,6000.0,HiGHS LP
0.15,2025-12-07,88715.71527492508,4249.498297535298,594.1989891270467,56078.0542215787,16193.870062713097,72271.9242842918,1,6000.0,6000.0,HiGHS LP
0.15,2025-12-08,85859.06583544021,7554.210155202146,911.5026812629485,53209.38358550345,30935.28282002613,84144.66640552957,1,6000.0,6000.0,HiGHS LP
0.15,2025-12-09,89653.74618293329,3521.810756995248,1068.7693399285347,56569.77326009052,15741.130142893175,72310.90340298369,1,6000.0,6000.0,HiGHS LP
0.15,2025-12-10,87267.6919148246,6120.239479190142,281.9795940147431,54850.8543212791,22472.52574124221,77323.3800625213,1,6000.0,6000.0,HiGHS LP
0.15,2025-12-11,90325.42489098183,1872.7441915648947,1509.6665568377302,57287.273378004174,6688.670687119397,63975.94406512357,1,6000.0,6000.0,HiGHS LP
0.15,2025-12-12,40429.17614947098,7346.343896874272,200.61134048812391,20769.46661223136,27078.296540778683,47847.76315301005,1,6000.0,6000.0,HiGHS LP
0.15,2025-12-13,45349.08368756515,3302.201212183084,869.4029947236221,23384.572677351236,13676.421432550134,37060.99410990137,1,6000.0,6000.0,HiGHS LP
0.15,2025-12-14,89404.77771355836,4298.586024445265,206.30860467029493,56488.38509243466,16802.00735881459,73290.39245124925,1,6000.0,6000.0,HiGHS LP
0.15,2025-12-15,90026.99686801728,4450.390191310007,289.4957593272835,56956.27756419855,16268.69630338192,73224.97386758047,1,6000.0,6000.0,HiGHS LP
0.15,2025-12-16,89361.08708847301,4977.184412652289,201.84683445864084,56366.268295510694,19195.764500875324,75562.03279638602,1,6000.0,6000.0,HiGHS LP
0.15,2025-12-17,91095.87742401111,2446.5397666969698,627.2983964955521,57651.14414352705,8809.809987592362,66460.95413111942,1,6000.0,6000.0,HiGHS LP
0.15,2025-12-18,88794.85928932318,4209.171805125945,919.4307944491153,55955.38822801713,17089.673154065593,73045.06138208273,1,6000.0,6000.0,HiGHS LP
0.15,2025-12-19,43492.94370101452,3922.894753425494,605.6644785152563,22256.689294460448,16014.268677938217,38270.95797239867,1,6000.0,6000.0,HiGHS LP
0.15,2025-12-20,43496.88071521718,3772.15229610807,538.9308745789575,22299.278129588987,15453.686487899526,37752.96461748851,1,6000.0,6000.0,HiGHS LP
0.15,2025-12-21,88213.2179613078,5816.922849936713,274.0256112445069,55528.252607807386,22164.140915819156,77692.39352362654,1,6000.0,6000.0,HiGHS LP
0.15,2025-12-22,90801.29478793163,3284.4364663533365,401.6783740364894,57423.10669707782,13122.262455248572,70545.3691523264,1,6000.0,6000.0,HiGHS LP
0.15,2025-12-23,90662.39819651292,2342.871380830625,1005.7036328034937,57326.70894703054,9069.78154191207,66396.49048894261,1,6000.0,6000.0,HiGHS LP
0.15,2025-12-24,89291.30778465094,3794.5822552746636,503.0281299510362,56399.390197247834,15093.895626039028,71493.28582328686,1,6000.0,6000.0,HiGHS LP
0.15,2025-12-25,88887.94032656025,4026.44423098038,371.9844990259872,56175.99277909486,14835.144840816436,71011.13761991129,1,6000.0,6000.0,HiGHS LP
0.15,2025-12-26,42600.02823087349,4678.667743783715,431.97489492220564,21840.71419903169,18072.445803427137,39913.160002458826,1,6000.0,6000.0,HiGHS LP
0.15,2025-12-27,44197.41855567832,3572.8477519599073,510.45739035554277,22671.647522202216,14127.32349945505,36798.971021657264,1,6000.0,6000.0,HiGHS LP
0.15,2025-12-28,88245.70816395381,4193.765052256997,896.7318557135089,55614.26254821424,16074.470480735605,71688.73302894985,1,6000.0,6000.0,HiGHS LP
0.15,2025-12-29,88398.14454321691,4189.244942602281,345.28988581918674,55659.16497390527,15262.787530411955,70921.95250431722,1,6000.0,6000.0,HiGHS LP
0.15,2025-12-30,90602.91409082682,1977.3999280476626,1618.0493645864153,57411.97683186253,7730.252852940957,65142.22968480349,1,6000.0,6000.0,HiGHS LP
0.15,2025-12-31,88143.47709357232,5483.394648734458,262.11547564010164,55489.80792482864,21603.763411867527,77093.57133669616,1,6000.0,6000.0,HiGHS LP
0.2,2025-02-01,37644.765271124976,2400.3286260625546,1951.638069764053,19303.45189942355,10391.965274174278,29695.41717359783,1,6000.0,6000.0,HiGHS LP
0.2,2025-02-02,80479.19203174888,3087.717737345716,799.8579659187455,49642.40111713631,13307.736288156982,62950.137405293295,1,6000.0,6000.0,HiGHS LP
0.2,2025-02-03,80772.77102407455,4575.85326189767,729.5338371055143,49868.615134694315,18148.151774366936,68016.76690906125,1,6000.0,6000.0,HiGHS LP
0.2,2025-02-04,80852.39331898591,5401.284506660019,657.1472089792709,49978.28826214996,22676.613718172004,72654.90198032197,1,6000.0,6000.0,HiGHS LP
0.2,2025-02-05,76507.51554666962,8692.658094479088,44.443058480475656,46617.30848391248,35162.18220423083,81779.4906881433,1,6000.0,6000.0,HiGHS LP
0.2,2025-02-06,82261.82071264592,3272.306841796334,845.1567311987858,51126.54822864328,12745.420074636108,63871.96830327939,1,6000.0,6000.0,HiGHS LP
0.2,2025-02-07,34645.4055769549,3138.3356386464793,2422.3567375011226,17686.028056825024,13567.557596968105,31253.58565379313,1,6000.0,6000.0,HiGHS LP
0.2,2025-02-08,33774.834477620905,3970.495445411869,2680.1575441904965,17200.141307332717,16284.606486657272,33484.74779398999,1,6000.0,6000.0,HiGHS LP
0.2,2025-02-09,74842.56807834476,9273.856283492607,140.71222569654617,45777.2457993345,34946.12701670683,80723.37281604133,1,6000.0,6000.0,HiGHS LP
0.2,2025-02-10,78259.02115500759,2125.248073839153,1632.2045451041654,48177.70193818287,8113.999815263058,56291.70175344593,1,6000.0,6000.0,HiGHS LP
0.2,2025-02-11,78503.94539439722,2058.7521422799873,928.6881161041321,48485.53338735107,8194.89728602682,56680.43067337789,1,6000.0,6000.0,HiGHS LP
0.2,2025-02-12,74192.12456077173,5589.783292703375,104.05224223211437,45179.62990921996,23604.17502550823,68783.80493472819,1,6000.0,6000.0,HiGHS LP
0.2,2025-02-13,74285.63664791535,3224.6551123663994,1770.2874826813504,45551.27893704141,11356.144881535649,56907.42381857706,1,6000.0,6000.0,HiGHS LP
0.2,2025-02-14,34044.25459110154,3032.4517448062425,3808.45517214967,17454.207029774956,9578.68567251908,27032.892702294033,1,6000.0,6000.0,HiGHS LP
0.2,2025-02-15,32495.076328983374,4833.298629656816,4678.22338902001,16620.101031195667,16443.363153278435,33063.4641844741,1,6000.0,6000.0,HiGHS LP
0.2,2025-02-16,71126.73637360564,8610.153880345342,26.271561657443385,43294.922310689726,32387.23197215493,75682.15428284465,1,6000.0,6000.0,HiGHS LP
0.2,2025-02-17,71280.74506235053,4702.275191193485,484.0260836041617,43333.9157775623,17117.206855867455,60451.12263342975,1,6000.0,6000.0,HiGHS LP
0.2,2025-02-18,72144.2187939493,4808.523257170066,545.6498864342973,44079.30183964189,17824.08650621153,61903.388345853426,1,6000.0,6000.0,HiGHS LP
0.2,2025-02-19,70325.06182880711,6986.5017128674735,161.31276002472325,42801.87332392861,27991.729490231603,70793.60281416021,1,6000.0,6000.0,HiGHS LP
0.2,2025-02-20,71284.04864584366,4523.596389646407,517.3062487113127,43385.45350140333,17271.618328637167,60657.0718300405,1,6000.0,6000.0,HiGHS LP
0.2,2025-02-21,31951.102225892082,3770.691696831399,6884.831133331376,16329.40256403156,13366.614095690533,29696.016659722092,1,6000.0,6000.0,HiGHS LP
0.2,2025-02-22,33245.622838875046,3925.941132149508,6003.080101324483,17171.87907284366,14207.989156765621,31379.86822960928,1,6000.0,6000.0,HiGHS LP
0.2,2025-02-23,70987.75166514587,5273.684310300539,437.7856830913598,43320.7019709836,18502.96045267892,61823.66242366252,1,6000.0,6000.0,HiGHS LP
0.2,2025-02-24,68712.4058205687,4006.192260945364,377.4712028613339,41608.78327808131,15778.071447154052,57386.85472523536,1,6000.0,6000.0,HiGHS LP
0.2,2025-02-25,67521.14120494049,3894.381028573415,1496.5761016762042,40902.200788233546,14481.646067641337,55383.84685587489,1,6000.0,6000.0,HiGHS LP
0.2,2025-02-26,66986.91572665618,6098.957495624326,178.09481712596616,40407.0836814339,23549.360386170094,63956.444067603996,1,6000.0,6000.0,HiGHS LP
0.2,2025-02-27,67012.45997532536,5029.713440267729,986.3648691660817,40559.10707527507,22278.693848147996,62837.80092342306,1,6000.0,6000.0,HiGHS LP
0.2,2025-02-28,30242.57083680873,4877.036757958322,8679.46306007587,15305.366320394343,18167.55325762052,33472.91957801486,1,6000.0,6000.0,HiGHS LP
0.2,2025-03-01,31282.320091335776,2785.8395071010355,7236.893782972833,15946.665922303231,11532.815197273163,27479.481119576394,1,6000.0,6000.0,HiGHS LP
0.2,2025-03-02,63683.3637655192,12890.778500097018,120.28502139313912,38684.60897923045,48282.42304552929,86967.03202475974,1,6000.0,6000.0,HiGHS LP
0.2,2025-03-03,66086.78353273237,10534.43406520606,495.0514560168733,40435.99761879327,40195.197229757905,80631.19484855118,1,6000.0,6000.0,HiGHS LP
0.2,2025-03-04,67429.25770297238,6391.19484569591,484.05470709103827,41169.413084111715,22463.155752585015,63632.56883669673,1,6000.0,6000.0,HiGHS LP
0.2,2025-03-05,67579.85358990222,3582.725773082392,899.79391341776,41116.80619529897,13529.723765036597,54646.52996033557,1,6000.0,6000.0,HiGHS LP
0.2,2025-03-06,67515.25007321931,3802.649447054544,1240.2211997341306,41186.59306492734,13635.810780876229,54822.40384580357,1,6000.0,6000.0,HiGHS LP
0.2,2025-03-07,29758.003305509133,4114.170143901431,9909.887916077227,15371.230903018944,15223.877737389586,30595.10864040853,1,6000.0,6000.0,HiGHS LP
0.2,2025-03-08,28768.30977357412,2870.3314154601157,9535.501672367569,14947.799268632167,8740.16562256063,23687.964891192794,1,6000.0,6000.0,HiGHS LP
0.2,2025-03-09,63514.19292555925,4973.300992884021,1047.7824503364095,38247.078847919,19715.95064290258,57963.02949082158,1,6000.0,6000.0,HiGHS LP
0.2,2025-03-10,63767.0885326166,8628.632258996357,239.51532317514307,38437.98610166845,30615.201079949453,69053.1871816179,1,6000.0,6000.0,HiGHS LP
0.2,2025-03-11,64720.072891355674,4160.985078980205,830.0837982495718,38913.50064008443,15452.335086907624,54365.83572699205,1,6000.0,6000.0,HiGHS LP
0.2,2025-03-12,62104.60277101517,4641.023161948455,218.42824467484328,37108.60494971651,18153.098027561926,55261.70297727843,1,6000.0,6000.0,HiGHS LP
0.2,2025-03-13,62676.01123164398,9308.699416910247,342.8670241240041,37613.40984894887,35264.104366339496,72877.51421528836,1,6000.0,6000.0,HiGHS LP
0.2,2025-03-14,28247.57199129385,2853.1390881930893,12031.285096153602,14422.489489296748,10842.647356731715,25265.136846028465,1,6000.0,6000.0,HiGHS LP
0.2,2025-03-15,27658.642985438375,4561.953036409831,8256.470871848198,13958.92133102566,16699.018263826016,30657.939594851676,1,6000.0,6000.0,HiGHS LP
0.2,2025-03-16,62623.31949987805,5495.6848614111,659.6787700310164,37629.68807903169,20906.407371507034,58536.09545053873,1,6000.0,6000.0,HiGHS LP
0.2,2025-03-17,62710.94526342777,1838.7910635556286,2586.860604274566,37471.30164980098,7146.672388497148,44617.97403829813,1,6000.0,6000.0,HiGHS LP
0.2,2025-03-18,59791.106917074176,5626.486832578979,248.82557588287972,35638.537941819406,23701.394354161534,59339.932295980936,1,6000.0,6000.0,HiGHS LP
0.2,2025-03-19,60991.63776409009,3565.943677409431,1003.777352764228,36360.52891434435,15204.261829896324,51564.79074424067,1,6000.0,6000.0,HiGHS LP
0.2,2025-03-20,58910.11367566432,7448.4625003880865,122.11072271479725,35173.72924507122,29686.014769003734,64859.74401407495,1,6000.0,6000.0,HiGHS LP
0.2,2025-03-21,27859.960606545,1880.9533176526134,14667.449407530947,14130.642970341429,6536.81305477184,20667.456025113268,1,6000.0,6000.0,HiGHS LP
0.2,2025-03-22,27620.127755094654,3526.3462778909748,12225.274299652294,13860.218984430803,12840.118999295304,26700.33798372611,1,6000.0,6000.0,HiGHS LP
0.2,2025-03-23,60322.1172422829,4583.018814868109,2037.9925870181737,35940.20079540569,17852.610266256725,53792.81106166242,1,6000.0,6000.0,HiGHS LP
0.2,2025-03-24,58658.81628977611,3988.955492938654,645.0576671400021,35061.284395701456,15599.105916295153,50660.39031199661,1,6000.0,6000.0,HiGHS LP
0.2,2025-03-25,59540.312736492095,6159.155564082671,706.1611959762308,35546.41691400233,23796.439396353868,59342.8563103562,1,6000.0,6000.0,HiGHS LP
0.2,2025-03-26,58206.36842499023,3031.7646549301635,1631.884519927,34635.03982390358,12384.64838256621,47019.688206469786,1,6000.0,6000.0,HiGHS LP
0.2,2025-03-27,57378.61926341869,5693.9329324604805,405.2239712607059,34273.002801945084,23264.56519218011,57537.567994125195,1,6000.0,6000.0,HiGHS LP
0.2,2025-03-28,27105.40722226574,1940.3936803901265,15183.920135989198,13494.865454948787,7131.075958384424,20625.94141333321,1,6000.0,6000.0,HiGHS LP
0.2,2025-03-29,27835.061522598662,1475.4977181078257,18563.35005737315,13929.87786734423,5682.257752859817,19612.135620204048,1,6000.0,6000.0,HiGHS LP
0.2,2025-03-30,54865.94731312796,4750.941187267852,325.907620316442,32813.818743172546,19627.012047527314,52440.83079069986,1,6000.0,6000.0,HiGHS LP
0.2,2025-03-31,56652.253078613634,5316.060122992845,1011.7346193668872,33791.07040480888,20440.128626920094,54231.199031728975,1,6000.0,6000.0,HiGHS LP
0.2,2025-04-01,55067.38151189685,9363.732192208958,259.16009163188437,32813.119270939096,32727.975246912043,65541.09451785113,1,6000.0,6000.0,HiGHS LP
0.2,2025-04-02,54676.37247565153,10182.765767799283,479.23439580764284,32687.806421808913,39681.81626029132,72369.62268210023,1,6000.0,6000.0,HiGHS LP
0.2,2025-04-03,54995.96235215011,5211.348243300947,375.66196149883774,32739.310899998036,22011.78472037887,54751.0956203769,1,6000.0,6000.0,HiGHS LP
0.2,2025-04-04,25995.478300366056,1941.1105774954049,18465.786627861464,12643.106822610558,7583.764988754494,20226.871811365054,1,6000.0,6000.0,HiGHS LP
0.2,2025-04-05,26060.659340451355,5215.959304836122,16192.503661954146,12693.150274099273,21385.3819771292,34078.53225122848,1,6000.0,6000.0,HiGHS LP
0.2,2025-04-06,51697.13901668675,6664.048353794317,151.9322808921952,31128.144468277886,25095.147194784495,56223.29166306238,1,6000.0,6000.0,HiGHS LP
0.2,2025-04-07,52648.032853388315,5625.835378923733,1158.9065954550938,31575.5454912473,19872.105475490243,51447.65096673754,1,6000.0,6000.0,HiGHS LP
0.2,2025-04-08,53455.45739740126,5189.135411785918,418.7692952318376,32055.40751079969,22624.649244457127,54680.05675525682,1,6000.0,6000.0,HiGHS LP
0.2,2025-04-09,54304.12594021119,9059.247640568032,318.4182968506559,32597.933150989273,33555.8584076955,66153.79155868478,1,6000.0,6000.0,HiGHS LP
0.2,2025-04-10,53696.12765123935,5212.992963967041,551.2122213255079,32205.0421135929,22054.31375105097,54259.35586464387,1,6000.0,6000.0,HiGHS LP
0.2,2025-04-11,25748.964965902218,1882.0751692331744,19274.389968468724,12481.97085891696,6904.859541952094,19386.830400869054,1,6000.0,6000.0,HiGHS LP
0.2,2025-04-12,26240.671444080697,3217.82798421268,17393.338878293373,12812.81872422198,13499.910706651672,26312.729430873653,1,6000.0,6000.0,HiGHS LP
0.2,2025-04-13,51029.98435680845,7241.080724464735,274.72566884005124,30719.595823453634,27664.363911469958,58383.95973492359,1,6000.0,6000.0,HiGHS LP
0.2,2025-04-14,50468.95528138026,6524.203330920355,770.6310628129941,30269.676492980936,24061.26035600539,54330.93684898633,1,6000.0,6000.0,HiGHS LP
0.2,2025-04-15,50714.57730046723,5565.374693158831,2428.8874506483394,30385.80192370266,23296.90700848661,53682.70893218927,1,6000.0,6000.0,HiGHS LP
0.2,2025-04-16,50299.9263316261,9227.213158929586,92.59865985146712,30254.931113825533,33194.304129762226,63449.235243587755,1,6000.0,6000.0,HiGHS LP
0.2,2025-04-17,51507.27181524611,5803.953728481997,690.3464269453888,31047.211159024206,23203.58303148453,54250.794190508735,1,6000.0,6000.0,HiGHS LP
0.2,2025-04-18,24920.83146706078,2983.14916201865,18509.86344574609,11886.292116002156,11569.472539651508,23455.764655653664,1,6000.0,6000.0,HiGHS LP
0.2,2025-04-19,25488.076722064558,2103.186882361324,17766.584354425875,12294.724908639044,8051.635509467295,20346.36041810634,1,6000.0,6000.0,HiGHS LP
0.2,2025-04-20,51052.87847253836,5193.4254914206,598.636464596929,30739.47445932989,20248.875431986446,50988.349891316335,1,6000.0,6000.0,HiGHS LP
0.2,2025-04-21,51857.27487961139,2305.939577720267,1901.4623727451367,31106.583301917388,8124.1159541143,39230.69925603169,1,6000.0,6000.0,HiGHS LP
0.2,2025-04-22,49726.70708888171,7224.094872294738,1218.9134206444376,29837.53179707453,26255.822405457457,56093.35420253199,1,6000.0,6000.0,HiGHS LP
0.2,2025-04-23,52289.959581531715,4472.62409001743,1641.8391864868736,31409.73913872965,14946.870674325102,46356.60981305475,1,6000.0,6000.0,HiGHS LP
0.2,2025-04-24,50049.25572727046,2731.760165066824,2085.2474773490276,30080.924755220956,9832.642179981738,39913.566935202696,1,6000.0,6000.0,HiGHS LP
0.2,2025-04-25,24580.417112909992,1519.5361146148125,21056.590917547495,11676.97585105968,6219.887623473687,17896.86347453337,1,6000.0,6000.0,HiGHS LP
0.2,2025-04-26,24093.768799821533,4538.419735764972,25521.994902253173,11294.922894950405,19068.898512477404,30363.821407427808,1,6000.0,6000.0,HiGHS LP
0.2,2025-04-27,47951.90506882101,6197.631711491424,2152.6319012476497,28613.432496836023,26742.408132708282,55355.840629544306,1,6000.0,6000.0,HiGHS LP
0.2,2025-04-28,49489.00229471263,11081.631021854275,448.28560510840884,29755.398425050127,41551.17511277383,71306.57353782396,1,6000.0,6000.0,HiGHS LP
0.2,2025-04-29,49972.60911768237,3318.2581982631327,2276.5885153298013,29984.889334370535,12112.264971651442,42097.15430602198,1,6000.0,6000.0,HiGHS LP
0.2,2025-04-30,47967.23726566929,5916.066282469519,2203.702523789649,28658.751636039306,20222.827317512292,48881.578953551594,1,6000.0,6000.0,HiGHS LP
0.2,2025-05-01,49110.82263892735,7165.128904396914,1842.5889967781827,29651.007644448,31558.830649307594,61209.838293755594,1,6000.0,6000.0,HiGHS LP
0.2,2025-05-02,25559.730062763425,7801.891286978992,16031.30126640908,12506.89394747798,33435.31637172296,45942.21031920094,1,6000.0,6000.0,HiGHS LP
0.2,2025-05-03,26553.95458866634,4602.3469812603835,19249.129919926723,13241.704572264323,20059.946394089628,33301.65096635395,1,6000.0,6000.0,HiGHS LP
0.2,2025-05-04,50719.712899071514,6312.97578400284,1871.5647971305502,31179.45328395645,22047.52108518156,53226.97436913801,1,6000.0,6000.0,HiGHS LP
0.2,2025-05-05,49385.19642285174,9495.234685300362,513.3268657557609,30380.217599875054,39488.88111285417,69869.09871272923,1,6000.0,6000.0,HiGHS LP
0.2,2025-05-06,50508.98892560665,6210.73078206169,489.72272614107203,31198.51165553477,26083.497127394854,57282.008782929624,1,6000.0,6000.0,HiGHS LP
0.2,2025-05-07,51290.282949017914,7416.240789113015,261.96849165331344,31747.823555650753,31712.520521583217,63460.34407723397,1,6000.0,6000.0,HiGHS LP
0.2,2025-05-08,50803.21926657578,9183.195309089944,768.1574908284438,31414.299800700148,35388.33166906069,66802.63146976083,1,6000.0,6000.0,HiGHS LP
0.2,2025-05-09,26474.798653405243,3076.4654418779887,18011.878245283227,13448.307253492969,12698.234787052079,26146.54204054505,1,6000.0,6000.0,HiGHS LP
0.2,2025-05-10,24774.030634154442,6540.534940236914,16150.907556709546,12067.41144030044,27781.051067405613,39848.462507706055,1,6000.0,6000.0,HiGHS LP
0.2,2025-05-11,52206.654784852544,7317.849593179947,613.191794556677,32356.556163087196,29060.729393178095,61417.28555626529,1,6000.0,6000.0,HiGHS LP
0.2,2025-05-12,52860.20987656202,4571.717583217956,2057.2722170470015,32786.369719805196,14678.304799622294,47464.67451942749,1,6000.0,6000.0,HiGHS LP
0.2,2025-05-13,48544.08754251382,8122.774930123599,334.2761203418614,29833.940307080848,33561.88549458749,63395.82580166834,1,6000.0,6000.0,HiGHS LP
0.2,2025-05-14,49088.18315958977,7509.420770684908,317.1857446525586,30167.59933616768,29973.719768453353,60141.319104621034,1,6000.0,6000.0,HiGHS LP
0.2,2025-05-15,50303.290735617666,6661.267977392132,910.2334829675003,31148.8159457717,27046.713602509917,58195.529548281615,1,6000.0,6000.0,HiGHS LP
0.2,2025-05-16,26160.107054705888,1943.458408329324,22348.058929701874,13259.082352463747,6972.856224924614,20231.938577388362,1,6000.0,6000.0,HiGHS LP
0.2,2025-05-17,26028.08248166646,5066.8231164760255,17606.10651480915,13112.816761692622,21316.46506743723,34429.28182912985,1,6000.0,6000.0,HiGHS LP
0.2,2025-05-18,50370.93778792878,7349.534325165727,823.5250298491077,31245.16429921621,26524.666655881956,57769.830955098165,1,6000.0,6000.0,HiGHS LP
0.2,2025-05-19,49458.5623068538,4122.9077527989175,2869.90180866888,30352.396204639168,18356.34762705747,48708.743831696636,1,6000.0,6000.0,HiGHS LP
0.2,2025-05-20,49086.420884515705,8929.332571699404,257.4301780274063,30234.545525430593,34859.94070140988,65094.486226840476,1,6000.0,6000.0,HiGHS LP
0.2,2025-05-21,48563.63190427397,7294.251756144841,1313.9993759032664,29922.71638425351,30408.438075654478,60331.154459907986,1,6000.0,6000.0,HiGHS LP
0.2,2025-05-22,49602.09052152919,5320.005486854856,878.7311755680498,30642.141655952015,21153.575758532985,51795.717414485,1,6000.0,6000.0,HiGHS LP
0.2,2025-05-23,24812.11067889003,4303.184981696408,19653.515943172475,12215.745854031145,17405.586561181808,29621.332415212953,1,6000.0,6000.0,HiGHS LP
0.2,2025-05-24,25019.63644936618,2508.9942665335284,20729.928114034163,12302.387984324449,9889.833111189972,22192.22109551442,1,6000.0,6000.0,HiGHS LP
0.2,2025-05-25,47889.666603631165,4773.4932307334875,953.8181667653957,29379.13383095779,19634.242902372003,49013.376733329795,1,6000.0,6000.0,HiGHS LP
0.2,2025-05-26,47327.86340999842,10567.944980775683,216.1604419282261,29073.44187667686,41699.62536047301,70773.06723714987,1,6000.0,6000.0,HiGHS LP
0.2,2025-05-27,48588.57342829737,4952.113816537962,947.8461284243278,29929.96609012618,20924.02439330004,50853.99048342622,1,6000.0,6000.0,HiGHS LP
0.2,2025-05-28,49324.2146218354,7887.352769368867,1710.8737308201503,30213.08541339723,29792.283979988002,60005.369393385234,1,6000.0,6000.0,HiGHS LP
0.2,2025-05-29,49038.725675433554,8642.984821727778,316.35535627675824,30121.93189377918,35423.85892761308,65545.79082139226,1,6000.0,6000.0,HiGHS LP
0.2,2025-05-30,24728.109823009796,4853.370574378959,19945.24713072209,12186.576322971308,19461.685809071583,31648.26213204289,1,6000.0,6000.0,HiGHS LP
0.2,2025-05-31,25033.565736685792,4300.526430438242,17901.818129677722,12280.670383068624,17577.32876052886,29857.999143597484,1,6000.0,6000.0,HiGHS LP
0.2,2025-06-01,53590.587852763725,21144.887382154746,58.956427178352726,32828.39693141782,81760.66107658901,114589.05800800683,1,6000.0,6000.0,HiGHS LP
0.2,2025-06-02,58840.53382993382,13815.717936577938,524.942385376858,37298.22557051816,53643.74239968187,90941.96797020003,1,6000.0,6000.0,HiGHS LP
0.2,2025-06-03,61914.67806575711,10155.592132863541,271.96738246006373,38629.82306377047,40105.102252202356,78734.92531597283,1,6000.0,6000.0,HiGHS LP
0.2,2025-06-04,65042.27257538007,8783.566171293432,547.2200892972951,40434.62847588218,30115.024913619964,70549.65338950214,1,6000.0,6000.0,HiGHS LP
0.2,2025-06-05,65566.45136095397,9726.508115363551,545.2378745451654,40818.12818313427,36325.15952918787,77143.28771232214,1,6000.0,6000.0,HiGHS LP
0.2,2025-06-06,32272.01282670067,9688.034824292456,8065.052250993126,18047.166709031764,37170.27545840871,55217.44216744047,1,6000.0,6000.0,HiGHS LP
0.2,2025-06-07,32399.43766375575,6531.1944739598375,4764.118971048917,17832.444876196758,24178.011883880234,42010.456760076995,1,6000.0,6000.0,HiGHS LP
0.2,2025-06-08,75965.43888708946,1193.239652138436,7713.081691414884,46888.60111088846,4173.424856699276,51062.02596758774,1,6000.0,6000.0,HiGHS LP
0.2,2025-06-09,66805.16132673342,8277.923398342067,539.6742081078246,41115.51758510671,33126.211729894996,74241.7293150017,1,6000.0,6000.0,HiGHS LP
0.2,2025-06-10,68840.35205367839,7104.802500558136,518.3936508718718,42097.56360262564,27223.15042728378,69320.71402990942,1,6000.0,6000.0,HiGHS LP
0.2,2025-06-11,69134.84176838593,11135.493488666005,245.75465686257445,42210.343786855316,46140.3427196836,88350.68650653891,1,6000.0,6000.0,HiGHS LP
0.2,2025-06-12,73080.97676786939,4919.107532170179,1321.6245809141437,44881.78080265948,18737.190749220907,63618.971551880386,1,6000.0,6000.0,HiGHS LP
0.2,2025-06-13,31446.006347741873,4893.41999053635,4954.11263827822,17388.156750524897,18161.998502083028,35550.155252607925,1,6000.0,6000.0,HiGHS LP
0.2,2025-06-14,32240.248877552014,4570.576198640763,7577.482326192776,17785.443803052993,15750.175739419265,33535.619542472254,1,6000.0,6000.0,HiGHS LP
0.2,2025-06-15,68516.6571639569,6961.642159884222,971.4697522581464,42096.558861758494,26647.64193853686,68744.20080029535,1,6000.0,6000.0,HiGHS LP
0.2,2025-06-16,69691.5533147689,7409.699808316411,340.17256377277704,42326.07244317555,29345.86438510233,71671.93682827789,1,6000.0,6000.0,HiGHS LP
0.2,2025-06-17,71039.08216786273,8345.435504735691,615.0119469090125,43174.33481685953,32854.88964512468,76029.22446198421,1,6000.0,6000.0,HiGHS LP
0.2,2025-06-18,71745.72494516843,4801.778824038635,1476.2245876630004,43673.68405294261,17950.502090517904,61624.186143460516,1,6000.0,6000.0,HiGHS LP
0.2,2025-06-19,69663.63513564599,4196.54859092086,1596.0059467606682,42672.7736696786,16444.791146126605,59117.564815805206,1,6000.0,6000.0,HiGHS LP
0.2,2025-06-20,32028.32154412017,1822.6149192204575,8410.35561334063,17866.985820032165,6437.613717053526,24304.59953708569,1,6000.0,6000.0,HiGHS LP
0.2,2025-06-21,31927.982336143963,2173.928797582037,11727.170733726005,17657.176395550166,8292.658681894653,25949.83507744482,1,6000.0,6000.0,HiGHS LP
0.2,2025-06-22,66909.22953672642,5830.164304254335,1462.3893800359936,40627.169490060085,22383.585130676915,63010.754620737,1,6000.0,6000.0,HiGHS LP
0.2,2025-06-23,68413.02849304436,4260.9480357197435,1720.0320052079574,41757.37824650469,18884.292822126474,60641.67106863116,1,6000.0,6000.0,HiGHS LP
0.2,2025-06-24,63336.19122260593,16657.635145358567,60.128417011007855,38474.450499179504,66908.83555110924,105383.28605028873,1,6000.0,6000.0,HiGHS LP
0.2,2025-06-25,71445.29280146811,4475.832456156301,1330.0076769895163,43532.60217740695,17230.502957771067,60763.10513517802,1,6000.0,6000.0,HiGHS LP
0.2,2025-06-26,68762.67978202936,5032.215604513666,2248.2159994641333,41720.65098610628,21888.659014246572,63609.31000035285,1,6000.0,6000.0,HiGHS LP
0.2,2025-06-27,30807.454981451905,1876.8086512446885,9872.617766029929,16830.076785004112,7073.789758664646,23903.86654366876,1,6000.0,6000.0,HiGHS LP
0.2,2025-06-28,31021.137192812206,2749.242262279936,8953.45333842548,16936.834198311728,9923.048893331294,26859.883091643023,1,6000.0,6000.0,HiGHS LP
0.2,2025-06-29,68875.25731308418,5544.451824562289,1154.673991573826,41908.46648293553,19934.83682197675,61843.30330491228,1,6000.0,6000.0,HiGHS LP
0.2,2025-06-30,68979.03139173545,6066.2690819232575,1089.8453168884073,41852.71356661292,23369.74101284394,65222.454579456855,1,6000.0,6000.0,HiGHS LP
0.2,2025-07-01,74689.59163528547,9884.857137504318,1422.6406181122777,45811.73054464687,35340.65034064211,81152.38088528898,1,6000.0,6000.0,HiGHS LP
0.2,2025-07-02,78285.54899235576,3775.1369180271404,4976.664240247499,49022.118087431154,11305.885846423098,60328.003933854256,1,6000.0,6000.0,HiGHS LP
0.2,2025-07-03,76846.02788201289,7649.928511135465,697.32990318419,48347.52529776483,27601.26791119497,75948.7932089598,1,6000.0,6000.0,HiGHS LP
0.2,2025-07-04,38345.94555773899,4342.318635747439,10767.396726819763,22510.490717071454,14871.362110916365,37381.85282798782,1,6000.0,6000.0,HiGHS LP
0.2,2025-07-05,40108.5260235334,3136.23583316253,11414.681890029271,23513.459607270284,10393.876668123638,33907.33627539392,1,6000.0,6000.0,HiGHS LP
0.2,2025-07-06,74202.48798526291,9759.976371901485,320.6393831087411,46576.69442352745,39218.621196171276,85795.31561969873,1,6000.0,6000.0,HiGHS LP
0.2,2025-07-07,77446.58374548041,3061.5925500634285,3005.7616334826703,48199.36606458512,10653.440052572003,58852.806117157124,1,6000.0,6000.0,HiGHS LP
0.2,2025-07-08,78953.28297130336,3565.2000530219825,2909.973845517942,49248.90456897387,15124.63056524977,64373.53513422364,1,6000.0,6000.0,HiGHS LP
0.2,2025-07-09,72782.46533906649,6285.326025483217,1229.4330526180468,45701.46774089143,23630.875504144045,69332.34324503547,1,6000.0,6000.0,HiGHS LP
0.2,2025-07-10,72308.23139796981,5253.021335867794,924.1895297629317,45494.02080121792,20339.078827867485,65833.09962908541,1,6000.0,6000.0,HiGHS LP
0.2,2025-07-11,39042.37625828995,5519.335091082123,9002.934199372072,22541.21310687103,20357.879413570612,42899.09252044164,1,6000.0,6000.0,HiGHS LP
0.2,2025-07-12,39654.86498713934,4323.348880520146,9853.970534326161,22855.424628305365,16967.456009544396,39822.88063784976,1,6000.0,6000.0,HiGHS LP
0.2,2025-07-13,69685.61197368042,5053.668855865796,1718.1246916543466,43762.14049613749,20873.84232496281,64635.9828211003,1,6000.0,6000.0,HiGHS LP
0.2,2025-07-14,64645.960579921055,10882.25964209098,144.3515679697074,41123.10542187599,42924.03185423887,84047.13727611487,1,6000.0,6000.0,HiGHS LP
0.2,2025-07-15,68499.15320828801,9026.64926225598,1085.2349492029218,43408.36147370642,32068.40076951431,75476.76224322073,1,6000.0,6000.0,HiGHS LP
0.2,2025-07-16,68315.41562694847,8969.984905198417,1372.330823009851,43092.72781569291,31770.287807893917,74863.01562358683,1,6000.0,6000.0,HiGHS LP
0.2,2025-07-17,67813.94889245354,9027.655403691637,424.0552049526334,42928.32934946529,36655.80835759836,79584.13770706365,1,6000.0,6000.0,HiGHS LP
0.2,2025-07-18,37673.190136915204,6384.238545829176,9743.180582744373,21541.51499297804,25249.183557601147,46790.69855057918,1,6000.0,6000.0,HiGHS LP
0.2,2025-07-19,37703.88508613677,5341.503999638473,12822.57003577525,21573.02041287196,20789.987678540452,42363.00809141241,1,6000.0,6000.0,HiGHS LP
0.2,2025-07-20,67620.11316659997,8698.243429913684,603.4580350321135,43054.51897145771,32617.160904576045,75671.67987603376,1,6000.0,6000.0,HiGHS LP
0.2,2025-07-21,66030.70012185774,11816.804412396894,236.53142639825694,41947.31732232585,44727.22310068065,86674.54042300649,1,6000.0,6000.0,HiGHS LP
0.2,2025-07-22,69750.70607888236,8414.600731426126,583.2252241407579,43889.14885346159,33005.80794906037,76894.95680252196,1,6000.0,6000.0,HiGHS LP
0.2,2025-07-23,70363.85097135897,8014.161926653571,371.2122441323469,44393.59406926999,31539.27383451331,75932.8679037833,1,6000.0,6000.0,HiGHS LP
0.2,2025-07-24,69044.2931582525,9180.84852860654,841.3896945877781,43545.82598577527,34469.34806280816,78015.17404858343,1,6000.0,6000.0,HiGHS LP
0.2,2025-07-25,38932.10454287127,2733.9174273871276,12120.70240359173,22550.271110784342,10398.834921513684,32949.10603229803,1,6000.0,6000.0,HiGHS LP
0.2,2025-07-26,39081.06072798165,4264.7615639714,11836.730725286385,22519.583295021373,16039.260714147837,38558.84400916921,1,6000.0,6000.0,HiGHS LP
0.2,2025-07-27,70181.85556693184,7746.694452116467,467.11107553342856,44237.5333923998,31780.975475864434,76018.50886826424,1,6000.0,6000.0,HiGHS LP
0.2,2025-07-28,71029.67684303192,11087.607969874573,400.70726999058934,44796.511595208336,43093.32253831039,87889.83413351873,1,6000.0,6000.0,HiGHS LP
0.2,2025-07-29,70964.29587458221,9507.215399664634,704.2584155697589,44649.42851663848,36098.37662839717,80747.80514503564,1,6000.0,6000.0,HiGHS LP
0.2,2025-07-30,70917.82856970742,7788.991643444441,895.3243453475932,44605.1969696473,31055.8101229538,75661.0070926011,1,6000.0,6000.0,HiGHS LP
0.2,2025-07-31,69528.03501079082,9248.12158986209,336.1211722611007,43774.46144397496,37132.56642931836,80907.02787329332,1,6000.0,6000.0,HiGHS LP
0.2,2025-08-01,37777.47651713895,2322.437018448997,15808.553868921283,21764.7565559114,7976.346486093686,29741.10304200509,1,6000.0,6000.0,HiGHS LP
0.2,2025-08-02,36193.86764011592,4565.152173242639,16791.994880025217,20559.1576464183,18539.813347158488,39098.97099357679,1,6000.0,6000.0,HiGHS LP
0.2,2025-08-03,65779.91644468158,3323.7708936556564,2675.226874336353,42023.679558952936,12212.732134258622,54236.41169321156,1,6000.0,6000.0,HiGHS LP
0.2,2025-08-04,64513.49314834039,5111.302180216437,675.7648842746096,41475.46764475768,19332.484231387232,60807.951876144914,1,6000.0,6000.0,HiGHS LP
0.2,2025-08-05,64034.88421415158,5569.658925887528,920.8138279784796,41202.688042631045,20938.22122228978,62140.909264920825,1,6000.0,6000.0,HiGHS LP
0.2,2025-08-06,62042.49981294114,10339.915344184019,825.8851960856231,39886.46823537494,40903.74942083751,80790.21765621245,1,6000.0,6000.0,HiGHS LP
0.2,2025-08-07,67943.36180182753,2112.9973152207613,3025.115441342031,43431.586706847644,7773.772567979606,51205.35927482725,1,6000.0,6000.0,HiGHS LP
0.2,2025-08-08,36494.60357225565,2779.610391395785,20459.042713651437,20828.403799803542,10953.912688231376,31782.316488034918,1,6000.0,6000.0,HiGHS LP
0.2,2025-08-09,35690.97694979473,5111.903092558681,18840.951042353405,20208.07416902283,20587.255931192205,40795.33010021504,1,6000.0,6000.0,HiGHS LP
0.2,2025-08-10,61374.223265649314,8454.829646394253,1109.946806785656,39449.93916379875,32051.747922248294,71501.68708604705,1,6000.0,6000.0,HiGHS LP
0.2,2025-08-11,63836.7031822202,5626.433242024844,1385.2201478655584,41082.09277364034,22323.707054306222,63405.79982794656,1,6000.0,6000.0,HiGHS LP
0.2,2025-08-12,62712.50686622481,8969.253987080914,444.17000729352037,40380.15319907328,35773.6267757836,76153.77997485688,1,6000.0,6000.0,HiGHS LP
0.2,2025-08-13,62323.25164168967,7694.299836282644,422.3962055163693,39882.626360489216,30586.213991919696,70468.84035240891,1,6000.0,6000.0,HiGHS LP
0.2,2025-08-14,61664.62306256082,8475.398695788776,741.2098077178364,39685.29398470174,34687.087352726834,74372.38133742858,1,6000.0,6000.0,HiGHS LP
0.2,2025-08-15,37059.77842474514,3349.2346783039693,20209.286219715777,21301.81691684803,12499.188567408515,33801.005484256544,1,6000.0,6000.0,HiGHS LP
0.2,2025-08-16,37951.21152440476,3293.346518019731,21275.277675757825,21853.885873865533,14051.118516727536,35905.004390593065,1,6000.0,6000.0,HiGHS LP
0.2,2025-08-17,60243.34878955615,7558.541051769611,1262.1415773648685,38679.35116074445,29570.8488445208,68250.20000526524,1,6000.0,6000.0,HiGHS LP
0.2,2025-08-18,62684.54716632576,6803.876414158027,1623.8484608650836,40405.32343972876,29432.696076617824,69838.01951634658,1,6000.0,6000.0,HiGHS LP
0.2,2025-08-19,60889.99339117068,8349.254733779038,1482.5492385573107,39129.57367002113,31728.13956416044,70857.71323418157,1,6000.0,6000.0,HiGHS LP
0.2,2025-08-20,62619.61152605498,12383.686269137195,860.3939980962782,40330.67410344705,49519.94594544424,89850.62004889129,1,6000.0,6000.0,HiGHS LP
0.2,2025-08-21,63576.61551273878,6561.458923683736,695.8002870935338,40918.11203873507,25679.176354236817,66597.28839297188,1,6000.0,6000.0,HiGHS LP
0.2,2025-08-22,37776.8602800786,6033.358053026708,19539.64893310531,21752.588415229795,25166.39277308649,46918.981188316284,1,6000.0,6000.0,HiGHS LP
0.2,2025-08-23,36922.36608817629,4934.225035440786,16286.584973617068,21120.09350700633,20604.31870975175,41724.41221675808,1,6000.0,6000.0,HiGHS LP
0.2,2025-08-24,61055.491988200374,7684.096274866255,1556.2759839909081,39183.2015477293,33052.614833273954,72235.81638100326,1,6000.0,6000.0,HiGHS LP
0.2,2025-08-25,61831.553686444066,13261.840002420675,839.902130689457,39813.733271691635,52251.14257328622,92064.87584497785,1,6000.0,6000.0,HiGHS LP
0.2,2025-08-26,61714.617595328586,7952.074338592878,641.5670540781739,39477.53593343143,34029.61527245486,73507.15120588629,1,6000.0,6000.0,HiGHS LP
0.2,2025-08-27,60435.0549741163,11099.080160197387,174.74096743671473,38831.40808703253,46380.347085513145,85211.75517254567,1,6000.0,6000.0,HiGHS LP
0.2,2025-08-28,62694.57374948483,12014.848577039742,407.91536380515277,40127.32490617977,48045.350684217236,88172.675590397,1,6000.0,6000.0,HiGHS LP
0.2,2025-08-29,35146.45760770589,6617.78741526841,16169.024672974305,19957.247635883163,26936.833769510886,46894.08140539405,1,6000.0,6000.0,HiGHS LP
0.2,2025-08-30,36029.768807123284,6468.306544833727,20945.355518623674,20613.919297162658,25889.121093192633,46503.040390355294,1,6000.0,6000.0,HiGHS LP
0.2,2025-08-31,62490.31463401643,8483.607103644239,808.4604293723352,40287.09034883804,33629.18878635982,73916.27913519787,1,6000.0,6000.0,HiGHS LP
0.2,2025-09-01,58696.38847819311,3669.148757843027,5389.793286925702,37715.40628201299,12712.182372865524,50427.58865487851,1,6000.0,6000.0,HiGHS LP
0.2,2025-09-02,49602.63167627463,9622.971822463138,1910.8940665313435,31054.84550499656,38787.67932202079,69842.52482701735,1,6000.0,6000.0,HiGHS LP
0.2,2025-09-03,51523.35324678925,9403.488066072721,1977.3820850922357,32322.501043815864,35196.58689756417,67519.08794138004,1,6000.0,6000.0,HiGHS LP
0.2,2025-09-04,51218.15719535057,9388.249815835286,3281.4748594502234,32059.63304316654,37283.037843366146,69342.6708865327,1,6000.0,6000.0,HiGHS LP
0.2,2025-09-05,29339.515027406764,1834.2228248591932,21309.476185599287,15793.45315468133,7175.63697914904,22969.09013383037,1,6000.0,6000.0,HiGHS LP
0.2,2025-09-06,30556.772241609164,1651.0881040358527,21446.776645645023,16651.129389017315,6572.090979365918,23223.220368383234,1,6000.0,6000.0,HiGHS LP
0.2,2025-09-07,51063.54646137715,8936.117084495103,1585.1342309466672,31920.897822381892,34400.782670121895,66321.68049250379,1,6000.0,6000.0,HiGHS LP
0.2,2025-09-08,44492.0331423349,19812.053840084434,1533.8541000000005,27132.055695018153,76780.65971801567,103912.71541303382,1,6000.0,6000.0,HiGHS LP
0.2,2025-09-09,51990.24894638422,6757.867681962641,2125.0062726942638,32551.30518273331,26865.58167341452,59416.88685614783,1,6000.0,6000.0,HiGHS LP
0.2,2025-09-10,51939.70197231385,13205.372790855676,299.20838524959055,32494.524282784747,53168.321838273245,85662.84612105798,1,6000.0,6000.0,HiGHS LP
0.2,2025-09-11,52155.5569021851,6598.873818079131,1624.2808954624793,32496.561697842917,27120.357211004597,59616.91890884751,1,6000.0,6000.0,HiGHS LP
0.2,2025-09-12,27808.822400256744,4939.907691724391,18157.073891981134,14634.517848022304,18020.878546382737,32655.39639440504,1,6000.0,6000.0,HiGHS LP
0.2,2025-09-13,27838.977463842457,4462.949842857781,21254.825823366904,14648.546562649855,16918.58889046729,31567.135453117146,1,6000.0,6000.0,HiGHS LP
0.2,2025-09-14,52946.30077711685,11291.789972722883,388.24535884698787,33013.12442206754,41704.99398444903,74718.11840651657,1,6000.0,6000.0,HiGHS LP
0.2,2025-09-15,55419.90750464733,4886.866201567561,1376.7322610713989,34722.01464635588,19263.306934230008,53985.321580585885,1,6000.0,6000.0,HiGHS LP
0.2,2025-09-16,54626.21517975,9858.23199202284,1109.1173527759893,34104.257355744194,33560.814411856394,67665.07176760059,1,6000.0,6000.0,HiGHS LP
0.2,2025-09-17,58137.23326443117,6694.56809663664,879.1106205769253,36603.23646062585,26369.728010829087,62972.964471454936,1,6000.0,6000.0,HiGHS LP
0.2,2025-09-18,56335.300885488956,6838.0933942942065,223.64849220513432,35235.74042966121,27238.733667559856,62474.474097221064,1,6000.0,6000.0,HiGHS LP
0.2,2025-09-19,29336.20919145265,4240.8004418645505,14435.657316650535,15723.923328320334,14983.466627876638,30707.389956196974,1,6000.0,6000.0,HiGHS LP
0.2,2025-09-20,30403.000776046778,3883.201740751795,15600.76878346524,16439.778994022392,14803.032173676382,31242.811167698776,1,6000.0,6000.0,HiGHS LP
0.2,2025-09-21,57280.764906855766,6534.3536803694415,1472.2065199914132,35692.48505052067,22475.69081203499,58168.17586255566,1,6000.0,6000.0,HiGHS LP
0.2,2025-09-22,55968.29860224525,9019.658587807236,320.6039733858164,34811.12428790494,32197.575031673827,67008.69931957877,1,6000.0,6000.0,HiGHS LP
0.2,2025-09-23,56999.485819539375,9224.682959144531,54.21986201723939,35542.87652691859,37412.738561290214,72955.61508820881,1,6000.0,6000.0,HiGHS LP
0.2,2025-09-24,55867.361787104404,9319.65104050329,70.45439427436736,34700.22772348035,34086.8385654592,68787.06628893955,1,6000.0,6000.0,HiGHS LP
0.2,2025-09-25,58245.38628316017,6546.3515032544765,402.95555308131236,36288.03315561642,23935.2285312451,60223.261686861515,1,6000.0,6000.0,HiGHS LP
0.2,2025-09-26,31582.19831628536,2420.219565654941,13268.174381940302,17239.525430436763,8710.946267542688,25950.47169797945,1,6000.0,6000.0,HiGHS LP
0.2,2025-09-27,30344.71072444754,6459.191409181894,15962.599883629433,16242.894182765245,25396.847501431865,41639.74168419711,1,6000.0,6000.0,HiGHS LP
0.2,2025-09-28,59886.363533427444,7916.423225652368,254.922278081566,37116.97289303109,31135.23152495351,68252.2044179846,1,6000.0,6000.0,HiGHS LP
0.2,2025-09-29,60773.618859270704,6309.5915886979255,261.0792526081552,37687.98376203938,24996.39403802925,62684.37780006863,1,6000.0,6000.0,HiGHS LP
0.2,2025-09-30,62618.32562013331,7384.276914551316,515.7430270486643,38911.721514889854,30597.95800480093,69509.67951969078,1,6000.0,6000.0,HiGHS LP
0.2,2025-10-01,61941.410216208926,776.0566135808012,8987.878432367208,38370.53757384379,1839.767140952268,40210.30471479605,1,6000.0,6000.0,HiGHS LP
0.2,2025-10-02,58858.92370371381,1645.94727354115,4719.245650235321,36123.17809432816,4205.564931890213,40328.74302621838,1,6000.0,6000.0,HiGHS LP
0.2,2025-10-03,28124.290361971234,2181.3566130803865,19448.49327505162,14512.15315138425,6953.920849741601,21466.07400112585,1,6000.0,6000.0,HiGHS LP
0.2,2025-10-04,28518.71372626427,3404.8459715814797,15787.577264512413,14697.828276059316,11711.804207302162,26409.632483361478,1,6000.0,6000.0,HiGHS LP
0.2,2025-10-05,57920.63334901452,2177.2968445008114,1304.4214596907984,35509.237714741794,6409.190304727086,41918.428019468876,1,6000.0,6000.0,HiGHS LP
0.2,2025-10-06,58186.51253309837,4137.409453260982,534.1782887022923,35662.75269978833,14093.50443694953,49756.25713673786,1,6000.0,6000.0,HiGHS LP
0.2,2025-10-07,57815.03360306776,4646.352831829201,632.051181083413,35339.21773966825,16709.38932216487,52048.60706183312,1,6000.0,6000.0,HiGHS LP
0.2,2025-10-08,58634.82290632474,3522.643602590315,1617.4107882061412,35293.65329425472,13019.747594186183,48313.400888440905,1,6000.0,6000.0,HiGHS LP
0.2,2025-10-09,56650.25818021764,4353.454791133701,1190.1009049290801,34121.92623018483,18317.751159743108,52439.677389927936,1,6000.0,6000.0,HiGHS LP
0.2,2025-10-10,29019.95711047825,2159.357544778496,18795.703738590077,14643.975784337454,8374.699268587337,23018.67505292479,1,6000.0,6000.0,HiGHS LP
0.2,2025-10-11,29581.016363391893,2234.008380309664,14668.71116036822,14866.951092777563,10050.656003521228,24917.60709629879,1,6000.0,6000.0,HiGHS LP
0.2,2025-10-12,56138.45197249426,6775.307773860574,345.4704296881662,33968.030507405165,26383.012455206564,60351.042962611726,1,6000.0,6000.0,HiGHS LP
0.2,2025-10-13,56060.09891729108,5418.474826552849,397.84511051059906,34010.91470384041,22474.83088986772,56485.74559370813,1,6000.0,6000.0,HiGHS LP
0.2,2025-10-14,55924.64931877308,8961.132914110574,58.61961621698697,33888.2606982204,36240.47390839444,70128.73460661483,1,6000.0,6000.0,HiGHS LP
0.2,2025-10-15,56879.01912897626,9158.26294001346,63.92508565638849,34539.42142379603,35813.70491944115,70353.12634323718,1,6000.0,6000.0,HiGHS LP
0.2,2025-10-16,57608.17839818471,9548.777183083397,135.5692251982299,35058.085253707686,39043.453237377355,74101.53849108504,1,6000.0,6000.0,HiGHS LP
0.2,2025-10-17,29668.87282216252,3883.731050743282,14508.404556239133,15063.0985897652,16488.440203969156,31551.538793734355,1,6000.0,6000.0,HiGHS LP
0.2,2025-10-18,29326.38390468974,4576.081793983068,14785.872432006141,14860.826913082994,18417.75789025612,33278.584803339116,1,6000.0,6000.0,HiGHS LP
0.2,2025-10-19,58744.998207519704,9292.383820129993,91.91415208625563,35602.693753233645,39264.31386599575,74867.0076192294,1,6000.0,6000.0,HiGHS LP
0.2,2025-10-20,59607.53458627814,9009.1415680189,111.8778767004543,36278.34524484238,37550.757671932966,73829.10291677534,1,6000.0,6000.0,HiGHS LP
0.2,2025-10-21,60091.781692797085,10510.885531411277,72.45758325768031,36559.28635898711,41073.55900605385,77632.84536504096,1,6000.0,6000.0,HiGHS LP
0.2,2025-10-22,60423.62569784942,9363.303561377912,159.38431331142743,36584.53403993182,38644.723234650635,75229.25727458246,1,6000.0,6000.0,HiGHS LP
0.2,2025-10-23,62132.326331560005,5846.882195076278,524.4532583546497,37813.21258209941,23750.52683767464,61563.73941977405,1,6000.0,6000.0,HiGHS LP
0.2,2025-10-24,29377.07968948549,4797.482407814929,12691.85018045027,14837.115128253266,20555.588982405283,35392.70411065855,1,6000.0,6000.0,HiGHS LP
0.2,2025-10-25,30070.968175927002,4419.258514470769,12021.172902251794,15366.453981619976,18044.800731496856,33411.25471311683,1,6000.0,6000.0,HiGHS LP
0.2,2025-10-26,63057.206013458235,5767.142231821895,193.28417876139912,38503.66106611495,22295.095761161854,60798.75682727681,1,6000.0,6000.0,HiGHS LP
0.2,2025-10-27,62525.217638471266,6173.44986231206,1061.3748605178946,37982.795545770576,26224.483199231574,64207.27874500215,1,6000.0,6000.0,HiGHS LP
0.2,2025-10-28,62821.42148066379,7381.150015467976,142.24289865736915,38290.30844827369,29729.900512751305,68020.208961025,1,6000.0,6000.0,HiGHS LP
0.2,2025-10-29,64131.17910630052,9485.22366320639,202.65180824114873,39210.74764112318,37913.58184789907,77124.32948902225,1,6000.0,6000.0,HiGHS LP
0.2,2025-10-30,65552.20443317712,3988.2777156088205,636.2521263226342,40214.34928209771,15536.225079348238,55750.57436144595,1,6000.0,6000.0,HiGHS LP
0.2,2025-10-31,31595.456320296376,4069.4165109474066,8565.489259160646,16400.531038614605,15401.784679626659,31802.31571824126,1,6000.0,6000.0,HiGHS LP
0.2,2025-11-01,32027.04921967464,3008.3493997822957,9269.392220631,16672.920365213555,10752.815935273124,27425.73630048668,1,6000.0,6000.0,HiGHS LP
0.2,2025-11-02,67347.8253124968,5729.269897063046,119.87857122777595,41174.49846719118,23714.217706150324,64888.716173341505,1,6000.0,6000.0,HiGHS LP
0.2,2025-11-03,68420.17766893828,5616.143029811619,346.3953651288274,42001.60575863901,19336.460196910673,61338.06595554968,1,6000.0,6000.0,HiGHS LP
0.2,2025-11-04,70231.76468765609,3034.5463600673284,1428.720088932983,43135.72039860945,12148.977690899608,55284.69808950905,1,6000.0,6000.0,HiGHS LP
0.2,2025-11-05,70752.75383645503,3665.084336586584,496.9847741145032,43669.60792488584,13213.100241160586,56882.708166046425,1,6000.0,6000.0,HiGHS LP
0.2,2025-11-06,68213.66299408002,7525.465434293724,192.73065722456997,41721.70745445343,30144.965717193514,71866.67317164695,1,6000.0,6000.0,HiGHS LP
0.2,2025-11-07,31694.982272308323,2526.547174004466,7668.284530437209,16453.558905860875,10317.740894223498,26771.299800084373,1,6000.0,6000.0,HiGHS LP
0.2,2025-11-08,32678.209295476852,1379.814739644546,7002.5314883560995,17073.366676606543,5021.583092264871,22094.949768871415,1,6000.0,6000.0,HiGHS LP
0.2,2025-11-09,70710.53863334595,5177.631958633323,241.47592951451858,43341.68668662183,20296.03971916144,63637.72640578327,1,6000.0,6000.0,HiGHS LP
0.2,2025-11-10,72525.28673906656,5927.018283040676,207.12502185680717,44642.45537556341,22687.74158045606,67330.19695601947,1,6000.0,6000.0,HiGHS LP
0.2,2025-11-11,72391.228190153,3826.333973942111,265.3192725629318,44467.70547649257,15555.552540648774,60023.25801714134,1,6000.0,6000.0,HiGHS LP
0.2,2025-11-12,73879.515940806,2555.5996294488446,1066.872074383013,45648.1474198582,11021.677678547632,56669.82509840583,1,6000.0,6000.0,HiGHS LP
0.2,2025-11-13,73304.04125196487,4220.992053336052,720.1546038889082,45306.495749974,15411.551489837562,60718.04723981156,1,6000.0,6000.0,HiGHS LP
0.2,2025-11-14,32823.05913684901,3196.243884143312,5110.655754593268,17199.58659809325,11211.453023925804,28411.039622019052,1,6000.0,6000.0,HiGHS LP
0.2,2025-11-15,33271.055203386466,2624.3058331972916,4348.188356204185,17444.858696948042,9862.706617031277,27307.56531397932,1,6000.0,6000.0,HiGHS LP
0.2,2025-11-16,74265.85112832836,5042.07625512384,426.25709765570633,45826.375774094515,19968.912881259646,65795.28865535416,1,6000.0,6000.0,HiGHS LP
0.2,2025-11-17,76496.65491415974,1877.1082919996861,1250.7238651865896,47632.195578160026,6951.606846645165,54583.802424805195,1,6000.0,6000.0,HiGHS LP
0.2,2025-11-18,73071.4418493026,6468.545159646212,224.07086701904763,44931.60529055145,23978.79342162762,68910.39871217907,1,6000.0,6000.0,HiGHS LP
0.2,2025-11-19,74999.95181242477,4888.354602413445,88.41029627234906,46396.63088311353,19474.638913482704,65871.26979659623,1,6000.0,6000.0,HiGHS LP
0.2,2025-11-20,76147.92018479045,3778.3728886111626,707.0298844898739,47407.74911307718,13861.910349743406,61269.659462820586,1,6000.0,6000.0,HiGHS LP
0.2,2025-11-21,33526.02274709773,2636.5323739839832,3905.54905259455,17622.836979742387,8199.318944909946,25822.155924652332,1,6000.0,6000.0,HiGHS LP
0.2,2025-11-22,33076.89650446358,3158.9691760433243,2647.1303428372908,17251.282195813204,11554.718188479575,28806.00038429278,1,6000.0,6000.0,HiGHS LP
0.2,2025-11-23,76521.43327882164,4142.788682825232,1014.1334061034656,47519.367151859435,16656.211199198737,64175.57835105817,1,6000.0,6000.0,HiGHS LP
0.2,2025-11-24,76873.98373058424,3010.2433940020296,1286.9956178463024,47866.728915396336,11414.243337840035,59280.97225323637,1,6000.0,6000.0,HiGHS LP
0.2,2025-11-25,77855.80701418436,3203.92766535169,473.34859603591735,48568.301726411664,11730.985466254126,60299.28719266579,1,6000.0,6000.0,HiGHS LP
0.2,2025-11-26,76878.89964680407,4629.545387563998,320.7821758479631,47764.193457985515,17714.39325436757,65478.586712353084,1,6000.0,6000.0,HiGHS LP
0.2,2025-11-27,78405.51737466644,2724.110548572909,929.4015126484819,49028.61110751739,10585.912053232758,59614.52316075015,1,6000.0,6000.0,HiGHS LP
0.2,2025-11-28,33218.24146575798,3486.9667703975942,2386.983184866461,17389.220560881608,13324.011072117399,30713.231632999006,1,6000.0,6000.0,HiGHS LP
0.2,2025-11-29,34658.42707526978,5829.171947360425,2094.3454207703035,18309.59832774386,19944.724565656044,38254.322893399905,1,6000.0,6000.0,HiGHS LP
0.2,2025-11-30,80661.77767748585,4423.2431732184195,374.8546473941459,50594.08097968102,16171.788265527462,66765.86924520848,1,6000.0,6000.0,HiGHS LP
0.2,2025-12-01,79714.7272943098,11098.086778746188,77.53173187205061,49889.17756240038,41545.96995360567,91435.14751600605,1,6000.0,6000.0,HiGHS LP
0.2,2025-12-02,84857.02092865283,8937.909028210703,494.98075262791065,53869.43674759512,32137.162581961995,86006.59932955712,1,6000.0,6000.0,HiGHS LP
0.2,2025-12-03,85489.58724521863,6713.9451462152365,408.9811489005957,53634.40726478562,24263.97777419845,77898.38503898407,1,6000.0,6000.0,HiGHS LP
0.2,2025-12-04,87038.74292483117,4762.249945932918,356.18518195896786,54909.7754144832,18565.07821962345,73474.85363410665,1,6000.0,6000.0,HiGHS LP
0.2,2025-12-05,41485.0604361135,4482.784515750219,676.806459395725,21334.768290440414,18367.99792239334,39702.766212833754,1,6000.0,6000.0,HiGHS LP
0.2,2025-12-06,43411.93224094514,4631.085304321972,424.40189067551484,22425.02021685097,16556.43465483679,38981.45487168776,1,6000.0,6000.0,HiGHS LP
0.2,2025-12-07,89488.43622365806,3687.018709815097,804.4403501398226,56659.86992790505,14110.524742952779,70770.39467085783,1,6000.0,6000.0,HiGHS LP
0.2,2025-12-08,86701.07489509313,6829.254426888645,1016.8657508515814,53840.992718124435,28072.953756289702,81913.94647441414,1,6000.0,6000.0,HiGHS LP
0.2,2025-12-09,90504.01990283106,2995.2986404876547,1392.5309433187056,57206.49526825834,13575.950951701649,70782.44621996,1,6000.0,6000.0,HiGHS LP
0.2,2025-12-10,88130.21587949575,5390.635870397756,414.8999498935011,55483.92530992892,19801.57638017903,75285.50169010795,1,6000.0,6000.0,HiGHS LP
0.2,2025-12-11,91134.71563801149,1502.3637793236194,1933.3242464414025,57881.50223842635,5321.149242406548,63202.6514808329,1,6000.0,6000.0,HiGHS LP
0.2,2025-12-12,41276.2824787507,6604.084434600936,278.8433239604693,21216.020472699274,24238.583333494353,45454.60380619363,1,6000.0,6000.0,HiGHS LP
0.2,2025-12-13,46209.06742987722,2718.3920773676855,1113.3284560091083,23862.983624192595,11393.514596779503,35256.4982209721,1,6000.0,6000.0,HiGHS LP
0.2,2025-12-14,90260.98417085526,3517.621820976478,275.9663931092028,57111.524373385226,13883.587982269364,70995.1123556546,1,6000.0,6000.0,HiGHS LP
0.2,2025-12-15,90874.53429602936,3709.5042838917166,383.05615468175495,57571.41119829149,13508.804364366306,71080.2155626578,1,6000.0,6000.0,HiGHS LP
0.2,2025-12-16,90168.98483244551,4309.844500872478,335.5999900125544,56955.873516002,16696.174708075312,73652.04822407731,1,6000.0,6000.0,HiGHS LP
0.2,2025-12-17,91920.90089583243,1943.4956346379163,933.7775199945168,58251.70259124941,6980.181833074021,65231.88442432343,1,6000.0,6000.0,HiGHS LP
0.2,2025-12-18,89585.55270188506,3637.3072414240705,1138.2596433091178,56539.603420417814,14752.410426595608,71292.01384701343,1,6000.0,6000.0,HiGHS LP
0.2,2025-12-19,44351.61131385472,3330.1694829931253,837.4836454898799,22723.99288116995,13720.322527121381,36444.31540829133,1,6000.0,6000.0,HiGHS LP
0.2,2025-12-20,44386.455501504315,3162.436311833764,783.4971449582281,22787.48644110309,12951.91225294842,35739.39869405151,1,6000.0,6000.0,HiGHS LP
0.2,2025-12-21,89062.84378993115,5087.215583475654,387.12496069490965,56172.78947186459,19306.42925351864,75479.21872538322,1,6000.0,6000.0,HiGHS LP
0.2,2025-12-22,91642.11843611137,2739.4955082440274,686.8967410892706,58066.193392786954,10932.941820527813,68999.13521331476,1,6000.0,6000.0,HiGHS LP
0.2,2025-12-23,91444.70783933214,1861.4587883473996,1294.7418251534134,57921.180480961695,7134.308473682352,65055.488954644046,1,6000.0,6000.0,HiGHS LP
0.2,2025-12-24,90055.76805937101,3228.782938660576,684.9040687146439,56962.61387666251,12850.710331479379,69813.32420814189,1,6000.0,6000.0,HiGHS LP
0.2,2025-12-25,89635.08922821621,3436.8174776293827,513.9684471594446,56716.30772766308,12607.158970135257,69323.46669779834,1,6000.0,6000.0,HiGHS LP
0.2,2025-12-26,43417.66753491721,3997.4203736951285,535.2821870447574,22294.236746824332,15412.176124180263,37706.41287100459,1,6000.0,6000.0,HiGHS LP
0.2,2025-12-27,45049.52358420993,2959.3982587772944,714.4890044774512,23145.04118416097,11798.089933665275,34943.13111782625,1,6000.0,6000.0,HiGHS LP
0.2,2025-12-28,89085.95312782115,3537.4289408134864,1068.3325846978214,56230.58865398945,13558.931830406942,69789.52048439639,1,6000.0,6000.0,HiGHS LP
0.2,2025-12-29,89217.22461921349,3515.5756471127343,485.9056932084898,56261.68605792103,12775.266596801352,69036.95265472238,1,6000.0,6000.0,HiGHS LP
0.2,2025-12-30,91389.04704271935,1535.8743041929574,1951.9071832181887,57984.97598056817,6065.039098491692,64050.015079059856,1,6000.0,6000.0,HiGHS LP
0.2,2025-12-31,88943.06921113734,4761.800767521067,340.1137119917271,56083.68399364833,18793.93885354427,74877.6228471926,1,6000.0,6000.0,HiGHS LP
0.25,2025-02-01,38125.90135280602,1987.9940441415374,1998.266290905843,19611.92120113773,8629.919071141067,28241.840272278798,1,6000.0,6000.0,HiGHS LP
0.25,2025-02-02,81352.76657413693,2440.33346216492,1033.8074560302434,50286.007521490836,10689.545073200588,60975.55259469143,1,6000.0,6000.0,HiGHS LP
0.25,2025-02-03,81632.64671700365,3955.5806615877655,969.6442119247434,50506.971497963605,15623.455237085906,66130.4267350495,1,6000.0,6000.0,HiGHS LP
0.25,2025-02-04,81676.02485299259,4764.091801460274,843.5860377861981,50586.07652925579,20045.038800570306,70631.1153298261,1,6000.0,6000.0,HiGHS LP
0.25,2025-02-05,77302.82762348368,7918.423486163425,69.91955232380887,47219.91375722367,32058.49671203753,79278.4104692612,1,6000.0,6000.0,HiGHS LP
0.25,2025-02-06,83167.84991899115,2683.5585591043464,1102.5555543445284,51764.611655984925,10441.388360937734,62206.000016922655,1,6000.0,6000.0,HiGHS LP
0.25,2025-02-07,35121.86021842931,2793.3090301497964,2533.9577389382302,17982.282022209416,12235.714589082108,30217.996611291524,1,6000.0,6000.0,HiGHS LP
0.25,2025-02-08,34253.19020619038,3380.599683683713,2549.2347967487235,17495.75246837386,13976.474868778627,31472.227337152486,1,6000.0,6000.0,HiGHS LP
0.25,2025-02-09,75869.88543296652,8288.718603846599,176.52496032898785,46535.98857957962,31015.708784125854,77551.69736370548,1,6000.0,6000.0,HiGHS LP
0.25,2025-02-10,79291.35703038526,1629.2312372208958,2181.1399143327726,48966.22002530887,6104.676572187341,55070.896597496205,1,6000.0,6000.0,HiGHS LP
0.25,2025-02-11,79513.41220867388,1515.885241407289,1403.3431360872905,49228.269480087714,5938.497550755711,55166.767030843424,1,6000.0,6000.0,HiGHS LP
0.25,2025-02-12,75143.7812438314,4760.789788491689,208.1921354366014,45851.884480345645,20221.84793794006,66073.73241828571,1,6000.0,6000.0,HiGHS LP
0.25,2025-02-13,75180.5319767945,2751.764074179736,2173.7684877303263,46191.97728123811,9569.180090039677,55761.15737127779,1,6000.0,6000.0,HiGHS LP
0.25,2025-02-14,34525.58290745722,2561.3771719196893,3800.0741472272143,17753.823904496305,7821.514563577624,25575.33846807393,1,6000.0,6000.0,HiGHS LP
0.25,2025-02-15,32949.5260985974,4363.621761350924,4641.834829947208,16892.92697544193,14650.20086781702,31543.12784325895,1,6000.0,6000.0,HiGHS LP
0.25,2025-02-16,72046.27183508896,7719.048510880119,46.14874973873512,43934.792719846904,28919.85478564869,72854.6475054956,1,6000.0,6000.0,HiGHS LP
0.25,2025-02-17,72191.81768841346,4005.2910315334148,691.5091806731554,43963.99014781611,14512.57165134222,58476.56179915833,1,6000.0,6000.0,HiGHS LP
0.25,2025-02-18,73011.80553206599,4152.9369803748195,753.0949444776406,44682.38078509078,15407.563441791364,60089.944226882144,1,6000.0,6000.0,HiGHS LP
0.25,2025-02-19,71292.4888104111,6137.135906026593,239.54697881424903,43441.835721682044,24578.483377853983,68020.31909953602,1,6000.0,6000.0,HiGHS LP
0.25,2025-02-20,72241.17099011698,3776.479057539649,713.2251855336544,44038.22012680152,14414.232973896429,58452.45310069795,1,6000.0,6000.0,HiGHS LP
0.25,2025-02-21,32382.902834080847,3181.744789231283,6708.681143350754,16585.235783697848,11252.01293395437,27837.24871765222,1,6000.0,6000.0,HiGHS LP
0.25,2025-02-22,33717.487222459706,3429.5207654460187,5957.366414769848,17454.00389062748,12402.918880026838,29856.922770654317,1,6000.0,6000.0,HiGHS LP
0.25,2025-02-23,71900.31629121375,4500.024263914431,568.873156090714,43955.14075992313,15511.208018112522,59466.34877803565,1,6000.0,6000.0,HiGHS LP
0.25,2025-02-24,69639.44033709189,3370.650638966509,622.6942235982351,42212.97314583104,13396.070865659169,55609.04401149021,1,6000.0,6000.0,HiGHS LP
0.25,2025-02-25,68374.8621855398,3386.5952523229535,1823.0097785666849,41468.694424852445,12532.81007435934,54001.504499211784,1,6000.0,6000.0,HiGHS LP
0.25,2025-02-26,67883.29904836268,5401.2106247695165,371.7065677412379,40999.794566035605,21029.16389839255,62028.95846442816,1,6000.0,6000.0,HiGHS LP
0.25,2025-02-27,67936.37653892949,4337.101954303683,1213.9054141758027,41169.65901367972,19348.11867439997,60517.77768807969,1,6000.0,6000.0,HiGHS LP
0.25,2025-02-28,30618.37058269487,4332.490961260029,8497.922558578444,15529.157603531468,16166.217055532585,31695.37465906405,1,6000.0,6000.0,HiGHS LP
0.25,2025-03-01,31668.392786439123,2372.1286355132615,7198.298413510923,16170.933538269053,9950.628269303796,26121.56180757285,1,6000.0,6000.0,HiGHS LP
0.25,2025-03-02,64559.432069391456,12041.40446221278,145.20887786273653,39229.39695060367,45066.6398557138,84296.03680631747,1,6000.0,6000.0,HiGHS LP
0.25,2025-03-03,66970.91511784305,9744.522874694225,581.0127221787845,40995.36925357479,37198.07377064233,78193.44302421712,1,6000.0,6000.0,HiGHS LP
0.25,2025-03-04,68378.6634164449,5578.003154124031,607.2217871058208,41801.93213448122,19381.0296606039,61182.961795085124,1,6000.0,6000.0,HiGHS LP
0.25,2025-03-05,68535.72156991652,2968.0404212477247,1227.9295997115441,41754.436736221505,11153.466336948808,52907.90307317031,1,6000.0,6000.0,HiGHS LP
0.25,2025-03-06,68408.27209493925,3174.3138782797987,1493.7495208266755,41786.6485994643,11365.776368199293,53152.424967663595,1,6000.0,6000.0,HiGHS LP
0.25,2025-03-07,30103.180497498186,3688.5498551605265,9829.444819325377,15591.118148015754,13622.406879529979,29213.525027545733,1,6000.0,6000.0,HiGHS LP
0.25,2025-03-08,29127.77468489143,2474.6383071240543,9499.27347534881,15167.99067496328,7355.152126417674,22523.142801380953,1,6000.0,6000.0,HiGHS LP
0.25,2025-03-09,64461.7818567106,4171.509835780106,1184.416571963725,38857.65704049094,16531.221703952207,55388.87874444315,1,6000.0,6000.0,HiGHS LP
0.25,2025-03-10,64731.177085631556,7754.602177221375,320.4101419950024,39058.00205595604,27223.352321108294,66281.35437706433,1,6000.0,6000.0,HiGHS LP
0.25,2025-03-11,65655.97181551837,3528.3275384242343,1123.9578532031544,39534.75369751328,12979.934619806307,52514.68831731959,1,6000.0,6000.0,HiGHS LP
0.25,2025-03-12,63044.92656878835,3858.4337754391768,370.362879993188,37721.33886025576,15042.545135907849,52763.88399616361,1,6000.0,6000.0,HiGHS LP
0.25,2025-03-13,63560.41163749431,8546.882850636182,458.4372764395261,38194.079856777054,32178.103150543066,70372.18300732013,1,6000.0,6000.0,HiGHS LP
0.25,2025-03-14,28586.130052885368,2437.8133814796083,11954.517451031645,14639.654290066665,9190.132125845306,23829.78641591197,1,6000.0,6000.0,HiGHS LP
0.25,2025-03-15,28004.15369089482,4079.8830184834956,8119.911559378313,14182.916362729435,14842.36813502496,29025.284497754394,1,6000.0,6000.0,HiGHS LP
0.25,2025-03-16,63458.56646993092,4856.437413642686,849.6837846608087,38168.68727963076,18494.90075818402,56663.58803781478,1,6000.0,6000.0,HiGHS LP
0.25,2025-03-17,63563.274598654985,1497.9526057600256,3089.8973923100793,38006.6502623544,5883.212574099289,43889.862836453685,1,6000.0,6000.0,HiGHS LP
0.25,2025-03-18,60694.55951359592,4884.276816436116,377.446325735393,36155.2799304438,20894.323907419173,57049.603837862975,1,6000.0,6000.0,HiGHS LP
0.25,2025-03-19,61902.50008104331,2995.8858315214716,1336.1442533407333,36917.35708595518,12911.496496054493,49828.85358200967,1,6000.0,6000.0,HiGHS LP
0.25,2025-03-20,59768.54226050381,6669.95930421754,167.0680240805179,35660.348498013045,26680.082865548855,62340.431363561904,1,6000.0,6000.0,HiGHS LP
0.25,2025-03-21,28205.300090504854,1607.692076068213,14739.527649906395,14349.09498753527,5530.766021925165,19879.861009460437,1,6000.0,6000.0,HiGHS LP
0.25,2025-03-22,27946.84487852612,3085.9148610652437,12111.560006258027,14068.082399608193,11151.001665929485,25219.084065537678,1,6000.0,6000.0,HiGHS LP
0.25,2025-03-23,61215.89177819745,3976.623021072255,2319.434970615516,36499.29296054179,15592.31552836822,52091.60848891001,1,6000.0,6000.0,HiGHS LP
0.25,2025-03-24,59636.29930047211,3272.7027714515275,870.3610862826994,35629.669868436526,12787.33688455433,48417.006752990856,1,6000.0,6000.0,HiGHS LP
0.25,2025-03-25,60565.13076673675,5359.66450347251,888.517459176993,36143.8794640546,20745.78406995855,56889.66353401315,1,6000.0,6000.0,HiGHS LP
0.25,2025-03-26,59165.3613086642,2515.044486223608,2034.4246557540907,35184.826118449186,10314.43109125271,45499.2572097019,1,6000.0,6000.0,HiGHS LP
0.25,2025-03-27,58345.98850954682,4930.312799489548,571.4225503208611,34821.76334713629,20088.413776457375,54910.17712359367,1,6000.0,6000.0,HiGHS LP
0.25,2025-03-28,27428.76325866962,1605.8767211144095,15172.75921311736,13707.747351725775,5795.119013656863,19502.866365382637,1,6000.0,6000.0,HiGHS LP
0.25,2025-03-29,28129.64224976055,1238.44340754173,18620.876473968943,14125.807985702968,4764.886365289907,18890.694350992875,1,6000.0,6000.0,HiGHS LP
0.25,2025-03-30,55889.01856720158,3958.344144780443,518.84023482439,33379.43167120623,16311.85019012382,49691.28186133005,1,6000.0,6000.0,HiGHS LP
0.25,2025-03-31,57601.40857809603,4661.965448428685,1344.4620503267956,34364.12970456451,17942.635366830844,52306.765071395355,1,6000.0,6000.0,HiGHS LP
0.25,2025-04-01,56050.96817139132,8484.523391257038,357.6437815913275,33366.61419146498,29277.01929362218,62643.63348508716,1,6000.0,6000.0,HiGHS LP
0.25,2025-04-02,55690.35923101671,9384.431644712917,658.4889586826234,33243.06776483657,36473.239396409655,69716.30716124622,1,6000.0,6000.0,HiGHS LP
0.25,2025-04-03,55962.343040618536,4453.053445201258,558.1981347426517,33275.916259777536,18992.522622665358,52268.43888244289,1,6000.0,6000.0,HiGHS LP
0.25,2025-04-04,26307.912570683824,1643.110574044232,18480.220894728052,12841.03115501489,6414.480002298941,19255.51115731383,1,6000.0,6000.0,HiGHS LP
0.25,2025-04-05,26367.443491679533,4761.8059174547325,16045.134425800934,12887.52946471239,19505.50877685015,32393.038241562543,1,6000.0,6000.0,HiGHS LP
0.25,2025-04-06,52683.831664880476,5778.172127665431,213.6459136539643,31637.85430555376,21593.294608655775,53231.14891420954,1,6000.0,6000.0,HiGHS LP
0.25,2025-04-07,53677.2369490345,4939.415791233397,1457.6199570614062,32105.899394834487,17332.465037321017,49438.364432155504,1,6000.0,6000.0,HiGHS LP
0.25,2025-04-08,54478.119981380645,4405.733118391876,618.3771498475869,32589.692580465966,19258.670613947485,51848.363194413454,1,6000.0,6000.0,HiGHS LP
0.25,2025-04-09,55353.48397001631,8163.858112843178,423.4659892190216,33152.5807311752,29923.653443366067,63076.23417454127,1,6000.0,6000.0,HiGHS LP
0.25,2025-04-10,54713.073820334306,4472.728657697702,779.9525763235404,32745.834161754996,18860.650679005943,51606.48484076094,1,6000.0,6000.0,HiGHS LP
0.25,2025-04-11,26019.927558673393,1687.7084110674289,19350.98580307416,12654.018429714548,6206.6561033046,18860.674533019148,1,6000.0,6000.0,HiGHS LP
0.25,2025-04-12,26524.457299583435,2759.3175342361833,17218.614283819617,12988.38227690733,11549.010664206478,24537.39294111381,1,6000.0,6000.0,HiGHS LP
0.25,2025-04-13,51638.2701923455,6868.00259925578,467.8588307596603,31070.08435062236,26532.463406137977,57602.54775676034,1,6000.0,6000.0,HiGHS LP
0.25,2025-04-14,51036.68968140664,5774.897911601271,546.3245941396672,30615.686328437318,21159.208878379657,51774.895206816975,1,6000.0,6000.0,HiGHS LP
0.25,2025-04-15,51208.2801573977,4896.621025300492,2221.56781084614,30694.626200334293,20557.640197991717,51252.26639832601,1,6000.0,6000.0,HiGHS LP
0.25,2025-04-16,50803.463384022005,8734.079189978333,68.43562779540503,30569.229441464337,31528.747991565106,62097.977433029446,1,6000.0,6000.0,HiGHS LP
0.25,2025-04-17,52194.95187782323,4999.893154158383,538.8414885147145,31440.7838794685,19931.075280178047,51371.85915964655,1,6000.0,6000.0,HiGHS LP
0.25,2025-04-18,25181.446428560994,2562.852980178006,18350.18222540566,12046.880173257181,9807.826928794895,21854.707102052074,1,6000.0,6000.0,HiGHS LP
0.25,2025-04-19,25747.561977630154,1696.1669746747402,17619.049702304896,12460.828741985631,6311.8004521350085,18772.62919412064,1,6000.0,6000.0,HiGHS LP
0.25,2025-04-20,51917.35572495244,4534.219267977639,768.9356516180612,31203.490995152773,17732.187554810876,48935.678549963646,1,6000.0,6000.0,HiGHS LP
0.25,2025-04-21,52897.56826161569,1906.9870619758176,2497.6842115370973,31651.544741251164,6595.146698063891,38246.69143931505,1,6000.0,6000.0,HiGHS LP
0.25,2025-04-22,50218.29011626373,6569.739268339568,1022.1392154236238,30158.131323774454,23867.453996387507,54025.58532016196,1,6000.0,6000.0,HiGHS LP
0.25,2025-04-23,53292.5747098581,3887.9730724201454,2020.607565096342,31943.428719085496,12855.79735915071,44799.22607823621,1,6000.0,6000.0,HiGHS LP
0.25,2025-04-24,51025.18947904384,2169.8076133874915,2467.0241064750344,30595.701086545836,7811.836707766141,38407.537794311975,1,6000.0,6000.0,HiGHS LP
0.25,2025-04-25,24862.050032062776,1279.293999169904,21098.526929490752,11860.515033561072,5163.366046075317,17023.88107963639,1,6000.0,6000.0,HiGHS LP
0.25,2025-04-26,24385.298276549896,3993.0215118546735,25267.974879185535,11482.555576988934,16704.31474228806,28186.870319276997,1,6000.0,6000.0,HiGHS LP
0.25,2025-04-27,48450.50519741527,5562.13025414854,1985.5316333176452,28941.833730301714,23993.482938162902,52935.31666846461,1,6000.0,6000.0,HiGHS LP
0.25,2025-04-28,49998.54906797144,10636.659341796785,482.11042027357814,30091.928969199158,40243.09071194721,70335.01968114637,1,6000.0,6000.0,HiGHS LP
0.25,2025-04-29,50506.77416174681,2799.674935466449,2266.6390305724244,30327.09238855351,10300.683320994642,40627.77570954815,1,6000.0,6000.0,HiGHS LP
0.25,2025-04-30,48455.159159798015,5369.894413782098,2119.113761929315,28978.425992736786,18441.369321143036,47419.79531387982,1,6000.0,6000.0,HiGHS LP
0.25,2025-05-01,49582.98598012756,6552.078801400675,1673.8869525425682,29960.757585849628,29021.074008011594,58981.83159386122,1,6000.0,6000.0,HiGHS LP
0.25,2025-05-02,25864.022329522944,7311.351564898323,15845.053811087932,12707.787974431243,31344.801017825233,44052.588992256475,1,6000.0,6000.0,HiGHS LP
0.25,2025-05-03,26882.4103605263,4153.001109982681,19128.23982050898,13459.083262033542,18179.832978837145,31638.916240870687,1,6000.0,6000.0,HiGHS LP
0.25,2025-05-04,51233.891731505435,5510.597148320064,1553.55031000383,31512.265455215093,19131.589972609243,50643.85542782434,1,6000.0,6000.0,HiGHS LP
0.25,2025-05-05,49908.30314338519,8880.719465737435,392.60997471063826,30725.19431402994,37556.21902717382,68281.41334120376,1,6000.0,6000.0,HiGHS LP
0.25,2025-05-06,51039.735272286896,6083.989420120352,862.9908843015598,31538.578699407783,26162.00420392976,57700.58290333754,1,6000.0,6000.0,HiGHS LP
0.25,2025-05-07,52220.600806698916,6705.584711674504,450.8636126694816,32252.16249986413,29081.780134902132,61333.94263476627,1,6000.0,6000.0,HiGHS LP
0.25,2025-05-08,51359.233335515426,8564.740189973796,673.259834797627,31773.8742320756,33320.98438640347,65094.85861847907,1,6000.0,6000.0,HiGHS LP
0.25,2025-05-09,26814.52259168271,2578.4527817781673,17853.589523460876,13682.696118150667,10673.172406665126,24355.868524815793,1,6000.0,6000.0,HiGHS LP
0.25,2025-05-10,25117.11244030174,6008.60342713008,15962.614352515204,12283.52182237742,25586.313734996278,37869.8355573737,1,6000.0,6000.0,HiGHS LP
0.25,2025-05-11,53347.508780770055,6420.994065525481,822.0199140025163,32969.013146341604,25554.288629717892,58523.301776059496,1,6000.0,6000.0,HiGHS LP
0.25,2025-05-12,54000.252905001034,3888.212361154004,2480.623218054659,33404.23142674866,12181.305879544685,45585.53730629334,1,6000.0,6000.0,HiGHS LP
0.25,2025-05-13,49069.83888217967,7551.320419984795,254.27152438470242,30166.440040096084,31696.486839866608,61862.92687996269,1,6000.0,6000.0,HiGHS LP
0.25,2025-05-14,50165.1762358002,6530.927094645119,378.99739848899884,30731.966147238287,26174.699183572804,56906.66533081109,1,6000.0,6000.0,HiGHS LP
0.25,2025-05-15,51489.18660111366,5772.848749806639,1171.0223745437943,31759.70170870537,23396.946480011284,55156.64818871665,1,6000.0,6000.0,HiGHS LP
0.25,2025-05-16,26461.41808674398,1621.2422079554563,22327.1537613661,13462.504461350161,5703.0800547863655,19165.58451613653,1,6000.0,6000.0,HiGHS LP
0.25,2025-05-17,26374.51102232036,4639.728160749555,17525.44009973658,13356.706276348097,19647.41497323098,33004.12124957908,1,6000.0,6000.0,HiGHS LP
0.25,2025-05-18,51570.16069293581,6426.3592112337465,1060.1524706055693,31887.99442549204,23048.977370691337,54936.97179618338,1,6000.0,6000.0,HiGHS LP
0.25,2025-05-19,50708.958268015405,3530.704572375217,3487.6749731070627,31021.218429039494,15753.072298704454,46774.29072774395,1,6000.0,6000.0,HiGHS LP
0.25,2025-05-20,50305.18406941173,7826.540423587579,334.3447416819863,30890.188119407205,30410.028016576303,61300.21613598351,1,6000.0,6000.0,HiGHS LP
0.25,2025-05-21,49765.77515700323,6500.919537894328,1681.634077415872,30556.803394093473,27167.895150190176,57724.698544283645,1,6000.0,6000.0,HiGHS LP
0.25,2025-05-22,50872.29587398197,4293.215561274302,1080.0482169655506,31309.26291866587,17114.980251686575,48424.24317035245,1,6000.0,6000.0,HiGHS LP
0.25,2025-05-23,25144.8873323862,3837.1089643998225,19518.572420853514,12427.384302691635,15504.290530854429,27931.674833546065,1,6000.0,6000.0,HiGHS LP
0.25,2025-05-24,25372.26988537626,2160.150265662047,20736.198847557633,12533.831864759513,8490.50537117921,21024.33723593872,1,6000.0,6000.0,HiGHS LP
0.25,2025-05-25,48995.591065579356,4081.053822561589,1330.5962497977175,29984.62910525882,17070.62336395968,47055.252469218496,1,6000.0,6000.0,HiGHS LP
0.25,2025-05-26,48318.76810579571,9713.040429619481,310.4119475497427,29608.84715878155,38719.718215667184,68328.56537444874,1,6000.0,6000.0,HiGHS LP
0.25,2025-05-27,49843.02896089145,4162.334952622356,1366.9445208070483,30605.011215454426,17632.8376874085,48237.84890286293,1,6000.0,6000.0,HiGHS LP
0.25,2025-05-28,50556.14311539671,7021.466567342586,2046.6496694172201,30885.078782343127,26591.541378753212,57476.62016109634,1,6000.0,6000.0,HiGHS LP
0.25,2025-05-29,50303.671262065225,7683.68270775112,590.2850814611935,30804.381844030017,31678.73164162661,62483.11348565663,1,6000.0,6000.0,HiGHS LP
0.25,2025-05-30,25053.457118422935,4329.120269990751,19744.717404822524,12412.542972314586,17240.5995443798,29653.142516694385,1,6000.0,6000.0,HiGHS LP
0.25,2025-05-31,25366.546036147334,3864.7037593858286,17801.091056598314,12508.841931486888,15718.659383060665,28227.501314547553,1,6000.0,6000.0,HiGHS LP
0.25,2025-06-01,54734.9071565884,20057.20094571724,77.6582880393778,33463.305051202726,77464.05267790958,110927.35772911231,1,6000.0,6000.0,HiGHS LP
0.25,2025-06-02,60026.417154275754,12821.406562711916,675.9628660569102,37953.48559425074,49791.47268792805,87744.95828217879,1,6000.0,6000.0,HiGHS LP
0.25,2025-06-03,63075.090130168945,9051.514969147542,322.91915659288463,39322.98961591156,35868.71406321971,75191.70367913127,1,6000.0,6000.0,HiGHS LP
0.25,2025-06-04,66259.47837363437,7776.502696702339,687.7241828463093,41153.69073541103,26296.400627314888,67450.09136272591,1,6000.0,6000.0,HiGHS LP
0.25,2025-06-05,66806.29422418034,8712.452695017619,704.1640945630498,41555.19434885826,32563.77135529904,74118.96570415731,1,6000.0,6000.0,HiGHS LP
0.25,2025-06-06,32764.657672689482,9099.406645545412,7969.0689182348915,18406.95861587474,34626.66210954386,53033.6207254186,1,6000.0,6000.0,HiGHS LP
0.25,2025-06-07,32930.69185214731,5634.5214388158165,4398.700124296458,18228.892557549418,20600.576095697194,38829.468653246615,1,6000.0,6000.0,HiGHS LP
0.25,2025-06-08,77242.49625593318,944.4407144381119,8750.112291096419,47838.4836193903,3283.210155298573,51121.69377468887,1,6000.0,6000.0,HiGHS LP
0.25,2025-06-09,68168.15112583197,7198.223265079994,737.6947339915487,41933.00608660448,28845.327216331767,70778.33330293625,1,6000.0,6000.0,HiGHS LP
0.25,2025-06-10,70232.34622498517,5979.694294217346,688.4828490459491,42963.681636470246,22852.87627142383,65816.55790789408,1,6000.0,6000.0,HiGHS LP
0.25,2025-06-11,70505.72953599527,9923.288017606932,314.95165900464264,43048.158139861174,41402.14179515087,84450.29993501204,1,6000.0,6000.0,HiGHS LP
0.25,2025-06-12,74467.89191232619,4004.4974876104147,1775.117107149601,45835.635235167574,15241.252784576696,61076.88801974427,1,6000.0,6000.0,HiGHS LP
0.25,2025-06-13,32025.07579010784,4057.925603085758,4697.6876931936,17803.752325826175,15002.424453695945,32806.176779522124,1,6000.0,6000.0,HiGHS LP
0.25,2025-06-14,32807.46561299888,3795.835730164541,7369.958593163424,18189.369835802667,12858.70861326209,31048.078449064757,1,6000.0,6000.0,HiGHS LP
0.25,2025-06-15,69920.19128065208,5887.09268239376,1227.4243852323152,42956.92499290264,22672.996426337013,65629.92141923966,1,6000.0,6000.0,HiGHS LP
0.25,2025-06-16,71090.29094732071,6250.760164994328,539.9275502861861,43220.98892073471,24906.42826964749,68127.4171903822,1,6000.0,6000.0,HiGHS LP
0.25,2025-06-17,72407.30371193677,7297.484998945837,851.7376363893623,44038.55105601813,29004.980687346364,73043.5317433645,1,6000.0,6000.0,HiGHS LP
0.25,2025-06-18,73085.1535617336,3936.201977439733,1876.4978662736828,44524.57860178118,14874.253468348092,59398.83207012927,1,6000.0,6000.0,HiGHS LP
0.25,2025-06-19,70995.82311654965,3518.331618987126,2174.0867898065126,43482.868117414095,13935.624842950607,57418.4929603647,1,6000.0,6000.0,HiGHS LP
0.25,2025-06-20,32530.42318826871,1400.4499841007378,8490.29232236945,18219.10126366828,4985.617027217305,23204.718290885583,1,6000.0,6000.0,HiGHS LP
0.25,2025-06-21,32461.60856670495,1769.4834553353398,11856.351622040285,18031.18348204094,6752.066247988372,24783.24973002931,1,6000.0,6000.0,HiGHS LP
0.25,2025-06-22,68428.52087838193,4916.63544169805,1954.3239563184698,41527.72906999054,19148.89513068236,60676.6242006729,1,6000.0,6000.0,HiGHS LP
0.25,2025-06-23,69918.24547451604,3420.631740411879,2269.535071825024,42672.875658535806,15247.240697786927,57920.11635632273,1,6000.0,6000.0,HiGHS LP
0.25,2025-06-24,64850.28440913488,15277.58544994569,96.02601845058825,39378.73229946793,61299.95780008484,100678.69009955277,1,6000.0,6000.0,HiGHS LP
0.25,2025-06-25,72888.36047365938,3721.8201012804625,1952.3759924880037,44481.416907857274,14185.817117085346,58667.23402494262,1,6000.0,6000.0,HiGHS LP
0.25,2025-06-26,70094.31020418566,4331.013728789383,2782.4072255040383,42557.59421969345,18871.008532881875,61428.60275257532,1,6000.0,6000.0,HiGHS LP
0.25,2025-06-27,31289.496147698836,1457.0628416013724,9934.913122633545,17183.50428752368,5486.2478337245775,22669.752121248257,1,6000.0,6000.0,HiGHS LP
0.25,2025-06-28,31514.71741666177,2189.2834702966065,8887.074770291707,17284.78321836148,7684.718180396041,24969.501398757522,1,6000.0,6000.0,HiGHS LP
0.25,2025-06-29,70320.18799374322,4694.468046215206,1658.6753573249343,42788.79486540276,16807.908846205515,59596.70371160827,1,6000.0,6000.0,HiGHS LP
0.25,2025-06-30,70246.35324422823,5181.465060125793,1437.4038628128906,42670.513909284404,20007.12581814082,62677.63972742522,1,6000.0,6000.0,HiGHS LP
0.25,2025-07-01,75906.52152622736,9085.019984214698,1852.0660958665103,46688.65637613525,32380.367409200564,79069.02378533581,1,6000.0,6000.0,HiGHS LP
0.25,2025-07-02,79511.7470852579,3404.529554765453,5759.65108960245,49802.46017281678,10010.843663879807,59813.30383669659,1,6000.0,6000.0,HiGHS LP
0.25,2025-07-03,78063.62893822679,6738.823097278953,921.4641427924741,49099.239281072005,24076.43614471545,73175.67542578746,1,6000.0,6000.0,HiGHS LP
0.25,2025-07-04,38814.1374120533,3841.4059238809546,10734.675869267588,22858.709734159078,12846.689417175498,35705.399151334575,1,6000.0,6000.0,HiGHS LP
0.25,2025-07-05,40562.26469470631,2720.9227511547692,11453.107479194412,23850.193807061427,8847.819938646806,32698.01374570823,1,6000.0,6000.0,HiGHS LP
0.25,2025-07-06,75535.85070649945,8611.364805838639,444.2400481457327,47349.93768780654,34945.88299217654,82295.82067998308,1,6000.0,6000.0,HiGHS LP
0.25,2025-07-07,78672.25222180785,2522.663373954534,3629.2504708138713,48953.59093876057,8646.93161826266,57600.52255702323,1,6000.0,6000.0,HiGHS LP
0.25,2025-07-08,80246.4588197478,2955.5820428987436,3518.9711460061426,50012.44808002238,12592.66779014463,62605.115870167014,1,6000.0,6000.0,HiGHS LP
0.25,2025-07-09,74024.15399030685,5363.361898363831,1502.5090020380148,46409.53927902312,20390.100412869942,66799.63969189307,1,6000.0,6000.0,HiGHS LP
0.25,2025-07-10,73558.59586532992,4370.629777963179,1246.8399791193806,46208.35001176138,16880.248596905458,63088.59860866684,1,6000.0,6000.0,HiGHS LP
0.25,2025-07-11,39545.401040161385,4953.81499698884,8940.438887150227,22887.258437121363,18176.463200198854,41063.72163732022,1,6000.0,6000.0,HiGHS LP
0.25,2025-07-12,40196.85348478169,3687.1188161521122,9759.728967600462,23235.46864974056,14472.590995234164,37708.059644974725,1,6000.0,6000.0,HiGHS LP
0.25,2025-07-13,70775.49866296438,4363.948878585497,2172.0501935843504,44459.616552059815,18219.978178181136,62679.59473024095,1,6000.0,6000.0,HiGHS LP
0.25,2025-07-14,65768.66768301206,9855.692163490407,204.35531917781384,41765.25689084618,39056.13336904304,80821.39025988922,1,6000.0,6000.0,HiGHS LP
0.25,2025-07-15,69625.50936742267,8242.672567285337,1386.7483332564207,44063.28755623337,29165.058205058653,73228.34576129203,1,6000.0,6000.0,HiGHS LP
0.25,2025-07-16,69425.68481894334,8120.3698372431745,1587.5023799633334,43745.8418015785,28662.512553898792,72408.35435547729,1,6000.0,6000.0,HiGHS LP
0.25,2025-07-17,68935.95501771456,8053.211991565464,526.4300765878951,43579.85070291087,32866.52163218682,76446.3723350977,1,6000.0,6000.0,HiGHS LP
0.25,2025-07-18,38171.173169366375,5794.091539468373,9651.016608834741,21891.069674332844,22824.888099769414,44715.95777410226,1,6000.0,6000.0,HiGHS LP
0.25,2025-07-19,38179.593699516365,4738.853392585454,12695.628042101827,21909.238516073634,18372.546345092524,40281.78486116616,1,6000.0,6000.0,HiGHS LP
0.25,2025-07-20,68870.98612580396,7680.9175506712545,784.5174229812064,43744.45639512115,28754.35781168169,72498.81420680284,1,6000.0,6000.0,HiGHS LP
0.25,2025-07-21,67293.26583178318,10663.44271835183,294.35718224917593,42636.464773490356,40364.45008453888,83000.91485802924,1,6000.0,6000.0,HiGHS LP
0.25,2025-07-22,70971.51578379658,7346.704323468815,768.1178420515557,44633.23644048792,29021.683363747798,73654.91980423572,1,6000.0,6000.0,HiGHS LP
0.25,2025-07-23,71572.54111353835,6919.234414497344,514.3442919974848,45128.71742660559,27384.086915012325,72512.80434161791,1,6000.0,6000.0,HiGHS LP
0.25,2025-07-24,70313.74180786588,8186.106421361399,1095.1852379521395,44279.16146532452,30874.467957221976,75153.6294225465,1,6000.0,6000.0,HiGHS LP
0.25,2025-07-25,39476.95498973376,2207.159543819276,12138.79496688636,22912.953648060997,8502.968144886425,31415.92179294742,1,6000.0,6000.0,HiGHS LP
0.25,2025-07-26,39664.86718103058,3669.4846888063666,11825.260303170286,22902.706085096335,13725.510166018927,36628.216251115264,1,6000.0,6000.0,HiGHS LP
0.25,2025-07-27,71466.28832842209,6534.6312396121775,610.6302989251772,45025.876756480015,27145.050291423482,72170.9270479035,1,6000.0,6000.0,HiGHS LP
0.25,2025-07-28,72381.39865266596,9853.727955656963,544.9045249615133,45604.84471357918,38399.7285858385,84004.57329941768,1,6000.0,6000.0,HiGHS LP
0.25,2025-07-29,72353.80992862188,8306.226789041166,845.6067990433901,45432.092748373594,31596.58890251899,77028.68165089258,1,6000.0,6000.0,HiGHS LP
0.25,2025-07-30,72322.83954325345,6699.408791613302,1170.7753665655127,45420.785479557075,27040.50652157286,72461.29200112994,1,6000.0,6000.0,HiGHS LP
0.25,2025-07-31,70711.73213169574,8158.215421572235,447.41489935515506,44480.90273711416,32975.50297310135,77456.4057102155,1,6000.0,6000.0,HiGHS LP
0.25,2025-08-01,38321.60989819985,1994.3392132876377,16024.589444820816,22130.251041983276,6844.015896992803,28974.266938976078,1,6000.0,6000.0,HiGHS LP
0.25,2025-08-02,36706.900581152986,3823.0881444711486,16562.963792290808,20892.628371326708,15707.790236952425,36600.418608279135,1,6000.0,6000.0,HiGHS LP
0.25,2025-08-03,67112.01195298403,2756.3282746358727,3393.585093305606,42747.22243345188,10339.225834271187,53086.44826772307,1,6000.0,6000.0,HiGHS LP
0.25,2025-08-04,65782.64853634781,4128.61240512859,916.2534380386439,42153.200399795285,15753.91290695106,57907.113306746345,1,6000.0,6000.0,HiGHS LP
0.25,2025-08-05,65317.77837825054,4611.984785241839,1198.3866134241966,41899.75872770847,17425.243711815845,59325.00243952431,1,6000.0,6000.0,HiGHS LP
0.25,2025-08-06,62752.328917922976,9426.131599919787,577.5667761995418,40334.41726325582,37402.12143993779,77736.53870319361,1,6000.0,6000.0,HiGHS LP
0.25,2025-08-07,69148.54278050901,1628.740771736942,3699.340347706991,44111.22775296368,5919.562668533728,50030.790421497404,1,6000.0,6000.0,HiGHS LP
0.25,2025-08-08,36975.40434886656,2325.105568249952,20485.33866711651,21145.33142702058,9261.77586183892,30407.1072888595,1,6000.0,6000.0,HiGHS LP
0.25,2025-08-09,36186.93449701259,4536.628303408404,18761.63380042099,20535.285247098385,18342.75463767829,38878.03988477668,1,6000.0,6000.0,HiGHS LP
0.25,2025-08-10,62085.14320615146,7595.903007382585,920.3067463995253,39894.0293724388,28889.405303789805,68783.43467622861,1,6000.0,6000.0,HiGHS LP
0.25,2025-08-11,65057.16357285594,4802.185197449104,1742.3013018265674,41751.298271835476,19053.69304110144,60804.991312936916,1,6000.0,6000.0,HiGHS LP
0.25,2025-08-12,63459.99549972676,8416.939344075043,601.6667063935339,40870.27637358719,33992.0251478531,74862.3015214403,1,6000.0,6000.0,HiGHS LP
0.25,2025-08-13,63608.0407542378,6614.9121842672885,582.8566635066154,40592.61762547339,26228.223208708238,66820.84083418162,1,6000.0,6000.0,HiGHS LP
0.25,2025-08-14,62418.465068797115,7632.638204905618,611.4198147323016,40181.73083976405,31431.881111653005,71613.61195141706,1,6000.0,6000.0,HiGHS LP
0.25,2025-08-15,37601.08890105131,2798.5997554730293,20199.961773191004,21684.806579771088,10359.616967338043,32044.42354710913,1,6000.0,6000.0,HiGHS LP
0.25,2025-08-16,38500.813135878554,2623.362534643155,21154.895303855043,22262.199976581123,11282.627133091293,33544.82710967242,1,6000.0,6000.0,HiGHS LP
0.25,2025-08-17,60921.32126925748,6783.582129552757,1136.2168333566703,39144.418372688444,26822.56192477062,65966.98029745906,1,6000.0,6000.0,HiGHS LP
0.25,2025-08-18,63364.042433483206,6094.721656233256,1566.1398262707683,40859.678520151036,26776.94230596831,67636.62082611935,1,6000.0,6000.0,HiGHS LP
0.25,2025-08-19,61561.74640994318,7380.064957947358,1156.785073944476,39581.30616695533,28175.685170283254,67756.99133723858,1,6000.0,6000.0,HiGHS LP
0.25,2025-08-20,63368.67203158921,11480.98198746114,670.40372524693,40835.991268056336,46183.459099032305,87019.45036708863,1,6000.0,6000.0,HiGHS LP
0.25,2025-08-21,64896.98009946582,5598.465716427791,1014.7473304053692,41668.4212186578,21945.315288421567,63613.73650707937,1,6000.0,6000.0,HiGHS LP
0.25,2025-08-22,38292.78685573736,5430.055834765784,19452.27329050314,22122.26209862871,22539.59860478855,44661.86070341726,1,6000.0,6000.0,HiGHS LP
0.25,2025-08-23,37436.63413879055,4213.218851446468,16079.846840237013,21477.587855265156,17626.812087770726,39104.39994303588,1,6000.0,6000.0,HiGHS LP
0.25,2025-08-24,61997.67719040395,6989.611837498856,1758.5541333327542,39757.67428475933,30305.751702603382,70063.42598736272,1,6000.0,6000.0,HiGHS LP
0.25,2025-08-25,62610.98932646953,12305.201874075807,617.7732708516595,40324.77301226083,48659.68331048392,88984.45632274475,1,6000.0,6000.0,HiGHS LP
0.25,2025-08-26,63151.75620228931,6753.575324774594,827.4070881102787,40290.16486732273,28990.328338251074,69280.4932055738,1,6000.0,6000.0,HiGHS LP
0.25,2025-08-27,61227.810809796494,10295.387661370347,117.20139361440562,39352.71416451565,43550.07479700582,82902.78896152147,1,6000.0,6000.0,HiGHS LP
0.25,2025-08-28,64002.01452091695,10852.898446110124,500.48060915393194,40863.880319150754,43349.08630485335,84212.9666240041,1,6000.0,6000.0,HiGHS LP
0.25,2025-08-29,35618.65303644196,5930.061221625511,15953.49390806747,20304.722893584014,24115.47468452638,44420.1975781104,1,6000.0,6000.0,HiGHS LP
0.25,2025-08-30,36510.12384841502,5806.921766987092,20764.325782068783,20945.417157576387,23204.214906656147,44149.63206423253,1,6000.0,6000.0,HiGHS LP
0.25,2025-08-31,63648.423749968795,7480.893336793857,918.6590964647696,40939.30543025043,29527.837338847297,70467.14276909773,1,6000.0,6000.0,HiGHS LP
0.25,2025-09-01,59305.31980776782,3379.626686987177,5675.608390944701,38112.62105287284,11909.5046225182,50022.12567539104,1,6000.0,6000.0,HiGHS LP
0.25,2025-09-02,50233.30877890477,8762.938732504801,1651.8835733327478,31473.02549318901,35400.55128668671,66873.57677987572,1,6000.0,6000.0,HiGHS LP
0.25,2025-09-03,52157.94243449466,8631.027233621357,1806.8354892667853,32733.046154288044,32258.430175233043,64991.47632952109,1,6000.0,6000.0,HiGHS LP
0.25,2025-09-04,51876.86172728584,8456.531867599284,2973.799725114477,32493.771899006428,33823.42453563494,66317.19643464137,1,6000.0,6000.0,HiGHS LP
0.25,2025-09-05,29792.03024534936,1525.010963100542,21452.77954178324,16103.68042262472,5958.664527029136,22062.344949653856,1,6000.0,6000.0,HiGHS LP
0.25,2025-09-06,31070.019500443872,1411.8903045705497,21720.826105014425,17005.655946179017,5615.900360128046,22621.556306307062,1,6000.0,6000.0,HiGHS LP
0.25,2025-09-07,51790.79993815103,8039.995434107268,1380.4631798044927,32396.022643647048,31024.73462701498,63420.75727066203,1,6000.0,6000.0,HiGHS LP
0.25,2025-09-08,45218.779466154025,18839.3173833858,1245.9700166666669,27599.662744012312,72908.46475864277,100508.12750265509,1,6000.0,6000.0,HiGHS LP
0.25,2025-09-09,52801.150151159,5930.264737231171,2068.7984856694993,33069.65049570629,23548.678150591004,56618.3286462973,1,6000.0,6000.0,HiGHS LP
0.25,2025-09-10,52679.34202155877,12427.361327161563,223.93985151433986,32988.605870125844,50570.01778223572,83558.62365236157,1,6000.0,6000.0,HiGHS LP
0.25,2025-09-11,53574.44152469571,5672.071477618574,2069.4539942948863,33295.00237081751,23358.869919414166,56653.87229023167,1,6000.0,6000.0,HiGHS LP
0.25,2025-09-12,28411.500128225773,4233.249327845098,18053.09325607087,15051.879406507893,15276.384716134882,30328.264122642773,1,6000.0,6000.0,HiGHS LP
0.25,2025-09-13,28449.26664127167,3653.185485439658,21055.350643377995,15070.463016333182,13697.9888535395,28768.451869872682,1,6000.0,6000.0,HiGHS LP
0.25,2025-09-14,53854.67614304705,10218.372283599227,172.2158564295418,33596.35645923283,37900.11123500035,71496.46769423319,1,6000.0,6000.0,HiGHS LP
0.25,2025-09-15,57025.70134277769,3869.725332281507,1896.3503242951372,35626.50882581604,15125.272311741133,50751.78113755718,1,6000.0,6000.0,HiGHS LP
0.25,2025-09-16,55603.51798843719,8707.226850211006,875.0410075782465,34727.969869524284,29207.48090032403,63935.450769848314,1,6000.0,6000.0,HiGHS LP
0.25,2025-09-17,59511.756046369475,5788.265068746,1279.4794268922096,37398.83919472674,22984.837974742444,60383.677169469185,1,6000.0,6000.0,HiGHS LP
0.25,2025-09-18,57287.98897020494,6144.521766214974,420.82959852439404,35838.14010016222,24889.68095342589,60727.82105358811,1,6000.0,6000.0,HiGHS LP
0.25,2025-09-19,29915.84049934074,3554.9725913147727,14329.460773988842,16115.121967702036,12402.800657313745,28517.92262501578,1,6000.0,6000.0,HiGHS LP
0.25,2025-09-20,31007.467815403976,3191.786764479698,15513.82084655034,16854.99410984531,12132.428657742812,28987.42276758812,1,6000.0,6000.0,HiGHS LP
0.25,2025-09-21,58703.045567685986,5507.289277796419,1863.8333676209122,36528.661947043045,18800.74389687351,55329.40584391655,1,6000.0,6000.0,HiGHS LP
0.25,2025-09-22,56906.38616550944,7833.402601418984,72.43555026175602,35425.969131472,27985.55392229573,63411.52305376773,1,6000.0,6000.0,HiGHS LP
0.25,2025-09-23,58386.467576318595,7944.5341511691895,161.05281082111628,36351.18004865337,32455.64513867879,68806.82518733216,1,6000.0,6000.0,HiGHS LP
0.25,2025-09-24,57192.45450604684,8066.527463320315,142.4235360338206,35483.985508675614,29216.833058105993,64700.81856678161,1,6000.0,6000.0,HiGHS LP
0.25,2025-09-25,59571.64437930608,5404.402233642923,587.2643796156726,37100.89890597387,19585.208828016086,56686.10773398995,1,6000.0,6000.0,HiGHS LP
0.25,2025-09-26,32183.185720075977,1962.204352513146,13411.146572589123,17655.367935831135,7065.259565064139,24720.627500895273,1,6000.0,6000.0,HiGHS LP
0.25,2025-09-27,30924.059768289662,5883.946601571512,15966.70411986117,16644.36435161283,23099.138567177368,39743.5029187902,1,6000.0,6000.0,HiGHS LP
0.25,2025-09-28,61401.80054750037,6557.855633150839,410.6894513532447,38008.34805780213,25973.538503853117,63981.88656165525,1,6000.0,6000.0,HiGHS LP
0.25,2025-09-29,62240.976290844956,5020.56614433259,438.0859299861188,38567.02802525043,19906.833487151747,58473.861512402174,1,6000.0,6000.0,HiGHS LP
0.25,2025-09-30,64069.87162288786,6209.977537697233,785.5973859637243,39802.81359283922,25864.818992490334,65667.63258532956,1,6000.0,6000.0,HiGHS LP
0.25,2025-10-01,63274.63369843863,603.6920792277572,10141.34511325846,39193.8716760649,1407.5850005524167,40601.456676617316,1,6000.0,6000.0,HiGHS LP
0.25,2025-10-02,60191.36428424496,1356.5100951191873,5761.1975978137325,36927.923234015645,3344.296761757663,40272.21999577331,1,6000.0,6000.0,HiGHS LP
0.25,2025-10-03,28618.697481592102,1758.470024018342,19520.013805610448,14833.446273124235,5498.164820817258,20331.611093941494,1,6000.0,6000.0,HiGHS LP
0.25,2025-10-04,29027.364483845566,2779.838047544511,15671.22009805674,15034.217225055047,9386.535583995199,24420.752809050246,1,6000.0,6000.0,HiGHS LP
0.25,2025-10-05,59352.92047493368,1562.997841217051,2121.3688975573677,36355.10092518119,4453.650717605416,40808.75164278661,1,6000.0,6000.0,HiGHS LP
0.25,2025-10-06,59451.56807773777,3157.6809152189835,818.6670153736816,36433.323965222626,10506.549091132329,46939.873056354954,1,6000.0,6000.0,HiGHS LP
0.25,2025-10-07,59053.095115114236,3624.978117883471,847.8996992581435,36101.92744371505,12901.808128784123,49003.73557249918,1,6000.0,6000.0,HiGHS LP
0.25,2025-10-08,59822.120056121756,2780.7131228195576,2061.933221832778,36027.40366132163,10338.159013454388,46365.56267477602,1,6000.0,6000.0,HiGHS LP
0.25,2025-10-09,57866.050084678776,3503.0231728435692,1554.9521488661871,34848.65846192998,15032.710031726827,49881.36849365681,1,6000.0,6000.0,HiGHS LP
0.25,2025-10-10,29450.121760326605,1789.4535118595716,18855.96435551951,14911.2629466922,6936.187990984233,21847.450937676433,1,6000.0,6000.0,HiGHS LP
0.25,2025-10-11,30001.74411612995,1879.4681733527495,14734.898706149366,15133.361962841773,8381.977302708001,23515.339265549774,1,6000.0,6000.0,HiGHS LP
0.25,2025-10-12,57425.513288596034,5727.11405930362,584.3380312329816,34733.436162526654,22211.223640043536,56944.65980257019,1,6000.0,6000.0,HiGHS LP
0.25,2025-10-13,57298.87100935199,4494.5978973357705,712.7402733544166,34756.34393422556,18638.4028083417,53394.74674256726,1,6000.0,6000.0,HiGHS LP
0.25,2025-10-14,57182.46005608268,7720.415687185994,75.71312660199908,34645.42729111911,31353.440284150325,65998.86757526943,1,6000.0,6000.0,HiGHS LP
0.25,2025-10-15,58139.50119285914,7951.261502438096,117.40571196389544,35300.72138667296,31001.984167604816,66302.70555427778,1,6000.0,6000.0,HiGHS LP
0.25,2025-10-16,58967.886577518955,8249.079666662252,195.07084587743665,35865.515000383326,33940.27617415752,69805.79117454085,1,6000.0,6000.0,HiGHS LP
0.25,2025-10-17,30137.98494566087,3357.672455331922,14451.458084326123,15370.00199898322,14165.15001973426,29535.15201871748,1,6000.0,6000.0,HiGHS LP
0.25,2025-10-18,29776.971903158264,4055.1449671171854,14715.523603608784,15161.553304057114,15935.775548477435,31097.32885253455,1,6000.0,6000.0,HiGHS LP
0.25,2025-10-19,60147.12479868832,7947.973630542454,149.12151143344397,36430.78892273837,34048.84037962096,70479.62930235933,1,6000.0,6000.0,HiGHS LP
0.25,2025-10-20,61004.44573928052,7654.765144249726,152.03756690498824,37106.73563404458,32298.737050456948,69405.47268450152,1,6000.0,6000.0,HiGHS LP
0.25,2025-10-21,61490.95066161069,9160.984021684533,118.17657916750488,37392.62930643376,35820.59214413595,73213.22145056972,1,6000.0,6000.0,HiGHS LP
0.25,2025-10-22,61829.03904111458,8009.884214326719,207.8298463483692,37423.65269688139,33392.09638466893,70815.74908155031,1,6000.0,6000.0,HiGHS LP
0.25,2025-10-23,63576.67630627873,4709.17884516833,826.6731266909985,38686.71818738934,19367.344622933342,58054.062810322685,1,6000.0,6000.0,HiGHS LP
0.25,2025-10-24,29818.875599792504,3921.869980383743,12249.062957338112,15124.536460058685,17066.489521493306,32191.02598155199,1,6000.0,6000.0,HiGHS LP
0.25,2025-10-25,30468.07765190452,3633.829780851364,11623.3904453208,15627.154610049636,14888.058816223285,30515.213426272923,1,6000.0,6000.0,HiGHS LP
0.25,2025-10-26,64413.76456812442,4517.728892204928,293.64990262316394,39327.56083591827,17586.653074706122,56914.2139106244,1,6000.0,6000.0,HiGHS LP
0.25,2025-10-27,63899.12629711453,5219.560103443509,1475.22682683559,38821.90065876334,22223.948002064935,61045.84866082828,1,6000.0,6000.0,HiGHS LP
0.25,2025-10-28,64101.75374169919,6182.856274338612,216.7283627124799,39098.99319439475,24956.43712927626,64055.43032367101,1,6000.0,6000.0,HiGHS LP
0.25,2025-10-29,65379.37097065875,8332.788892681385,287.92203395857723,40005.492410242165,33287.78036082993,73293.2727710721,1,6000.0,6000.0,HiGHS LP
0.25,2025-10-30,66811.79422980835,3058.985688704288,952.9481264411359,41015.69293132152,12034.936666429268,53050.62959775079,1,6000.0,6000.0,HiGHS LP
0.25,2025-10-31,32021.773217129507,3511.3807171850526,8420.904214344706,16674.224673760116,13150.273017768703,29824.49769152882,1,6000.0,6000.0,HiGHS LP
0.25,2025-11-01,32419.21231862113,2473.81387404836,9114.948923307787,16914.445345520482,8806.752297194213,25721.197642714695,1,6000.0,6000.0,HiGHS LP
0.25,2025-11-02,68275.37039757957,4885.867145492646,191.03115236058866,41764.310992822066,20360.418653082437,62124.7296459045,1,6000.0,6000.0,HiGHS LP
0.25,2025-11-03,69243.47768552632,4913.719423445955,440.56559470800823,42516.65492113338,16726.234864148802,59242.88978528218,1,6000.0,6000.0,HiGHS LP
0.25,2025-11-04,71170.14452766157,2546.2066697965774,1830.3132825861194,43731.112405259795,10261.816255916263,53992.92866117606,1,6000.0,6000.0,HiGHS LP
0.25,2025-11-05,71640.02022375069,3010.514631638959,684.8444988589135,44229.554341286654,10879.053777254167,55108.60811854082,1,6000.0,6000.0,HiGHS LP
0.25,2025-11-06,68991.01773338663,6861.335681777731,270.7995398628933,42212.202699773756,27654.909948212546,69867.1126479863,1,6000.0,6000.0,HiGHS LP
0.25,2025-11-07,32020.296554260764,2270.2788352602556,7727.03725234342,16660.17459428845,9340.464033164242,26000.638627452696,1,6000.0,6000.0,HiGHS LP
0.25,2025-11-08,33024.072154656584,1142.0856102275545,7097.849709826954,17289.06023464598,4133.3049312411,21422.36516588708,1,6000.0,6000.0,HiGHS LP
0.25,2025-11-09,71494.62352577662,4566.465441966123,373.5818978364786,43846.932266572534,17916.290698144545,61763.222964717075,1,6000.0,6000.0,HiGHS LP
0.25,2025-11-10,73272.46829326617,5274.879932165619,290.11113409932386,45159.96782143718,20101.32065832025,65261.28847975743,1,6000.0,6000.0,HiGHS LP
0.25,2025-11-11,73125.81092443259,3232.964279322797,395.2906243456063,44981.39847474493,13125.235580874149,58106.63405561908,1,6000.0,6000.0,HiGHS LP
0.25,2025-11-12,74621.48400259737,2070.104624631597,1307.8272566078977,46171.422321025115,8968.952953171138,55140.37527419625,1,6000.0,6000.0,HiGHS LP
0.25,2025-11-13,74072.67442153988,3668.346732305875,921.0562419874507,45847.10618095608,13337.434922663742,59184.54110361982,1,6000.0,6000.0,HiGHS LP
0.25,2025-11-14,33168.15875770272,2720.578811398785,4970.494259139482,17420.06258454716,9421.319972151872,26841.38255669903,1,6000.0,6000.0,HiGHS LP
0.25,2025-11-15,33590.357640224356,2216.881593528176,4249.15758486216,17648.435593060873,8286.347136018381,25934.782729079256,1,6000.0,6000.0,HiGHS LP
0.25,2025-11-16,74953.43861332981,4473.715266450197,555.5253729590073,46339.42641928865,17629.188359049607,63968.614778338255,1,6000.0,6000.0,HiGHS LP
0.25,2025-11-17,77210.56515172814,1520.423013869594,1614.2654032109974,48158.4536361835,5558.565214817572,53717.01885100107,1,6000.0,6000.0,HiGHS LP
0.25,2025-11-18,73841.10657907801,5797.682814214544,306.970983447213,45463.41646880866,21433.07161966001,66896.48808846867,1,6000.0,6000.0,HiGHS LP
0.25,2025-11-19,75771.47881057125,4191.749456067773,170.5845071052759,46951.91349866823,16730.246306117562,63682.1598047858,1,6000.0,6000.0,HiGHS LP
0.25,2025-11-20,76923.04509477294,3249.8505877070593,957.776403014654,47970.95100885369,11920.435279947182,59891.38628880087,1,6000.0,6000.0,HiGHS LP
0.25,2025-11-21,33913.53899906878,2198.470327510827,3837.610090943641,17860.4358050469,6779.0314081000015,24639.467213146905,1,6000.0,6000.0,HiGHS LP
0.25,2025-11-22,33464.97215626424,2743.9752817623876,2601.8660387179034,17489.28679815425,9952.949000984521,27442.235799138773,1,6000.0,6000.0,HiGHS LP
0.25,2025-11-23,77242.69571062693,3635.904385433266,1232.08014830063,48053.274784578505,14637.85887488941,62691.133659467916,1,6000.0,6000.0,HiGHS LP
0.25,2025-11-24,77664.37488542996,2512.9150150528653,1588.7373408223848,48440.563915632534,9561.75159731659,58002.31551294912,1,6000.0,6000.0,HiGHS LP
0.25,2025-11-25,78621.74866193734,2619.928082014468,654.6691508373389,49134.901152682476,9551.426737129877,58686.32788981235,1,6000.0,6000.0,HiGHS LP
0.25,2025-11-26,77661.2046252141,3939.2351451844906,421.368900347745,48347.034436642425,14974.825379082507,63321.859815724936,1,6000.0,6000.0,HiGHS LP
0.25,2025-11-27,79200.81969202137,2218.0382249592867,1218.738154559812,49613.58637473242,8703.185187807758,58316.771562540176,1,6000.0,6000.0,HiGHS LP
0.25,2025-11-28,33606.02377084609,3066.238906443905,2335.506410847668,17629.478990498825,11752.635665294365,29382.11465579319,1,6000.0,6000.0,HiGHS LP
0.25,2025-11-29,35064.026942065146,5364.828407399411,2015.598837237073,18556.87159240108,18342.458978505674,36899.33057090675,1,6000.0,6000.0,HiGHS LP
0.25,2025-11-30,81472.03355981462,3759.579890204256,488.1492394130733,51170.812687077516,13619.142153433811,64789.95484051133,1,6000.0,6000.0,HiGHS LP
0.25,2025-12-01,80501.15212858317,10355.458651744833,111.35545562461539,50462.967729740245,38643.3064977638,89106.27422750404,1,6000.0,6000.0,HiGHS LP
0.25,2025-12-02,85665.30854450093,8219.014700532796,570.7702444886112,54470.791825234475,29425.262471773218,83896.0542970077,1,6000.0,6000.0,HiGHS LP
0.25,2025-12-03,86209.75247679878,6127.3554748754705,528.6945212328911,54186.372474621865,21960.534076150987,76146.90655077285,1,6000.0,6000.0,HiGHS LP
0.25,2025-12-04,87789.28520458874,4135.34754916887,466.50986693353906,55477.54729763676,16069.096738725875,71546.64403636263,1,6000.0,6000.0,HiGHS LP
0.25,2025-12-05,42246.80880116052,3930.500307926493,859.9135716497857,21745.10574722055,16157.892673043698,37902.99842026425,1,6000.0,6000.0,HiGHS LP
0.25,2025-12-06,44171.99072068134,4008.235156258236,550.7138707131757,22851.556406943408,14191.558430822319,37043.11483776572,1,6000.0,6000.0,HiGHS LP
0.25,2025-12-07,90284.25747991522,3166.5988595021404,1079.841756084029,57262.87255029569,12206.193981162849,69469.06653145853,1,6000.0,6000.0,HiGHS LP
0.25,2025-12-08,87443.81664806564,6242.266806767213,1157.020012189112,54378.59591065258,25830.7629681449,80209.35887879747,1,6000.0,6000.0,HiGHS LP
0.25,2025-12-09,91201.37780172868,2597.7145664108502,1685.6781601731059,57735.98354204807,11838.423486343338,69574.4070283914,1,6000.0,6000.0,HiGHS LP
0.25,2025-12-10,88880.28140466163,4776.759725994617,551.0893306562486,56049.93387575146,17502.424223305883,73552.35809905734,1,6000.0,6000.0,HiGHS LP
0.25,2025-12-11,91861.8609875775,1227.3906856182068,2374.015297675918,58432.56996338694,4254.454486548873,62687.02444993581,1,6000.0,6000.0,HiGHS LP
0.25,2025-12-12,42030.281512389774,5964.27574345591,367.8071424515384,21625.993999986,21713.05254790233,43339.04654788833,1,6000.0,6000.0,HiGHS LP
0.25,2025-12-13,46990.59386993317,2229.109187942747,1370.5736887231183,24298.135504718004,9340.876006038568,33639.01151075657,1,6000.0,6000.0,HiGHS LP
0.25,2025-12-14,91038.89512633851,2896.002157795861,417.94113483558374,57706.226765434025,11406.471081881898,69112.69784731593,1,6000.0,6000.0,HiGHS LP
0.25,2025-12-15,91606.43330193963,3127.8186153696297,517.1165568008817,58140.96958122932,11178.289680188453,69319.25926141777,1,6000.0,6000.0,HiGHS LP
0.25,2025-12-16,90892.0380451665,3735.6206208043372,471.6133541359032,57513.23487381212,14381.433287455056,71894.66816126718,1,6000.0,6000.0,HiGHS LP
0.25,2025-12-17,92679.24204827272,1599.8878405898388,1334.538479234997,58829.57733414045,5695.897447480403,64525.474781620855,1,6000.0,6000.0,HiGHS LP
0.25,2025-12-18,90259.62834563144,3174.4569270022653,1345.3876185500692,57052.71104165337,12829.79596592701,69882.50700758038,1,6000.0,6000.0,HiGHS LP
0.25,2025-12-19,45093.012264773744,2832.120200819867,1052.1309797155482,23136.001670846017,11747.799974200128,34883.801645046144,1,6000.0,6000.0,HiGHS LP
0.25,2025-12-20,45184.71435148448,2671.245145173877,1055.153817473755,23220.886805723447,10869.258122684358,34090.144928407804,1,6000.0,6000.0,HiGHS LP
0.25,2025-12-21,89846.23639511131,4438.006473899265,503.5819196758946,56749.99577245518,16767.65861777618,73517.65439023136,1,6000.0,6000.0,HiGHS LP
0.25,2025-12-22,92416.90556245622,2251.4973755686283,957.926733028598,58639.00467578836,8961.090171579173,67600.09484736754,1,6000.0,6000.0,HiGHS LP
0.25,2025-12-23,92262.94271421261,1435.9906698878813,1669.8640894137566,58525.28391178818,5537.959982435649,64063.24389422383,1,6000.0,6000.0,HiGHS LP
0.25,2025-12-24,90910.66286392974,2641.409941397942,940.5419114448893,57594.07813084604,10484.296295605775,68078.37442645182,1,6000.0,6000.0,HiGHS LP
0.25,2025-12-25,90444.21427120735,2853.6296276853013,726.8711560135541,57321.25681520885,10345.56420760262,67666.82102281146,1,6000.0,6000.0,HiGHS LP
0.25,2025-12-26,44202.463336830755,3391.4403575090328,677.8675634041897,22718.036921383427,13081.833216794112,35799.87013817754,1,6000.0,6000.0,HiGHS LP
0.25,2025-12-27,45803.346798788465,2458.720402334801,933.3763334743328,23561.407369879133,9858.725490863219,33420.13286074235,1,6000.0,6000.0,HiGHS LP
0.25,2025-12-28,89836.15205574177,3024.066546416898,1293.058465696809,56772.68140696611,11628.900619491002,68401.58202645711,1,6000.0,6000.0,HiGHS LP
0.25,2025-12-29,89923.340542437,2999.0704970110605,665.4939136791579,56783.30888118963,10856.219226693498,67639.52810788313,1,6000.0,6000.0,HiGHS LP
0.25,2025-12-30,92070.67915912937,1201.6994616148452,2288.7132601121975,58490.027965574525,4734.3926389045055,63224.42060447903,1,6000.0,6000.0,HiGHS LP
0.25,2025-12-31,89610.00795635948,4215.719164213094,457.70159830651573,56574.63289180654,16670.520038721625,73245.15293052816,1,6000.0,6000.0,HiGHS LP
0.3,2025-02-01,38558.3216740161,1712.5944036844617,2131.970171402708,19865.182363864886,7513.234434391612,27378.416798256498,1,6000.0,6000.0,HiGHS LP
0.3,2025-02-02,82119.71257817917,1950.616170066026,1304.4529300541856,50858.647622142016,8618.53740217253,59477.185024314545,1,6000.0,6000.0,HiGHS LP
0.3,2025-02-03,82413.66692521544,3423.3999781913253,1209.9471273541392,51087.260739105826,13423.064109109073,64510.3248482149,1,6000.0,6000.0,HiGHS LP
0.3,2025-02-04,82491.72069525196,4159.671640720266,1054.0276794709303,51194.428955862546,17506.493676001483,68700.92263186403,1,6000.0,6000.0,HiGHS LP
0.3,2025-02-05,78142.1579585934,7112.99221496167,105.05652355505936,47839.06952263185,28890.678722876342,76729.74824550819,1,6000.0,6000.0,HiGHS LP
0.3,2025-02-06,84074.75122879443,2147.4124465194077,1405.390719344011,52388.787761519125,8297.669099336601,60686.456860855724,1,6000.0,6000.0,HiGHS LP
0.3,2025-02-07,35595.51932282976,2485.020784884505,2673.187605184295,18260.437205250055,11013.666326344264,29274.10353159432,1,6000.0,6000.0,HiGHS LP
0.3,2025-02-08,34686.50633329144,2923.6646861620993,2504.4990363831394,17758.499311057058,12196.882250236073,29955.38156129313,1,6000.0,6000.0,HiGHS LP
0.3,2025-02-09,76645.08409583865,7538.911469586737,209.51853138191257,47111.48552975919,28069.894502506868,75181.38003226605,1,6000.0,6000.0,HiGHS LP
0.3,2025-02-10,80083.00328475301,1287.740154562507,2636.517716582741,49552.01201213027,4808.033657432126,54360.045669562394,1,6000.0,6000.0,HiGHS LP
0.3,2025-02-11,80367.26845919808,1119.9078826814937,1863.8277897295334,49861.316296593315,4323.035898524466,54184.35219511778,1,6000.0,6000.0,HiGHS LP
0.3,2025-02-12,76057.62787088577,4001.5189810603274,354.4318575774231,46495.85160686462,17152.316696134767,63648.16830299939,1,6000.0,6000.0,HiGHS LP
0.3,2025-02-13,76085.51451012297,2365.622300521719,2681.710837449737,46827.10886110307,8159.517257286703,54986.62611838977,1,6000.0,6000.0,HiGHS LP
0.3,2025-02-14,34935.970968417314,2358.77163069791,3991.4859091279586,18004.67979807072,6936.2598509898,24940.93964906052,1,6000.0,6000.0,HiGHS LP
0.3,2025-02-15,33371.057221565716,3806.1316271672194,4490.377667948691,17149.46952219527,12598.527753528342,29747.997275723614,1,6000.0,6000.0,HiGHS LP
0.3,2025-02-16,72957.1932262571,6866.676845336353,85.80525607826998,44574.050434746896,25526.145237670826,70100.19567241773,1,6000.0,6000.0,HiGHS LP
0.3,2025-02-17,73115.68892392036,3414.1638034925245,1006.8606903214577,44609.54752444438,12313.872627747778,56923.42015219216,1,6000.0,6000.0,HiGHS LP
0.3,2025-02-18,73936.60927929534,3476.047285937045,989.6343363532587,45320.572657842655,12940.461454096294,58261.03411193895,1,6000.0,6000.0,HiGHS LP
0.3,2025-02-19,72247.40357159963,5343.8103607886915,392.58151972213506,44098.686083231,21267.327978343757,65366.01406157475,1,6000.0,6000.0,HiGHS LP
0.3,2025-02-20,73188.31302517981,3056.219449889285,930.9640738095652,44705.92965581925,11503.30068770622,56209.23034352547,1,6000.0,6000.0,HiGHS LP
0.3,2025-02-21,32798.20759991413,2778.298147567976,6703.605922371561,16835.371556521466,9674.090847774016,26509.462404295482,1,6000.0,6000.0,HiGHS LP
0.3,2025-02-22,34105.93514773576,3000.697182416405,5898.94410514868,17690.37093008463,10828.948088006051,28519.319018090682,1,6000.0,6000.0,HiGHS LP
0.3,2025-02-23,72671.82314220016,3930.9577278357797,763.3498153615543,44490.73151873732,13363.3324144488,57854.06393318612,1,6000.0,6000.0,HiGHS LP
0.3,2025-02-24,70397.04199701833,2896.7933317884854,869.5504031008413,42716.465855580704,11566.319131232758,54282.784986813465,1,6000.0,6000.0,HiGHS LP
0.3,2025-02-25,69079.58824685981,2937.285848486069,2048.90659524544,41940.195863759895,10754.69603311929,52694.891896879184,1,6000.0,6000.0,HiGHS LP
0.3,2025-02-26,68628.83483507702,4826.042375932902,537.1425924657644,41506.94391707043,18826.005601800163,60332.94951887059,1,6000.0,6000.0,HiGHS LP
0.3,2025-02-27,68640.33500567597,3813.280728421273,1392.6817203966057,41644.17736311002,17089.847169890043,58734.02453300006,1,6000.0,6000.0,HiGHS LP
0.3,2025-02-28,30998.379255257838,3862.1706684888372,8393.61956956309,15750.858825479074,14409.713162926155,30160.57198840523,1,6000.0,6000.0,HiGHS LP
0.3,2025-03-01,32001.615338392825,2040.3374074658445,7185.412996843319,16368.095602319627,8582.261151322873,24950.3567536425,1,6000.0,6000.0,HiGHS LP
0.3,2025-03-02,65421.49539574185,11235.242192600883,193.0772238685932,39784.76083220469,41891.625514452244,81676.38634665693,1,6000.0,6000.0,HiGHS LP
0.3,2025-03-03,67846.92701727437,8977.366547418522,682.4163938838806,41574.86760854246,34182.560179481035,75757.42778802349,1,6000.0,6000.0,HiGHS LP
0.3,2025-03-04,69243.88854430322,4887.7807211464515,775.3796424043734,42394.87443228274,16777.608058204543,59172.48249048728,1,6000.0,6000.0,HiGHS LP
0.3,2025-03-05,69389.91601930001,2475.1654185637585,1583.462678447269,42334.01466499924,9321.51684687149,51655.53151187073,1,6000.0,6000.0,HiGHS LP
0.3,2025-03-06,69264.64605665475,2638.189114383943,1805.4918165025783,42372.56111185866,9439.265712107086,51811.82682396575,1,6000.0,6000.0,HiGHS LP
0.3,2025-03-07,30512.00609322633,3257.7020389278323,9797.742939855289,15836.969978468513,12016.771149156564,27853.74112762508,1,6000.0,6000.0,HiGHS LP
0.3,2025-03-08,29493.59632474038,2160.3955143299386,9550.852322403658,15403.720894814842,6168.6684386467405,21572.389333461582,1,6000.0,6000.0,HiGHS LP
0.3,2025-03-09,65308.46765019346,3496.3315046641355,1348.2671507534235,39416.469983760646,13747.73836328362,53164.20834704427,1,6000.0,6000.0,HiGHS LP
0.3,2025-03-10,65575.96450706071,7059.704856836399,460.08911758909306,39617.53850317904,24454.535991129284,64072.07449430833,1,6000.0,6000.0,HiGHS LP
0.3,2025-03-11,66420.62245809333,3038.3735847604585,1387.513617626324,40050.417989964575,11144.93410784629,51195.352097810865,1,6000.0,6000.0,HiGHS LP
0.3,2025-03-12,63867.76866638829,3271.0057699503777,594.6144325618285,38244.279708256174,12704.420198127511,50948.699906383685,1,6000.0,6000.0,HiGHS LP
0.3,2025-03-13,64362.31299062061,7854.582989439914,556.8032692598547,38714.063862076844,29350.985871125864,68065.0497332027,1,6000.0,6000.0,HiGHS LP
0.3,2025-03-14,28930.926747945392,2121.663338067074,11983.164102679131,14853.558725391187,7929.299976827626,22782.858702218815,1,6000.0,6000.0,HiGHS LP
0.3,2025-03-15,28319.322191096977,3689.4051220054976,8044.602163102471,14383.267499227783,13285.017151877535,27668.284651105318,1,6000.0,6000.0,HiGHS LP
0.3,2025-03-16,64120.056585437385,4359.328838272804,1004.3778777969854,38605.464008526105,16522.752946740355,55128.216955266456,1,6000.0,6000.0,HiGHS LP
0.3,2025-03-17,64251.91240004136,1217.0597987704978,3489.3016404656287,38467.57018943902,4735.962007479702,43203.53219691872,1,6000.0,6000.0,HiGHS LP
0.3,2025-03-18,61455.199041131586,4278.767943473382,518.8590370210752,36627.72501569179,18483.73135770596,55111.45637339775,1,6000.0,6000.0,HiGHS LP
0.3,2025-03-19,62656.91612048342,2543.0327661241063,1632.0340903921483,37405.824510479346,11062.277294326235,48468.101804805585,1,6000.0,6000.0,HiGHS LP
0.3,2025-03-20,60572.68341473138,5969.337388423733,246.15308180432487,36134.78806687948,23975.136714989225,60109.92478186871,1,6000.0,6000.0,HiGHS LP
0.3,2025-03-21,28498.05107675524,1398.3042061955184,14822.890766284092,14536.278136725701,4788.261486743426,19324.53962346913,1,6000.0,6000.0,HiGHS LP
0.3,2025-03-22,28235.94055471466,2658.3872419981158,11973.12806337944,14254.658560500746,9555.185696287015,23809.84425678776,1,6000.0,6000.0,HiGHS LP
0.3,2025-03-23,62012.20341276,3436.6270696909805,2569.5192739178906,36990.82649065873,13587.934466404407,50578.76095706313,1,6000.0,6000.0,HiGHS LP
0.3,2025-03-24,60481.5621443478,2737.2756737674786,1144.4741014780845,36118.63300920388,10681.289667148561,46799.922676352435,1,6000.0,6000.0,HiGHS LP
0.3,2025-03-25,61444.935448360935,4722.210066594747,1123.7865793254027,36683.68665419332,18363.735664990934,55047.422319184254,1,6000.0,6000.0,HiGHS LP
0.3,2025-03-26,60018.467917951886,2126.5685160427015,2466.841792947088,35685.917365524176,8767.981855581107,44453.89922110528,1,6000.0,6000.0,HiGHS LP
0.3,2025-03-27,59217.22370514355,4296.964217740413,772.1891447170017,35311.48550502313,17537.391220867506,52848.87672589063,1,6000.0,6000.0,HiGHS LP
0.3,2025-03-28,27726.22984562124,1372.1511540954107,15236.500233049981,13885.850891709682,4957.666417852093,18843.517309561776,1,6000.0,6000.0,HiGHS LP
0.3,2025-03-29,28448.29969914168,1002.3691320866966,18703.459647895048,14318.61946831772,3906.618925902286,18225.238394220007,1,6000.0,6000.0,HiGHS LP
0.3,2025-03-30,56674.58659563339,3383.08209786404,754.431287274974,33846.42006164942,13910.860314852252,47757.28037650167,1,6000.0,6000.0,HiGHS LP
0.3,2025-03-31,58406.83340355671,4196.992334580009,1649.0723465295969,34811.22853733042,16229.57507201259,51040.80360934301,1,6000.0,6000.0,HiGHS LP
0.3,2025-04-01,56777.106113615104,7836.135588743093,482.34411676448826,33828.785797344986,26803.999991625624,60632.78578897061,1,6000.0,6000.0,HiGHS LP
0.3,2025-04-02,56489.674717972324,8786.625629438298,839.6897921572762,33698.318572718505,34104.01194540128,67802.3305181198,1,6000.0,6000.0,HiGHS LP
0.3,2025-04-03,56809.67766529888,3758.3724932395885,771.0855614100699,33818.62630423606,16141.76238215779,49960.38868639385,1,6000.0,6000.0,HiGHS LP
0.3,2025-04-04,26563.206115374378,1433.6518427430306,18526.055708117412,13005.42539291399,5585.5687955572575,18590.994188471246,1,6000.0,6000.0,HiGHS LP
0.3,2025-04-05,26635.77434767395,4363.511086632057,15915.170450972668,13064.3889795369,17852.85632318846,30917.245302725358,1,6000.0,6000.0,HiGHS LP
0.3,2025-04-06,53612.00548696786,5000.471058967841,326.960803737701,32134.13175967672,18474.676209734134,50608.80796941085,1,6000.0,6000.0,HiGHS LP
0.3,2025-04-07,54616.695685979364,4326.071563900591,1747.5867080575517,32620.133363058296,15013.165641157777,47633.299004216075,1,6000.0,6000.0,HiGHS LP
0.3,2025-04-08,55446.02113434879,3749.2286342021607,887.8466856358611,33121.57404217114,16386.24621514739,49507.820257318526,1,6000.0,6000.0,HiGHS LP
0.3,2025-04-09,56273.61613369849,7391.719176928673,531.5274555793118,33659.92293629839,26835.634115729095,60495.557052027485,1,6000.0,6000.0,HiGHS LP
0.3,2025-04-10,55672.0869130177,3834.9174786365616,1054.8199004036346,33272.48979576879,16204.853354457413,49477.34315022621,1,6000.0,6000.0,HiGHS LP
0.3,2025-04-11,26317.856639754435,1494.3162462025446,19455.522719290308,12839.95310485805,5489.090028535507,18329.043133393556,1,6000.0,6000.0,HiGHS LP
0.3,2025-04-12,26809.252536102453,2434.629854591722,17178.721840694165,13169.170659455796,10196.46648677599,23365.637146231784,1,6000.0,6000.0,HiGHS LP
0.3,2025-04-13,52518.55187032354,6184.785450880587,627.8509912834428,31531.161805248084,23855.60184154477,55386.76364679285,1,6000.0,6000.0,HiGHS LP
0.3,2025-04-14,51493.94690584268,5257.2248617188725,450.7137122813548,30889.7758190655,19325.973852477073,50215.74967154257,1,6000.0,6000.0,HiGHS LP
0.3,2025-04-15,51731.018709452386,4375.537822383122,2180.9304482000584,31009.8636093693,18517.309159369175,49527.17276873847,1,6000.0,6000.0,HiGHS LP
0.3,2025-04-16,51274.95854588035,8339.575862929847,117.24462299727762,30867.01335655281,30334.081734846353,61201.09509139916,1,6000.0,6000.0,HiGHS LP
0.3,2025-04-17,53126.84802572503,4292.000823899238,734.3985859526492,31922.902830667044,17192.140711239357,49115.0435419064,1,6000.0,6000.0,HiGHS LP
0.3,2025-04-18,25438.121295655103,2256.5937685675644,18300.597880889334,12207.684294485036,8604.322349876671,20812.006644361707,1,6000.0,6000.0,HiGHS LP
0.3,2025-04-19,26013.822101811056,1451.4756839466422,17640.618535757705,12624.834854068376,5354.759269837536,17979.59412390591,1,6000.0,6000.0,HiGHS LP
0.3,2025-04-20,52868.43855631336,3832.7912971830756,978.5134266375603,31701.19002793998,15026.89391752312,46728.083945463106,1,6000.0,6000.0,HiGHS LP
0.3,2025-04-21,53822.59534472896,1564.663458231185,3042.840133359894,32140.439100812895,5272.932078978412,37413.371179791306,1,6000.0,6000.0,HiGHS LP
0.3,2025-04-22,50730.08100816689,5960.30005530335,880.1585193377674,30466.284953977694,21581.298184812615,52047.58313879031,1,6000.0,6000.0,HiGHS LP
0.3,2025-04-23,54209.66632589197,3409.050736642951,2421.309116441741,32443.963068259778,11174.423453300064,43618.38652155984,1,6000.0,6000.0,HiGHS LP
0.3,2025-04-24,51991.12519906402,1735.9354434700595,2957.6910358294076,31112.522077167436,6271.440529554027,37383.96260672146,1,6000.0,6000.0,HiGHS LP
0.3,2025-04-25,25151.672120717536,1080.8403492658408,21190.65205387115,12056.183166306895,4267.258196729477,16323.441363036372,1,6000.0,6000.0,HiGHS LP
0.3,2025-04-26,24660.342416306128,3618.9036061914435,25168.137608425866,11666.042789785019,15125.954079030163,26791.996868815182,1,6000.0,6000.0,HiGHS LP
0.3,2025-04-27,48877.664248580004,5068.662465151188,1892.3961675361152,29223.608181074727,21854.43108689648,51078.03926797121,1,6000.0,6000.0,HiGHS LP
0.3,2025-04-28,50549.498356531665,10229.881365220708,597.876357774398,30420.924458579895,39157.14740399114,69578.07186257103,1,6000.0,6000.0,HiGHS LP
0.3,2025-04-29,51657.19259703467,2289.990803188653,2866.1144006825516,30911.45951957761,8500.796722058523,39412.25624163613,1,6000.0,6000.0,HiGHS LP
0.3,2025-04-30,48923.468498301314,4753.0263604393895,1936.2338706723467,29270.124897879134,16283.193283149543,45553.31818102868,1,6000.0,6000.0,HiGHS LP
0.3,2025-05-01,50003.1537500219,5993.317377362357,1509.081684451164,30226.249393216312,26799.311717853892,57025.5611110702,1,6000.0,6000.0,HiGHS LP
0.3,2025-05-02,26131.987518123948,6800.877812735844,15602.545247526454,12875.268841884617,29228.2282681984,42103.497110083015,1,6000.0,6000.0,HiGHS LP
0.3,2025-05-03,27143.38130661095,3799.3746024527777,19035.58425906373,13628.236404510295,16682.309815954657,30310.546220464952,1,6000.0,6000.0,HiGHS LP
0.3,2025-05-04,51771.614509361854,4759.5445025919025,1314.089540629591,31844.04268373096,16378.348795148218,48222.39147887918,1,6000.0,6000.0,HiGHS LP
0.3,2025-05-05,50322.562677716116,8524.510537360919,424.9740216389931,30998.957613552502,36587.38467926507,67586.34229281757,1,6000.0,6000.0,HiGHS LP
0.3,2025-05-06,52044.789130331075,5472.148071343892,1226.485225746676,32060.61717284718,23616.46076802795,55677.07794087513,1,6000.0,6000.0,HiGHS LP
0.3,2025-05-07,53204.110540235466,5908.32055203423,606.8544931200064,32763.353112819073,25878.63684346255,58641.98995628163,1,6000.0,6000.0,HiGHS LP
0.3,2025-05-08,52225.20243803464,7826.195924052581,768.8382553130764,32231.398415478892,30607.777699278646,62839.17611475754,1,6000.0,6000.0,HiGHS LP
0.3,2025-05-09,27114.289174545695,2259.0876208035356,17833.990945349222,13896.28783954195,9325.02123856298,23221.309078104932,1,6000.0,6000.0,HiGHS LP
0.3,2025-05-10,25399.738763870308,5502.300291692687,15739.650086419166,12470.028200118511,23377.440926614014,35847.469126732525,1,6000.0,6000.0,HiGHS LP
0.3,2025-05-11,54378.72485375216,5632.302842621904,1033.4687108473304,33514.38227058853,22373.68634928581,55888.06861987434,1,6000.0,6000.0,HiGHS LP
0.3,2025-05-12,55082.82167614823,3345.0146399275827,2990.865994287055,33980.70674737322,10262.872354041505,44243.579101414725,1,6000.0,6000.0,HiGHS LP
0.3,2025-05-13,49677.23357653713,7025.877421582596,305.6065009164376,30532.417937277827,29873.68447632651,60406.10241360434,1,6000.0,6000.0,HiGHS LP
0.3,2025-05-14,51105.606393659626,5725.900720485083,485.25341569312025,31229.763114543,22925.91688841206,54155.68000295506,1,6000.0,6000.0,HiGHS LP
0.3,2025-05-15,52435.55834248758,5073.427610345299,1388.3228239178957,32262.17805239092,20480.165123793966,52742.343176184884,1,6000.0,6000.0,HiGHS LP
0.3,2025-05-16,26776.46088129707,1323.4824501288292,22344.436798092567,13677.591482777429,4581.48792002594,18259.07940280337,1,6000.0,6000.0,HiGHS LP
0.3,2025-05-17,26697.504062775955,4225.21806991775,17433.923049360368,13570.379102736864,17961.542011096954,31531.921113833818,1,6000.0,6000.0,HiGHS LP
0.3,2025-05-18,52640.67900616132,5600.20286587414,1276.5231512402565,32457.402600163787,19979.53202655245,52436.93462671623,1,6000.0,6000.0,HiGHS LP
0.3,2025-05-19,51797.82745586432,3045.31939882087,4058.6842873604023,31618.31915879435,13705.06468422775,45323.3838430221,1,6000.0,6000.0,HiGHS LP
0.3,2025-05-20,51439.22201820463,6808.463617333931,423.0800056812536,31502.573800897433,26538.236197565973,58040.8099984634,1,6000.0,6000.0,HiGHS LP
0.3,2025-05-21,50919.21588944402,5677.670143821506,1984.4291716211155,31192.969098488553,23869.352160863593,55062.321259352146,1,6000.0,6000.0,HiGHS LP
0.3,2025-05-22,52018.51208079087,3440.1389722887916,1349.2847445144553,31944.473510734817,13848.865541236231,45793.33905197105,1,6000.0,6000.0,HiGHS LP
0.3,2025-05-23,25474.768408357224,3343.439511355701,19356.632835892862,12657.530061304173,13399.982360680719,26057.51242198489,1,6000.0,6000.0,HiGHS LP
0.3,2025-05-24,25699.147321909142,1840.389625342174,20744.672299232043,12751.825593516816,7198.480147082872,19950.305740599688,1,6000.0,6000.0,HiGHS LP
0.3,2025-05-25,50170.7603515014,3401.2301140681566,1800.5876574980505,30626.245102326462,14433.89413142836,45060.139233754824,1,6000.0,6000.0,HiGHS LP
0.3,2025-05-26,49475.42382624194,8750.477698308809,481.81245241024794,30237.818472040606,35087.6154239213,65325.433895961905,1,6000.0,6000.0,HiGHS LP
0.3,2025-05-27,50953.34972472862,3553.4352356713744,1845.601424633122,31240.28734361226,15021.922065506515,46262.209409118776,1,6000.0,6000.0,HiGHS LP
0.3,2025-05-28,51564.949111628535,6336.356493723015,2343.578741719727,31467.540293487888,24012.28369161448,55479.82398510237,1,6000.0,6000.0,HiGHS LP
0.3,2025-05-29,51380.477185107084,6841.792560190161,797.2970913880617,31419.15108887891,28243.995838515148,59663.14692739406,1,6000.0,6000.0,HiGHS LP
0.3,2025-05-30,25394.48649743046,3781.307415322796,19539.230301485466,12651.703072039903,14966.210864841934,27617.913936881836,1,6000.0,6000.0,HiGHS LP
0.3,2025-05-31,25690.72619919511,3320.6719815253036,17582.216630720413,12726.457773197795,13389.07486194879,26115.532635146585,1,6000.0,6000.0,HiGHS LP
0.3,2025-06-01,55927.8961306136,18923.775075444017,100.24430943009531,34110.93707036973,73013.5564849156,107124.49355528533,1,6000.0,6000.0,HiGHS LP
0.3,2025-06-02,61239.302850886226,11842.070824655002,863.9193752953181,38624.77234574879,45951.44698292381,84576.2193286726,1,6000.0,6000.0,HiGHS LP
0.3,2025-06-03,64244.23784807457,7935.334991140427,396.7405349463222,40051.90610018734,31510.834671772005,71562.74077195935,1,6000.0,6000.0,HiGHS LP
0.3,2025-06-04,67672.19552979682,6622.195581053844,887.3866676607329,41982.77113973437,22154.32263983464,64137.09377956901,1,6000.0,6000.0,HiGHS LP
0.3,2025-06-05,68265.26093249768,7433.989905420594,831.0164357696922,42395.37209675602,27832.880465729035,70228.25256248505,1,6000.0,6000.0,HiGHS LP
0.3,2025-06-06,33205.41871258435,8258.02893368133,7568.452246265686,18739.381408182362,31359.12738877322,50098.50879695558,1,6000.0,6000.0,HiGHS LP
0.3,2025-06-07,33380.66814514119,4722.226909250879,3936.3818877254057,18558.423195138308,17334.63430731464,35893.05750245295,1,6000.0,6000.0,HiGHS LP
0.3,2025-06-08,78726.59986554914,663.5312996863148,9931.762947015257,48871.52256568728,2340.935426079577,51212.45799176686,1,6000.0,6000.0,HiGHS LP
0.3,2025-06-09,69626.93509507224,6103.237536646182,1017.7755156819036,42801.93767867644,24446.90555812345,67248.84323679989,1,6000.0,6000.0,HiGHS LP
0.3,2025-06-10,71650.91826434237,4987.413655301244,1027.9729751316768,43824.67531437849,19155.431587155595,62980.10690153408,1,6000.0,6000.0,HiGHS LP
0.3,2025-06-11,71782.8823382824,8845.250691367386,444.57049471878,43838.082175010204,37223.087805568524,81061.16998057874,1,6000.0,6000.0,HiGHS LP
0.3,2025-06-12,75619.81450204358,3264.035729906943,2182.5051806348556,46659.95340769473,12428.594968350444,59088.548376045175,1,6000.0,6000.0,HiGHS LP
0.3,2025-06-13,32473.344421308262,3371.1799653488292,4459.210686657097,18118.407545259088,12586.43253768965,30704.840082948736,1,6000.0,6000.0,HiGHS LP
0.3,2025-06-14,33265.688808730294,3138.8202851912492,7171.166343921546,18504.796828519728,10523.932156217481,29028.72898473721,1,6000.0,6000.0,HiGHS LP
0.3,2025-06-15,71224.88928777131,4969.940279354218,1535.5325468533692,43741.214583427034,19200.404861386756,62941.61944481379,1,6000.0,6000.0,HiGHS LP
0.3,2025-06-16,72376.99049872646,5263.421387788128,756.114696232963,44024.804067344245,21032.37956629275,65057.183633636996,1,6000.0,6000.0,HiGHS LP
0.3,2025-06-17,73535.00225547585,6448.133089842653,1093.7572613488123,44784.57403583378,25880.071192323696,70664.64522815747,1,6000.0,6000.0,HiGHS LP
0.3,2025-06-18,74227.54485608381,3276.4917071681907,2326.90353428572,45289.260155308424,12614.05548912067,57903.315644429094,1,6000.0,6000.0,HiGHS LP
0.3,2025-06-19,72159.58306208276,2904.325818272602,2690.856257509387,44241.237521912844,11575.038727543175,55816.276249456016,1,6000.0,6000.0,HiGHS LP
0.3,2025-06-20,33025.978003938166,1134.673395279956,8720.070549218117,18568.25821607507,4074.072253914758,22642.33046998983,1,6000.0,6000.0,HiGHS LP
0.3,2025-06-21,32934.7005964298,1465.1000798531495,12025.06027628295,18367.5254860101,5601.679870685016,23969.205356695118,1,6000.0,6000.0,HiGHS LP
0.3,2025-06-22,69707.35138548548,4145.548529296122,2384.879834223556,42303.77592521676,16343.021110595324,58646.79703581208,1,6000.0,6000.0,HiGHS LP
0.3,2025-06-23,71203.96282708173,2747.9628127061874,2800.9581682668295,43459.257377416754,12446.952717886572,55906.21009530332,1,6000.0,6000.0,HiGHS LP
0.3,2025-06-24,66228.2751426764,14036.26329503386,138.98403300225777,40191.14774763469,56383.6524768212,96574.80022445589,1,6000.0,6000.0,HiGHS LP
0.3,2025-06-25,74269.06039001768,3149.9369213880573,2696.5381831219274,45416.048086027076,11997.638998062306,57413.68708408938,1,6000.0,6000.0,HiGHS LP
0.3,2025-06-26,71453.73362352856,3737.608141701344,3492.2492403399347,43446.63901025268,16298.19505334814,59744.83406360082,1,6000.0,6000.0,HiGHS LP
0.3,2025-06-27,31801.727010083203,1128.5235780757207,10118.604721492255,17556.564302056868,4254.652892345759,21811.217194402627,1,6000.0,6000.0,HiGHS LP
0.3,2025-06-28,31964.885824115074,1787.022426974068,8934.982134422478,17616.34636453792,6124.27402661489,23740.62039115281,1,6000.0,6000.0,HiGHS LP
0.3,2025-06-29,71628.27092136376,3937.8859482012003,2150.222269043371,43647.00865714761,13785.641378851047,57432.65003599866,1,6000.0,6000.0,HiGHS LP
0.3,2025-06-30,71623.8362038429,4259.062627681746,1790.7596981466259,43548.31773593324,16308.764380951909,59857.08211688515,1,6000.0,6000.0,HiGHS LP
0.3,2025-07-01,77210.83038308547,8273.074735659899,2332.1246998214338,47631.28553948078,29189.323480069237,76820.60901955001,1,6000.0,6000.0,HiGHS LP
0.3,2025-07-02,80826.80885404245,3119.371460355698,6746.132718145263,50695.14997293429,9022.925924503426,59718.07589743772,1,6000.0,6000.0,HiGHS LP
0.3,2025-07-03,79253.20655804954,5872.64371762853,1216.7061174492842,49861.76187642028,20817.335649966786,70679.09752638706,1,6000.0,6000.0,HiGHS LP
0.3,2025-07-04,39264.89613878072,3414.2777944157924,10758.306466529848,23186.837694446476,11230.292708729168,34417.130403175644,1,6000.0,6000.0,HiGHS LP
0.3,2025-07-05,41019.98916857531,2344.604554134944,11534.513756043581,24179.069954680002,7546.321462590753,31725.391417270755,1,6000.0,6000.0,HiGHS LP
0.3,2025-07-06,76656.53971016362,7678.693925188896,576.0179836519951,48027.01460154113,31372.252086245833,79399.26668778696,1,6000.0,6000.0,HiGHS LP
0.3,2025-07-07,79745.66877171934,2102.971775097455,4262.36895045894,49654.228938021355,7087.38840880574,56741.61734682709,1,6000.0,6000.0,HiGHS LP
0.3,2025-07-08,81293.1781232687,2464.2752597803665,4054.936817054807,50700.9117331496,10474.617633127313,61175.52936627691,1,6000.0,6000.0,HiGHS LP
0.3,2025-07-09,75195.37362388828,4539.965906468704,1788.472595336346,47100.283816866664,17292.675610916704,64392.95942778337,1,6000.0,6000.0,HiGHS LP
0.3,2025-07-10,74719.97226627881,3661.723553218694,1646.7858258950134,46902.82638617353,13979.465172254844,60882.29155842838,1,6000.0,6000.0,HiGHS LP
0.3,2025-07-11,39967.04165017189,4420.483127616868,8828.747627788753,23190.469884288515,15988.79136028513,39179.261244573645,1,6000.0,6000.0,HiGHS LP
0.3,2025-07-12,40614.81499149119,3218.676787175681,9709.248445333538,23531.417754670292,12624.360531558443,36155.778286228735,1,6000.0,6000.0,HiGHS LP
0.3,2025-07-13,71858.46361606102,3800.5177944975476,2679.649967384501,45110.40599898508,15909.276336175859,61019.682335160935,1,6000.0,6000.0,HiGHS LP
0.3,2025-07-14,66862.48099568195,8884.375419049084,288.43252606580904,42391.941617578705,35334.67412071387,77726.61573829257,1,6000.0,6000.0,HiGHS LP
0.3,2025-07-15,70703.0632769085,7482.118068987997,1665.5771504933607,44698.567646473115,26400.771648965274,71099.33929543839,1,6000.0,6000.0,HiGHS LP
0.3,2025-07-16,70442.17768007936,7301.611474056978,1809.7778861691304,44369.07841402684,25768.239548297584,70137.31796232442,1,6000.0,6000.0,HiGHS LP
0.3,2025-07-17,70082.08032560069,7142.629285180562,719.8725308380851,44246.18649228466,29298.742689937808,73544.92918222246,1,6000.0,6000.0,HiGHS LP
0.3,2025-07-18,38577.178490590806,5157.042868171475,9419.97325876229,22188.734195087014,20417.437649426152,42606.17184451317,1,6000.0,6000.0,HiGHS LP
0.3,2025-07-19,38610.49024565099,4124.025057993538,12511.69625364453,22219.253424845032,15925.986066963944,38145.23949180898,1,6000.0,6000.0,HiGHS LP
0.3,2025-07-20,70085.57038112734,6659.5727911168815,939.4858814323519,44412.903238488616,24994.20528348697,69407.10852197558,1,6000.0,6000.0,HiGHS LP
0.3,2025-07-21,68588.22140534656,9509.097429689305,390.79629405749233,43349.605082988695,36067.87060602484,79417.47568901353,1,6000.0,6000.0,HiGHS LP
0.3,2025-07-22,72229.87501114128,6320.139127121227,989.2626465282189,45371.22422582592,25239.52829173755,70610.75251756347,1,6000.0,6000.0,HiGHS LP
0.3,2025-07-23,72785.40522473695,5963.0880070378535,766.8884134911907,45848.21675979447,23652.963697500792,69501.18045729527,1,6000.0,6000.0,HiGHS LP
0.3,2025-07-24,71409.55456920715,7278.38150369192,1326.6395760271325,44971.86061113122,27598.99752027212,72570.85813140334,1,6000.0,6000.0,HiGHS LP
0.3,2025-07-25,39983.74142772438,1809.0919894877595,12247.51385054547,23259.93507765156,6855.7634879377,30115.69856558926,1,6000.0,6000.0,HiGHS LP
0.3,2025-07-26,40152.86573444732,3164.729012239072,11808.503180019725,23257.609075169217,11539.089147141745,34796.698222310966,1,6000.0,6000.0,HiGHS LP
0.3,2025-07-27,72698.0588536702,5559.1614739748,809.383331299286,45725.51575462808,23268.702800611478,68994.21855523955,1,6000.0,6000.0,HiGHS LP
0.3,2025-07-28,73528.5675221711,8881.43863631181,663.7499061177325,46262.641643729075,34560.210876772406,80822.85252050147,1,6000.0,6000.0,HiGHS LP
0.3,2025-07-29,73546.98513729144,7358.3559601960615,1030.0574008647711,46125.956428668214,27938.612819407892,74064.5692480761,1,6000.0,6000.0,HiGHS LP
0.3,2025-07-30,73482.25773148802,5858.46597863068,1431.9892890280553,46065.297173321684,23905.348261087776,69970.64543440947,1,6000.0,6000.0,HiGHS LP
0.3,2025-07-31,71811.7235301297,7208.945963855753,547.9761977478863,45118.77954860877,29304.68677210796,74423.46632071673,1,6000.0,6000.0,HiGHS LP
0.3,2025-08-01,38769.02671647924,1759.4102358870057,16237.077285699575,22437.502898530725,6035.227375182482,28472.73027371321,1,6000.0,6000.0,HiGHS LP
0.3,2025-08-02,37138.01746536968,3254.3912462698095,16425.383778306164,21174.57245720527,13466.51436668974,34641.08682389501,1,6000.0,6000.0,HiGHS LP
0.3,2025-08-03,68306.11238563285,2318.2941600701197,4099.827545581742,43409.703709426016,8729.648417700342,52139.35212712636,1,6000.0,6000.0,HiGHS LP
0.3,2025-08-04,67019.08187896381,3208.512769127875,1186.7712500000544,42852.96456517701,12291.512901453403,55144.477466630415,1,6000.0,6000.0,HiGHS LP
0.3,2025-08-05,66456.06012442558,3862.7705795545744,1555.6599743103038,42559.714499894275,14593.83912493302,57153.5536248273,1,6000.0,6000.0,HiGHS LP
0.3,2025-08-06,63721.29801941295,8527.80405912302,610.8954701155409,40898.94734498006,33946.84077624471,74845.78812122476,1,6000.0,6000.0,HiGHS LP
0.3,2025-08-07,70279.07960409959,1322.808052236293,4475.230666207814,44751.21295183102,4734.376148363833,49485.58910019485,1,6000.0,6000.0,HiGHS LP
0.3,2025-08-08,37383.1579893175,1976.1551168687272,20544.141856186223,21424.193322336243,7956.949867953463,29381.143190289706,1,6000.0,6000.0,HiGHS LP
0.3,2025-08-09,36563.667218770905,4227.375152245878,18829.113371016785,20789.048909272366,16967.671982851105,37756.72089212347,1,6000.0,6000.0,HiGHS LP
0.3,2025-08-10,62678.90192144032,7012.949811372499,900.42458870307,40274.23400384963,26850.209802436722,67124.44380628635,1,6000.0,6000.0,HiGHS LP
0.3,2025-08-11,66062.52675021853,4200.240685896724,2110.9286617095895,42311.41645788286,16702.457881820956,59013.87433970381,1,6000.0,6000.0,HiGHS LP
0.3,2025-08-12,64242.33325533478,7798.547886835684,729.7490750919668,41325.11978787031,31747.7578119374,73072.87759980772,1,6000.0,6000.0,HiGHS LP
0.3,2025-08-13,64694.69166457563,5751.016243404119,772.1767961907159,41195.403111690684,22806.903549299517,64002.3066609902,1,6000.0,6000.0,HiGHS LP
0.3,2025-08-14,63237.519681415084,7039.893151303459,810.1967415810129,40647.236247317196,29273.703453666967,69920.93970098416,1,6000.0,6000.0,HiGHS LP
0.3,2025-08-15,38029.982191721734,2415.7800663674884,20246.035374755887,21963.952099424103,8830.338572853343,30794.290672277446,1,6000.0,6000.0,HiGHS LP
0.3,2025-08-16,38944.4058615965,2098.6490465390843,21073.774541468916,22562.59611993228,9210.578771089906,31773.174891022187,1,6000.0,6000.0,HiGHS LP
0.3,2025-08-17,61591.46124311755,6143.627434626702,1126.4099195440626,39574.72253989945,24481.15436532667,64055.87690522612,1,6000.0,6000.0,HiGHS LP
0.3,2025-08-18,64034.70850356642,5457.830627328566,1560.0549947458373,41299.41378349439,24215.906729329457,65515.32051282385,1,6000.0,6000.0,HiGHS LP
0.3,2025-08-19,62249.814749124664,6545.861290238521,971.8719428144201,40030.4090628081,24984.52412832236,65014.93319113046,1,6000.0,6000.0,HiGHS LP
0.3,2025-08-20,64015.278720017945,10913.26534359478,712.734230855506,41251.96134529777,44116.51330103578,85368.47464633355,1,6000.0,6000.0,HiGHS LP
0.3,2025-08-21,65947.35605761221,4905.386124432429,1332.5716891523741,42260.03311276196,19336.310317983494,61596.34343074545,1,6000.0,6000.0,HiGHS LP
0.3,2025-08-22,38759.57821188446,4847.918675729675,19336.92748761413,22454.862836830987,20113.199070789586,42568.06190762058,1,6000.0,6000.0,HiGHS LP
0.3,2025-08-23,37915.800763333005,3620.4512768944123,15966.245890227417,21826.386776107338,15075.338916980922,36901.72569308826,1,6000.0,6000.0,HiGHS LP
0.3,2025-08-24,63019.06853704848,6257.970072099573,2018.182465027462,40330.756665121575,27226.883620999353,67557.64028612094,1,6000.0,6000.0,HiGHS LP
0.3,2025-08-25,63190.25272319402,11638.504284907685,504.1277515861376,40707.26275637321,46080.23621243887,86787.49896881208,1,6000.0,6000.0,HiGHS LP
0.3,2025-08-26,64200.33503863023,5926.23178432731,1015.7582763621339,40865.42686540977,25541.45744203316,66406.88430744293,1,6000.0,6000.0,HiGHS LP
0.3,2025-08-27,62174.460142762844,9506.901832395808,242.78358383719765,39876.4978602006,40547.413828396726,80423.91168859732,1,6000.0,6000.0,HiGHS LP
0.3,2025-08-28,65035.3868504419,9956.558865607178,602.7858612934623,41432.1153605242,39766.75839113633,81198.87375166053,1,6000.0,6000.0,HiGHS LP
0.3,2025-08-29,36071.84347951845,5324.190983012109,15800.814112530565,20589.219061528594,21735.772551737122,42324.991613265716,1,6000.0,6000.0,HiGHS LP
0.3,2025-08-30,36914.51182479685,5245.754273700183,20607.5462651637,21206.425174903732,20954.840157712624,42161.265332616356,1,6000.0,6000.0,HiGHS LP
0.3,2025-08-31,64663.63103136926,6662.801476277678,1084.9904168327116,41480.063276140856,26239.943064497864,67720.00634063872,1,6000.0,6000.0,HiGHS LP
0.3,2025-09-01,59933.56259301941,3095.273910765256,5988.8010830293715,38496.41318026077,11016.149514158653,49512.56269441942,1,6000.0,6000.0,HiGHS LP
0.3,2025-09-02,50765.98882100725,8149.302325024934,1539.3784988788022,31805.52088036231,32942.80815638423,64748.32903674654,1,6000.0,6000.0,HiGHS LP
0.3,2025-09-03,52754.36765857521,8039.177030032276,1773.26585769061,33110.41947486203,30100.17744540851,63210.59692027054,1,6000.0,6000.0,HiGHS LP
0.3,2025-09-04,52415.39459627996,7651.862493308849,2681.693447738002,32848.80352495889,30815.325450277833,63664.128975236716,1,6000.0,6000.0,HiGHS LP
0.3,2025-09-05,30214.542483000292,1370.0697737729645,21720.350590106595,16404.89127410996,5213.568253673318,21618.459527783278,1,6000.0,6000.0,HiGHS LP
0.3,2025-09-06,31494.627089966758,1226.9127896034947,21960.456179570254,17293.006771898614,4878.4789642704545,22171.485736169067,1,6000.0,6000.0,HiGHS LP
0.3,2025-09-07,52474.57016609677,7212.042662439668,1196.1123774811722,32825.39682337013,27921.536306337868,60746.933129708,1,6000.0,6000.0,HiGHS LP
0.3,2025-09-08,45848.748448597966,17968.551966809624,973.4251978448603,28011.91118792088,69346.13016571203,97358.04135363291,1,6000.0,6000.0,HiGHS LP
0.3,2025-09-09,54116.668052469504,5152.264508872794,2562.516134451566,33804.6588950346,20361.91596930288,54166.57486433748,1,6000.0,6000.0,HiGHS LP
0.3,2025-09-10,53380.85655089772,11718.576273066014,185.4432739791025,33464.60813664489,48202.5540545963,81667.1621912412,1,6000.0,6000.0,HiGHS LP
0.3,2025-09-11,54826.881259302776,4879.569831008663,2478.4518038126753,33999.023961997824,20044.707060610635,54043.73102260846,1,6000.0,6000.0,HiGHS LP
0.3,2025-09-12,28943.474988132348,3599.38535681771,17951.204144950054,15413.22051095151,12823.786033300357,28237.006544251868,1,6000.0,6000.0,HiGHS LP
0.3,2025-09-13,28999.676223924624,2974.2143408630473,20926.789081454343,15438.375005362052,11065.340057066163,26503.715062428215,1,6000.0,6000.0,HiGHS LP
0.3,2025-09-14,54722.64614422404,9425.297397698389,185.95769640438954,34136.429755131605,35261.03319118154,69397.46294631314,1,6000.0,6000.0,HiGHS LP
0.3,2025-09-15,58455.78612338977,3082.97447717749,2479.9800969786265,36396.61766472287,11895.459434676448,48292.07709939932,1,6000.0,6000.0,HiGHS LP
0.3,2025-09-16,56421.83252407909,7742.6660950362,677.6591708351932,35241.066166272314,26096.700735804472,61337.766902076786,1,6000.0,6000.0,HiGHS LP
0.3,2025-09-17,60856.60642905239,4920.80810686985,1738.732795482661,38162.48422558028,19852.97768531966,58015.46191089994,1,6000.0,6000.0,HiGHS LP
0.3,2025-09-18,58472.350208555814,5278.337404151633,732.4638834677601,36540.582016623666,21744.199583465263,58284.78160008893,1,6000.0,6000.0,HiGHS LP
0.3,2025-09-19,30440.619476690666,3031.7905601330895,14331.057720157092,16461.25148554656,10332.03175704673,26793.28324259329,1,6000.0,6000.0,HiGHS LP
0.3,2025-09-20,31544.55321866497,2637.6411667080774,15496.760652039713,17209.17450913557,10053.780647997086,27262.955157132656,1,6000.0,6000.0,HiGHS LP
0.3,2025-09-21,59891.08641640993,4713.410703089098,2254.377661605953,37255.856527181524,16050.167928324685,53306.02445550621,1,6000.0,6000.0,HiGHS LP
0.3,2025-09-22,58090.61456217268,6707.2702446937155,130.34159639853038,36119.875994423535,23736.288653752075,59856.16464817561,1,6000.0,6000.0,HiGHS LP
0.3,2025-09-23,59592.91485593334,6878.856775465827,298.89347414841023,37057.28708629329,28293.264414781162,65350.55150107446,1,6000.0,6000.0,HiGHS LP
0.3,2025-09-24,58483.10867348741,6944.339622913805,308.3205832748693,36220.41402186366,25023.407802070327,61243.82182393399,1,6000.0,6000.0,HiGHS LP
0.3,2025-09-25,60857.31228525642,4296.1094794892615,763.6108636836668,37862.92078901358,15355.784522018064,53218.70531103165,1,6000.0,6000.0,HiGHS LP
0.3,2025-09-26,32634.28670805299,1559.831321709274,13459.87452976227,17963.06756984166,5600.834029746528,23563.90159958819,1,6000.0,6000.0,HiGHS LP
0.3,2025-09-27,31454.1315092636,5226.961499270578,15839.790758534178,17015.855527086766,20588.256632360764,37604.112159447526,1,6000.0,6000.0,HiGHS LP
0.3,2025-09-28,62674.43547281333,5521.938865537986,642.3981840658348,38817.02323115107,22027.849357614054,60844.87258876512,1,6000.0,6000.0,HiGHS LP
0.3,2025-09-29,63543.05679840157,4021.8589450296763,734.3558370459907,39400.058136288426,15971.526111254989,55371.58424754342,1,6000.0,6000.0,HiGHS LP
0.3,2025-09-30,65218.096575496864,5354.958500448203,1072.0837511970367,40575.33694226036,22396.11330226914,62971.45024452949,1,6000.0,6000.0,HiGHS LP
0.3,2025-10-01,64519.10883277136,483.0081223545785,11258.41674059135,40009.01743416181,1135.3245898620012,41144.34202402381,1,6000.0,6000.0,HiGHS LP
0.3,2025-10-02,61507.629570405596,1103.3517220838237,6820.514127330896,37757.46364836758,2574.8148921662423,40332.27854053382,1,6000.0,6000.0,HiGHS LP
0.3,2025-10-03,29037.87259169105,1447.367072271289,19628.085963962345,15122.66014737167,4387.422976388536,19510.083123760203,1,6000.0,6000.0,HiGHS LP
0.3,2025-10-04,29427.139448341695,2426.0733794885664,15717.230394496928,15316.72267297922,8055.36889853148,23372.0915715107,1,6000.0,6000.0,HiGHS LP
0.3,2025-10-05,60621.597948863375,1174.0313826134256,2997.2895292753315,37140.32185490006,3041.4280073415453,40181.7498622416,1,6000.0,6000.0,HiGHS LP
0.3,2025-10-06,60762.887701141735,2393.1383520658937,1364.321617032374,37214.98804018471,7735.091940068911,44950.07998025362,1,6000.0,6000.0,HiGHS LP
0.3,2025-10-07,60145.61028941612,2809.9937239134297,1124.3080209978039,36774.325224231136,9866.585249744534,46640.91047397567,1,6000.0,6000.0,HiGHS LP
0.3,2025-10-08,61052.46817864724,2192.3053863770638,2700.954891879991,36758.55558856788,8216.755380928626,44975.3109694965,1,6000.0,6000.0,HiGHS LP
0.3,2025-10-09,58912.05604259913,2835.1891281065377,1931.9657375449485,35483.44117906857,12248.837288428003,47732.27846749657,1,6000.0,6000.0,HiGHS LP
0.3,2025-10-10,29833.359721841836,1475.9523170011769,18925.701122176342,15164.763103083355,5669.546567357695,20834.30967044105,1,6000.0,6000.0,HiGHS LP
0.3,2025-10-11,30397.337958504915,1518.9312278632722,14769.955603034854,15388.447047758908,6842.31945693532,22230.766504694227,1,6000.0,6000.0,HiGHS LP
0.3,2025-10-12,58526.639499035344,4829.979676691824,788.3298590605027,35384.889354659055,18686.415579915523,54071.30493457458,1,6000.0,6000.0,HiGHS LP
0.3,2025-10-13,58420.70774444363,3675.5837394263826,1015.562850536672,35417.44677569461,15233.988257013043,50651.43503270765,1,6000.0,6000.0,HiGHS LP
0.3,2025-10-14,58322.696472923286,6618.230328956607,113.76418521322118,35313.6517971187,27157.841798359794,62471.49359547849,1,6000.0,6000.0,HiGHS LP
0.3,2025-10-15,59295.357554106326,6839.093939098744,161.0945098717334,35973.53971372399,26717.70189800368,62691.24161172767,1,6000.0,6000.0,HiGHS LP
0.3,2025-10-16,60108.56615874037,7207.147011580994,292.25711815729017,36527.58167792925,29865.675739063532,66393.25741699278,1,6000.0,6000.0,HiGHS LP
0.3,2025-10-17,30541.95579657804,2863.7871437513127,14350.566400842896,15611.191166450884,12188.043861000227,27799.23502745111,1,6000.0,6000.0,HiGHS LP
0.3,2025-10-18,30176.05152217083,3450.138389849318,14509.59664535348,15405.539658249443,13565.063449222705,28970.603107472147,1,6000.0,6000.0,HiGHS LP
0.3,2025-10-19,61219.121106269,6963.189819526012,234.7733541373919,37061.12646268116,30308.865622651647,67369.99208533281,1,6000.0,6000.0,HiGHS LP
0.3,2025-10-20,62114.85516087724,6599.158199278916,200.8378890436627,37762.07892452509,28257.49497860464,66019.57390312973,1,6000.0,6000.0,HiGHS LP
0.3,2025-10-21,62606.40130202477,8100.6480912270545,167.28913463688605,38058.39047316421,31769.02282579391,69827.41329895813,1,6000.0,6000.0,HiGHS LP
0.3,2025-10-22,62951.918424078,6973.11308273238,287.9359432302109,38104.12884245731,29449.636873370295,67553.7657158276,1,6000.0,6000.0,HiGHS LP
0.3,2025-10-23,64680.874032760585,3861.515145229774,1078.0832920444661,39359.958315641066,16124.254141018955,55484.212456660025,1,6000.0,6000.0,HiGHS LP
0.3,2025-10-24,30217.50989843915,3378.5783761221605,12090.255129006313,15369.560567070164,14810.55069914214,30180.111266212305,1,6000.0,6000.0,HiGHS LP
0.3,2025-10-25,30884.732891292988,3125.6542477611056,11519.071896674088,15888.88319992439,12602.87404046715,28491.75724039154,1,6000.0,6000.0,HiGHS LP
0.3,2025-10-26,65488.48002799388,3579.9899293069843,423.7646273661548,40020.56888684693,13884.78550159458,53905.35438844151,1,6000.0,6000.0,HiGHS LP
0.3,2025-10-27,64935.980205044696,4565.886590232295,1851.6753931034848,39484.30862694398,19436.556038355073,58920.86466529906,1,6000.0,6000.0,HiGHS LP
0.3,2025-10-28,65242.28977616665,5137.352220155301,303.4931494712981,39803.840314394874,21007.411739478106,60811.25205387298,1,6000.0,6000.0,HiGHS LP
0.3,2025-10-29,66518.66751731848,7266.787833701344,351.7595312418838,40722.086386286275,29243.223299822566,69965.30968610884,1,6000.0,6000.0,HiGHS LP
0.3,2025-10-30,67788.65110369633,2438.6110926736064,1295.725582200215,41639.35851983172,9585.44557415975,51224.80409399147,1,6000.0,6000.0,HiGHS LP
0.3,2025-10-31,32377.356008870505,3199.8838719438463,8451.349522041166,16895.04978860824,11744.081701418781,28639.131490027023,1,6000.0,6000.0,HiGHS LP
0.3,2025-11-01,32753.718616254257,2071.0651442195385,9031.63218912534,17122.415082503132,7399.91648475955,24522.33156726268,1,6000.0,6000.0,HiGHS LP
0.3,2025-11-02,69029.50196511755,4242.541974853004,282.5790552925039,42255.87308942717,17802.04676859857,60057.91985802574,1,6000.0,6000.0,HiGHS LP
0.3,2025-11-03,70058.98633673726,4340.148288652342,633.8977643055885,43047.14924826052,14564.849446644286,57611.9986949048,1,6000.0,6000.0,HiGHS LP
0.3,2025-11-04,71909.88990262241,2236.77678316994,2214.886633806767,44208.68776361903,9016.132799679668,53224.8205632987,1,6000.0,6000.0,HiGHS LP
0.3,2025-11-05,72358.68095468522,2550.4139079468305,906.2424022075465,44682.04141379946,9164.873505267831,53846.91491906729,1,6000.0,6000.0,HiGHS LP
0.3,2025-11-06,69694.14611843406,6301.091933767762,378.2111730495418,42662.29544249896,25514.287195482946,68176.5826379819,1,6000.0,6000.0,HiGHS LP
0.3,2025-11-07,32335.491269759103,2013.7916460849344,7772.362799645344,16852.29505278445,8325.075489662138,25177.370542446588,1,6000.0,6000.0,HiGHS LP
0.3,2025-11-08,33337.91181845496,921.6440828098682,7176.105275552059,17477.924204270537,3325.7725988120314,20803.69680308257,1,6000.0,6000.0,HiGHS LP
0.3,2025-11-09,72290.4236925243,3960.525165919601,530.279778787578,44377.588124987764,15526.877309045118,59904.465434032885,1,6000.0,6000.0,HiGHS LP
0.3,2025-11-10,74006.8485965257,4653.1058587940715,392.2491253606549,45667.358292301185,17649.391750107035,63316.750042408225,1,6000.0,6000.0,HiGHS LP
0.3,2025-11-11,73893.20334077478,2663.2247521705167,581.0911247000541,45514.78029141591,10793.410753875809,56308.19104529172,1,6000.0,6000.0,HiGHS LP
0.3,2025-11-12,75326.65127827314,1699.1448470400896,1629.389349959506,46663.32348051543,7353.808517166364,54017.13199768179,1,6000.0,6000.0,HiGHS LP
0.3,2025-11-13,74715.10552542639,3233.2370989141423,1117.4132923043417,46305.76809518298,11694.266640281934,58000.03473546491,1,6000.0,6000.0,HiGHS LP
0.3,2025-11-14,33483.19215842343,2412.742263972013,4962.871798329576,17611.433153098238,8204.561672962465,25815.994826060705,1,6000.0,6000.0,HiGHS LP
0.3,2025-11-15,33946.421072372636,1853.1322183248176,4223.542749534461,17864.74663205882,6872.844119627502,24737.590751686323,1,6000.0,6000.0,HiGHS LP
0.3,2025-11-16,75571.29911211693,3998.812339433115,703.187679655008,46790.105711928016,15711.473045171993,62501.57875710001,1,6000.0,6000.0,HiGHS LP
0.3,2025-11-17,77833.91750948,1239.4765144377197,1960.7448031946922,48615.65345120763,4470.812340044846,53086.46579125248,1,6000.0,6000.0,HiGHS LP
0.3,2025-11-18,74500.60317787607,5216.782010215185,385.3395084877129,45937.75325938985,19204.57636995667,65142.329629346525,1,6000.0,6000.0,HiGHS LP
0.3,2025-11-19,76449.71249195863,3603.7544344533203,265.0651598910315,47448.58850682474,14399.236320271106,61847.82482709584,1,6000.0,6000.0,HiGHS LP
0.3,2025-11-20,77589.46567340518,2824.444276520207,1204.1724293151422,48463.93778441296,10342.167865502726,58806.10564991569,1,6000.0,6000.0,HiGHS LP
0.3,2025-11-21,34253.68512230454,1849.193965776366,3813.5438783195664,18063.735364036187,5652.963576438729,23716.69894047492,1,6000.0,6000.0,HiGHS LP
0.3,2025-11-22,33834.5384693096,2363.507701291142,2576.51692272069,17721.632733321836,8507.242650530718,26228.87538385255,1,6000.0,6000.0,HiGHS LP
0.3,2025-11-23,77904.78027049254,3232.016305209222,1494.8734152358788,48538.16383273694,13094.774696651144,61632.93852938808,1,6000.0,6000.0,HiGHS LP
0.3,2025-11-24,78338.14533579184,2133.3082270823716,1887.0044124273124,48941.57628538509,8085.708482888227,57027.28476827332,1,6000.0,6000.0,HiGHS LP
0.3,2025-11-25,79295.88987312294,2157.3480376972702,859.9464042326645,49631.17144028775,7783.3488278174655,57414.52026810521,1,6000.0,6000.0,HiGHS LP
0.3,2025-11-26,78285.55314170188,3436.225910408793,546.5529390423592,48815.75705403533,12987.716310254726,61803.47336429006,1,6000.0,6000.0,HiGHS LP
0.3,2025-11-27,79830.25482562535,1887.1154208395133,1511.8787221445843,50070.555104880135,7372.956859801241,57443.51196468138,1,6000.0,6000.0,HiGHS LP
0.3,2025-11-28,33952.3628915797,2732.012191748056,2329.739894874113,17843.52350674365,10442.225709669632,28285.749216413285,1,6000.0,6000.0,HiGHS LP
0.3,2025-11-29,35454.0232765658,5022.395777038015,2044.3843670279898,18793.45152403485,17107.436314015897,35900.887838050745,1,6000.0,6000.0,HiGHS LP
0.3,2025-11-30,82092.25070061896,3339.2701569149367,651.6528310161749,51611.386309935944,12009.544591802445,63620.93090173839,1,6000.0,6000.0,HiGHS LP
0.3,2025-12-01,81097.38917329145,9814.35898830531,141.57607923240346,50889.473379898336,36523.12316130378,87412.59654120212,1,6000.0,6000.0,HiGHS LP
0.3,2025-12-02,86281.21736753825,7693.815842918934,651.0877208527723,54930.480500233665,27431.82753816059,82362.30803839426,1,6000.0,6000.0,HiGHS LP
0.3,2025-12-03,86911.86932920953,5546.397343042372,639.8347080150396,54712.90982400844,19745.61961348522,74458.52943749366,1,6000.0,6000.0,HiGHS LP
0.3,2025-12-04,88503.39263517581,3579.721858085446,612.435285405749,56014.15757778505,13880.96561992064,69895.12319770569,1,6000.0,6000.0,HiGHS LP
0.3,2025-12-05,42938.49073804373,3432.719994330588,1061.9224932204606,22135.125377948443,14133.436092444812,36268.56147039325,1,6000.0,6000.0,HiGHS LP
0.3,2025-12-06,44869.132772963785,3458.6655809623862,665.556494256825,23228.76659073384,12051.69062574159,35280.457216475435,1,6000.0,6000.0,HiGHS LP
0.3,2025-12-07,90953.47252849203,2768.619213116633,1351.0771582753307,57784.64060995083,10654.903596296364,68439.5442062472,1,6000.0,6000.0,HiGHS LP
0.3,2025-12-08,88158.87274190006,5662.35257805983,1279.385501475614,54934.06194211719,23420.169466783955,78354.23140890113,1,6000.0,6000.0,HiGHS LP
0.3,2025-12-09,91945.77380093114,2235.454939823122,2057.3891256170928,58317.55551625056,10226.756140763086,68544.31165701365,1,6000.0,6000.0,HiGHS LP
0.3,2025-12-10,89538.62820135128,4263.167296567595,695.843697918883,56557.77683438195,15513.124301781509,72070.90113616346,1,6000.0,6000.0,HiGHS LP
0.3,2025-12-11,92608.05909908577,986.2883260876669,2861.912501924946,59003.83189145176,3314.671812088849,62318.503703540606,1,6000.0,6000.0,HiGHS LP
0.3,2025-12-12,42720.696896407906,5384.975534899827,465.616271592595,22006.501809219844,19443.425073786137,41449.92688300598,1,6000.0,6000.0,HiGHS LP
0.3,2025-12-13,47709.24656252625,1880.3819569496259,1726.9751186701076,24721.926435645844,7863.694663750201,32585.621099396045,1,6000.0,6000.0,HiGHS LP
0.3,2025-12-14,91740.2437938786,2416.825502075665,621.9995026706359,58231.75896202124,9493.143090261045,67724.90205228228,1,6000.0,6000.0,HiGHS LP
0.3,2025-12-15,92345.90564206765,2655.9576581907168,763.3263006026493,58683.25494339467,9456.163486070971,68139.41842946564,1,6000.0,6000.0,HiGHS LP
0.3,2025-12-16,91591.52342054073,3224.122196042955,642.6989983221906,58030.77470502391,12406.27842839648,70437.05313342038,1,6000.0,6000.0,HiGHS LP
0.3,2025-12-17,93354.3997936979,1371.616133432062,1765.3507035851785,59335.66501600729,4890.156564480519,64225.821580487805,1,6000.0,6000.0,HiGHS LP
0.3,2025-12-18,90951.0317262317,2722.3307982448987,1571.0302047130485,57570.35535855635,10875.210611024433,68445.56596958078,1,6000.0,6000.0,HiGHS LP
0.3,2025-12-19,45791.94147482699,2409.29668427754,1296.001909257709,23520.17364795201,10024.474996167963,33544.648644119974,1,6000.0,6000.0,HiGHS LP
0.3,2025-12-20,45903.09477716047,2242.2593074608667,1316.0316130052097,23618.562700775783,9024.82242193421,32643.385122709995,1,6000.0,6000.0,HiGHS LP
0.3,2025-12-21,90539.38954915732,3891.855313558915,640.3440338514309,57265.68498079927,14674.370904597175,71940.05588539645,1,6000.0,6000.0,HiGHS LP
0.3,2025-12-22,93075.26077193848,1885.0861714734629,1240.3892854015537,59126.02207005223,7478.360900163811,66604.38297021604,1,6000.0,6000.0,HiGHS LP
0.3,2025-12-23,92930.96522301066,1136.047386299516,2028.9044325921177,59034.17672126994,4411.974400482853,63446.151121752795,1,6000.0,6000.0,HiGHS LP
0.3,2025-12-24,91596.87104065173,2215.222161386875,1193.210554435922,58102.85979437695,8710.505495344298,66813.36528972125,1,6000.0,6000.0,HiGHS LP
0.3,2025-12-25,91178.02035568412,2357.5617683766122,956.9570754541434,57860.15525402583,8465.685091326564,66325.8403453524,1,6000.0,6000.0,HiGHS LP
0.3,2025-12-26,44928.811550654485,2893.022588265929,881.176031460664,23106.675491664806,11177.519322147073,34284.194813811875,1,6000.0,6000.0,HiGHS LP
0.3,2025-12-27,46506.06187447554,2006.2596542840015,1158.6842862670596,23944.164358746002,8180.290603816158,32124.45496256216,1,6000.0,6000.0,HiGHS LP
0.3,2025-12-28,90486.63639919914,2653.686907494981,1564.5103449843052,57255.64514993603,10193.011678458042,67448.65682839407,1,6000.0,6000.0,HiGHS LP
0.3,2025-12-29,90564.1660034616,2568.6685774481994,858.7921149380879,57248.52295558766,9292.088420960861,66540.61137654852,1,6000.0,6000.0,HiGHS LP
0.3,2025-12-30,92702.64128542607,970.6293336177848,2676.3845117992814,58951.32660092675,3846.18698051733,62797.51358144409,1,6000.0,6000.0,HiGHS LP
0.3,2025-12-31,90211.12018663823,3742.435666662992,575.1515170570763,57013.93841706536,14848.662899806712,71862.60131687207,1,6000.0,6000.0,HiGHS LP
0.35,2025-02-01,39394.51860792097,1273.243349919754,2499.7753403031666,20289.141241313286,5569.742731641266,25858.88397295455,1,6000.0,6000.0,HiGHS LP
0.35,2025-02-02,82965.53958077112,1471.0857217346625,1643.4509727595514,51481.37646493492,6535.770308845934,58017.14677378085,1,6000.0,6000.0,HiGHS LP
0.35,2025-02-03,83193.15877527223,2913.05638836638,1442.4949780837067,51649.38687422573,11327.094513529008,62976.48138775474,1,6000.0,6000.0,HiGHS LP
0.35,2025-02-04,83267.76339050004,3629.589868867056,1270.2863574246944,51747.94733127954,15310.735329868174,67058.68266114772,1,6000.0,6000.0,HiGHS LP
0.35,2025-02-05,78894.29825309088,6428.287936147193,172.49253923807726,48387.35572762933,26161.786230371556,74549.14195800088,1,6000.0,6000.0,HiGHS LP
0.35,2025-02-06,84857.90946632669,1741.5022615201437,1736.801616130048,52944.093034764366,6699.08508609803,59643.178120862394,1,6000.0,6000.0,HiGHS LP
0.35,2025-02-07,36043.08820060002,2248.7965231147373,2858.661630438637,18527.20863636949,10098.346366724494,28625.555003093985,1,6000.0,6000.0,HiGHS LP
0.35,2025-02-08,35109.581626406245,2509.7323134330336,2491.204288894458,18002.441094497102,10630.465802184943,28632.906896682045,1,6000.0,6000.0,HiGHS LP
0.35,2025-02-09,77390.09233690445,6861.293479765647,279.0938132202208,47662.41384819487,25413.591635203207,73076.00548339807,1,6000.0,6000.0,HiGHS LP
0.35,2025-02-10,80815.78991558039,1019.3935880914878,3101.933407557426,50096.74155026396,3788.4399106495453,53885.18146091351,1,6000.0,6000.0,HiGHS LP
0.35,2025-02-11,81128.26182092253,824.5881734003274,2316.9565237422566,50419.17050043511,3189.858269806136,53609.028770241246,1,6000.0,6000.0,HiGHS LP
0.35,2025-02-12,76763.20938578986,3440.2915122168065,506.28909740541735,47016.99559852033,14834.625052834024,61851.62065135435,1,6000.0,6000.0,HiGHS LP
0.35,2025-02-13,76790.5750902745,2064.147263367715,3093.9487042148385,47342.02899235335,7034.298769328798,54376.32776168214,1,6000.0,6000.0,HiGHS LP
0.35,2025-02-14,35305.981803166345,2007.9641621387095,3991.8719117979635,18223.38949861453,5788.682482077846,24012.071980692377,1,6000.0,6000.0,HiGHS LP
0.35,2025-02-15,33729.25352815469,3487.16572282005,4511.224178285408,17369.531585629906,11202.188630487606,28571.720216117512,1,6000.0,6000.0,HiGHS LP
0.35,2025-02-16,73734.69262264408,6178.490414191311,159.0297302561246,45111.609873165566,22851.54285408616,67963.15272725173,1,6000.0,6000.0,HiGHS LP
0.35,2025-02-17,73861.55056886261,2916.9980994093808,1243.8087726432439,45133.359622217584,10480.559730429446,55613.91935264703,1,6000.0,6000.0,HiGHS LP
0.35,2025-02-18,74733.58571790432,2900.372944206055,1201.8040652003094,45874.34953543385,10753.089940590537,56627.43947602439,1,6000.0,6000.0,HiGHS LP
0.35,2025-02-19,72994.96196840571,4725.498954104166,508.3294646504885,44617.869214066035,18738.922294017546,63356.79150808358,1,6000.0,6000.0,HiGHS LP
0.35,2025-02-20,73955.52037704596,2582.0715310353444,1210.5293340812482,45235.743045473,9746.278087212842,54982.02113268584,1,6000.0,6000.0,HiGHS LP
0.35,2025-02-21,33124.65827634526,2412.0851866676903,6650.547555209621,17036.193714947047,8309.49703703383,25345.690751980877,1,6000.0,6000.0,HiGHS LP
0.35,2025-02-22,34434.63965280872,2729.960296600911,5943.018712907822,17892.761024542073,9691.41649861776,27584.177523159833,1,6000.0,6000.0,HiGHS LP
0.35,2025-02-23,73390.003535375,3473.1241891252666,1011.941690815502,44992.47397820723,11664.15649784071,56656.63047604794,1,6000.0,6000.0,HiGHS LP
0.35,2025-02-24,71122.16717232473,2511.5432358376747,1174.430388143608,43183.48488070621,10093.69899718641,53277.18387789262,1,6000.0,6000.0,HiGHS LP
0.35,2025-02-25,69787.3007432308,2548.7449054250606,2333.6150631342225,42402.21306037061,9244.315829103094,51646.5288894737,1,6000.0,6000.0,HiGHS LP
0.35,2025-02-26,69273.02488235447,4340.397001104713,666.8303231741756,41930.817190271424,16999.128333134275,58929.945523405695,1,6000.0,6000.0,HiGHS LP
0.35,2025-02-27,69307.8851765694,3359.3578706262806,1582.0476846578388,42077.20808592008,15180.672330256511,57257.88041617659,1,6000.0,6000.0,HiGHS LP
0.35,2025-02-28,31297.389861772193,3492.381409445142,8310.674628910647,15923.037138919328,12961.876153702182,28884.91329262151,1,6000.0,6000.0,HiGHS LP
0.35,2025-03-01,32339.931860281613,1758.7307059856298,7229.304388382399,16566.53907445703,7371.544971439881,23938.08404589691,1,6000.0,6000.0,HiGHS LP
0.35,2025-03-02,66081.12825728569,10625.654323944033,240.6203316427849,40217.45464728715,39549.62248547133,79767.07713275848,1,6000.0,6000.0,HiGHS LP
0.35,2025-03-03,68534.96214365022,8406.296502515082,797.0440259944203,42027.07589122804,31980.810023828533,74007.88591505657,1,6000.0,6000.0,HiGHS LP
0.35,2025-03-04,69968.02966163016,4305.755779364659,903.275734661886,42876.40730174731,14561.298327596744,57437.705629344055,1,6000.0,6000.0,HiGHS LP
0.35,2025-03-05,70126.12557060721,2108.24251327177,1935.907520512621,42825.772263461215,7898.2962194169195,50724.06848287814,1,6000.0,6000.0,HiGHS LP
0.35,2025-03-06,70022.96371733607,2169.4476925692043,2077.7750342146737,42880.37219387716,7678.682121527201,50559.05431540436,1,6000.0,6000.0,HiGHS LP
0.35,2025-03-07,30810.076210130534,2877.3800605592824,9703.933353481645,16016.255033181502,10572.07743881767,26588.332471999172,1,6000.0,6000.0,HiGHS LP
0.35,2025-03-08,29806.574231821127,1878.9981549295976,9582.432870084063,15598.700287962423,5209.618275867069,20808.318563829493,1,6000.0,6000.0,HiGHS LP
0.35,2025-03-09,66060.11146044987,3007.4573578439768,1596.821960937212,39901.13199358333,11837.70698230173,51738.83897588506,1,6000.0,6000.0,HiGHS LP
0.35,2025-03-10,66262.57094960648,6584.667909552018,656.4825223831238,40059.52231342383,22728.530037549346,62788.05235097318,1,6000.0,6000.0,HiGHS LP
0.35,2025-03-11,67092.86626842947,2633.8291741488792,1640.4416723927375,40486.05980315349,9668.767459363058,50154.82726251655,1,6000.0,6000.0,HiGHS LP
0.35,2025-03-12,64544.545248710994,2810.369127551476,806.8161200989473,38677.02862828513,10896.028367710685,49573.056995995816,1,6000.0,6000.0,HiGHS LP
0.35,2025-03-13,65047.1909013375,7264.409790566242,645.5221860413486,39150.05401947495,27007.547651555084,66157.60167103003,1,6000.0,6000.0,HiGHS LP
0.35,2025-03-14,29216.33509348792,1849.199819437597,11996.108929592181,15037.598595474876,6843.140982895844,21880.739578370718,1,6000.0,6000.0,HiGHS LP
0.35,2025-03-15,28606.076231167437,3524.3892319847164,8166.340313152153,14565.069594575292,12355.255788018967,26920.32538259426,1,6000.0,6000.0,HiGHS LP
0.35,2025-03-16,64846.45172560002,3827.117308316346,1193.0155415530735,39072.41129736687,14464.562091640513,53536.973389007384,1,6000.0,6000.0,HiGHS LP
0.35,2025-03-17,64942.440239165706,982.3476735421639,3941.046140077029,38911.681718699794,3879.4027998997135,42791.084518599506,1,6000.0,6000.0,HiGHS LP
0.35,2025-03-18,62117.1180367688,3799.236913938064,696.2766261695256,37038.96594208785,16625.27882912101,53664.24477120886,1,6000.0,6000.0,HiGHS LP
0.35,2025-03-19,63273.562649832886,2168.806548175058,1867.5189685025755,37796.22838457553,9491.363476383402,47287.59186095893,1,6000.0,6000.0,HiGHS LP
0.35,2025-03-20,61196.924678660784,5424.945606473443,317.63508235727437,36523.244928169144,21793.294756246018,58316.53968441516,1,6000.0,6000.0,HiGHS LP
0.35,2025-03-21,28775.726463180188,1199.257138423549,14901.519084937065,14705.753476684446,4132.753108987566,18838.50658567201,1,6000.0,6000.0,HiGHS LP
0.35,2025-03-22,28525.337329954422,2356.029142803537,11960.166739424627,14428.370720743773,8433.29397709083,22861.664697834603,1,6000.0,6000.0,HiGHS LP
0.35,2025-03-23,62692.98584631365,2971.3865785630433,2782.1183278192657,37399.276726447744,11908.93070034549,49308.20742679323,1,6000.0,6000.0,HiGHS LP
0.35,2025-03-24,61172.854426860045,2357.350430168212,1443.5539548878214,36510.03466715789,9189.299588994694,45699.33425615258,1,6000.0,6000.0,HiGHS LP
0.35,2025-03-25,62092.39237571777,4262.992335562018,1309.744727030606,37073.60467475341,16665.506262097682,53739.110936851095,1,6000.0,6000.0,HiGHS LP
0.35,2025-03-26,60727.05204291937,1810.493933034767,2857.459324732875,36109.878896440816,7536.382560630016,43646.26145707083,1,6000.0,6000.0,HiGHS LP
0.35,2025-03-27,60009.82699921295,3746.34288831818,972.9600191788109,35750.907598145954,15312.401710571201,51063.30930871716,1,6000.0,6000.0,HiGHS LP
0.35,2025-03-28,27986.949117530305,1210.4247171758477,15335.493068039492,14050.609940508439,4359.843575444331,18410.45351595277,1,6000.0,6000.0,HiGHS LP
0.35,2025-03-29,28708.62417419767,836.0566549028053,18797.471645767146,14482.677614973783,3291.1696183736403,17773.847233347424,1,6000.0,6000.0,HiGHS LP
0.35,2025-03-30,57433.97794233044,2852.7629782334243,1037.2638671560424,34314.418802169705,11723.24103408142,46037.65983625113,1,6000.0,6000.0,HiGHS LP
0.35,2025-03-31,59224.544461336955,3743.906270279986,1975.8894713231907,35271.721512816635,14543.911880585902,49815.63339340254,1,6000.0,6000.0,HiGHS LP
0.35,2025-04-01,57549.83360245928,7195.294534663297,615.2174320304849,34272.80327943969,24427.25082636698,58700.054105806674,1,6000.0,6000.0,HiGHS LP
0.35,2025-04-02,57193.86193540457,8194.83820331988,1007.3792495369462,34135.15888049631,31843.902357898445,65979.06123839476,1,6000.0,6000.0,HiGHS LP
0.35,2025-04-03,57571.278604026185,3198.6447955121366,976.911214499879,34256.214680302655,13929.981124035588,48186.19580433825,1,6000.0,6000.0,HiGHS LP
0.35,2025-04-04,26826.659839776545,1246.9882455840645,18602.845835360607,13173.554930150121,4855.243792446082,18028.798722596202,1,6000.0,6000.0,HiGHS LP
0.35,2025-04-05,26890.64878641494,3962.106630509667,15768.640433591267,13218.489225145371,16225.735796199195,29444.225021344566,1,6000.0,6000.0,HiGHS LP
0.35,2025-04-06,54478.123928071676,4277.860252798033,435.13282391378243,32590.291266302513,15627.23491640351,48217.526182706024,1,6000.0,6000.0,HiGHS LP
0.35,2025-04-07,55501.72980822893,3841.4415171429036,2104.992250111474,33098.692024232805,13170.11747670281,46268.80950093562,1,6000.0,6000.0,HiGHS LP
0.35,2025-04-08,56285.67543835761,3195.4923016681055,1139.2567167289717,33580.96176142774,13961.270886045124,47542.23264747286,1,6000.0,6000.0,HiGHS LP
0.35,2025-04-09,57102.435372583626,6702.184735937422,663.2730268551915,34142.47657593487,24080.719979608813,58223.19655554368,1,6000.0,6000.0,HiGHS LP
0.35,2025-04-10,56481.744990979336,3343.2210226036723,1350.0939604656357,33727.10886996881,14158.826223158972,47885.93509312779,1,6000.0,6000.0,HiGHS LP
0.35,2025-04-11,26557.139047923367,1343.717122805001,19544.206004061707,12989.055412500364,4969.638793664873,17958.694206165237,1,6000.0,6000.0,HiGHS LP
0.35,2025-04-12,27065.295436438722,2121.642575536202,17121.777461974925,13323.7575513665,8903.610415703446,22227.367967069946,1,6000.0,6000.0,HiGHS LP
0.35,2025-04-13,53431.350005000204,5494.709029502816,808.2513444787836,32011.3456954137,21100.554629486775,53111.900324900475,1,6000.0,6000.0,HiGHS LP
0.35,2025-04-14,52398.39212036259,4563.947985739591,623.1092384095011,31355.83628430416,16552.783089873494,47908.61937417765,1,6000.0,6000.0,HiGHS LP
0.35,2025-04-15,52458.33128815408,3897.3467480282097,2399.2443472049113,31394.133697596706,16735.086498742756,48129.22019633946,1,6000.0,6000.0,HiGHS LP
0.35,2025-04-16,52160.0277919322,7567.2622409449405,187.86638168000468,31319.736317239294,27303.031126463415,58622.76744370271,1,6000.0,6000.0,HiGHS LP
0.35,2025-04-17,54011.691219332766,3684.7581545504354,971.4040618895204,32383.94751418632,14758.809737280835,47142.757251467156,1,6000.0,6000.0,HiGHS LP
0.35,2025-04-18,25683.028449678568,1974.9770852333374,18263.888351578567,12356.498060899637,7495.119617881575,19851.617678781215,1,6000.0,6000.0,HiGHS LP
0.35,2025-04-19,26256.248282373497,1172.7570950182044,17604.326127391698,12777.98152050754,4211.270380514741,16989.251901022282,1,6000.0,6000.0,HiGHS LP
0.35,2025-04-20,53730.28666177632,3297.770770843286,1279.5033210045262,32156.23889803204,12946.390705168198,45102.629603200236,1,6000.0,6000.0,HiGHS LP
0.35,2025-04-21,54617.939799837506,1307.356208442658,3557.6108584125577,32568.445181958676,4292.543815810222,36860.9889977689,1,6000.0,6000.0,HiGHS LP
0.35,2025-04-22,51365.1026610345,5284.7971772636965,811.2857844304572,30812.159195031316,19080.85534287113,49893.01453790245,1,6000.0,6000.0,HiGHS LP
0.35,2025-04-23,55217.464401097204,2882.6847553294465,2868.9788706372274,32966.202674647735,9367.374550234279,42333.577224882014,1,6000.0,6000.0,HiGHS LP
0.35,2025-04-24,53056.48606137195,1332.8381664266822,3585.4741487316232,31668.83028990867,4840.161129894582,36508.99141980325,1,6000.0,6000.0,HiGHS LP
0.35,2025-04-25,25422.90658105936,925.7910245525682,21308.12193678615,12220.01009076769,3636.5646137801223,15856.574704547813,1,6000.0,6000.0,HiGHS LP
0.35,2025-04-26,24921.44059576324,3300.6170476457623,25110.519451647713,11820.232534670602,13833.379147839041,25653.611682509643,1,6000.0,6000.0,HiGHS LP
0.35,2025-04-27,49823.41914814726,4332.905969902825,2068.2270354879456,29714.842261258113,18625.155775951902,48339.99803721001,1,6000.0,6000.0,HiGHS LP
0.35,2025-04-28,51614.03722385464,9333.923634663133,730.1660423067765,30965.46520811646,35597.792552068066,66563.25776018453,1,6000.0,6000.0,HiGHS LP
0.35,2025-04-29,52639.90860382331,1841.7650209946496,3373.9236670898845,31430.19296416668,6982.742433867001,38412.93539803368,1,6000.0,6000.0,HiGHS LP
0.35,2025-04-30,49560.015569282295,4055.1086524024413,1846.6958259786604,29635.738901300363,13716.882739374565,43352.62164067493,1,6000.0,6000.0,HiGHS LP
0.35,2025-05-01,50829.78656591223,5439.965304623216,1746.8046343505423,30668.820385569616,24542.85186308326,55211.672248652874,1,6000.0,6000.0,HiGHS LP
0.35,2025-05-02,26420.50678640075,6508.993186519722,15599.179889587132,13053.933884907223,27991.98192768056,41045.91581258779,1,6000.0,6000.0,HiGHS LP
0.35,2025-05-03,27436.04600139436,3370.9284055096928,18899.802756904046,13814.624932480328,14867.222597452275,28681.847529932602,1,6000.0,6000.0,HiGHS LP
0.35,2025-05-04,52805.41107212804,4175.818840378128,1733.6468194301992,32381.627873334884,14291.657015599156,46673.28488893404,1,6000.0,6000.0,HiGHS LP
0.35,2025-05-05,50814.811510666186,8209.819256828585,575.4359245934319,31302.88571691636,35729.977193751925,67032.86291066828,1,6000.0,6000.0,HiGHS LP
0.35,2025-05-06,53045.93621224628,4932.376091890679,1655.7205006342733,32581.39540666213,21304.88622511432,53886.28163177645,1,6000.0,6000.0,HiGHS LP
0.35,2025-05-07,54179.40008455227,5131.519572511912,773.2032303401138,33267.646454772344,22604.59092387816,55872.237378650505,1,6000.0,6000.0,HiGHS LP
0.35,2025-05-08,53183.30825027381,7036.669662892443,905.5194588963857,32737.427882447057,27328.367776353392,60065.795658800445,1,6000.0,6000.0,HiGHS LP
0.35,2025-05-09,27358.74295546286,1896.1551178045038,17715.51222326736,14055.240195845043,7758.917378869106,21814.157574714147,1,6000.0,6000.0,HiGHS LP
0.35,2025-05-10,25672.465726689847,5199.007907284606,15710.043569416193,12642.557430801124,22028.289004364367,34670.84643516549,1,6000.0,6000.0,HiGHS LP
0.35,2025-05-11,55346.1726126661,4912.774459130773,1243.118685623193,34035.569867965525,19414.68650560464,53450.25637357017,1,6000.0,6000.0,HiGHS LP
0.35,2025-05-12,56026.03798173642,3000.085172710003,3550.5771998951213,34486.34212891836,9103.388758598816,43589.73088751717,1,6000.0,6000.0,HiGHS LP
0.35,2025-05-13,50596.75835362244,6232.2047985749405,400.3503094812869,31031.284192314815,26569.561390582712,57600.84558289753,1,6000.0,6000.0,HiGHS LP
0.35,2025-05-14,52097.5626911025,4973.831445569382,688.6161811082903,31765.40733237831,19842.233301947563,51607.64063432587,1,6000.0,6000.0,HiGHS LP
0.35,2025-05-15,53359.395729291944,4403.908988969404,1606.2436663509957,32759.50254466156,17674.966946857734,50434.469491519296,1,6000.0,6000.0,HiGHS LP
0.35,2025-05-16,27081.184187878844,1104.737874611538,22430.41552915705,13882.887286719837,3730.4488144575075,17613.336101177345,1,6000.0,6000.0,HiGHS LP
0.35,2025-05-17,26977.102961907047,3885.3470925429947,17373.650971116705,13767.99417976632,16526.29772238486,30294.29190215118,1,6000.0,6000.0,HiGHS LP
0.35,2025-05-18,53602.094717185144,4949.840635086627,1558.5301970551939,32990.673431372146,17531.617913254297,50522.29134462644,1,6000.0,6000.0,HiGHS LP
0.35,2025-05-19,52729.492771816556,2637.5602135581144,4553.549288097676,32141.49566726054,11930.739511562762,44072.235178823306,1,6000.0,6000.0,HiGHS LP
0.35,2025-05-20,52435.415210447405,5963.592625608653,542.2117515239378,32060.48634920213,23205.48612878431,55265.972477986434,1,6000.0,6000.0,HiGHS LP
0.35,2025-05-21,51935.65400153637,5035.594437825226,2327.035805560741,31753.858418022384,21152.940009718193,52906.79842774058,1,6000.0,6000.0,HiGHS LP
0.35,2025-05-22,53053.064234514284,2663.8447101601996,1579.4582481056166,32512.467621370924,10780.856520500642,43293.32414187156,1,6000.0,6000.0,HiGHS LP
0.35,2025-05-23,25796.558333280136,2902.3480556215063,19237.957505568313,12875.819164614852,11610.143634712262,24485.962799327113,1,6000.0,6000.0,HiGHS LP
0.35,2025-05-24,26039.409179073667,1574.268851737996,20819.176647478325,12997.640734290255,6140.087005251429,19137.727739541682,1,6000.0,6000.0,HiGHS LP
0.35,2025-05-25,51187.09258914206,2817.4235009345475,2202.4217142553885,31192.534751526666,12132.028827095655,43324.56357862232,1,6000.0,6000.0,HiGHS LP
0.35,2025-05-26,50469.23216039626,7920.89536351472,616.7391738145488,30792.131387199926,31765.93104964475,62558.06243684467,1,6000.0,6000.0,HiGHS LP
0.35,2025-05-27,52014.91339419832,3015.2974095199033,2331.8142580942085,31813.7778810696,12645.292346889117,44459.07022795871,1,6000.0,6000.0,HiGHS LP
0.35,2025-05-28,52703.38015273532,5574.525434225166,2689.0275165863964,32091.551422842807,21148.461688995296,53240.0131118381,1,6000.0,6000.0,HiGHS LP
0.35,2025-05-29,52544.816825176866,5946.511148017888,1029.9885891862161,32050.74250512926,24681.023712750757,56731.76621788002,1,6000.0,6000.0,HiGHS LP
0.35,2025-05-30,25744.649016927564,3282.0537437352923,19390.469493996192,12893.928282762716,12925.508230161347,25819.43651292406,1,6000.0,6000.0,HiGHS LP
0.35,2025-05-31,26066.913540454487,2834.837385075162,17472.569375529652,12982.669867781306,11320.706654906511,24303.376522687817,1,6000.0,6000.0,HiGHS LP
0.35,2025-06-01,57024.13017937541,17897.851915651707,130.33765686710518,34725.32599541629,68962.67425429469,103688.00024971098,1,6000.0,6000.0,HiGHS LP
0.35,2025-06-02,62292.1246664435,10959.632553870144,1002.1457462319865,39238.13829926657,42598.71620006747,81836.85449933403,1,6000.0,6000.0,HiGHS LP
0.35,2025-06-03,65380.70276082317,6939.873249912377,499.82530515483325,40713.85805400013,27812.33439918735,68526.19245318748,1,6000.0,6000.0,HiGHS LP
0.35,2025-06-04,68755.25891177198,5811.706643882282,1108.984337128041,42622.01640666058,19179.232149311334,61801.24855597191,1,6000.0,6000.0,HiGHS LP
0.35,2025-06-05,69367.04350962845,6565.716489145648,1006.8168935352404,43046.45967139769,24675.746844365094,67722.20651576278,1,6000.0,6000.0,HiGHS LP
0.35,2025-06-06,33584.08664878913,7632.523871864083,7321.615120653215,18994.62273734683,29112.144541912046,48106.76727925887,1,6000.0,6000.0,HiGHS LP
0.35,2025-06-07,33777.93191356184,4087.5126093745116,3698.9313562696893,18838.29884951852,14984.020266791005,33822.319116309525,1,6000.0,6000.0,HiGHS LP
0.35,2025-06-08,79750.5462822722,509.05429793369683,10782.169781943116,49597.88845091735,1820.3531819675668,51418.24163288492,1,6000.0,6000.0,HiGHS LP
0.35,2025-06-09,71006.15429974836,5191.163096053249,1414.8819513965555,43608.98170961572,21132.985254461135,64741.966964076855,1,6000.0,6000.0,HiGHS LP
0.35,2025-06-10,72937.99448401899,4128.485918273384,1372.207972409965,44590.435534535936,16125.104439312749,60715.53997384869,1,6000.0,6000.0,HiGHS LP
0.35,2025-06-11,73078.77113105521,7711.161207411724,562.2774864027912,44646.076554042695,32870.234054719906,77516.31060876261,1,6000.0,6000.0,HiGHS LP
0.35,2025-06-12,76896.92670029857,2568.2011256410556,2747.6573376339525,47553.11224599421,9833.997341787795,57387.109587782004,1,6000.0,6000.0,HiGHS LP
0.35,2025-06-13,32875.78746485023,2774.8098416579774,4265.28360650821,18404.058321232762,10392.969069827057,28797.02739105982,1,6000.0,6000.0,HiGHS LP
0.35,2025-06-14,33640.129956965204,2653.564244350595,7060.351451315802,18782.55252539097,8781.060031958565,27563.612557349534,1,6000.0,6000.0,HiGHS LP
0.35,2025-06-15,72245.75498175512,4303.460641301199,1821.811972683393,44361.30534586772,16657.257709012047,61018.56305487976,1,6000.0,6000.0,HiGHS LP
0.35,2025-06-16,73439.58568965021,4473.282800527193,982.7540913538066,44754.690549608466,17700.96455049768,62455.655100106145,1,6000.0,6000.0,HiGHS LP
0.35,2025-06-17,74601.75608783585,5672.60155444337,1382.7473856415907,45583.55751001739,22790.30289858023,68373.86040859763,1,6000.0,6000.0,HiGHS LP
0.35,2025-06-18,75254.90719181881,2712.7297743831987,2771.9306531296074,46063.50076031528,10400.551114368092,56464.05187468337,1,6000.0,6000.0,HiGHS LP
0.35,2025-06-19,73287.32126327479,2469.238224294686,3292.255604792439,44992.01007480973,9840.215616826226,54832.22569163596,1,6000.0,6000.0,HiGHS LP
0.35,2025-06-20,33460.86469858485,916.113925286025,8936.397773870878,18897.51402952372,3233.008677749131,22130.522707272852,1,6000.0,6000.0,HiGHS LP
0.35,2025-06-21,33395.90962686713,1219.8034761929898,12240.97270306012,18715.426428206036,4659.508145583069,23374.934573789105,1,6000.0,6000.0,HiGHS LP
0.35,2025-06-22,70979.91521762224,3474.8636081750956,2917.1247905255727,43116.47062175772,13816.696679917555,56933.167301675276,1,6000.0,6000.0,HiGHS LP
0.35,2025-06-23,72370.23687785355,2281.5343903808425,3466.07054406886,44246.339542311915,10365.538989789351,54611.87853210127,1,6000.0,6000.0,HiGHS LP
0.35,2025-06-24,67333.45588733716,13044.432794466109,184.62958247915367,40897.01603864918,52346.573505175795,93243.58954382497,1,6000.0,6000.0,HiGHS LP
0.35,2025-06-25,75367.1697257887,2656.718611466207,3279.175135929312,46199.681258818935,10149.0840762797,56348.76533509864,1,6000.0,6000.0,HiGHS LP
0.35,2025-06-26,72638.51721281686,3165.0566660036784,4050.7025197585376,44265.35742016424,13730.384509515834,57995.74192968007,1,6000.0,6000.0,HiGHS LP
0.35,2025-06-27,32284.986700231864,900.6995980615558,10374.040431626749,17915.503209347553,3417.1284893980346,21332.631698745587,1,6000.0,6000.0,HiGHS LP
0.35,2025-06-28,32451.825156916773,1344.2241835989566,8979.123223849068,17978.202986802742,4381.639973776324,22359.842960579066,1,6000.0,6000.0,HiGHS LP
0.35,2025-06-29,72865.41641536052,3286.6744561370324,2646.0795555277455,44440.79494468887,11363.817120703396,55804.61206539226,1,6000.0,6000.0,HiGHS LP
0.35,2025-06-30,72800.17808323452,3647.578526781187,2296.5102546518146,44333.08592894656,13895.910950045763,58228.99687899232,1,6000.0,6000.0,HiGHS LP
0.35,2025-07-01,78295.22213980388,7705.743582746816,2830.9830892604423,48414.319187246634,26935.207192263053,75349.52637950968,1,6000.0,6000.0,HiGHS LP
0.35,2025-07-02,81877.74490612699,2888.648704439571,7546.397628257715,51457.33553433729,8154.825733091513,59612.161267428804,1,6000.0,6000.0,HiGHS LP
0.35,2025-07-03,80520.9709651405,5102.02532236663,1627.4201847031536,50677.00306939389,17792.70639449901,68469.7094638929,1,6000.0,6000.0,HiGHS LP
0.35,2025-07-04,39697.14115792161,3034.0268770985645,10810.300568353498,23490.861498092916,9802.339250367877,33293.20074846079,1,6000.0,6000.0,HiGHS LP
0.35,2025-07-05,41417.03511767738,2054.9607256544987,11641.915876665209,24459.73018043537,6551.864873815617,31011.59505425099,1,6000.0,6000.0,HiGHS LP
0.35,2025-07-06,77711.06393110944,6834.196172158319,727.5941868860696,48662.417272164326,28049.972857964356,76712.39013012868,1,6000.0,6000.0,HiGHS LP
0.35,2025-07-07,80908.38391313182,1737.883666055326,4987.2969193625895,50381.80873988115,5674.935541693783,56056.74428157493,1,6000.0,6000.0,HiGHS LP
0.35,2025-07-08,82406.31721503698,2048.181142195873,4693.3259321042315,51393.85374159529,8705.561129320582,60099.41487091587,1,6000.0,6000.0,HiGHS LP
0.35,2025-07-09,76209.33577953783,3890.7590900976866,2110.507246718913,47720.01302225294,14846.277290334641,62566.29031258758,1,6000.0,6000.0,HiGHS LP
0.35,2025-07-10,75704.83377734508,3026.974313148689,1952.0493210405393,47498.08371318423,11546.333024351747,59044.416737535976,1,6000.0,6000.0,HiGHS LP
0.35,2025-07-11,40391.048069625635,4026.752097522726,8859.02301714836,23495.796363121757,14380.195403604106,37875.99176672586,1,6000.0,6000.0,HiGHS LP
0.35,2025-07-12,41001.6966465884,2721.2781187309165,9598.731431985985,23810.033199311547,10763.23822916712,34573.27142847866,1,6000.0,6000.0,HiGHS LP
0.35,2025-07-13,72962.03399112183,3254.872306753856,3197.5176083689053,45751.54492280862,13673.026194946448,59424.57111775507,1,6000.0,6000.0,HiGHS LP
0.35,2025-07-14,67937.49172978435,7919.900035638039,369.52924266812107,42983.29619356113,31767.783656874384,74751.07985043552,1,6000.0,6000.0,HiGHS LP
0.35,2025-07-15,71774.51121828593,6718.310253028244,1978.5751336768935,45326.03411775012,23700.921993324224,69026.95611107434,1,6000.0,6000.0,HiGHS LP
0.35,2025-07-16,71510.57713409164,6486.140235213295,2086.610641866736,45026.52539771797,22843.315252303757,67869.84065002172,1,6000.0,6000.0,HiGHS LP
0.35,2025-07-17,71148.45241614647,6246.129779586507,881.3383746267123,44870.35006654836,25854.475667634564,70724.82573418293,1,6000.0,6000.0,HiGHS LP
0.35,2025-07-18,39006.947291524186,4739.759524074481,9432.458715598666,22486.11057394943,18620.003825240965,41106.114399190395,1,6000.0,6000.0,HiGHS LP
0.35,2025-07-19,39025.057661195766,3570.1175730732734,12372.356184269034,22495.834534309804,13967.816723918018,36463.65125822782,1,6000.0,6000.0,HiGHS LP
0.35,2025-07-20,71223.18598413694,5785.890122776362,1157.824653238657,45050.88988122195,21735.166720425183,66786.05660164713,1,6000.0,6000.0,HiGHS LP
0.35,2025-07-21,69755.9531106051,8467.54401085686,474.0989308350504,43994.73078266943,32111.20078446162,76105.93156713105,1,6000.0,6000.0,HiGHS LP
0.35,2025-07-22,73498.15023753562,5431.017153752664,1320.5978035830265,46078.057419305886,21785.36791487997,67863.42533418586,1,6000.0,6000.0,HiGHS LP
0.35,2025-07-23,73998.23219709788,5168.096058648096,1138.1120067281531,46535.40853538811,20512.673098733307,67048.08163412142,1,6000.0,6000.0,HiGHS LP
0.35,2025-07-24,72580.13877501982,6432.121881083875,1609.9920515646893,45646.962326126086,24529.16471071477,70176.12703684086,1,6000.0,6000.0,HiGHS LP
0.35,2025-07-25,40404.11653653876,1379.925463858717,12238.722433730813,23557.36807411552,5308.6543337660605,28866.02240788158,1,6000.0,6000.0,HiGHS LP
0.35,2025-07-26,40554.83087089836,2666.7023616168203,11712.44166584851,23526.16238367874,9739.478495775988,33265.64087945473,1,6000.0,6000.0,HiGHS LP
0.35,2025-07-27,73741.93798327485,4782.740492533763,1039.166005559135,46340.00176454962,20218.331352144738,66558.33311669435,1,6000.0,6000.0,HiGHS LP
0.35,2025-07-28,74556.58326739217,8046.922475256006,815.5958809796798,46864.52769000083,31426.31142626587,78290.8391162667,1,6000.0,6000.0,HiGHS LP
0.35,2025-07-29,74566.95542183254,6588.108170443093,1234.781679550057,46723.90382877977,25091.05911290434,71814.9629416841,1,6000.0,6000.0,HiGHS LP
0.35,2025-07-30,74503.34749772378,5163.086533355843,1713.7125199613247,46678.902292949824,21240.90230178809,67919.80459473791,1,6000.0,6000.0,HiGHS LP
0.35,2025-07-31,72841.84531806223,6368.799092261258,687.27937038275,45727.02584795352,25871.019875050697,71598.04572300421,1,6000.0,6000.0,HiGHS LP
0.35,2025-08-01,39186.012445501634,1594.7417649363504,16489.394543771326,22726.954706597873,5471.286163972574,28198.240870570447,1,6000.0,6000.0,HiGHS LP
0.35,2025-08-02,37569.40502519296,2700.654656359893,16303.034748219514,21477.627082822262,11217.199394848485,32694.826477670747,1,6000.0,6000.0,HiGHS LP
0.35,2025-08-03,69279.21099379275,1990.695922704683,4710.052613791521,43978.78753705631,7602.825890148917,51581.61342720523,1,6000.0,6000.0,HiGHS LP
0.35,2025-08-04,68075.01395270757,2497.7475306285087,1501.3132340556026,43446.852616634176,9567.085482651515,53013.93809928569,1,6000.0,6000.0,HiGHS LP
0.35,2025-08-05,67471.32527496477,3243.4555037201103,1918.6302284858548,43128.63630686203,12329.230357104982,55457.86666396701,1,6000.0,6000.0,HiGHS LP
0.35,2025-08-06,64688.61378292127,7742.275305829023,760.3542789453737,41444.589038872204,30875.63945050652,72320.22848937873,1,6000.0,6000.0,HiGHS LP
0.35,2025-08-07,71225.28262193821,1118.6081365037658,5177.275702676157,45306.7181602697,3992.3841154648953,49299.1022757346,1,6000.0,6000.0,HiGHS LP
0.35,2025-08-08,37795.63090238284,1676.2848523225314,20656.74450470537,21708.53387934101,6786.404713665207,28494.938593006216,1,6000.0,6000.0,HiGHS LP
0.35,2025-08-09,36971.26423449543,3861.783779920467,18871.119014415894,21065.80515728559,15417.956870677404,36483.76202796299,1,6000.0,6000.0,HiGHS LP
0.35,2025-08-10,63295.67837216657,6390.341850388763,861.8365293595125,40679.21477633288,24391.853641357633,65071.06841769052,1,6000.0,6000.0,HiGHS LP
0.35,2025-08-11,67069.31003783751,3599.6692967029735,2485.8769641028593,42878.85202614149,14319.552851551776,57198.40487769326,1,6000.0,6000.0,HiGHS LP
0.35,2025-08-12,65258.43397939965,6963.645809843893,882.0747990096664,41885.57613214148,28410.488560187678,70296.06469232916,1,6000.0,6000.0,HiGHS LP
0.35,2025-08-13,65669.21975498,5120.954015926989,1082.502465855524,41735.69773797014,20285.683952241397,62021.381690211536,1,6000.0,6000.0,HiGHS LP
0.35,2025-08-14,64238.2174801168,6236.811258472753,973.6603765175805,41192.40498112861,25876.392260659486,67068.7972417881,1,6000.0,6000.0,HiGHS LP
0.35,2025-08-15,38389.50184433715,1994.7805276099657,20184.55548861378,22207.276712748604,7188.458337977533,29395.735050726136,1,6000.0,6000.0,HiGHS LP
0.35,2025-08-16,39322.87393275625,1709.9104039911285,21063.503970080714,22816.218797574227,7554.20472340328,30370.423520977507,1,6000.0,6000.0,HiGHS LP
0.35,2025-08-17,62145.71739145918,5729.434039994593,1231.2974211967164,39923.725906934196,23109.559578999062,63033.28548593326,1,6000.0,6000.0,HiGHS LP
0.35,2025-08-18,64499.82635599047,4994.409281286146,1530.3046572176995,41579.61729653983,22381.15521887396,63960.77251541379,1,6000.0,6000.0,HiGHS LP
0.35,2025-08-19,62702.88894529801,5945.7608440851545,794.8742062569536,40306.29743275023,22789.17261514248,63095.47004789271,1,6000.0,6000.0,HiGHS LP
0.35,2025-08-20,64489.5832409318,10574.140699763426,819.5213444944324,41549.56149782766,43040.81793099996,84590.37942882761,1,6000.0,6000.0,HiGHS LP
0.35,2025-08-21,66945.23050921576,4204.286732459088,1595.1007958816915,42789.965819216784,16579.084950048666,59369.05076926545,1,6000.0,6000.0,HiGHS LP
0.35,2025-08-22,39097.48095689702,4362.451384580484,19189.362941477506,22689.19140744769,18114.20791965058,40803.399327098276,1,6000.0,6000.0,HiGHS LP
0.35,2025-08-23,38235.501918118855,3174.9107104113427,15840.406478530189,22045.101351413738,13218.044522908885,35263.145874322625,1,6000.0,6000.0,HiGHS LP
0.35,2025-08-24,63986.16319762721,5689.047956294736,2384.8780595214675,40858.492517801904,24772.476955733706,65630.9694735356,1,6000.0,6000.0,HiGHS LP
0.35,2025-08-25,63859.02337137543,11070.419470672186,578.6218138608359,41089.29509334761,43913.74220595289,85003.0372993005,1,6000.0,6000.0,HiGHS LP
0.35,2025-08-26,65126.54034449592,5243.787262899087,1222.922401954776,41370.31452691663,22650.8595583954,64021.17408531203,1,6000.0,6000.0,HiGHS LP
0.35,2025-08-27,63076.880691830185,8752.884361612112,355.6403884790005,40363.07642273755,37442.45149236494,77805.52791510249,1,6000.0,6000.0,HiGHS LP
0.35,2025-08-28,66028.47025764475,9130.273098806621,729.1062641944937,41967.59028051664,36383.32628301685,78350.9165635335,1,6000.0,6000.0,HiGHS LP
0.35,2025-08-29,36371.30487794081,4859.7493150664895,15635.833843007309,20796.173311120725,19846.078025119205,40642.25133623993,1,6000.0,6000.0,HiGHS LP
0.35,2025-08-30,37210.16207908513,4838.224180471599,20495.666426223394,21409.569888133658,19261.10140303747,40670.67129117113,1,6000.0,6000.0,HiGHS LP
0.35,2025-08-31,65623.82593471861,5933.588117272027,1278.1735317591974,42016.19978244678,23218.323360927134,65234.52314337392,1,6000.0,6000.0,HiGHS LP
0.35,2025-09-01,60892.359062449985,2783.9063923240105,6604.551239566194,39032.39056828275,9811.330583999992,48843.72115228274,1,6000.0,6000.0,HiGHS LP
0.35,2025-09-02,51326.16534028348,7643.920514565816,1569.6439303755537,32186.706154266452,30969.13160170149,63155.83775596794,1,6000.0,6000.0,HiGHS LP
0.35,2025-09-03,53303.154106950526,7511.677914374386,1766.7052357565467,33485.57052509858,28209.544761380937,61695.115286479515,1,6000.0,6000.0,HiGHS LP
0.35,2025-09-04,53011.61400953857,6879.937163342448,2470.3581407643405,33245.11698366262,27767.888937618467,61013.00592128109,1,6000.0,6000.0,HiGHS LP
0.35,2025-09-05,30680.177875987014,1127.613882014479,21943.530091334826,16723.291928668055,4261.8371567255435,20985.1290853936,1,6000.0,6000.0,HiGHS LP
0.35,2025-09-06,31948.23771118065,1022.7886295242977,22209.94264070495,17612.944282954144,4025.4418681785883,21638.386151132734,1,6000.0,6000.0,HiGHS LP
0.35,2025-09-07,53100.985632989454,6427.825260720193,1011.2963405173792,33257.80385557444,24965.435013511138,58223.23886908558,1,6000.0,6000.0,HiGHS LP
0.35,2025-09-08,46462.27442287004,17234.089086669628,820.3169324119895,28413.89241460683,66332.92537030822,94746.81778491505,1,6000.0,6000.0,HiGHS LP
0.35,2025-09-09,55209.83799054867,4509.827028744233,2978.5642862070804,34404.23386119893,17852.49576362465,52256.72962482358,1,6000.0,6000.0,HiGHS LP
0.35,2025-09-10,54058.68766730177,11138.060921186894,243.9544158491235,33877.754604313464,46385.37590038734,80263.1305047008,1,6000.0,6000.0,HiGHS LP
0.35,2025-09-11,56111.303544522205,4135.970691946807,2969.769935461855,34691.8880605192,17038.992610993835,51730.880671513034,1,6000.0,6000.0,HiGHS LP
0.35,2025-09-12,29427.928719579206,3059.070945876715,17895.343465455917,15730.160841617959,10871.602086555662,26601.762928173623,1,6000.0,6000.0,HiGHS LP
0.35,2025-09-13,29417.34147730634,2526.0117746271394,20896.25176860015,15705.251546079486,9398.079726524458,25103.331272603944,1,6000.0,6000.0,HiGHS LP
0.35,2025-09-14,55340.915666516536,8879.41992465354,221.4469782595865,34509.300588969505,33816.65188226642,68325.95247123593,1,6000.0,6000.0,HiGHS LP
0.35,2025-09-15,59597.5865214158,2539.6814989183226,3033.2814591740307,37023.21343289458,9734.757312474892,46757.97074536947,1,6000.0,6000.0,HiGHS LP
0.35,2025-09-16,57254.30541459608,6808.961336823036,529.5940479232513,35708.7467324601,22771.672390169668,58480.41912262977,1,6000.0,6000.0,HiGHS LP
0.35,2025-09-17,62022.35856936364,4157.155622028372,2137.696864444492,38813.73118255502,16912.450600311735,55726.181782866755,1,6000.0,6000.0,HiGHS LP
0.35,2025-09-18,59682.943365668136,4423.136350419782,1085.1631300840727,37222.622353505234,18485.16668721983,55707.78904072507,1,6000.0,6000.0,HiGHS LP
0.35,2025-09-19,30870.590246963457,2523.38165446535,14252.619584762138,16747.952894121918,8444.392847519444,25192.345741641362,1,6000.0,6000.0,HiGHS LP
0.35,2025-09-20,31938.900679955666,2216.5980902680385,15470.06503689037,17477.449627163398,8425.356555634287,25902.806182797685,1,6000.0,6000.0,HiGHS LP
0.35,2025-09-21,60983.58325664685,4054.82331056284,2682.3967418933344,37911.064194664395,13840.646104351226,51751.71029901562,1,6000.0,6000.0,HiGHS LP
0.35,2025-09-22,59274.72049335835,5674.039934071727,277.67125608046024,36789.65059590236,19949.772445713093,56739.42304161546,1,6000.0,6000.0,HiGHS LP
0.35,2025-09-23,60702.97560125684,5873.234142124048,399.78562524838287,37689.70692496604,24489.16629492065,62178.87321988669,1,6000.0,6000.0,HiGHS LP
0.35,2025-09-24,59595.95532488848,5949.422216206134,422.7038670865136,36869.58936375443,21308.16982415739,58177.75918791182,1,6000.0,6000.0,HiGHS LP
0.35,2025-09-25,62044.38288264751,3419.741165042396,1070.1263440941561,38576.785603923876,12209.025014116205,50785.81061804008,1,6000.0,6000.0,HiGHS LP
0.35,2025-09-26,33068.394393597555,1250.2028525519047,13584.353746149458,18257.39975184355,4371.453056263854,22628.852808107404,1,6000.0,6000.0,HiGHS LP
0.35,2025-09-27,31877.281377867384,4655.473095140802,15691.452223008186,17309.869874606076,18391.234497428828,35701.104372034904,1,6000.0,6000.0,HiGHS LP
0.35,2025-09-28,63704.86337475135,4697.693136666357,841.4133841288061,39500.71647547568,18800.674209021738,58301.39068449742,1,6000.0,6000.0,HiGHS LP
0.35,2025-09-29,64584.667760870405,3256.8670299512323,1003.8079114329445,40115.98453860151,12811.943231633733,52927.92777023524,1,6000.0,6000.0,HiGHS LP
0.35,2025-09-30,66210.14765004581,4599.825368974168,1304.1614308723233,41218.999412912664,19415.993836685397,60634.99324959806,1,6000.0,6000.0,HiGHS LP
0.35,2025-10-01,65587.89366164371,389.5237485963245,12228.876932305844,40695.37368052808,927.1022756026234,41622.4759561307,1,6000.0,6000.0,HiGHS LP
0.35,2025-10-02,62694.41909536174,946.0746502585257,7846.351971317146,38535.66189791647,2166.4427773198213,40702.10467523629,1,6000.0,6000.0,HiGHS LP
0.35,2025-10-03,29450.962035945235,1174.5691340932485,19768.377470038482,15428.96416622376,3375.5383943517418,18804.5025605755,1,6000.0,6000.0,HiGHS LP
0.35,2025-10-04,29880.88614415656,2051.813837891511,15796.71754871474,15651.976888242403,6692.758582408411,22344.735470650812,1,6000.0,6000.0,HiGHS LP
0.35,2025-10-05,61728.55537552884,945.8525535978222,3870.1177253957503,37881.46572047046,2328.7777096178916,40210.243430088354,1,6000.0,6000.0,HiGHS LP
0.35,2025-10-06,61838.35961162907,1728.7005645211234,1770.5561731001503,37932.26502511627,5378.641252137263,43310.90627725353,1,6000.0,6000.0,HiGHS LP
0.35,2025-10-07,61352.633647334114,1948.5622455184446,1465.7130979870685,37528.19369413219,6634.780851952505,44162.9745460847,1,6000.0,6000.0,HiGHS LP
0.35,2025-10-08,62018.41604984086,1747.3681506627365,3217.8176502808965,37358.49631533399,6620.596415215601,43979.09273054959,1,6000.0,6000.0,HiGHS LP
0.35,2025-10-09,60026.415894840975,2257.9342902266008,2467.078601348467,36164.759921016535,9793.089225498197,45957.84914651473,1,6000.0,6000.0,HiGHS LP
0.35,2025-10-10,30217.313553799642,1187.2108649725867,19020.913502105563,15417.215710393994,4557.120244391991,19974.335954785984,1,6000.0,6000.0,HiGHS LP
0.35,2025-10-11,30764.91663160735,1216.350120301887,14834.9531685759,15627.920034378792,5512.562855047033,21140.482889425824,1,6000.0,6000.0,HiGHS LP
0.35,2025-10-12,59557.765378058895,4090.0140889047852,1077.1216664708713,35995.28670676488,15925.361014833396,51920.647721598274,1,6000.0,6000.0,HiGHS LP
0.35,2025-10-13,59392.31790608372,3005.823115329642,1316.583720610923,35987.603193020055,12539.346495679985,48526.94968870004,1,6000.0,6000.0,HiGHS LP
0.35,2025-10-14,59301.22645697011,5722.668714331288,196.4730745015378,35885.82230952139,23734.66063207772,59620.48294159911,1,6000.0,6000.0,HiGHS LP
0.35,2025-10-15,60233.72128059923,5962.0491149455,220.02944662072906,36545.50425525941,23357.22158324161,59902.72583850102,1,6000.0,6000.0,HiGHS LP
0.35,2025-10-16,61043.53959952119,6373.013192642514,388.76459158667114,37111.32217957756,26615.412544763545,63726.734724341106,1,6000.0,6000.0,HiGHS LP
0.35,2025-10-17,30919.235503282463,2427.614184798021,14279.51197000698,15843.20188741585,10451.614488239686,26294.816375655537,1,6000.0,6000.0,HiGHS LP
0.35,2025-10-18,30552.726347264128,2967.8407107785,14403.973791375964,15644.973424924377,11668.202104636053,27313.17552956043,1,6000.0,6000.0,HiGHS LP
0.35,2025-10-19,62189.718870894845,6162.852143631999,400.7012944562532,37665.80364271184,27015.01364966032,64680.81729237216,1,6000.0,6000.0,HiGHS LP
0.35,2025-10-20,62952.97851630647,5835.904315276337,273.62599205176264,38298.907574583995,25240.839607775015,63539.74718235901,1,6000.0,6000.0,HiGHS LP
0.35,2025-10-21,63443.85882700777,7332.103897811202,234.12109778546198,38594.350132165186,28715.91109870316,67310.26123086835,1,6000.0,6000.0,HiGHS LP
0.35,2025-10-22,63802.501011330445,6207.226106657931,370.1157555056394,38649.03870927378,26404.52650265971,65053.56521193349,1,6000.0,6000.0,HiGHS LP
0.35,2025-10-23,65517.436803624645,3291.1205412619024,1339.9915906980332,39903.52879753166,13806.554825434005,53710.08362296566,1,6000.0,6000.0,HiGHS LP
0.35,2025-10-24,30544.240500667758,2962.3807588432187,11991.412401878033,15568.566763189092,13051.91858811158,28620.485351300675,1,6000.0,6000.0,HiGHS LP
0.35,2025-10-25,31212.967541046295,2664.8185706704276,11377.66275691535,16090.919952534121,10767.546639399374,26858.466591933495,1,6000.0,6000.0,HiGHS LP
0.35,2025-10-26,66332.00034240891,2915.8464659846104,595.5349408640068,40559.1428929396,11343.181309728589,51902.324202668184,1,6000.0,6000.0,HiGHS LP
0.35,2025-10-27,65736.2032941434,4027.5054601242728,2105.9108144993606,39997.63128735544,17134.342537635162,57131.97382499061,1,6000.0,6000.0,HiGHS LP
0.35,2025-10-28,66122.12722040058,4376.832908429086,413.42814072375324,40371.13386828225,17862.665324393936,58233.79919267619,1,6000.0,6000.0,HiGHS LP
0.35,2025-10-29,67400.57417760816,6472.487328398646,427.72196135874253,41292.00604609064,25984.538695594274,67276.54474168492,1,6000.0,6000.0,HiGHS LP
0.35,2025-10-30,68549.37405716331,2007.9031313854985,1605.779778713421,42130.14858083073,7939.134492435072,50069.283073265804,1,6000.0,6000.0,HiGHS LP
0.35,2025-10-31,32684.5838344793,2769.8506997190248,8320.623925552678,17090.73992122859,10133.625967776872,27224.36588900546,1,6000.0,6000.0,HiGHS LP
0.35,2025-11-01,33066.00484948509,1689.8308490493532,8950.311341655213,17317.922057323907,5950.581508358747,23268.503565682655,1,6000.0,6000.0,HiGHS LP
0.35,2025-11-02,69806.00102946113,3656.7219579620814,428.31067644319023,42761.0050250845,15368.674736891364,58129.679761975865,1,6000.0,6000.0,HiGHS LP
0.35,2025-11-03,70717.38993517624,3929.8148256735794,842.9700210249489,43481.66123762736,13057.822703907106,56539.48394153447,1,6000.0,6000.0,HiGHS LP
0.35,2025-11-04,72616.51977735147,1919.6422413717924,2568.0708460411374,44663.70991389018,7824.401347054973,52488.11126094515,1,6000.0,6000.0,HiGHS LP
0.35,2025-11-05,73134.08466460955,2090.156261229906,1179.3618691332313,45187.68407852792,7424.706044523309,52612.39012305123,1,6000.0,6000.0,HiGHS LP
0.35,2025-11-06,70481.70507433199,5668.416795072479,491.9901133624906,43166.451343484696,23066.997592192776,66233.44893567747,1,6000.0,6000.0,HiGHS LP
0.35,2025-11-07,32654.481759182043,1781.6499317602284,7843.93668079423,17043.636628987646,7405.921172162167,24449.557801149815,1,6000.0,6000.0,HiGHS LP
0.35,2025-11-08,33650.886168009645,820.0782904438722,7373.386478056886,17671.85254958926,2867.8764191975906,20539.72896878685,1,6000.0,6000.0,HiGHS LP
0.35,2025-11-09,72927.4407940794,3455.8894017649327,651.372094130179,44819.84297158234,13556.23576994591,58376.07874152825,1,6000.0,6000.0,HiGHS LP
0.35,2025-11-10,74711.64986174689,4050.780563902828,481.4668522978508,46141.92946779558,15353.568870741408,61495.498338536985,1,6000.0,6000.0,HiGHS LP
0.35,2025-11-11,74601.16109990416,2177.886510914348,784.7144547433861,46001.981276182865,8874.582715388317,54876.56399157118,1,6000.0,6000.0,HiGHS LP
0.35,2025-11-12,76027.40932653492,1337.36239351539,1967.334207361064,47154.554646844685,5815.043639820149,52969.598286664834,1,6000.0,6000.0,HiGHS LP
0.35,2025-11-13,75441.75298088431,2767.2850478183336,1369.7894890251896,46807.72818048008,10031.675814096343,56839.40399457642,1,6000.0,6000.0,HiGHS LP
0.35,2025-11-14,33830.788402276856,2008.7938732900652,4891.546316280732,17819.8768600311,6751.334279576127,24571.21113960723,1,6000.0,6000.0,HiGHS LP
0.35,2025-11-15,34276.514896141074,1515.473881674515,4203.582279465388,18067.82634689612,5649.439204928846,23717.265551824967,1,6000.0,6000.0,HiGHS LP
0.35,2025-11-16,76199.369268068,3538.0194827088894,877.4772469304802,47233.14509705041,13932.729832553421,61165.87492960383,1,6000.0,6000.0,HiGHS LP
0.35,2025-11-17,78462.61076021352,954.0494644062794,2307.8794638642376,49057.313634129656,3390.598695849486,52447.91232997914,1,6000.0,6000.0,HiGHS LP
0.35,2025-11-18,75120.04960789657,4671.145482663028,465.8161305748776,46371.011165911244,17185.124598104598,63556.13576401584,1,6000.0,6000.0,HiGHS LP
0.35,2025-11-19,77056.88006514609,3142.4376767320814,415.2637362823625,47882.75961296102,12553.14945756744,60435.90907052846,1,6000.0,6000.0,HiGHS LP
0.35,2025-11-20,78186.16459531976,2475.3402585667586,1455.8838559352125,48894.40073103347,9095.95177830871,57990.35250934218,1,6000.0,6000.0,HiGHS LP
0.35,2025-11-21,34585.01255813851,1582.3743928139834,3861.3530561526477,18264.23172454487,4814.5631240992025,23078.794848644073,1,6000.0,6000.0,HiGHS LP
0.35,2025-11-22,34131.38403561242,2065.737488446861,2561.6938290971657,17899.558882950787,7427.505392329785,25327.064275280572,1,6000.0,6000.0,HiGHS LP
0.35,2025-11-23,78533.79528610143,2850.3437557918905,1742.198083861852,49001.264968717165,11573.489807247846,60574.75477596501,1,6000.0,6000.0,HiGHS LP
0.35,2025-11-24,78949.387630718,1842.833759827996,2212.6991027063646,49390.797125997735,7015.466386114364,56406.2635121121,1,6000.0,6000.0,HiGHS LP
0.35,2025-11-25,79873.88176331483,1806.531789193938,1079.5520198379522,50049.63992756384,6466.1178045459565,56515.75773210979,1,6000.0,6000.0,HiGHS LP
0.35,2025-11-26,78856.08422955286,2972.8087494079664,656.8205423650354,49237.46062975702,11163.041241911193,60400.50187166821,1,6000.0,6000.0,HiGHS LP
0.35,2025-11-27,80414.46189739788,1614.882532264526,1818.8509984018156,50504.10518831721,6301.716413936141,56805.82160225335,1,6000.0,6000.0,HiGHS LP
0.35,2025-11-28,34299.17080565227,2364.443388583032,2293.473469640354,18046.073823307666,9110.346146487802,27156.41996979547,1,6000.0,6000.0,HiGHS LP
0.35,2025-11-29,35801.48108944073,4682.825428146876,2030.7518806089217,18994.40163013142,15908.939340152563,34903.340970283985,1,6000.0,6000.0,HiGHS LP
0.35,2025-11-30,82788.9764864461,2847.3307852757325,815.4619767004278,52091.57208550806,10173.602208834869,62265.17429434293,1,6000.0,6000.0,HiGHS LP
0.35,2025-12-01,81811.57066305348,9195.349578574998,193.17201744530996,51379.924246494076,34144.22563647439,85524.14988296846,1,6000.0,6000.0,HiGHS LP
0.35,2025-12-02,86974.69082798624,7081.025713674735,723.1706731243603,55446.80806030455,25110.702063493125,80557.51012379768,1,6000.0,6000.0,HiGHS LP
0.35,2025-12-03,87548.10437647346,5035.806231134127,751.9928176776943,55184.271657537756,17834.67324606183,73018.9449035996,1,6000.0,6000.0,HiGHS LP
0.35,2025-12-04,89159.96894649591,3124.686913905618,798.8376764325271,56497.898573313156,12115.158252186819,68613.05682549998,1,6000.0,6000.0,HiGHS LP
0.35,2025-12-05,43512.72790459894,3018.1060491525513,1257.578581290907,22490.90794792027,12429.797822882145,34920.705770802415,1,6000.0,6000.0,HiGHS LP
0.35,2025-12-06,45529.678176744965,2996.7678121964614,835.7611411884798,23605.91281140053,10301.002555760093,33906.91536716062,1,6000.0,6000.0,HiGHS LP
0.35,2025-12-07,91551.23033844514,2411.005236922753,1588.8444510494223,58235.6217550069,9270.627281606043,67506.24903661294,1,6000.0,6000.0,HiGHS LP
0.35,2025-12-08,88806.27552985033,5144.6010214389735,1394.0090262855817,55414.759780718,21378.813008220597,76793.57278893859,1,6000.0,6000.0,HiGHS LP
0.35,2025-12-09,92587.1280831052,1959.8842592697324,2410.8204882948476,58799.15698791898,8984.940031358648,67784.09701927763,1,6000.0,6000.0,HiGHS LP
0.35,2025-12-10,90246.056822656,3755.5657808544274,890.9834822528233,57094.66730876056,13579.88958217399,70674.55689093455,1,6000.0,6000.0,HiGHS LP
0.35,2025-12-11,93271.13860817197,827.1121745868511,3354.611786176619,59504.9782766501,2764.23982492805,62269.21810157815,1,6000.0,6000.0,HiGHS LP
0.35,2025-12-12,43379.1118428202,4801.957744112557,588.9638228274695,22396.87183081173,17148.02121433289,39544.89304514462,1,6000.0,6000.0,HiGHS LP
0.35,2025-12-13,48401.64591888517,1537.113645653582,2072.4030705296827,25136.253734057438,6511.350390537453,31647.60412459489,1,6000.0,6000.0,HiGHS LP
0.35,2025-12-14,92433.16950234966,1977.0270548217497,863.8757268962388,58747.44210923588,7791.714925130169,66539.15703436606,1,6000.0,6000.0,HiGHS LP
0.35,2025-12-15,93017.01626774436,2282.1805122044734,1052.5127600265143,59189.88169563476,8094.22057552308,67284.10227115784,1,6000.0,6000.0,HiGHS LP
0.35,2025-12-16,92257.15601140869,2722.905799562026,799.4998347126509,58528.767673085196,10498.966150911676,69027.73382399687,1,6000.0,6000.0,HiGHS LP
0.35,2025-12-17,94028.6654890225,1116.9635231444336,2173.616177512906,59833.11729174713,3990.643065571297,63823.760357318424,1,6000.0,6000.0,HiGHS LP
0.35,2025-12-18,91673.0994567854,2318.754812317725,1872.541863324305,58108.65577714812,9150.17766698936,67258.83344413748,1,6000.0,6000.0,HiGHS LP
0.35,2025-12-19,46490.80558257424,2000.0139514461434,1562.4452832332709,23907.191454490614,8457.374739525294,32364.566194015908,1,6000.0,6000.0,HiGHS LP
0.35,2025-12-20,46555.985093220384,1917.7396770431317,1619.8153155473724,23987.00238786581,7675.585490317273,31662.587878183083,1,6000.0,6000.0,HiGHS LP
0.35,2025-12-21,91166.07997377767,3411.04484198345,778.1836889797712,57727.03826132056,12826.310224138488,70553.34848545905,1,6000.0,6000.0,HiGHS LP
0.35,2025-12-22,93739.80687406608,1573.4863009743249,1585.9963190112978,59626.099501174,6159.070821738422,65785.17032291243,1,6000.0,6000.0,HiGHS LP
0.35,2025-12-23,93535.76810588923,935.8941734090047,2428.421702488936,59475.057891878445,3735.781507006103,63210.83939888455,1,6000.0,6000.0,HiGHS LP
0.35,2025-12-24,92159.28128493554,1896.063300173965,1429.430390799791,58524.39437935723,7395.319372065915,65919.71375142314,1,6000.0,6000.0,HiGHS LP
0.35,2025-12-25,91747.64122037901,2002.5972890307858,1164.5819140961678,58281.28039607138,7105.382698264948,65386.66309433633,1,6000.0,6000.0,HiGHS LP
0.35,2025-12-26,45511.94091208164,2498.762577726411,1050.0042384428318,23442.87059554129,9655.097049629803,33097.9676451711,1,6000.0,6000.0,HiGHS LP
0.35,2025-12-27,47094.00349117809,1714.1044573865884,1429.1955462501296,24279.38655314037,7048.555120672258,31327.94167381263,1,6000.0,6000.0,HiGHS LP
0.35,2025-12-28,91039.46530691438,2298.4600163579566,1757.0041976413354,57664.8649808483,8809.145534715422,66474.01051556373,1,6000.0,6000.0,HiGHS LP
0.35,2025-12-29,91192.92864521891,2180.4150102444873,1094.9332155767415,57725.229724203346,7854.860410763691,65580.09013496703,1,6000.0,6000.0,HiGHS LP
0.35,2025-12-30,93321.8777806516,790.2792183794052,3106.9613186272195,59417.397970721075,3126.97462781487,62544.37259853594,1,6000.0,6000.0,HiGHS LP
0.35,2025-12-31,90808.08671253231,3328.822068319949,745.3630222301995,57457.21877218234,13201.735494710076,70658.95426689243,1,6000.0,6000.0,HiGHS LP
0.4,2025-02-01,40201.937862650535,955.2326265098866,2960.361348933033,20700.846596461834,4177.438881025741,24878.285477487574,1,6000.0,6000.0,HiGHS LP
0.4,2025-02-02,83643.57504521182,1150.826499701593,1957.3063457270882,51961.30562272662,5178.53792870052,57139.84355142714,1,6000.0,6000.0,HiGHS LP
0.4,2025-02-03,83906.7115247729,2489.6200126230888,1682.099728697684,52143.48731106241,9631.842097612935,61775.329408675345,1,6000.0,6000.0,HiGHS LP
0.4,2025-02-04,83965.78587805494,3190.789318698564,1483.860615084362,52241.67913945099,13469.85622804721,65711.5353674982,1,6000.0,6000.0,HiGHS LP
0.4,2025-02-05,79541.76658054678,5828.697773995032,220.3707045418025,48872.26762404558,23733.623933317867,72605.89155736344,1,6000.0,6000.0,HiGHS LP
0.4,2025-02-06,85557.84086727296,1410.824788334834,2093.3079410106984,53454.513803098,5380.29088054694,58834.80468364494,1,6000.0,6000.0,HiGHS LP
0.4,2025-02-07,36525.677798020166,2060.002244597754,3121.796582758937,18806.8970704368,9339.747178387326,28146.644248824126,1,6000.0,6000.0,HiGHS LP
0.4,2025-02-08,35587.087872740456,2140.9648943182488,2570.0836103263814,18289.10722395175,9093.206499814776,27382.313723766525,1,6000.0,6000.0,HiGHS LP
0.4,2025-02-09,78082.20762968055,6258.385007024643,370.8819404461457,48183.10086121696,23010.002633658605,71193.10349487557,1,6000.0,6000.0,HiGHS LP
0.4,2025-02-10,81544.6807279998,772.9904610558817,3559.209450436018,50634.07768621616,2750.389955282502,53384.46764149866,1,6000.0,6000.0,HiGHS LP
0.4,2025-02-11,81852.68207036007,602.597797775877,2805.5612333254703,50960.197483641205,2251.448873566923,53211.64635720813,1,6000.0,6000.0,HiGHS LP
0.4,2025-02-12,77511.99099430403,2893.913963329191,713.1355111152777,47579.78209470167,12495.817278637773,60075.59937333944,1,6000.0,6000.0,HiGHS LP
0.4,2025-02-13,77474.95204863788,1791.80312418855,3510.1108331748846,47870.23517302957,5939.69637353711,53809.93154656668,1,6000.0,6000.0,HiGHS LP
0.4,2025-02-14,35663.468053909295,1836.1622377978351,4160.345138503578,18445.542304499257,5081.752034289112,23527.294338788368,1,6000.0,6000.0,HiGHS LP
0.4,2025-02-15,34077.66198870538,3061.87542311103,4415.914688310197,17572.84137567487,9681.082149279078,27253.92352495395,1,6000.0,6000.0,HiGHS LP
0.4,2025-02-16,74432.60058345599,5579.117404553238,244.4443985444727,45589.28232219188,20582.36958672131,66171.65190891319,1,6000.0,6000.0,HiGHS LP
0.4,2025-02-17,74629.44505105107,2491.7757618838464,1570.7763664863114,45664.26352067811,8953.76958473498,54618.033105413095,1,6000.0,6000.0,HiGHS LP
0.4,2025-02-18,75467.891969621,2396.53424008419,1415.487458068587,46380.74431472603,8880.132945058731,55260.87725978476,1,6000.0,6000.0,HiGHS LP
0.4,2025-02-19,73651.73683953732,4218.977811263438,643.9569102284923,45077.30690634913,16676.459889133876,61753.766795483,1,6000.0,6000.0,HiGHS LP
0.4,2025-02-20,74594.40355492805,2229.1156692323752,1482.317204144219,45679.78144237189,8460.138062068676,54139.919504440564,1,6000.0,6000.0,HiGHS LP
0.4,2025-02-21,33447.84467279596,2076.5040106469387,6620.100058467019,17225.246824214642,7007.26384210086,24232.510666315502,1,6000.0,6000.0,HiGHS LP
0.4,2025-02-22,34780.749327722966,2391.1335767989613,5931.423441331757,18097.92276612701,8418.219573935887,26516.142340062896,1,6000.0,6000.0,HiGHS LP
0.4,2025-02-23,74074.79879916103,3022.246813846089,1233.3979809950115,45468.64729558011,10037.617628846294,55506.2649244264,1,6000.0,6000.0,HiGHS LP
0.4,2025-02-24,71851.93397191098,2186.5457713700034,1549.8741929256396,43668.37754549697,8828.552519211353,52496.93006470833,1,6000.0,6000.0,HiGHS LP
0.4,2025-02-25,70577.36443312152,2201.2144169949543,2729.6096769209653,42911.45958234549,7935.122958381759,50846.58254072725,1,6000.0,6000.0,HiGHS LP
0.4,2025-02-26,69982.90473225986,3857.58439788468,857.3407801002743,42391.08971127914,15215.614429257059,57606.7041405362,1,6000.0,6000.0,HiGHS LP
0.4,2025-02-27,70018.43224919662,2909.9052131105645,1810.0549583074348,42544.214114110626,13266.694151978973,55810.908266089595,1,6000.0,6000.0,HiGHS LP
0.4,2025-02-28,31644.55180674212,3097.548799619237,8248.497903586522,16123.158768420748,11442.476673888581,27565.63544230933,1,6000.0,6000.0,HiGHS LP
0.4,2025-03-01,32666.673022646348,1486.0022667452915,7268.660286062775,16755.908336735243,6281.927773384281,23037.836110119526,1,6000.0,6000.0,HiGHS LP
0.4,2025-03-02,66759.9800981692,10021.018359571379,312.9707649677745,40655.445046148016,37301.3127632666,77956.75780941462,1,6000.0,6000.0,HiGHS LP
0.4,2025-03-03,69278.38915471232,7826.87960428314,931.7219564498346,42510.154364391215,29753.829541849165,72263.98390624038,1,6000.0,6000.0,HiGHS LP
0.4,2025-03-04,70729.04507739944,3788.4363083195253,1097.8711785380278,43365.91733807186,12627.249985796738,55993.16732386859,1,6000.0,6000.0,HiGHS LP
0.4,2025-03-05,70859.8660086089,1823.5034567343405,2339.9421267072094,43294.22398716274,6911.153292307527,50205.37727947027,1,6000.0,6000.0,HiGHS LP
0.4,2025-03-06,70734.37129892892,1774.2843533188454,2350.11005248313,43329.694988167845,6277.434325738426,49607.12931390627,1,6000.0,6000.0,HiGHS LP
0.4,2025-03-07,31083.68601380661,2539.263416199262,9625.960500422172,16177.42363229885,9378.82673164351,25556.25036394236,1,6000.0,6000.0,HiGHS LP
0.4,2025-03-08,30090.49464215957,1634.9137005512089,9622.268826044114,15771.162792447161,4384.548764135476,20155.71155658264,1,6000.0,6000.0,HiGHS LP
0.4,2025-03-09,66687.35951346517,2646.927432870454,1851.0066889077357,40306.84351270809,10421.47793304237,50728.32144575046,1,6000.0,6000.0,HiGHS LP
0.4,2025-03-10,66907.91530345788,6136.961861725566,843.680374092168,40481.39333204634,21128.899209188952,61610.29254123529,1,6000.0,6000.0,HiGHS LP
0.4,2025-03-11,67838.28107571579,2238.219837299956,1979.1484892283972,40981.05775830746,8221.076877531477,49202.13463583894,1,6000.0,6000.0,HiGHS LP
0.4,2025-03-12,65265.412092997285,2391.6187146130796,1099.3737060325436,39136.07452949582,9206.363253970489,48342.4377834663,1,6000.0,6000.0,HiGHS LP
0.4,2025-03-13,65787.47117076942,6687.9143501358285,798.03053273976,39628.03286765587,24745.496069404595,64373.528937060466,1,6000.0,6000.0,HiGHS LP
0.4,2025-03-14,29495.84575092394,1589.560198546149,12015.97996613676,15210.381192565877,5824.866480723823,21035.2476732897,1,6000.0,6000.0,HiGHS LP
0.4,2025-03-15,28893.709823803572,3197.103778499728,8126.688452303298,14744.67319709414,11193.379339938256,25938.052537032396,1,6000.0,6000.0,HiGHS LP
0.4,2025-03-16,65536.53614268258,3343.2303578670817,1393.4397544183712,39510.00649987981,12700.470001197504,52210.47650107731,1,6000.0,6000.0,HiGHS LP
0.4,2025-03-17,65639.0860545139,777.773299212301,4427.480564984178,39348.69743484011,3181.9640721135893,42530.6615069537,1,6000.0,6000.0,HiGHS LP
0.4,2025-03-18,62807.84193261503,3360.5018653516872,944.4026503505348,37468.955656145845,14896.410229995145,52365.36588614099,1,6000.0,6000.0,HiGHS LP
0.4,2025-03-19,63988.69876027966,1845.087797822489,2254.2817598934294,38245.26771518033,8115.196592431568,46360.464307611895,1,6000.0,6000.0,HiGHS LP
0.4,2025-03-20,61858.73701147155,4878.23173188028,430.89437331228964,36929.20994518743,19624.189813842553,56553.399759029984,1,6000.0,6000.0,HiGHS LP
0.4,2025-03-21,29073.07518568288,1014.9174094925886,15014.528078508798,14888.758057174755,3529.485934675221,18418.243991849977,1,6000.0,6000.0,HiGHS LP
0.4,2025-03-22,28802.05690605569,2085.802313940023,11966.659486662376,14597.086512890026,7524.163865841581,22121.25037873161,1,6000.0,6000.0,HiGHS LP
0.4,2025-03-23,63334.8094151778,2540.813856289472,2989.8418117190236,37811.692586919264,10260.304146724877,48071.99673364414,1,6000.0,6000.0,HiGHS LP
0.4,2025-03-24,61821.17456111096,2007.1280850473333,1739.3491334209452,36902.277201954676,7782.92538740607,44685.20258936074,1,6000.0,6000.0,HiGHS LP
0.4,2025-03-25,62782.14494655852,3741.35252768972,1475.0386399000422,37497.42460435146,14767.148291577176,52264.572895928635,1,6000.0,6000.0,HiGHS LP
0.4,2025-03-26,61404.962898034675,1528.1095240421246,3250.166399240835,36523.20689126525,6394.6837645534015,42917.89065581865,1,6000.0,6000.0,HiGHS LP
0.4,2025-03-27,60739.92528125432,3275.613044211953,1217.8017355414318,36172.58614408281,13324.49070213209,49497.0768462149,1,6000.0,6000.0,HiGHS LP
0.4,2025-03-28,28221.360078463345,1065.9608870061552,15425.440198802837,14191.515560733338,3876.3947502749065,18067.910311008243,1,6000.0,6000.0,HiGHS LP
0.4,2025-03-29,28974.94383365579,692.1112361422173,18919.84588646467,14643.41723288352,2768.4002717602343,17411.817504643754,1,6000.0,6000.0,HiGHS LP
0.4,2025-03-30,58213.962628343914,2400.44791561026,1331.9652632913744,34735.82114702923,9878.901833834007,44614.72298086324,1,6000.0,6000.0,HiGHS LP
0.4,2025-03-31,59988.59443950803,3338.1030035856625,2308.923586014966,35702.35250501427,13116.063046111596,48818.415551125865,1,6000.0,6000.0,HiGHS LP
0.4,2025-04-01,58334.35507450647,6638.809230401552,803.9501200591635,34700.471940772666,22445.971580396566,57146.44352116923,1,6000.0,6000.0,HiGHS LP
0.4,2025-04-02,57904.19828404905,7617.011910635509,1160.2177132947882,34550.840368589765,29667.68112171934,64218.521490309104,1,6000.0,6000.0,HiGHS LP
0.4,2025-04-03,58388.61100294502,2715.143817199,1273.0092915923,34706.836125293965,11931.589912396052,46638.42603769002,1,6000.0,6000.0,HiGHS LP
0.4,2025-04-04,27079.099238782284,1084.722761454688,18693.019750236967,13326.754494398958,4232.014827174333,17558.76932157329,1,6000.0,6000.0,HiGHS LP
0.4,2025-04-05,27135.12096986929,3641.187262174187,15692.193248710139,13371.388483915842,14895.223885204421,28266.612369120263,1,6000.0,6000.0,HiGHS LP
0.4,2025-04-06,55243.742845376124,3730.2299500378194,613.8581858569057,33011.22969977064,13472.30434447582,46483.534044246466,1,6000.0,6000.0,HiGHS LP
0.4,2025-04-07,56243.35770138529,3403.141858561419,2371.9802367225793,33501.891099788074,11609.520696040008,45111.411795828084,1,6000.0,6000.0,HiGHS LP
0.4,2025-04-08,57060.5312838531,2730.798983857386,1442.5873501052483,34019.182255460386,11890.874728987343,45910.05698444773,1,6000.0,6000.0,HiGHS LP
0.4,2025-04-09,57770.634694463326,6141.962119678717,818.3676013718634,34556.49017698318,22049.92091816679,56606.41109514997,1,6000.0,6000.0,HiGHS LP
0.4,2025-04-10,57206.98527770949,2875.5600068566755,1656.1096354249476,34172.897337119604,12187.96495820662,46360.862295326224,1,6000.0,6000.0,HiGHS LP
0.4,2025-04-11,26805.945257425505,1199.156580687512,19648.451671446357,13142.156687542107,4466.861904143149,17609.018591685257,1,6000.0,6000.0,HiGHS LP
0.4,2025-04-12,27332.120625272502,1876.4064804603215,17143.366555732824,13486.41238786475,7766.31713240488,21252.72952026963,1,6000.0,6000.0,HiGHS LP
0.4,2025-04-13,54288.00705731491,4913.158907759063,1050.7183348077174,32465.821711871544,18858.84880795068,51324.67051982222,1,6000.0,6000.0,HiGHS LP
0.4,2025-04-14,53233.526647825835,3996.942163882294,857.6461136407243,31798.922836588215,14415.354952480604,46214.277789068816,1,6000.0,6000.0,HiGHS LP
0.4,2025-04-15,53302.67003061329,3486.5976397899117,2798.116861149766,31841.48292407125,15076.167685708086,46917.65060977933,1,6000.0,6000.0,HiGHS LP
0.4,2025-04-16,52964.64765441259,6879.966866167024,273.251368003498,31747.738826509914,24626.627927845613,56374.36675435553,1,6000.0,6000.0,HiGHS LP
0.4,2025-04-17,54975.508984422464,3053.5977666777653,1274.0442849328724,32889.73226835173,12246.189260209803,45135.92152856153,1,6000.0,6000.0,HiGHS LP
0.4,2025-04-18,25911.705446610373,1693.46456739457,18211.052830671615,12496.62591814061,6374.099889461697,18870.725807602306,1,6000.0,6000.0,HiGHS LP
0.4,2025-04-19,26484.360399751597,917.4879323808615,17577.169082132456,12915.828859205772,3193.2036953054508,16109.032554511223,1,6000.0,6000.0,HiGHS LP
0.4,2025-04-20,54647.51437169415,2715.3598110492676,1588.6654912197519,32624.145140357137,10793.888675080962,43418.0338154381,1,6000.0,6000.0,HiGHS LP
0.4,2025-04-21,55598.102642307844,1055.990572200818,4257.798878153791,33074.245620039,3355.6958698315384,36429.941489870536,1,6000.0,6000.0,HiGHS LP
0.4,2025-04-22,52292.8416052621,4515.501446017674,948.0172646169038,31285.55181529659,16160.883115679138,47446.43493097572,1,6000.0,6000.0,HiGHS LP
0.4,2025-04-23,56154.316067633044,2367.665171453621,3265.7744878159874,33461.090255392905,7563.684931609689,41024.7751870026,1,6000.0,6000.0,HiGHS LP
0.4,2025-04-24,54065.814133796805,1001.3010425392895,4235.066022229226,32191.287295180307,3725.796021117677,35917.08331629798,1,6000.0,6000.0,HiGHS LP
0.4,2025-04-25,25686.09913715112,734.6805496772549,21380.42203682837,12386.066311906548,2883.615715877092,15269.682027783641,1,6000.0,6000.0,HiGHS LP
0.4,2025-04-26,25153.448147661533,2888.3638915664706,24929.42081253541,11960.685913006339,12126.402987309,24087.08890031534,1,6000.0,6000.0,HiGHS LP
0.4,2025-04-27,50688.91540994053,3801.1041446583577,2373.9052337694147,30169.597196047936,16323.027929954573,46492.62512600251,1,6000.0,6000.0,HiGHS LP
0.4,2025-04-28,52478.26448098517,8631.894871419317,865.3983804584425,31427.24058994853,32862.27068533327,64289.5112752818,1,6000.0,6000.0,HiGHS LP
0.4,2025-04-29,53545.83361783992,1487.3864555648183,3902.3653694291543,31911.982213978015,5714.489194430882,37626.4714084089,1,6000.0,6000.0,HiGHS LP
0.4,2025-04-30,50464.430621540196,3535.7382354118668,2208.1736755472193,30107.862732198482,11798.139383152971,41906.00211535145,1,6000.0,6000.0,HiGHS LP
0.4,2025-05-01,51723.26443635497,4989.747196757303,2167.3845987591794,31137.492086584065,22639.41835600244,53776.91044258651,1,6000.0,6000.0,HiGHS LP
0.4,2025-05-02,26682.023532065665,6161.181076350993,15512.884525083331,13221.445669567122,26497.460756580236,39718.906426147354,1,6000.0,6000.0,HiGHS LP
0.4,2025-05-03,27702.360176522343,2959.943848446287,18755.132374968627,13988.266406960287,13108.283703863017,27096.550110823304,1,6000.0,6000.0,HiGHS LP
0.4,2025-05-04,53754.670897767384,3744.9625419961158,2220.595705929413,32876.360281362104,12756.60083724662,45632.96111860873,1,6000.0,6000.0,HiGHS LP
0.4,2025-05-05,51744.81217376579,7441.675918348993,713.2412377247545,31776.249636402223,32534.033037209658,64310.28267361188,1,6000.0,6000.0,HiGHS LP
0.4,2025-05-06,53928.55395878268,4402.8541106922185,1979.288232393456,33050.15931436936,18993.004334400546,52043.16364876991,1,6000.0,6000.0,HiGHS LP
0.4,2025-05-07,55099.06685253356,4453.894149450734,985.3770597839716,33756.36860793025,19642.10794501174,53398.47655294199,1,6000.0,6000.0,HiGHS LP
0.4,2025-05-08,54089.48045575399,6323.353101436623,1067.165059772725,33218.166047989376,24387.793161717746,57605.95920970712,1,6000.0,6000.0,HiGHS LP
0.4,2025-05-09,27649.494794555507,1526.7567117480994,17636.86565630361,14248.479529400367,6195.8604050253925,20444.33993442576,1,6000.0,6000.0,HiGHS LP
0.4,2025-05-10,25955.826496308393,4758.573486767251,15553.354699742311,12814.066528253388,20186.810453327183,33000.87698158057,1,6000.0,6000.0,HiGHS LP
0.4,2025-05-11,56295.85523832706,4287.896395519476,1529.5594569657737,34540.03675757882,16789.399700694463,51329.43645827328,1,6000.0,6000.0,HiGHS LP
0.4,2025-05-12,56940.658735203615,2715.340422025976,4144.454944102692,34977.66575253493,8094.508450665486,43072.17420320041,1,6000.0,6000.0,HiGHS LP
0.4,2025-05-13,51541.30275340947,5477.464836639729,560.4560756352787,31533.77354406679,23413.63055326749,54947.40409733428,1,6000.0,6000.0,HiGHS LP
0.4,2025-05-14,53059.30144349388,4266.8320399451695,912.709111374659,32280.180397783693,17012.587493338397,49292.76789112209,1,6000.0,6000.0,HiGHS LP
0.4,2025-05-15,54353.28769077867,3722.8127813510273,1887.6830254808679,33297.31649150903,14880.509798807961,48177.826290316996,1,6000.0,6000.0,HiGHS LP
0.4,2025-05-16,27378.926879574985,935.0692037293715,22558.489549971026,14080.870208515027,3112.395972481103,17193.26618099613,1,6000.0,6000.0,HiGHS LP
0.4,2025-05-17,27273.1284785361,3512.3871863426366,17296.716581545403,13958.791164830784,14987.206764065604,28945.997928896388,1,6000.0,6000.0,HiGHS LP
0.4,2025-05-18,54580.95071535242,4266.098845391321,1820.2494946506076,33522.89019215686,14966.831429441263,48489.721621598124,1,6000.0,6000.0,HiGHS LP
0.4,2025-05-19,53867.8534499233,2150.4605601336316,5170.578789253857,32736.80206549125,9818.56657532737,42555.36864081862,1,6000.0,6000.0,HiGHS LP
0.4,2025-05-20,53614.42830046618,5010.922096753975,738.069351781686,32687.693144078745,19527.42980288353,52215.12294696228,1,6000.0,6000.0,HiGHS LP
0.4,2025-05-21,53056.201774191475,4438.634268660712,2817.234247423358,32360.269912562242,18633.778939656662,50994.048852218904,1,6000.0,6000.0,HiGHS LP
0.4,2025-05-22,54089.29606568724,1991.4070698279313,1907.017536399177,33101.90034566772,8096.541819733482,41198.4421654012,1,6000.0,6000.0,HiGHS LP
0.4,2025-05-23,26111.24352559744,2630.3768117373224,19280.671454001436,13100.220415204029,10381.018027678758,23481.238442882786,1,6000.0,6000.0,HiGHS LP
0.4,2025-05-24,26315.450615422604,1347.5260374431168,20868.47526953239,13177.909039835806,5265.73743519503,18443.646475030837,1,6000.0,6000.0,HiGHS LP
0.4,2025-05-25,52058.97461430282,2403.4062564481073,2636.340187743528,31673.88709325233,10325.374116636338,41999.26120988867,1,6000.0,6000.0,HiGHS LP
0.4,2025-05-26,51380.73031447723,7186.104443556179,766.1371615798137,31289.909986411483,28816.823199970528,60106.733186382015,1,6000.0,6000.0,HiGHS LP
0.4,2025-05-27,52920.62494035615,2566.8123571708966,2762.0104910868586,32314.747633113682,10650.063763059985,42964.81139617367,1,6000.0,6000.0,HiGHS LP
0.4,2025-05-28,53675.130288484215,4937.522164914051,2994.1901462006267,32629.03042405122,18776.08168467795,51405.11210872917,1,6000.0,6000.0,HiGHS LP
0.4,2025-05-29,53514.136629177156,5268.993421312309,1294.0500396711168,32590.48806062751,22037.387651815097,54627.875712442605,1,6000.0,6000.0,HiGHS LP
0.4,2025-05-30,26056.97041988511,2872.777180303134,19293.514333521573,13105.474565736913,11292.621059017798,24398.09562475471,1,6000.0,6000.0,HiGHS LP
0.4,2025-05-31,26401.586992174405,2433.0216016569166,17405.427043831325,13211.979703830952,9642.294404429576,22854.274108260528,1,6000.0,6000.0,HiGHS LP
0.4,2025-06-01,58006.68596306292,16985.132443379785,167.32927257202752,35284.27137810154,65380.28257461275,100664.55395271428,1,6000.0,6000.0,HiGHS LP
0.4,2025-06-02,63292.32608103694,10166.288554549135,1169.7382072744713,39815.778924383165,39590.78615495496,79406.56507933812,1,6000.0,6000.0,HiGHS LP
0.4,2025-06-03,66408.9228512278,6101.397401866125,642.79631393283,41307.551473129555,24630.829662849006,65938.38113597856,1,6000.0,6000.0,HiGHS LP
0.4,2025-06-04,69737.21663399908,5154.515289174133,1381.0412604442345,43217.50893526175,16778.150740925234,59995.65967618699,1,6000.0,6000.0,HiGHS LP
0.4,2025-06-05,70315.26915426635,5908.9185178627895,1244.6055416767365,43618.859115779705,22235.546318978406,65854.40543475811,1,6000.0,6000.0,HiGHS LP
0.4,2025-06-06,33939.184408570225,7085.349233947249,7129.538242517475,19246.235479253446,27088.427046661298,46334.66252591474,1,6000.0,6000.0,HiGHS LP
0.4,2025-06-07,34165.88812033146,3621.684434919223,3621.0593885840153,19114.503249600668,13230.661038545817,32345.164288146487,1,6000.0,6000.0,HiGHS LP
0.4,2025-06-08,80634.18933139152,382.0475209828508,11519.921087570754,50249.77623606134,1412.7255684054476,51662.50180446679,1,6000.0,6000.0,HiGHS LP
0.4,2025-06-09,72009.46421543883,4600.956361050627,1758.7073793127813,44220.95164730992,18736.93624228693,62957.88788959685,1,6000.0,6000.0,HiGHS LP
0.4,2025-06-10,73903.43357658718,3551.402566206927,1722.1229823579504,45241.79344802382,13903.244220891187,59145.03766891501,1,6000.0,6000.0,HiGHS LP
0.4,2025-06-11,74100.04582505755,6880.395149347467,684.1031456448686,45306.11501307736,29470.16527382877,74776.28028690613,1,6000.0,6000.0,HiGHS LP
0.4,2025-06-12,77887.78681323434,2101.9275003783096,3254.2061720149513,48275.60667747564,8021.227271101108,56296.83394857675,1,6000.0,6000.0,HiGHS LP
0.4,2025-06-13,33229.85909102739,2391.8055234185513,4236.3509144459495,18665.174126395996,8987.07708230873,27652.251208704725,1,6000.0,6000.0,HiGHS LP
0.4,2025-06-14,34011.611258829245,2295.456707638331,7073.725216467584,19045.59700466524,7474.606687091284,26520.203691756524,1,6000.0,6000.0,HiGHS LP
0.4,2025-06-15,73208.55173254402,3679.5409330082384,2142.227218539781,45010.41598212428,14040.957846750505,59051.373828874785,1,6000.0,6000.0,HiGHS LP
0.4,2025-06-16,74400.89336045951,3787.1355193259924,1242.6573031282649,45455.12602158594,14901.361317712664,60356.487339298605,1,6000.0,6000.0,HiGHS LP
0.4,2025-06-17,75434.70386259374,5072.219630309739,1622.831574101985,46188.840512484516,20517.075832425173,66705.9163449097,1,6000.0,6000.0,HiGHS LP
0.4,2025-06-18,76160.94653761023,2276.9066922504308,3231.0872615454837,46719.75984995918,8798.757368358245,55518.51721831742,1,6000.0,6000.0,HiGHS LP
0.4,2025-06-19,74222.66976456888,2118.316596167733,3818.992838357127,45608.823567113766,8510.34813325054,54119.171700364306,1,6000.0,6000.0,HiGHS LP
0.4,2025-06-20,33849.38342719441,756.8771862231789,9165.679763417593,19169.7381573068,2639.936431894838,21809.67458920164,1,6000.0,6000.0,HiGHS LP
0.4,2025-06-21,33781.025361852684,1009.7361473216224,12416.02110917431,18994.12447538812,3829.852217124624,22823.97669251274,1,6000.0,6000.0,HiGHS LP
0.4,2025-06-22,71961.44867352158,2984.2687279205784,3376.534084499709,43779.085319490274,11929.799567358692,55708.884886848966,1,6000.0,6000.0,HiGHS LP
0.4,2025-06-23,73502.89273292378,1844.0988001513429,4072.43781603333,44986.53084781124,8347.713778499025,53334.24462631027,1,6000.0,6000.0,HiGHS LP
0.4,2025-06-24,68527.89675262522,11970.633990365415,224.76848417926828,41646.65266711587,47925.55274327475,89572.20541039063,1,6000.0,6000.0,HiGHS LP
0.4,2025-06-25,76437.22630139516,2259.547401176387,3948.4243299304544,47004.79282062506,8494.793348295792,55499.586168920854,1,6000.0,6000.0,HiGHS LP
0.4,2025-06-26,73710.0596949262,2630.603652044086,4526.006477168297,44986.08685536673,11381.348150079364,56367.435005446096,1,6000.0,6000.0,HiGHS LP
0.4,2025-06-27,32720.924578499085,734.7967618648504,10644.075473697272,18230.618243843914,2857.1238341753133,21087.742078019226,1,6000.0,6000.0,HiGHS LP
0.4,2025-06-28,32907.5994481848,1095.9231620114463,9186.596493529585,18310.312325118026,3503.355502654102,21813.66782777213,1,6000.0,6000.0,HiGHS LP
0.4,2025-06-29,73990.85580363272,2812.564309518504,3242.274369303828,45199.04308990837,9594.074669918771,54793.117759827146,1,6000.0,6000.0,HiGHS LP
0.4,2025-06-30,73844.75439302312,3123.2373415786224,2805.160051447775,45077.29329688265,11824.9148967815,56902.20819366415,1,6000.0,6000.0,HiGHS LP
0.4,2025-07-01,79334.89756110226,7260.698309840588,3402.877952555612,49166.32721134602,25241.674606568296,74408.00181791431,1,6000.0,6000.0,HiGHS LP
0.4,2025-07-02,82947.59559278628,2666.172248964446,8377.703800978936,52215.62764741022,7331.057880231221,59546.68552764144,1,6000.0,6000.0,HiGHS LP
0.4,2025-07-03,81611.75065162037,4487.189603197683,2030.3934388559712,51386.7417950311,15465.253326288239,66851.99512131934,1,6000.0,6000.0,HiGHS LP
0.4,2025-07-04,40162.9858766434,2694.084963683391,10936.20337366012,23837.222667429905,8531.671405339825,32368.89407276973,1,6000.0,6000.0,HiGHS LP
0.4,2025-07-05,41874.52310409211,1761.1562558410212,11805.599393266457,24790.588990268618,5585.836936262941,30376.42592653156,1,6000.0,6000.0,HiGHS LP
0.4,2025-07-06,78889.36698883044,5992.67807896515,991.9371771301976,49368.11012097984,24556.46902981448,73924.57915079432,1,6000.0,6000.0,HiGHS LP
0.4,2025-07-07,81978.70090094092,1392.859817366253,5702.591352977959,51131.01587964821,4307.33048073213,55438.34636038034,1,6000.0,6000.0,HiGHS LP
0.4,2025-07-08,83462.01996343439,1641.6322553593245,5310.766333600988,52104.11674031378,6911.937914848091,59016.054655161875,1,6000.0,6000.0,HiGHS LP
0.4,2025-07-09,77363.37872997257,3215.305206643282,2525.492250477315,48401.64448289199,12249.13709501539,60650.781577907386,1,6000.0,6000.0,HiGHS LP
0.4,2025-07-10,76804.62765770487,2570.910061912619,2545.167810551543,48139.118444398264,9736.554757753096,57875.67320215136,1,6000.0,6000.0,HiGHS LP
0.4,2025-07-11,40776.67754533773,3573.524599438932,8791.424994776658,23766.19999209304,12813.443418928426,36579.64341102146,1,6000.0,6000.0,HiGHS LP
0.4,2025-07-12,41386.21930939003,2341.0380791731113,9603.014055229816,24080.00783407803,9285.806446337192,33365.81428041522,1,6000.0,6000.0,HiGHS LP
0.4,2025-07-13,73892.84566445649,2774.1631345872256,3598.5637113154853,46306.95219919543,11700.982716290982,58007.93491548642,1,6000.0,6000.0,HiGHS LP
0.4,2025-07-14,68999.14646440189,7037.226365834565,509.81997859081844,43573.81888551805,28416.515487962864,71990.33437348092,1,6000.0,6000.0,HiGHS LP
0.4,2025-07-15,72676.50135279525,6023.58658753417,2242.7172410202897,45899.64771438883,21077.779253015586,66977.42696740442,1,6000.0,6000.0,HiGHS LP
0.4,2025-07-16,72585.88519326637,5743.3262971711665,2372.292720315377,45644.41189766026,20155.267682819846,65799.67958048011,1,6000.0,6000.0,HiGHS LP
0.4,2025-07-17,72153.22862184321,5376.865486134399,1076.4836924972801,45500.03059424284,22498.365156050488,67998.39575029333,1,6000.0,6000.0,HiGHS LP
0.4,2025-07-18,39404.10332354446,4237.325436818451,9327.180660362914,22765.255300616307,16716.53076547237,39481.78606608868,1,6000.0,6000.0,HiGHS LP
0.4,2025-07-19,39436.483326347654,3083.4445609747263,12297.108837322383,22786.445307375914,11953.079649994015,34739.524957369926,1,6000.0,6000.0,HiGHS LP
0.4,2025-07-20,72350.3417561512,4996.399222708345,1470.7602933871735,45718.74815275713,18511.970030775607,64230.718183532736,1,6000.0,6000.0,HiGHS LP
0.4,2025-07-21,70772.61687477693,7636.689200805608,636.235836049227,44591.3880729379,28807.744208813667,73399.13228175158,1,6000.0,6000.0,HiGHS LP
0.4,2025-07-22,74488.66848092974,4810.276673266722,1638.6896061609311,46673.1636981054,19244.919405950583,65918.08310405599,1,6000.0,6000.0,HiGHS LP
0.4,2025-07-23,74991.99202729564,4553.245951169279,1465.6133223275742,47123.378468369454,17988.26226201005,65111.6407303795,1,6000.0,6000.0,HiGHS LP
0.4,2025-07-24,73660.9646572471,5755.572860087125,1959.5318497253352,46270.03482828481,22101.753293125963,68371.78812141078,1,6000.0,6000.0,HiGHS LP
0.4,2025-07-25,40858.68815428336,1038.2177083286365,12351.586295945322,23865.80971103618,4136.029188338523,28001.838899374707,1,6000.0,6000.0,HiGHS LP
0.4,2025-07-26,40988.96790244258,2385.8728308255254,11865.749166601436,23826.028765672716,8508.866254946295,32334.895020619013,1,6000.0,6000.0,HiGHS LP
0.4,2025-07-27,74716.8573533755,4089.8173410151394,1272.177467119354,46901.729665126084,17418.053388674773,64319.78305380086,1,6000.0,6000.0,HiGHS LP
0.4,2025-07-28,75631.95158556364,7239.458840156499,1021.5648409165989,47493.33186475435,28172.95832087471,75666.29018562906,1,6000.0,6000.0,HiGHS LP
0.4,2025-07-29,75615.0944340448,5877.406186086095,1517.0421470475603,47339.519503857606,22243.376513894735,69582.89601775234,1,6000.0,6000.0,HiGHS LP
0.4,2025-07-30,75530.50465623912,4474.301692375033,1994.7063785719974,47269.192310279046,18485.14864239928,65754.34095267832,1,6000.0,6000.0,HiGHS LP
0.4,2025-07-31,73869.1260941686,5588.989531680487,886.4104710033624,46325.321230492256,22774.00443227003,69099.32566276229,1,6000.0,6000.0,HiGHS LP
0.4,2025-08-01,39648.63918139099,1388.4370616535412,16745.716576377858,23048.685558484965,4775.494485110049,27824.180043595014,1,6000.0,6000.0,HiGHS LP
0.4,2025-08-02,37996.85647024775,2245.445713250542,16275.277250164963,21777.255318197324,9372.519235082458,31149.77455327978,1,6000.0,6000.0,HiGHS LP
0.4,2025-08-03,70271.18972651628,1708.7214517320258,5378.497431435015,44531.27163901711,6676.110309819227,51207.38194883634,1,6000.0,6000.0,HiGHS LP
0.4,2025-08-04,68995.14688883205,1996.5130546593339,1884.4956052842113,43955.375051665746,7712.8776245371155,51668.25267620286,1,6000.0,6000.0,HiGHS LP
0.4,2025-08-05,68415.88467795921,2708.264541920614,2295.4538263020495,43654.76963733736,10352.598667244849,54007.36830458221,1,6000.0,6000.0,HiGHS LP
0.4,2025-08-06,65650.68367961944,7056.22607702411,1008.566029149406,41989.664464752306,28227.77827697421,70217.44274172653,1,6000.0,6000.0,HiGHS LP
0.4,2025-08-07,72270.02249451002,911.9536132163644,5981.900719126793,45901.865423967,3173.106269228677,49074.97169319568,1,6000.0,6000.0,HiGHS LP
0.4,2025-08-08,38184.32385661267,1455.6540380050315,20824.806644617704,21989.022229598122,5918.138947293897,27907.16117689202,1,6000.0,6000.0,HiGHS LP
0.4,2025-08-09,37319.83428131882,3483.213320615042,18841.11860193386,21313.388028362973,13844.441555451533,35157.829583814506,1,6000.0,6000.0,HiGHS LP
0.4,2025-08-10,64131.61172157479,5717.696158180184,997.236635066261,41166.48104771403,21682.67252340394,62849.15357111797,1,6000.0,6000.0,HiGHS LP
0.4,2025-08-11,68099.7730990628,3050.397898069139,2932.31513001849,43453.853922172006,12184.603502619131,55638.45742479114,1,6000.0,6000.0,HiGHS LP
0.4,2025-08-12,66233.4111991903,6240.878353412013,1099.6034812975822,42427.04438446539,25584.651682502503,68011.6960669679,1,6000.0,6000.0,HiGHS LP
0.4,2025-08-13,66701.2415488415,4412.626119876203,1369.5920304914503,42313.54743468321,17483.192304213066,59796.73973889628,1,6000.0,6000.0,HiGHS LP
0.4,2025-08-14,65242.6047732016,5466.712690426635,1176.2785632095165,41763.67365169716,22780.466845997154,64544.140497694316,1,6000.0,6000.0,HiGHS LP
0.4,2025-08-15,38757.36760237071,1671.630464235457,20229.271183272835,22470.662484719633,5975.673483386763,28446.335968106396,1,6000.0,6000.0,HiGHS LP
0.4,2025-08-16,39655.900761187586,1405.623000776895,21092.243395297817,23044.568198436278,6275.0893106474705,29319.65750908375,1,6000.0,6000.0,HiGHS LP
0.4,2025-08-17,62964.11988535221,5162.500258581451,1456.4728955631456,40379.14710953909,21005.774957611822,61384.92206715091,1,6000.0,6000.0,HiGHS LP
0.4,2025-08-18,65172.7940415464,4591.549957817922,1773.4525735413044,41972.545875811804,20806.387160127997,62778.9330359398,1,6000.0,6000.0,HiGHS LP
0.4,2025-08-19,63175.419779963304,5337.725423514753,633.8762365771031,40618.64848811592,20426.790575188526,61045.439063304446,1,6000.0,6000.0,HiGHS LP
0.4,2025-08-20,65367.92898332361,9863.583383622085,956.1243574649009,42021.25176438352,40107.41082493229,82128.66258931582,1,6000.0,6000.0,HiGHS LP
0.4,2025-08-21,67807.6314541449,3699.5080060306336,1919.693966704369,43258.920657996154,14569.407937961223,57828.32859595738,1,6000.0,6000.0,HiGHS LP
0.4,2025-08-22,39418.07493490366,4028.7610311619164,19176.266566065577,22917.276234965844,16628.591487673333,39545.867722639174,1,6000.0,6000.0,HiGHS LP
0.4,2025-08-23,38550.823197019774,2786.3626654764557,15767.179712496232,22265.26216667064,11548.600877233861,33813.8630439045,1,6000.0,6000.0,HiGHS LP
0.4,2025-08-24,64878.230630130536,5167.638915729867,2722.2565149825796,41333.830354342135,22512.32350804821,63846.15386239035,1,6000.0,6000.0,HiGHS LP
0.4,2025-08-25,64817.51193416074,10257.872963790698,695.80998726539,41592.02692797535,40559.19315899795,82151.2200869733,1,6000.0,6000.0,HiGHS LP
0.4,2025-08-26,66084.59835518883,4600.54911422606,1502.470580822378,41877.15577295367,19875.29700257841,61752.45277553208,1,6000.0,6000.0,HiGHS LP
0.4,2025-08-27,64037.309589885976,7957.407447041789,487.19295800826376,40882.11222288539,34070.44037821921,74952.5526011046,1,6000.0,6000.0,HiGHS LP
0.4,2025-08-28,67013.29372328683,8375.779590432321,919.8636638889254,42511.071981647205,33207.25445398007,75718.32643562727,1,6000.0,6000.0,HiGHS LP
0.4,2025-08-29,36734.5288477658,4411.118764627987,15550.427262393792,21059.51942901295,18033.233791132618,39092.75322014557,1,6000.0,6000.0,HiGHS LP
0.4,2025-08-30,37605.10024586943,4328.473840867468,20380.854253403566,21701.111076825495,17071.502802869825,38772.61387969532,1,6000.0,6000.0,HiGHS LP
0.4,2025-08-31,66644.02738548545,5201.72905300412,1526.284171782449,42603.94430156731,20124.498184483684,62728.44248605099,1,6000.0,6000.0,HiGHS LP
0.4,2025-09-01,61892.8918765304,2468.2922829319377,7255.933637542902,39622.19816194922,8660.33573662601,48282.53389857523,1,6000.0,6000.0,HiGHS LP
0.4,2025-09-02,51874.79062842338,6999.161874917409,1444.0633651963894,32551.38339667025,28481.50349599247,61032.88689266272,1,6000.0,6000.0,HiGHS LP
0.4,2025-09-03,53874.76908424302,6807.65243244134,1605.5214984455833,33865.16235552138,25644.707781572288,59509.87013709367,1,6000.0,6000.0,HiGHS LP
0.4,2025-09-04,53576.704924906895,6106.158519708195,2227.809083874189,33607.789725014896,24786.477804616537,58394.267529631434,1,6000.0,6000.0,HiGHS LP
0.4,2025-09-05,31062.819195850654,916.9689338242687,22115.52646300826,16966.95646789479,3451.4187260951353,20418.375193989927,1,6000.0,6000.0,HiGHS LP
0.4,2025-09-06,32384.582444834286,836.1086787483717,22459.60742358266,17898.830123432956,3298.959944776004,21197.79006820896,1,6000.0,6000.0,HiGHS LP
0.4,2025-09-07,53739.81004534956,5799.1953210672145,983.2725015305605,33665.695423667785,22544.730453783108,56210.42587745089,1,6000.0,6000.0,HiGHS LP
0.4,2025-09-08,47042.4978868678,16565.77623541315,697.5398833333334,28780.608873035388,63775.038320523,92555.6471935584,1,6000.0,6000.0,HiGHS LP
0.4,2025-09-09,56302.850297370314,3878.853901190954,3402.097753512502,35017.02163671127,15373.533219066985,50390.55485577826,1,6000.0,6000.0,HiGHS LP
0.4,2025-09-10,55174.722339067404,10133.706762403333,312.08635415667595,34495.003760430875,42394.78722800687,76889.79098843774,1,6000.0,6000.0,HiGHS LP
0.4,2025-09-11,57246.19317077361,3518.65236589128,3437.142757837845,35334.23548553538,14518.273912469984,49852.509398005364,1,6000.0,6000.0,HiGHS LP
0.4,2025-09-12,29803.187880408703,2673.040262993083,17884.57194340178,15988.622176760724,9475.578733097736,25464.20090985846,1,6000.0,6000.0,HiGHS LP
0.4,2025-09-13,29831.005912140994,2164.6854175774697,20948.589846385126,15983.494841141668,8067.608765955372,24051.10360709704,1,6000.0,6000.0,HiGHS LP
0.4,2025-09-14,56031.23062066866,8264.74250821244,257.9445800925492,34912.3255839957,31795.112809573646,66707.43839356935,1,6000.0,6000.0,HiGHS LP
0.4,2025-09-15,60631.148290953344,2108.2007951874375,3619.75746039366,37607.880346178994,8083.873711172298,45691.75405735129,1,6000.0,6000.0,HiGHS LP
0.4,2025-09-16,58267.09411912259,5968.573936067512,675.0894368243561,36263.38307922699,19845.45418091183,56108.83726013882,1,6000.0,6000.0,HiGHS LP
0.4,2025-09-17,63002.06600523105,3647.479462596009,2601.5099974367326,39385.65083006524,15067.629352043034,54453.280182108276,1,6000.0,6000.0,HiGHS LP
0.4,2025-09-18,60640.76220372736,3891.4439142482015,1508.2597577462727,37777.82631680393,16494.938185650193,54272.76450245412,1,6000.0,6000.0,HiGHS LP
0.4,2025-09-19,31238.33768379996,2182.7873852347384,14279.772752368031,16988.428751143983,7206.238254332791,24194.667005476775,1,6000.0,6000.0,HiGHS LP
0.4,2025-09-20,32334.314702987285,1888.8592885107576,15537.740258164704,17743.433407587818,7193.377790682358,24936.811198270174,1,6000.0,6000.0,HiGHS LP
0.4,2025-09-21,62075.1966114099,3358.164289625284,3072.986219896465,38573.42935986673,11383.704333631242,49957.13369349797,1,6000.0,6000.0,HiGHS LP
0.4,2025-09-22,60324.79292598341,4800.980747905798,450.5037500087383,37418.75944901422,16680.473438135865,54099.23288715009,1,6000.0,6000.0,HiGHS LP
0.4,2025-09-23,61800.310061971,4950.347798531273,570.0529898389141,38358.85056224438,20810.882091812036,59169.73265405641,1,6000.0,6000.0,HiGHS LP
0.4,2025-09-24,60643.391553430134,5089.1288288720925,603.9071043039174,37522.19931879597,18061.41237532046,55583.61169411642,1,6000.0,6000.0,HiGHS LP
0.4,2025-09-25,63025.820861622116,2861.143308770691,1489.255628817285,39205.76843219914,10136.05346877816,49341.8219009773,1,6000.0,6000.0,HiGHS LP
0.4,2025-09-26,33450.779296144276,999.0093477187343,13715.545143863,18537.29482195432,3482.6719060515697,22019.966728005893,1,6000.0,6000.0,HiGHS LP
0.4,2025-09-27,32285.81640475629,4282.023722407979,15726.537877164274,17602.24388392616,16608.1123739547,34210.35625788086,1,6000.0,6000.0,HiGHS LP
0.4,2025-09-28,64665.65341725176,3989.979490062798,1086.1072711829142,40130.90944278444,16001.482546909814,56132.39198969425,1,6000.0,6000.0,HiGHS LP
0.4,2025-09-29,65504.24892383278,2700.8540769247174,1358.9936125260742,40713.97631515737,10650.10229165123,51364.0786068086,1,6000.0,6000.0,HiGHS LP
0.4,2025-09-30,67087.84629079916,3950.0863406068756,1524.821927707638,41784.15883888563,16823.26319916911,58607.42203805474,1,6000.0,6000.0,HiGHS LP
0.4,2025-10-01,66484.19355966881,309.8052948565818,13036.827928765244,41272.10006856654,745.5574177839917,42017.65748635054,1,6000.0,6000.0,HiGHS LP
0.4,2025-10-02,63688.426375337825,853.26819667477,8743.003524854037,39175.345152676586,1961.1005887501824,41136.44574142677,1,6000.0,6000.0,HiGHS LP
0.4,2025-10-03,29877.24110651444,952.1933197146711,19972.28072622911,15737.454237635327,2635.1365620755896,18372.590799710917,1,6000.0,6000.0,HiGHS LP
0.4,2025-10-04,30279.326973195446,1722.7579636618545,15866.102503523969,15947.272908958545,5525.681433695277,21472.954342653822,1,6000.0,6000.0,HiGHS LP
0.4,2025-10-05,62794.38972297778,799.0832776386331,4785.48112178235,38567.32451236648,1839.772108803653,40407.09662117014,1,6000.0,6000.0,HiGHS LP
0.4,2025-10-06,62938.99265305922,1155.314629160875,2291.9736194292695,38644.00964181581,3488.8755879887085,42132.88522980452,1,6000.0,6000.0,HiGHS LP
0.4,2025-10-07,62372.34356786431,1399.6739031545915,1932.0709285287749,38195.83882431871,4873.12965250922,43068.968476827926,1,6000.0,6000.0,HiGHS LP
0.4,2025-10-08,62926.56671601554,1331.1680372827907,3706.3128304680827,37970.470660240986,4969.01331387557,42939.483974116556,1,6000.0,6000.0,HiGHS LP
0.4,2025-10-09,60932.18193943252,1730.4474758787646,2842.537011971416,36760.05758287106,7542.581030525822,44302.63861339688,1,6000.0,6000.0,HiGHS LP
0.4,2025-10-10,30555.95207497129,960.6425469361417,19132.983705240767,15646.471661052063,3611.27234483521,19257.744005887274,1,6000.0,6000.0,HiGHS LP
0.4,2025-10-11,31113.183370676135,946.044783302646,14912.914570645451,15869.320938934256,4299.222902176283,20168.54384111054,1,6000.0,6000.0,HiGHS LP
0.4,2025-10-12,60462.745086925366,3418.1259853135325,1307.2662800952671,36565.075012200425,13392.422362757054,49957.49737495748,1,6000.0,6000.0,HiGHS LP
0.4,2025-10-13,60353.73710798967,2424.3799909894824,1693.6128065258972,36580.42828018591,10143.513146286452,46723.94142647236,1,6000.0,6000.0,HiGHS LP
0.4,2025-10-14,60143.50181945308,4980.707111995471,293.8398429978749,36424.366573203166,20911.541096979814,57335.907670182976,1,6000.0,6000.0,HiGHS LP
0.4,2025-10-15,61105.31630268272,5147.325398937619,273.9537610455153,37095.98402030634,20219.19264228182,57315.176662588165,1,6000.0,6000.0,HiGHS LP
0.4,2025-10-16,61920.799369954046,5626.936365295556,518.5993737611318,37674.147153162405,23786.025664034874,61460.17281719728,1,6000.0,6000.0,HiGHS LP
0.4,2025-10-17,31285.216829433208,2129.154771264669,14332.362930361285,16076.946342896224,9195.189080711589,25272.13542360781,1,6000.0,6000.0,HiGHS LP
0.4,2025-10-18,30914.199163889294,2740.918147721516,14536.684521785526,15883.359105522472,10554.179496736695,26437.538602259167,1,6000.0,6000.0,HiGHS LP
0.4,2025-10-19,63000.80719410334,5578.23308283022,624.4795553659035,38206.77830560345,24484.07186434511,62690.850169948564,1,6000.0,6000.0,HiGHS LP
0.4,2025-10-20,63796.59856712415,5097.373909215463,372.11187300238834,38855.46045256732,22266.69064944271,61122.15110201003,1,6000.0,6000.0,HiGHS LP
0.4,2025-10-21,64279.015115028815,6584.663727264038,315.23345145319524,39150.00847142246,25712.006930516316,64862.01540193877,1,6000.0,6000.0,HiGHS LP
0.4,2025-10-22,64651.14913783227,5501.243382011845,504.87128974011654,39199.8874852011,23634.029251470703,62833.9167366718,1,6000.0,6000.0,HiGHS LP
0.4,2025-10-23,66352.04938872824,2754.441967902885,1630.6422240699148,40448.454011350186,11628.741739849655,52077.19575119984,1,6000.0,6000.0,HiGHS LP
0.4,2025-10-24,30905.29119598654,2596.47532400356,11974.251682765913,15784.255123352123,11489.703752672856,27273.95887602498,1,6000.0,6000.0,HiGHS LP
0.4,2025-10-25,31596.958290245046,2277.169129958412,11360.669241561072,16331.447066392884,9201.331576433731,25532.778642826615,1,6000.0,6000.0,HiGHS LP
0.4,2025-10-26,67153.85789530787,2357.100211441103,849.9833166091635,41084.06887214884,9263.459961546292,50347.528833695134,1,6000.0,6000.0,HiGHS LP
0.4,2025-10-27,66542.42852450456,3566.524278510153,2442.491940636091,40517.14988401447,15204.027674688756,55721.177558703224,1,6000.0,6000.0,HiGHS LP
0.4,2025-10-28,66908.83903625098,3740.832312278908,554.2263911767998,40886.497420592976,15308.5471686852,56195.04458927817,1,6000.0,6000.0,HiGHS LP
0.4,2025-10-29,68174.03674504929,5835.031389541178,553.3801946043208,41806.23475886235,23420.781877571644,65227.016636434,1,6000.0,6000.0,HiGHS LP
0.4,2025-10-30,69332.61496741616,1608.2949023693518,1953.0582428270068,42641.67507175069,6410.154466955224,49051.82953870591,1,6000.0,6000.0,HiGHS LP
0.4,2025-10-31,33008.86621540616,2400.5827327272627,8261.242568577394,17292.45109524756,8707.427292033493,25999.878387281053,1,6000.0,6000.0,HiGHS LP
0.4,2025-11-01,33399.25797496243,1394.085796716359,8975.545399557064,17524.85397121991,4864.513329593627,22389.367300813537,1,6000.0,6000.0,HiGHS LP
0.4,2025-11-02,70481.41149280235,3166.168218497612,576.9121551945952,43204.90203889602,13366.52355835427,56571.42559725029,1,6000.0,6000.0,HiGHS LP
0.4,2025-11-03,71454.07417003733,3490.519606673482,1105.7535999252987,43954.751075926346,11518.744685427606,55473.49576135395,1,6000.0,6000.0,HiGHS LP
0.4,2025-11-04,73308.44160308794,1637.333165501232,2940.8881387623856,45125.98593161719,6696.810114807411,51822.796046424606,1,6000.0,6000.0,HiGHS LP
0.4,2025-11-05,73863.64017492389,1700.9496811270362,1475.8643660665875,45668.53840986997,5958.226076412305,51626.76448628228,1,6000.0,6000.0,HiGHS LP
0.4,2025-11-06,71136.92281255765,5189.061367482667,628.3687501582998,43594.7346234675,21196.184755415008,64790.91937888251,1,6000.0,6000.0,HiGHS LP
0.4,2025-11-07,32959.95252011734,1587.3271816376996,7943.889265445332,17235.242787306786,6639.781781545649,23875.024568852437,1,6000.0,6000.0,HiGHS LP
0.4,2025-11-08,33962.07580606144,644.7608465262715,7497.316660956554,17862.08864968187,2258.442362739255,20120.531012421125,1,6000.0,6000.0,HiGHS LP
0.4,2025-11-09,73610.09431462943,2948.6530472249874,810.7244451744125,45289.04475685449,11571.370104291957,56860.41486114645,1,6000.0,6000.0,HiGHS LP
0.4,2025-11-10,75358.82028818261,3545.2747624886233,602.3447642198466,46594.91709846239,13275.327494419897,59870.244592882285,1,6000.0,6000.0,HiGHS LP
0.4,2025-11-11,75241.18290634104,1810.7024126688711,1040.7243812449246,46449.28233107379,7324.187964105743,53773.47029517953,1,6000.0,6000.0,HiGHS LP
0.4,2025-11-12,76606.35106021329,1068.6926578984735,2285.1051425841506,47587.56208139029,4641.184550034078,52228.74663142437,1,6000.0,6000.0,HiGHS LP
0.4,2025-11-13,76031.29065948451,2410.3417936842607,1609.5715976862853,47240.199221615614,8670.577639546935,55910.77686116255,1,6000.0,6000.0,HiGHS LP
0.4,2025-11-14,34154.32203387257,1669.9854505869096,4863.106516945272,18020.90332744391,5456.185676439902,23477.08900388381,1,6000.0,6000.0,HiGHS LP
0.4,2025-11-15,34610.466891367774,1221.2104755747062,4227.918567646688,18265.441595688433,4582.413379552637,22847.85497524107,1,6000.0,6000.0,HiGHS LP
0.4,2025-11-16,76817.98890142374,3109.8401296644824,1075.352391498487,47678.00284359273,12279.62417988375,59957.62702347648,1,6000.0,6000.0,HiGHS LP
0.4,2025-11-17,79080.41473131436,760.0979230310824,2734.4208016602465,49500.68492603922,2665.500986094894,52166.18591213411,1,6000.0,6000.0,HiGHS LP
0.4,2025-11-18,75700.59276402358,4166.993849077631,549.0377352625937,46777.79760810216,15334.549607549361,62112.34721565152,1,6000.0,6000.0,HiGHS LP
0.4,2025-11-19,77650.28987428901,2741.6010149316635,612.0687347698245,48304.095892445606,10974.445051011015,59278.540943456625,1,6000.0,6000.0,HiGHS LP
0.4,2025-11-20,78768.1925757175,2136.439872464987,1702.2565743762493,49312.508198532116,7902.227386220206,57214.73558475232,1,6000.0,6000.0,HiGHS LP
0.4,2025-11-21,34942.4838128489,1294.8368280768746,3915.6111447981452,18482.265980459066,3898.027713213309,22380.293693672375,1,6000.0,6000.0,HiGHS LP
0.4,2025-11-22,34488.47192048398,1763.7288344299045,2600.8348844995367,18123.801776806115,6308.095344675268,24431.897121481383,1,6000.0,6000.0,HiGHS LP
0.4,2025-11-23,79137.17860955586,2539.2706021215135,2028.4953755372358,49429.3788926054,10344.225884937716,59773.604777543114,1,6000.0,6000.0,HiGHS LP
0.4,2025-11-24,79584.55096263406,1570.4613881206415,2580.9711031485986,49860.060216204176,5956.50076312814,55816.56097933232,1,6000.0,6000.0,HiGHS LP
0.4,2025-11-25,80541.14386383617,1466.8964941488412,1399.0562592711735,50544.77459923539,5158.21843993766,55702.993039173045,1,6000.0,6000.0,HiGHS LP
0.4,2025-11-26,79444.84041984272,2534.800239992469,809.4649263414383,49670.73086342582,9408.291990424861,59079.022853850685,1,6000.0,6000.0,HiGHS LP
0.4,2025-11-27,80995.06592712666,1376.3802870306145,2150.705163406202,50927.770055276036,5419.39406946837,56347.164124744406,1,6000.0,6000.0,HiGHS LP
0.4,2025-11-28,34617.26980610515,2069.967057397498,2299.3699288582534,18232.81779099071,7908.972510718276,26141.790301708985,1,6000.0,6000.0,HiGHS LP
0.4,2025-11-29,36141.49483134953,4354.707544545213,2018.899202004365,19197.216558335014,14698.26543180022,33895.48199013523,1,6000.0,6000.0,HiGHS LP
0.4,2025-11-30,83346.05552812961,2493.8760545424025,986.5763094542649,52485.28527603649,8868.704205346488,61353.98948138298,1,6000.0,6000.0,HiGHS LP
0.4,2025-12-01,82409.96011904694,8688.05133375816,251.5741256240591,51784.84796060537,32215.76320433562,84000.61116494099,1,6000.0,6000.0,HiGHS LP
0.4,2025-12-02,87571.52318279771,6601.244334971194,826.1593503309439,55872.55451937685,23417.042611789017,79289.59713116586,1,6000.0,6000.0,HiGHS LP
0.4,2025-12-03,88148.48034299197,4581.147733614456,882.6474946279889,55607.85384330007,16200.943104674843,71808.79694797492,1,6000.0,6000.0,HiGHS LP
0.4,2025-12-04,89757.54993458344,2767.311911931259,1035.3197631813587,56928.12966232638,10759.028560260813,67687.1582225872,1,6000.0,6000.0,HiGHS LP
0.4,2025-12-05,44083.40242279146,2652.7173874759856,1470.2789785953032,22809.37909184819,10998.954733114224,33808.333824962414,1,6000.0,6000.0,HiGHS LP
0.4,2025-12-06,46107.87595190562,2613.9121358775487,1011.0310356431396,23924.400482341764,8953.943059073543,32878.34354141531,1,6000.0,6000.0,HiGHS LP
0.4,2025-12-07,92114.31431164642,2091.0293316213524,1823.6364304975646,58649.33933565685,8090.449436509716,66739.78877216656,1,6000.0,6000.0,HiGHS LP
0.4,2025-12-08,89376.45098983197,4729.478113787363,1540.3846536193234,55831.528546560374,19787.103291419455,75618.63183797983,1,6000.0,6000.0,HiGHS LP
0.4,2025-12-09,93171.99457631526,1720.6086355496218,2746.2736310852506,59226.4476943458,7952.7466175099935,67179.1943118558,1,6000.0,6000.0,HiGHS LP
0.4,2025-12-10,90834.66008468061,3360.364063035223,1074.073236100893,57535.608001596716,12126.561562340306,69662.16956393703,1,6000.0,6000.0,HiGHS LP
0.4,2025-12-11,93929.22552651694,677.9893907601345,3853.859157598801,59999.38993919463,2272.7015519430947,62272.091491137726,1,6000.0,6000.0,HiGHS LP
0.4,2025-12-12,44032.43679096768,4306.097218780928,742.3919420160523,22764.86036561973,15243.36956072908,38008.22992634881,1,6000.0,6000.0,HiGHS LP
0.4,2025-12-13,49083.838946171425,1216.0486823872773,2428.4704318943536,25544.387741637245,5171.267278912765,30715.65502055001,1,6000.0,6000.0,HiGHS LP
0.4,2025-12-14,93150.84430384541,1547.80130128142,1143.118477444111,59291.58682669258,6108.456354221222,65400.0431809138,1,6000.0,6000.0,HiGHS LP
0.4,2025-12-15,93719.4947842329,1910.0125341818664,1374.339193446272,59722.87160840984,6726.918575638909,66449.79018404875,1,6000.0,6000.0,HiGHS LP
0.4,2025-12-16,92972.6723979766,2237.9547310896914,1019.2073349540178,59064.48529377572,8635.767251392486,67700.2525451682,1,6000.0,6000.0,HiGHS LP
0.4,2025-12-17,94708.64809961453,911.9846301723212,2642.467742795544,60348.22141426205,3267.328199397231,63615.549613659285,1,6000.0,6000.0,HiGHS LP
0.4,2025-12-18,92346.29800687473,1986.2605322633553,2204.819284357354,58609.011036003336,7796.147037506159,66405.15807350949,1,6000.0,6000.0,HiGHS LP
0.4,2025-12-19,47202.69793181757,1670.8441469532358,1921.3433730251318,24295.742710722046,7115.601108790601,31411.343819512647,1,6000.0,6000.0,HiGHS LP
0.4,2025-12-20,47277.17410929776,1634.7793173900411,2034.1999415813125,24386.536008081683,6484.580102137164,30871.11611021885,1,6000.0,6000.0,HiGHS LP
0.4,2025-12-21,91846.27187658232,2949.3387298887737,990.5013371791969,58231.011859564635,11027.299263750589,69258.31112331522,1,6000.0,6000.0,HiGHS LP
0.4,2025-12-22,94373.72714903891,1317.325224507686,1958.8075604159317,60094.99615221573,5115.15258379739,65210.14873601312,1,6000.0,6000.0,HiGHS LP
0.4,2025-12-23,94163.72281564739,770.654775206412,2884.341083990986,59935.693021717016,3103.269920784032,63038.96294250105,1,6000.0,6000.0,HiGHS LP
0.4,2025-12-24,92767.58692394271,1587.405977121346,1724.2084665635923,58977.177354112224,6142.915669688883,65120.093023801106,1,6000.0,6000.0,HiGHS LP
0.4,2025-12-25,92330.71640663315,1728.4416538275837,1469.0061329829596,58719.78193726436,6041.787622910364,64761.56956017472,1,6000.0,6000.0,HiGHS LP
0.4,2025-12-26,46104.499541260826,2124.1619813975813,1244.1856093683557,23784.067124960187,8166.30784240765,31950.37496736784,1,6000.0,6000.0,HiGHS LP
0.4,2025-12-27,47707.02407332135,1406.109040265436,1707.361659188494,24640.51878119714,5819.583157931689,30460.10193912883,1,6000.0,6000.0,HiGHS LP
0.4,2025-12-28,91665.25751867892,1966.1325263230713,2043.8060661221025,58132.471027053434,7476.981142642505,65609.45216969594,1,6000.0,6000.0,HiGHS LP
0.4,2025-12-29,91779.7071811714,1822.765553091364,1319.120361356447,58168.19384920475,6518.495659590553,64686.6895087953,1,6000.0,6000.0,HiGHS LP
0.4,2025-12-30,93915.99920321742,629.530710340725,3534.348119734296,59870.552727418166,2492.989866967675,62363.54259438584,1,6000.0,6000.0,HiGHS LP
0.4,2025-12-31,91420.0770389472,2910.4931734291686,932.5298294312219,57917.07984665454,11505.132631556236,69422.21247821077,1,6000.0,6000.0,HiGHS LP
0.45,2025-02-01,40938.44751567598,787.138723678176,3503.308472545422,21087.49597451122,3422.943578668133,24510.439553179353,1,6000.0,6000.0,HiGHS LP
0.45,2025-02-02,84397.72116325551,876.1737554494314,2399.364374473904,52481.80838120287,4047.6965205730144,56529.50490177589,1,6000.0,6000.0,HiGHS LP
0.45,2025-02-03,84574.95287648152,2129.3285403505056,1956.635169649871,52617.48927720934,8135.464035062176,60752.953312271515,1,6000.0,6000.0,HiGHS LP
0.45,2025-02-04,84682.56602426508,2781.4121846117177,1750.8368624633565,52734.96893060563,11780.479340122529,64515.44827072816,1,6000.0,6000.0,HiGHS LP
0.45,2025-02-05,80216.60363420134,5242.732390065628,309.2423742669663,49372.20469762424,21416.53614184953,70788.74083947377,1,6000.0,6000.0,HiGHS LP
0.45,2025-02-06,86232.76622876414,1097.6335222363941,2441.80160808952,53941.864100215724,4202.22853050618,58144.092630721905,1,6000.0,6000.0,HiGHS LP
0.45,2025-02-07,36970.43872237082,1950.2646703910812,3432.5515731176706,19055.728142095788,8966.790375260727,28022.518517356515,1,6000.0,6000.0,HiGHS LP
0.45,2025-02-08,35999.037323067314,1829.4025690523902,2648.1681314280654,18526.637644432438,7872.669514749674,26399.307159182114,1,6000.0,6000.0,HiGHS LP
0.45,2025-02-09,78743.03275853534,5676.861949715847,452.24742905420817,48657.411635646626,20799.07902091048,69456.49065655711,1,6000.0,6000.0,HiGHS LP
0.45,2025-02-10,82291.6288592566,618.2023166216386,4110.815446967941,51129.54357286034,2222.9064640001047,53352.45003686044,1,6000.0,6000.0,HiGHS LP
0.45,2025-02-11,82541.73518438454,424.41866110799396,3286.609599595982,51430.365679683964,1618.3330850231318,53048.69876470709,1,6000.0,6000.0,HiGHS LP
0.45,2025-02-12,78112.4701395857,2546.5563421443703,971.0178545987109,48015.08418878385,11029.184128726076,59044.26831750992,1,6000.0,6000.0,HiGHS LP
0.45,2025-02-13,78082.72788232096,1585.2103359016205,3915.9942125095417,48304.357071806284,5231.829053542129,53536.18612534841,1,6000.0,6000.0,HiGHS LP
0.45,2025-02-14,36030.82059526482,1613.283478683537,4289.479235231298,18663.42641716658,4377.826986949407,23041.25340411599,1,6000.0,6000.0,HiGHS LP
0.45,2025-02-15,34414.316700465206,2786.7149194577496,4463.4374799697225,17768.49714033663,8702.664575214792,26471.16171555142,1,6000.0,6000.0,HiGHS LP
0.45,2025-02-16,75112.77683733783,5031.7689916087265,368.8075423105565,46066.91963917672,18483.948258924982,64550.8678981017,1,6000.0,6000.0,HiGHS LP
0.45,2025-02-17,75256.85880563626,2186.106803985282,1885.843168372816,46102.527680793675,7871.925699651429,53974.453380445106,1,6000.0,6000.0,HiGHS LP
0.45,2025-02-18,76158.19919248534,1998.9983223125992,1696.9449189271022,46871.04196981357,7456.932109454007,54327.97407926757,1,6000.0,6000.0,HiGHS LP
0.45,2025-02-19,74391.86497885597,3730.7157775420756,889.3466840617614,45586.195654862444,14671.681633376184,60257.877288238626,1,6000.0,6000.0,HiGHS LP
0.45,2025-02-20,75270.02337281963,1881.2697115189897,1802.7574554668736,46166.78569497308,7092.307245405387,53259.09294037847,1,6000.0,6000.0,HiGHS LP
0.45,2025-02-21,33769.476453286436,1778.9468352448193,6628.659612996344,17416.662281791552,5942.171627250551,23358.833909042103,1,6000.0,6000.0,HiGHS LP
0.45,2025-02-22,35126.73370841352,2113.3433827100735,5983.467984277175,18313.415702557664,7439.540207285778,25752.95590984344,1,6000.0,6000.0,HiGHS LP
0.45,2025-02-23,74780.47058714887,2581.0377763365304,1490.8366232994326,45962.771749819425,8437.027886707176,54399.7996365266,1,6000.0,6000.0,HiGHS LP
0.45,2025-02-24,72546.62231677794,1916.8011743838863,1969.3950736563306,44155.75622977986,7735.820845758984,51891.577075538844,1,6000.0,6000.0,HiGHS LP
0.45,2025-02-25,71262.78466338686,1918.9796957959484,3093.1200606040984,43363.748976912604,6887.08349843361,50250.832475346215,1,6000.0,6000.0,HiGHS LP
0.45,2025-02-26,70703.90306478128,3431.6157937276193,1111.2814299190081,42862.61685369132,13605.445046140518,56468.06189983184,1,6000.0,6000.0,HiGHS LP
0.45,2025-02-27,70744.81423057895,2508.928371045831,2095.371711258268,43016.50904886436,11590.865048735594,54607.37409759995,1,6000.0,6000.0,HiGHS LP
0.45,2025-02-28,31965.25993158201,2726.25589780226,8182.827252826434,16314.717461726965,10068.19532957226,26382.912791299226,1,6000.0,6000.0,HiGHS LP
0.45,2025-03-01,32965.080847041754,1219.3490939485134,7287.637522609196,16940.19990680643,5175.494507418254,22115.694414224683,1,6000.0,6000.0,HiGHS LP
0.45,2025-03-02,67471.44358680291,9390.671213923571,381.29031527857256,41133.07171165271,34870.653974756686,76003.7256864094,1,6000.0,6000.0,HiGHS LP
0.45,2025-03-03,69982.98175085802,7290.727086477565,1058.9904397495814,42963.596949023835,27727.31847685865,70690.91542588249,1,6000.0,6000.0,HiGHS LP
0.45,2025-03-04,71522.30330920756,3257.6041782798175,1299.6974263202146,43875.99321977554,10622.532142987613,54498.525362763154,1,6000.0,6000.0,HiGHS LP
0.45,2025-03-05,71662.03283754471,1539.56315766743,2800.3128654112325,43804.450653590444,5912.943080956891,49717.39373454734,1,6000.0,6000.0,HiGHS LP
0.45,2025-03-06,71478.69113027107,1393.0163769650353,2666.3218174124436,43809.112718492375,4889.4128781738045,48698.52559666618,1,6000.0,6000.0,HiGHS LP
0.45,2025-03-07,31400.13878001305,2215.7707318940693,9602.736028223615,16354.465690829418,8210.35588434671,24564.82157517613,1,6000.0,6000.0,HiGHS LP
0.45,2025-03-08,30380.645735722,1451.5254007190729,9729.031619774407,15950.72580860857,3753.6841925655435,19704.410001174114,1,6000.0,6000.0,HiGHS LP
0.45,2025-03-09,67446.8160172742,2194.8566869180754,2147.124832211801,40819.35139360607,8579.39694293311,49398.74833653918,1,6000.0,6000.0,HiGHS LP
0.45,2025-03-10,67649.90510121829,5618.847554608592,1054.3917838318935,40980.53442366859,19194.350125235578,60174.88454890417,1,6000.0,6000.0,HiGHS LP
0.45,2025-03-11,68573.42898727306,1861.1395919923925,2325.986920189213,41486.75787105791,6756.817853132756,48243.57572419067,1,6000.0,6000.0,HiGHS LP
0.45,2025-03-12,66027.23968207053,1982.2262941494537,1440.940122074931,39648.01135590732,7483.327071251584,47131.3384271589,1,6000.0,6000.0,HiGHS LP
0.45,2025-03-13,66509.42686862197,6163.882057169297,988.1292299214028,40099.30457871886,22654.642283460853,62753.94686217971,1,6000.0,6000.0,HiGHS LP
0.45,2025-03-14,29822.285568134335,1368.7119599640332,12121.57154476504,15412.481967356409,5016.589712949133,20429.07168030554,1,6000.0,6000.0,HiGHS LP
0.45,2025-03-15,29203.516005994337,2846.277037943092,8085.667893937428,14928.440665683858,9961.244943353131,24889.68560903699,1,6000.0,6000.0,HiGHS LP
0.45,2025-03-16,66307.31672194987,2880.948740315366,1696.7005641708874,40002.939976988055,11012.490851157549,51015.4308281456,1,6000.0,6000.0,HiGHS LP
0.45,2025-03-17,66314.51590486006,609.2133099526778,4928.998933468658,39786.62077167674,2576.9594301497086,42363.580201826444,1,6000.0,6000.0,HiGHS LP
0.45,2025-03-18,63499.793338131116,2936.1745952215815,1209.6290792963437,37893.87261718468,13213.590036609656,51107.46265379433,1,6000.0,6000.0,HiGHS LP
0.45,2025-03-19,64698.72734196088,1537.8921981993406,2654.2994643570246,38699.02207303789,6844.799750269531,45543.82182330742,1,6000.0,6000.0,HiGHS LP
0.45,2025-03-20,62571.15227285981,4288.315148084359,551.0294414736316,37366.42839234047,17300.909440815645,54667.33783315612,1,6000.0,6000.0,HiGHS LP
0.45,2025-03-21,29345.42791626007,876.3079009853158,15148.271300578723,15055.028499272761,3057.9516435350315,18112.98014280779,1,6000.0,6000.0,HiGHS LP
0.45,2025-03-22,29048.081082670717,1796.4554718178847,11923.336821155264,14751.5451279859,6534.56568523715,21286.11081322305,1,6000.0,6000.0,HiGHS LP
0.45,2025-03-23,64024.61312139261,2116.9501795017,3251.0569600858607,38263.62399950877,8536.139748365476,46799.76374787424,1,6000.0,6000.0,HiGHS LP
0.45,2025-03-24,62573.66191965049,1680.5316158531327,2162.328907482023,37386.98340038191,6444.835435158437,43831.81883554035,1,6000.0,6000.0,HiGHS LP
0.45,2025-03-25,63491.30439314281,3260.131336720747,1700.1463431543962,37953.37707487195,12863.460361565405,50816.83743643735,1,6000.0,6000.0,HiGHS LP
0.45,2025-03-26,62055.7323623881,1271.7610642983313,3642.6362173825246,36945.44749200361,5290.404394260924,42235.85188626453,1,6000.0,6000.0,HiGHS LP
0.45,2025-03-27,61401.38591331174,2836.457757598533,1437.8173131659084,36581.042857438835,11479.74903303134,48060.79189047017,1,6000.0,6000.0,HiGHS LP
0.45,2025-03-28,28452.568996682345,939.1606025497583,15529.848832565433,14334.483619767678,3417.1051182800834,17751.58873804776,1,6000.0,6000.0,HiGHS LP
0.45,2025-03-29,29204.0850667833,580.7076635623466,19037.583547012313,14782.05026800885,2368.3094534202287,17150.35972142908,1,6000.0,6000.0,HiGHS LP
0.45,2025-03-30,58952.420626963256,2065.2698015292312,1707.8357168253265,35140.070725672034,8540.224157667693,43680.294883339724,1,6000.0,6000.0,HiGHS LP
0.45,2025-03-31,60662.939000866485,2997.5956769656236,2639.6881805525745,36100.041882351725,11904.33054469269,48004.372427044415,1,6000.0,6000.0,HiGHS LP
0.45,2025-04-01,59029.35757812013,6136.53856845054,961.1536304344218,35082.77895951798,20542.918403170006,55625.697362687984,1,6000.0,6000.0,HiGHS LP
0.45,2025-04-02,58620.63563521752,7075.337625029248,1299.0987081991188,34953.12356235729,27444.353586391044,62397.47714874833,1,6000.0,6000.0,HiGHS LP
0.45,2025-04-03,59117.476344120994,2335.786911645134,1586.2480214226862,35114.23564761423,10266.365894748375,45380.60154236261,1,6000.0,6000.0,HiGHS LP
0.45,2025-04-04,27328.70718633128,957.3222028055054,18815.227139136783,13484.0170626489,3732.212033245492,17216.229095894392,1,6000.0,6000.0,HiGHS LP
0.45,2025-04-05,27371.317319340815,3385.1530427567877,15672.355378764269,13516.414063514108,13801.84069081717,27318.254754331276,1,6000.0,6000.0,HiGHS LP
0.45,2025-04-06,55984.25075825466,3253.5786366818074,848.7853069947981,33415.12019727893,11616.534877661772,45031.6550749407,1,6000.0,6000.0,HiGHS LP
0.45,2025-04-07,56899.74411349077,3000.721215638319,2642.433522883751,33892.330640278306,10163.597008978973,44055.92764925728,1,6000.0,6000.0,HiGHS LP
0.45,2025-04-08,57700.13282349068,2404.2182030307818,1803.2754887619344,34413.82200965978,10468.577667817986,44882.39967747776,1,6000.0,6000.0,HiGHS LP
0.45,2025-04-09,58443.98691211357,5582.985512083036,940.4483058022666,34935.63027626804,19972.624857070987,54908.25513333903,1,6000.0,6000.0,HiGHS LP
0.45,2025-04-10,57924.52913497034,2460.1731075487687,1973.0880057053882,34578.00860849847,10459.708555265004,45037.717163763475,1,6000.0,6000.0,HiGHS LP
0.45,2025-04-11,27034.36679011258,1069.4122822770887,19747.128905723006,13279.569690506896,4024.3953139437162,17303.965004450612,1,6000.0,6000.0,HiGHS LP
0.45,2025-04-12,27533.24722621907,1661.24454766731,17129.33122388638,13609.139309525406,6880.129703240169,20489.269012765573,1,6000.0,6000.0,HiGHS LP
0.45,2025-04-13,55023.98053909589,4374.815371479275,1213.522147189588,32852.38597843972,16827.84941594831,49680.23539438803,1,6000.0,6000.0,HiGHS LP
0.45,2025-04-14,54065.080634639104,3424.8462242598425,1084.3352529386225,32229.09529378207,12236.928756619414,44466.02405040148,1,6000.0,6000.0,HiGHS LP
0.45,2025-04-15,54057.55005675096,3083.354905405114,3126.005569442824,32234.5194620641,13508.590751364754,45743.11021342885,1,6000.0,6000.0,HiGHS LP
0.45,2025-04-16,53903.65794842144,6058.074392949269,361.5306805746304,32229.685842659266,21518.319795974665,53748.00563863393,1,6000.0,6000.0,HiGHS LP
0.45,2025-04-17,55857.729034619115,2517.502175566404,1588.1171992467323,33358.8824048219,10148.441754702246,43507.32415952415,1,6000.0,6000.0,HiGHS LP
0.45,2025-04-18,26184.637017302884,1388.8449171785878,18179.36475114814,12662.80404215722,5172.14745002107,17834.95149217829,1,6000.0,6000.0,HiGHS LP
0.45,2025-04-19,26760.052534604634,779.7030371847254,17715.076321789362,13087.356555427585,2622.9707790095154,15710.327334437101,1,6000.0,6000.0,HiGHS LP
0.45,2025-04-20,55560.184065110916,2191.862473426071,1941.327282541427,33096.74203335546,8816.35196323919,41913.09399659465,1,6000.0,6000.0,HiGHS LP
0.45,2025-04-21,56448.83794916776,843.2855815350791,4860.693888569642,33526.668022766484,2553.257160187304,36079.92518295379,1,6000.0,6000.0,HiGHS LP
0.45,2025-04-22,53112.40666246022,3920.8510459461368,1142.7615184054648,31708.691367896005,14021.589590405974,45730.28095830198,1,6000.0,6000.0,HiGHS LP
0.45,2025-04-23,56924.053958720644,1922.31783080955,3564.1970709284433,33861.7987662894,6015.3989098645325,39877.19767615393,1,6000.0,6000.0,HiGHS LP
0.45,2025-04-24,54780.08399797739,836.9498547916656,4759.639845637727,32565.912795362834,3145.7149529844282,35711.627748347266,1,6000.0,6000.0,HiGHS LP
0.45,2025-04-25,25900.510517655242,681.3089108844005,21541.46177853964,12522.098792162877,2648.6258164038713,15170.724608566748,1,6000.0,6000.0,HiGHS LP
0.45,2025-04-26,25385.955941236905,2525.558873868041,24798.061782858615,12102.676344704916,10597.726966871369,22700.403311576287,1,6000.0,6000.0,HiGHS LP
0.45,2025-04-27,51510.075121972324,3332.739731123692,2704.3967222372376,30613.312647696606,14245.129341383034,44858.44198907964,1,6000.0,6000.0,HiGHS LP
0.45,2025-04-28,53301.47442681439,7981.720462056961,1013.9156788012874,31863.998390306064,30314.514026188743,62178.51241649481,1,6000.0,6000.0,HiGHS LP
0.45,2025-04-29,54354.1461267224,1239.6426002296407,4440.564468058362,32344.655740686612,4833.795171065003,37178.45091175161,1,6000.0,6000.0,HiGHS LP
0.45,2025-04-30,51292.5244931336,3143.3479758839494,2620.9873715897747,30549.03237418887,10444.91268906261,40993.94506325148,1,6000.0,6000.0,HiGHS LP
0.45,2025-05-01,52552.87714990924,4564.306312909717,2543.494140535511,31565.579431873946,20883.81352519623,52449.39295707017,1,6000.0,6000.0,HiGHS LP
0.45,2025-05-02,26930.73151762913,5698.840362737921,15299.251797033718,13375.500057125728,24522.589250617566,37898.08930774329,1,6000.0,6000.0,HiGHS LP
0.45,2025-05-03,27994.905806668277,2611.860658688381,18699.594815356657,14181.103699866642,11578.958312393022,25760.062012259667,1,6000.0,6000.0,HiGHS LP
0.45,2025-05-04,54664.574511891056,3324.0847062502658,2686.9661449646146,33353.597982903426,11386.30430247073,44739.902285374155,1,6000.0,6000.0,HiGHS LP
0.45,2025-05-05,52701.46292864383,6729.587970575552,930.6865896191485,32275.24419897791,29562.290939221723,61837.53513819963,1,6000.0,6000.0,HiGHS LP
0.45,2025-05-06,54846.96615573038,3955.12276719316,2423.8080764979695,33535.48248886456,17102.353159090093,50637.83564795465,1,6000.0,6000.0,HiGHS LP
0.45,2025-05-07,55962.63308315488,3881.8118696149304,1248.6563244501745,34214.629996508986,17157.807221112937,51372.43721762192,1,6000.0,6000.0,HiGHS LP
0.45,2025-05-08,54932.82734366201,5654.48559148382,1210.5470575766417,33666.75573892781,21710.18278825586,55376.938527183665,1,6000.0,6000.0,HiGHS LP
0.45,2025-05-09,27911.994287933776,1234.4342096086573,17607.042647542436,14416.948636822788,4986.71569661857,19403.66433344136,1,6000.0,6000.0,HiGHS LP
0.45,2025-05-10,26208.244451155544,4386.620137248196,15433.819305070405,12971.712369920286,18642.69893854265,31614.411308462935,1,6000.0,6000.0,HiGHS LP
0.45,2025-05-11,57122.78673442785,3736.2309579731573,1778.7352844249954,34994.362564705385,14729.726763506987,49724.08932821237,1,6000.0,6000.0,HiGHS LP
0.45,2025-05-12,57785.95303128022,2399.9699655979375,4646.725841777341,35449.758267812125,7081.843972487117,42531.60224029924,1,6000.0,6000.0,HiGHS LP
0.45,2025-05-13,52506.632070722124,4695.8752333412285,713.674602260957,32045.50302239459,20298.50262200175,52344.00564439634,1,6000.0,6000.0,HiGHS LP
0.45,2025-05-14,53994.108097805256,3666.4931172782562,1217.622506615313,32793.439612052476,14572.558201499654,47365.99781355213,1,6000.0,6000.0,HiGHS LP
0.45,2025-05-15,55221.42030260672,3170.72136653359,2177.3834908114986,33779.62414816223,12616.771147337637,46396.39529549987,1,6000.0,6000.0,HiGHS LP
0.45,2025-05-16,27680.16925004079,815.8807245996636,22740.54344130712,14297.808725573665,2674.2746741679275,16972.08339974159,1,6000.0,6000.0,HiGHS LP
0.45,2025-05-17,27576.168866644784,3171.7226293790873,17259.092412690534,14175.963320422848,13529.208159928581,27705.17148035143,1,6000.0,6000.0,HiGHS LP
0.45,2025-05-18,55684.2992102517,3545.2057486479644,2169.800547163105,34120.68575985121,12263.628254864554,46384.31401471576,1,6000.0,6000.0,HiGHS LP
0.45,2025-05-19,54870.10549193474,1705.2984336250522,5696.573339869178,33295.32070250588,7847.836517972389,41143.15722047827,1,6000.0,6000.0,HiGHS LP
0.45,2025-05-20,54538.565777336684,4310.60531103581,934.7395452724434,33203.636154210064,16789.25853469189,49992.89468890196,1,6000.0,6000.0,HiGHS LP
0.45,2025-05-21,54031.18793257201,3903.4102384956814,3231.830476848382,32896.7015970343,16433.479460249506,49330.1810572838,1,6000.0,6000.0,HiGHS LP
0.45,2025-05-22,55071.96428182177,1521.2413228612033,2396.0645442219875,33614.65817890939,6303.067468813356,39917.72564772275,1,6000.0,6000.0,HiGHS LP
0.45,2025-05-23,26406.50948413606,2250.130050827368,19195.690651630095,13293.733249793819,8926.241428128615,22219.974677922433,1,6000.0,6000.0,HiGHS LP
0.45,2025-05-24,26667.63322855188,1117.7561172041278,20990.887962422676,13410.155034236363,4360.684045711897,17770.83907994826,1,6000.0,6000.0,HiGHS LP
0.45,2025-05-25,53044.55073513773,2023.3652748813622,3211.3717941969526,32193.100049381683,8760.16286723593,40953.26291661761,1,6000.0,6000.0,HiGHS LP
0.45,2025-05-26,52274.20437256151,6535.382077222026,983.4185336828531,31789.95536816833,26285.489279096386,58075.44464726471,1,6000.0,6000.0,HiGHS LP
0.45,2025-05-27,53841.93516787655,2159.667497682155,3240.8238121679565,32824.23588082615,8870.028545222074,41694.26442604822,1,6000.0,6000.0,HiGHS LP
0.45,2025-05-28,54599.799345366424,4403.409232949422,3355.3116869408414,33142.4217189963,16696.942850321455,49839.36456931775,1,6000.0,6000.0,HiGHS LP
0.45,2025-05-29,54484.43303081022,4636.498942212243,1596.2581531780315,33129.62077126111,19426.558003021706,52556.17877428282,1,6000.0,6000.0,HiGHS LP
0.45,2025-05-30,26411.10121510178,2483.94076312194,19258.808711557056,13362.463086833779,9737.676300900115,23100.139387733892,1,6000.0,6000.0,HiGHS LP
0.45,2025-05-31,26716.103756435994,2122.3764832052602,17409.298689641255,13425.700894485712,8343.506732274347,21769.207626760057,1,6000.0,6000.0,HiGHS LP
0.45,2025-06-01,58958.42137021427,16142.701851352685,232.09499053566876,35836.2300048161,62058.79716495382,97895.02716976992,1,6000.0,6000.0,HiGHS LP
0.45,2025-06-02,64181.007464751136,9416.489747493793,1333.3493660518648,40376.29036591081,36823.18981524892,77199.48018115974,1,6000.0,6000.0,HiGHS LP
0.45,2025-06-03,67318.0925846051,5414.6052194797285,820.8277781274877,41855.001785555985,21991.010673572968,63846.01245912895,1,6000.0,6000.0,HiGHS LP
0.45,2025-06-04,70677.4952931766,4629.7930898912455,1739.1394983509317,43790.48142179959,14881.450656668783,58671.93207846837,1,6000.0,6000.0,HiGHS LP
0.45,2025-06-05,71249.91716765154,5264.14733926331,1479.212273405795,44213.57501007087,19769.006824250137,63982.581834321005,1,6000.0,6000.0,HiGHS LP
0.45,2025-06-06,34370.6077808307,6526.898817668456,7002.51119849915,19573.057582622467,24899.038202790653,44472.09578541312,1,6000.0,6000.0,HiGHS LP
0.45,2025-06-07,34562.43885061478,3167.4668842866763,3563.392568234791,19415.610873344398,11496.285635500317,30911.896508844715,1,6000.0,6000.0,HiGHS LP
0.45,2025-06-08,81585.3532194346,289.8008832747188,12360.180507550009,50941.22495447191,1093.0783469714136,52034.303301443324,1,6000.0,6000.0,HiGHS LP
0.45,2025-06-09,72950.84891280193,4108.468901712924,2145.8259540988893,44820.45962020375,16644.430667490728,61464.89028769448,1,6000.0,6000.0,HiGHS LP
0.45,2025-06-10,74807.22425592534,3068.052543765514,2088.9340275780874,45843.259955047666,11991.393148442123,57834.65310348979,1,6000.0,6000.0,HiGHS LP
0.45,2025-06-11,75034.95203735837,6176.1529213646145,871.4352189475837,45945.55925544657,26533.798715618555,72479.35797106512,1,6000.0,6000.0,HiGHS LP
0.45,2025-06-12,78773.02748958344,1690.4683536102964,3714.357357086497,48944.29059214719,6363.863470025455,55308.154062172645,1,6000.0,6000.0,HiGHS LP
0.45,2025-06-13,33601.230427613395,2093.5743382873284,4309.49106590072,18940.388858385028,7891.766403072328,26832.155261457356,1,6000.0,6000.0,HiGHS LP
0.45,2025-06-14,34402.825426112235,1868.7760807418144,7038.258756854047,19335.676875330893,5980.434821232089,25316.111696562984,1,6000.0,6000.0,HiGHS LP
0.45,2025-06-15,74178.76274779804,3108.6982387544012,2476.200887841316,45616.26471719034,11888.19785639721,57504.462573587545,1,6000.0,6000.0,HiGHS LP
0.45,2025-06-16,75258.51027948654,3259.4295262526657,1576.9022357207032,46065.99902999654,12948.490420722674,59014.489450719215,1,6000.0,6000.0,HiGHS LP
0.45,2025-06-17,76283.96206515131,4557.918009307149,1944.382881096916,46810.09024960768,18484.792286489304,65294.882536096986,1,6000.0,6000.0,HiGHS LP
0.45,2025-06-18,76998.4611237619,1926.0113528699235,3705.5336119045637,47335.565701091036,7465.199841291129,54800.76554238216,1,6000.0,6000.0,HiGHS LP
0.45,2025-06-19,75061.67134335621,1833.7594612069493,4381.686186340933,46215.6417689527,7457.201283959303,53672.843052912,1,6000.0,6000.0,HiGHS LP
0.45,2025-06-20,34191.29396891591,636.0207296984562,9386.733848614362,19417.52972097652,2192.81920057727,21610.34892155379,1,6000.0,6000.0,HiGHS LP
0.45,2025-06-21,34141.765748180056,806.3530662035544,12573.378414383604,19250.039796266065,3000.090631457527,22250.13042772359,1,6000.0,6000.0,HiGHS LP
0.45,2025-06-22,72949.52920426406,2536.6787150652153,3832.5737177077413,44412.548964196285,10132.744045240715,54545.293009437,1,6000.0,6000.0,HiGHS LP
0.45,2025-06-23,74483.58298950062,1499.6489014756557,4651.597942870736,45629.25156111347,6762.073902493541,52391.32546360701,1,6000.0,6000.0,HiGHS LP
0.45,2025-06-24,69539.12742164994,11075.084436196525,273.81410581670514,42281.11208507362,44327.9107890041,86609.02287407772,1,6000.0,6000.0,HiGHS LP
0.45,2025-06-25,77389.90203036285,1989.2599201466708,4616.846797112494,47715.50723830203,7458.935676884289,55174.44291518632,1,6000.0,6000.0,HiGHS LP
0.45,2025-06-26,74716.5123650271,2213.7405815270768,5069.954543190475,45691.07027311001,9595.80632476273,55286.87659787274,1,6000.0,6000.0,HiGHS LP
0.45,2025-06-27,33160.056939108814,606.5162700374146,10954.927342479563,18559.784913374653,2365.9645326660966,20925.74944604075,1,6000.0,6000.0,HiGHS LP
0.45,2025-06-28,33332.082034198786,887.8301393564211,9402.986056888549,18626.09771362789,2755.411541280757,21381.509254908648,1,6000.0,6000.0,HiGHS LP
0.45,2025-06-29,75054.00729151396,2392.0663024660853,3883.7450508774896,45980.24302863896,8063.888354828052,54044.13138346701,1,6000.0,6000.0,HiGHS LP
0.45,2025-06-30,74856.26012560708,2697.7593363469714,3393.889195774036,45825.42818797418,10188.423954813352,56013.85214278754,1,6000.0,6000.0,HiGHS LP
0.45,2025-07-01,80273.86490537811,6836.7360507668045,3895.3030688841795,49860.78074100924,23605.96995966669,73466.75070067594,1,6000.0,6000.0,HiGHS LP
0.45,2025-07-02,83968.14926796856,2440.7532076504776,9151.614938455674,52966.56761340754,6551.060370980995,59517.627984388535,1,6000.0,6000.0,HiGHS LP
0.45,2025-07-03,82705.37188543536,3872.9802400094018,2509.702545514779,52170.36007640202,13171.346163416467,65341.70623981849,1,6000.0,6000.0,HiGHS LP
0.45,2025-07-04,40573.55945099022,2426.766526352991,11079.458510676548,24149.14517164721,7518.08613306597,31667.231304713183,1,6000.0,6000.0,HiGHS LP
0.45,2025-07-05,42271.52175979687,1498.3972987301006,11939.83909186031,25104.312053706934,4643.568193286517,29747.880246993453,1,6000.0,6000.0,HiGHS LP
0.45,2025-07-06,79976.67656822577,5245.4628782731725,1263.0696498132047,50076.56566740312,21447.248308364153,71523.81397576728,1,6000.0,6000.0,HiGHS LP
0.45,2025-07-07,82895.326493177,1172.6690485567897,6395.555865516618,51789.301010469404,3475.3601074546473,55264.66111792405,1,6000.0,6000.0,HiGHS LP
0.45,2025-07-08,84513.29110221256,1266.5510188036724,5972.968194123445,52848.00728426558,5336.6417627834,58184.64904704898,1,6000.0,6000.0,HiGHS LP
0.45,2025-07-09,78402.69208181626,2701.8881359601346,2998.5521255261456,49041.65242320183,10276.350875347154,59318.00329854898,1,6000.0,6000.0,HiGHS LP
0.45,2025-07-10,77783.72747043907,2196.288912904327,3087.7174398064435,48731.037135708175,8190.913563097265,56921.95069880544,1,6000.0,6000.0,HiGHS LP
0.45,2025-07-11,41140.719700193185,3352.7645644359354,8934.707114629115,24030.37757768842,11629.940490503868,35660.31806819229,1,6000.0,6000.0,HiGHS LP
0.45,2025-07-12,41731.78968351078,2003.7021326496522,9611.248482827094,24336.247431414704,7830.050909128127,32166.29834054283,1,6000.0,6000.0,HiGHS LP
0.45,2025-07-13,74911.43397922824,2341.748939387924,4134.1488092851605,46918.71055158992,9920.606004150226,56839.316555740144,1,6000.0,6000.0,HiGHS LP
0.45,2025-07-14,69864.14107847562,6353.157716668895,651.1087186293561,44090.39529175444,25688.99947505815,69779.39476681259,1,6000.0,6000.0,HiGHS LP
0.45,2025-07-15,73579.27978829257,5489.446360110651,2567.7909779008082,46436.969836141245,18982.641335354263,65419.611171495504,1,6000.0,6000.0,HiGHS LP
0.45,2025-07-16,73517.00516353367,5193.191910470769,2699.8203540309114,46205.80780762674,18145.374582659184,64351.182390285925,1,6000.0,6000.0,HiGHS LP
0.45,2025-07-17,73110.63856065925,4733.1524702826855,1340.77674332266,46068.54686121423,19845.747368513414,65914.29422972765,1,6000.0,6000.0,HiGHS LP
0.45,2025-07-18,39825.50440161199,3878.7601441362776,9390.016445748273,23048.29481169493,15088.060426171634,38136.35523786656,1,6000.0,6000.0,HiGHS LP
0.45,2025-07-19,39897.899212075296,2670.6418253479164,12345.721987423216,23110.153516521033,10360.401130382108,33470.55464690314,1,6000.0,6000.0,HiGHS LP
0.45,2025-07-20,73227.01237622606,4387.448779945615,1787.87635244738,46280.997421296095,16149.339361281089,62430.336782577186,1,6000.0,6000.0,HiGHS LP
0.45,2025-07-21,71686.42147033977,6809.5127997929485,760.6852898168987,45184.588955738094,25540.343129553992,70724.9320852921,1,6000.0,6000.0,HiGHS LP
0.45,2025-07-22,75624.11937497335,4132.887974961392,2046.3053896019376,47355.505585803694,16473.529160761253,63829.03474656495,1,6000.0,6000.0,HiGHS LP
0.45,2025-07-23,76067.60070270492,3926.9129024302124,1859.7527520670988,47763.47755623819,15402.834905847558,63166.31246208575,1,6000.0,6000.0,HiGHS LP
0.45,2025-07-24,74691.28715260899,5072.670378901697,2260.4162019843116,46886.047918030075,19547.873853755566,66433.92177178564,1,6000.0,6000.0,HiGHS LP
0.45,2025-07-25,41255.81944094411,801.4884263422539,12511.988300619701,24143.28981175912,3323.3344064718076,27466.62421823093,1,6000.0,6000.0,HiGHS LP
0.45,2025-07-26,41405.05038025782,1980.7575118284662,11876.71632541961,24111.0275072578,6934.655444235479,31045.68295149328,1,6000.0,6000.0,HiGHS LP
0.45,2025-07-27,75915.32569606404,3363.0524803743315,1686.5623420509069,47605.4922236759,14416.671862468667,62022.16408614457,1,6000.0,6000.0,HiGHS LP
0.45,2025-07-28,76642.49831966031,6480.841206763094,1231.4312096532428,48089.534434491965,25188.56077732113,73278.0952118131,1,6000.0,6000.0,HiGHS LP
0.45,2025-07-29,76635.82368459101,5201.40667731884,1815.366991279485,47944.36850958457,19583.14053077973,67527.5090403643,1,6000.0,6000.0,HiGHS LP
0.45,2025-07-30,76584.74319326304,3803.7065125434856,2331.186524980393,47893.410047575766,15841.664025904425,63735.074073480195,1,6000.0,6000.0,HiGHS LP
0.45,2025-07-31,75021.81027454881,4680.014106888315,1070.2557176301286,46997.113567283246,19193.32330740059,66190.43687468383,1,6000.0,6000.0,HiGHS LP
0.45,2025-08-01,40057.31443741494,1191.799354003891,16957.754124752166,23319.14280449397,4152.177380016957,27471.32018451093,1,6000.0,6000.0,HiGHS LP
0.45,2025-08-02,38393.30584168793,1841.424490642285,16267.705398996877,22037.57679902511,7871.609260967903,29909.186059993015,1,6000.0,6000.0,HiGHS LP
0.45,2025-08-03,71310.34277672126,1449.7205881742875,6119.117792783738,45103.61096246827,5811.682017974058,50915.29298044233,1,6000.0,6000.0,HiGHS LP
0.45,2025-08-04,70105.48398518458,1519.8307435297074,2480.0837574270317,44558.02441814939,5874.266626925921,50432.29104507531,1,6000.0,6000.0,HiGHS LP
0.45,2025-08-05,69448.48082522747,2166.153760494428,2753.0978268708113,44192.34687303301,8381.412603358098,52573.75947639111,1,6000.0,6000.0,HiGHS LP
0.45,2025-08-06,66630.50162061371,6351.61583544857,1258.0210872663372,42512.50595144233,25491.258401897834,68003.76435334016,1,6000.0,6000.0,HiGHS LP
0.45,2025-08-07,73111.823990356,755.5532946524297,6724.3385563823485,46422.59511433156,2577.611689129793,49000.206803461355,1,6000.0,6000.0,HiGHS LP
0.45,2025-08-08,38528.45729068048,1257.7484280384901,20971.03446871897,22217.07567203726,5179.0172342104925,27396.09290624775,1,6000.0,6000.0,HiGHS LP
0.45,2025-08-09,37688.58958117741,3111.860448552874,18838.521029730284,21563.810799569554,12355.737922967277,33919.54872253683,1,6000.0,6000.0,HiGHS LP
0.45,2025-08-10,65129.83667795599,4986.305087201426,1232.2905712322222,41708.86308011995,18711.648295365718,60420.511375485665,1,6000.0,6000.0,HiGHS LP
0.45,2025-08-11,68978.19195298158,2598.7864230705354,3329.8773314272657,43940.44848602053,10420.90650896537,54361.3549949859,1,6000.0,6000.0,HiGHS LP
0.45,2025-08-12,67184.43866495052,5543.202961167168,1327.3458829611482,42957.86616705137,22802.368258033217,65760.23442508458,1,6000.0,6000.0,HiGHS LP
0.45,2025-08-13,67629.37832601399,3896.290742900541,1746.6744423652885,42824.2349779738,15490.154648018739,58314.38962599254,1,6000.0,6000.0,HiGHS LP
0.45,2025-08-14,66062.30795342986,4861.101404313303,1361.9519448556762,42210.44355366355,20359.06747652267,62569.511030186215,1,6000.0,6000.0,HiGHS LP
0.45,2025-08-15,39056.13574275926,1498.0637398320857,20354.472599258013,22670.579673995933,5288.417872494354,27958.99754649029,1,6000.0,6000.0,HiGHS LP
0.45,2025-08-16,39990.66534977603,1168.765968769347,21190.150951878713,23269.103569049596,5300.8812520158335,28569.98482106543,1,6000.0,6000.0,HiGHS LP
0.45,2025-08-17,63845.765878678474,4609.7446512735605,1757.825806323043,40854.18496136756,18851.501811542395,59705.686772909954,1,6000.0,6000.0,HiGHS LP
0.45,2025-08-18,66074.37735941232,3991.3734838575297,2038.3626110342407,42453.24863419453,18140.918604423423,60594.167238617956,1,6000.0,6000.0,HiGHS LP
0.45,2025-08-19,63936.41515025725,4726.070741811785,746.6897851822303,41030.2441596383,18167.649249051483,59197.89340868978,1,6000.0,6000.0,HiGHS LP
0.45,2025-08-20,66251.4206210893,9180.89113729345,1125.4106547572305,42505.61564104071,37340.48370438484,79846.09934542555,1,6000.0,6000.0,HiGHS LP
0.45,2025-08-21,68712.94251962502,3212.899616724098,2300.7256231193846,43749.98578301831,12694.293575415963,56444.27935843427,1,6000.0,6000.0,HiGHS LP
0.45,2025-08-22,39757.06515632426,3636.1554162536086,19122.65117257786,23133.50615569357,15054.284683207301,38187.790838900866,1,6000.0,6000.0,HiGHS LP
0.45,2025-08-23,38864.548549234576,2373.7243904564166,15668.266789690997,22467.04876644004,9845.668479327021,32312.71724576706,1,6000.0,6000.0,HiGHS LP
0.45,2025-08-24,65834.60484302483,4637.653944957173,3115.558892344466,41856.39866467349,20261.37869107161,62117.7773557451,1,6000.0,6000.0,HiGHS LP
0.45,2025-08-25,65805.7821916565,9424.222958581187,818.6095060734192,42130.85302023229,37088.33161972811,79219.1846399604,1,6000.0,6000.0,HiGHS LP
0.45,2025-08-26,67112.76624719992,3909.2021774351733,1800.879175679913,42449.86946271835,16862.27993726362,59312.149399981965,1,6000.0,6000.0,HiGHS LP
0.45,2025-08-27,65048.00414424116,7154.354956230257,660.6501342356955,41433.04927817489,30737.70005967711,72170.749337852,1,6000.0,6000.0,HiGHS LP
0.45,2025-08-28,67982.5126844423,7683.001240372501,1162.66176225649,43061.815315678046,30410.422903110026,73472.23821878807,1,6000.0,6000.0,HiGHS LP
0.45,2025-08-29,37091.35021207359,4012.898612567995,15509.028474641582,21306.81239405721,16444.04325044254,37750.85564449975,1,6000.0,6000.0,HiGHS LP
0.45,2025-08-30,38022.0087507416,3818.5648395243534,20287.853756932625,21986.106067960143,15028.831123736813,37014.937191696954,1,6000.0,6000.0,HiGHS LP
0.45,2025-08-31,67644.73856080903,4508.689707754691,1796.4042712384803,43184.48407188388,17322.120378993954,60506.604450877836,1,6000.0,6000.0,HiGHS LP
0.45,2025-09-01,62867.538279516186,2143.5656060052065,7872.813290345066,40180.89832229574,7493.103198221036,47674.00152051677,1,6000.0,6000.0,HiGHS LP
0.45,2025-09-02,52483.39294085099,6458.196020039161,1482.593652649151,32956.34295213454,26656.474869727925,59612.81782186247,1,6000.0,6000.0,HiGHS LP
0.45,2025-09-03,54505.34101231689,6092.67759293794,1489.8936720673578,34279.88714576488,23015.596640303826,57295.483786068704,1,6000.0,6000.0,HiGHS LP
0.45,2025-09-04,54208.66457969356,5377.021308477697,2100.8186384221963,34024.17987552303,22049.953600204266,56074.13347572729,1,6000.0,6000.0,HiGHS LP
0.45,2025-09-05,31470.717169157862,747.0304142270754,22353.485916718277,17247.85908904673,2757.6168663761673,20005.4759554229,1,6000.0,6000.0,HiGHS LP
0.45,2025-09-06,32769.79572669974,707.3975895148723,22716.109616214613,18148.558480166546,2780.3204103144258,20928.878890480973,1,6000.0,6000.0,HiGHS LP
0.45,2025-09-07,54368.6869279996,5067.573511761735,839.5759622873728,34063.01260928199,19759.70234211503,53822.71495139702,1,6000.0,6000.0,HiGHS LP
0.45,2025-09-08,47689.66751620246,15813.058529684107,553.2477500000002,29191.1259566698,61033.12109858173,90224.24705525153,1,6000.0,6000.0,HiGHS LP
0.45,2025-09-09,57392.97598433264,3274.370800454157,3840.8440119151037,35612.756808676626,12973.919952965345,48586.67676164197,1,6000.0,6000.0,HiGHS LP
0.45,2025-09-10,56250.741330122204,9192.996377701395,410.4327083492552,35111.256042480745,38640.28594786342,73751.54199034417,1,6000.0,6000.0,HiGHS LP
0.45,2025-09-11,58251.465998509426,3064.756986818814,3949.4453592548552,35902.90012600933,12722.631267801991,48625.53139381132,1,6000.0,6000.0,HiGHS LP
0.45,2025-09-12,30199.340692201433,2288.108087668707,17895.792579870144,16262.021090660128,8137.637988718729,24399.659079378856,1,6000.0,6000.0,HiGHS LP
0.45,2025-09-13,30242.963055420354,1837.5297601490588,21033.39133223608,16258.7546632879,6873.635114558921,23132.38977784682,1,6000.0,6000.0,HiGHS LP
0.45,2025-09-14,57166.01028853131,7300.211500318664,388.17055646725464,35525.442842016186,28117.201488496572,63642.64433051276,1,6000.0,6000.0,HiGHS LP
0.45,2025-09-15,61701.17057912138,1729.2565528570453,4379.938751809628,38282.388190469006,6623.688493153751,44906.076683622756,1,6000.0,6000.0,HiGHS LP
0.45,2025-09-16,59405.845926880094,5098.88282410586,934.3268089373317,36932.69830000354,16671.394260459812,53604.09256046335,1,6000.0,6000.0,HiGHS LP
0.45,2025-09-17,64134.24362647446,3059.85344297324,3136.933199703944,40047.70228840124,12745.114078403738,52792.81636680498,1,6000.0,6000.0,HiGHS LP
0.45,2025-09-18,61712.459816486225,3259.411657883905,1940.4730355793808,38402.6417369057,13995.181177505858,52397.82291441156,1,6000.0,6000.0,HiGHS LP
0.45,2025-09-19,31681.258570287842,1819.2658810520436,14359.172134673216,17295.252307758128,5839.946762261163,23135.19907001929,1,6000.0,6000.0,HiGHS LP
0.45,2025-09-20,32729.310068361534,1591.0838306983883,15634.960165726592,18014.327002097387,6053.705156777196,24068.032158874583,1,6000.0,6000.0,HiGHS LP
0.45,2025-09-21,63061.75254904054,2773.537727723048,3472.4277714351915,39155.34947707075,9395.835603315903,48551.185080386655,1,6000.0,6000.0,HiGHS LP
0.45,2025-09-22,61271.7111454531,4056.797604905106,650.205100681184,37999.139562229604,13991.785463286928,51990.92502551653,1,6000.0,6000.0,HiGHS LP
0.45,2025-09-23,62716.74760343649,4290.755952303047,823.8649592796312,38933.600643755875,18253.010772882968,57186.61141663884,1,6000.0,6000.0,HiGHS LP
0.45,2025-09-24,61541.43801383927,4385.058820155889,795.487604734803,38089.54989286362,15418.893293865123,53508.44318672875,1,6000.0,6000.0,HiGHS LP
0.45,2025-09-25,63927.15694718206,2422.3940415890675,1944.9391943600021,39779.06332213926,8393.843016374238,48172.9063385135,1,6000.0,6000.0,HiGHS LP
0.45,2025-09-26,33790.393722026805,751.072253366114,13807.222475392926,18776.856379683835,2539.8344117579495,21316.690791441786,1,6000.0,6000.0,HiGHS LP
0.45,2025-09-27,32639.728815419527,3890.735006857488,15689.161572277011,17863.01119174215,15019.374815862971,32882.38600760512,1,6000.0,6000.0,HiGHS LP
0.45,2025-09-28,65495.35041086956,3410.0922778547415,1332.4776624530941,40675.89530997646,13722.884815648742,54398.780125625206,1,6000.0,6000.0,HiGHS LP
0.45,2025-09-29,66382.35102066981,2210.1614297113815,1742.9636720101976,41285.16130279486,8683.89009214846,49969.05139494332,1,6000.0,6000.0,HiGHS LP
0.45,2025-09-30,67925.13144235575,3370.377374513159,1777.6723173941932,42341.14793313861,14483.088240041492,56824.2361731801,1,6000.0,6000.0,HiGHS LP
0.45,2025-10-01,67337.1400294324,238.2073845628446,13813.45069245877,41841.87229587527,580.5842121255824,42422.456508000854,1,6000.0,6000.0,HiGHS LP
0.45,2025-10-02,64600.53077968746,747.6748701705022,9542.760502784082,39772.40156553835,1724.7949575853718,41497.19652312372,1,6000.0,6000.0,HiGHS LP
0.45,2025-10-03,30295.678286390725,787.7812358705628,20226.30582226128,16043.630240575529,2116.4463054186726,18160.0765459942,1,6000.0,6000.0,HiGHS LP
0.45,2025-10-04,30694.97013007665,1375.2935728625896,15934.281269605905,16245.596687233798,4336.310784141966,20581.907471375765,1,6000.0,6000.0,HiGHS LP
0.45,2025-10-05,63767.174484983436,687.8576386276494,5639.869212660036,39204.80617769851,1530.6288250914129,40735.43500278993,1,6000.0,6000.0,HiGHS LP
0.45,2025-10-06,63990.66375375048,729.9517449188927,2914.5415975391143,39325.44965541597,2159.2746863937145,41484.724341809684,1,6000.0,6000.0,HiGHS LP
0.45,2025-10-07,63357.3014908482,959.0519419787879,2471.918707700877,38828.91675313702,3393.879756854709,42222.79650999173,1,6000.0,6000.0,HiGHS LP
0.45,2025-10-08,63832.6309070234,1016.5805679424054,4293.083725945778,38584.53358915024,3758.545044855726,42343.078634005964,1,6000.0,6000.0,HiGHS LP
0.45,2025-10-09,61763.49986987733,1310.280858985019,3252.0123649151274,37293.53574456967,5796.7952661335985,43090.331010703274,1,6000.0,6000.0,HiGHS LP
0.45,2025-10-10,30873.30812369928,787.4562766224099,19277.15348365502,15869.114021257556,2872.75879797345,18741.872819231005,1,6000.0,6000.0,HiGHS LP
0.45,2025-10-11,31419.826443201782,751.3234576146516,15024.8363174831,16079.181679938949,3372.61941515723,19451.80109509618,1,6000.0,6000.0,HiGHS LP
0.45,2025-10-12,61229.18035076071,2919.684858574239,1573.7056759206407,37072.99628949235,11478.500131044388,48551.49642053674,1,6000.0,6000.0,HiGHS LP
0.45,2025-10-13,61085.120385355025,2019.8286083743888,2018.8899600054676,37059.437450905294,8409.202924875106,45468.6403757804,1,6000.0,6000.0,HiGHS LP
0.45,2025-10-14,60890.657358210985,4364.531928219758,423.26545670938447,36911.36932409025,18452.081172911567,55363.45049700182,1,6000.0,6000.0,HiGHS LP
0.45,2025-10-15,61851.70907487378,4531.191081883841,402.6574749121105,37595.082114163386,17743.352935449795,55338.43504961318,1,6000.0,6000.0,HiGHS LP
0.45,2025-10-16,62618.11858578904,5094.201206363201,681.8412186706787,38142.2270765003,21578.570476887537,59720.797553387834,1,6000.0,6000.0,HiGHS LP
0.45,2025-10-17,31606.40555725579,1804.6788381862953,14319.654738713985,16290.473921090213,7862.242266698158,24152.71618778837,1,6000.0,6000.0,HiGHS LP
0.45,2025-10-18,31253.932056245212,2384.727398642247,14508.246302534462,16103.476262539025,9133.392568197905,25236.86883073693,1,6000.0,6000.0,HiGHS LP
0.45,2025-10-19,63750.386245310496,5004.614946653323,793.4080896709072,38696.80222771346,22050.04900765616,60746.85123536961,1,6000.0,6000.0,HiGHS LP
0.45,2025-10-20,64563.29798713657,4484.129223024019,520.6526760018156,39346.36592289295,19814.5232205072,59160.88914340014,1,6000.0,6000.0,HiGHS LP
0.45,2025-10-21,65046.42725869614,5908.0368992292015,401.1048362641282,39649.44144174073,23043.239821884803,62692.681263625534,1,6000.0,6000.0,HiGHS LP
0.45,2025-10-22,65429.80104925086,4855.557715001489,630.617853022326,39720.273144760096,21033.44563706363,60753.71878182373,1,6000.0,6000.0,HiGHS LP
0.45,2025-10-23,67136.65925558665,2274.6148199937033,1929.152628259385,40974.28914842117,9664.376236662123,50638.665385083295,1,6000.0,6000.0,HiGHS LP
0.45,2025-10-24,31274.83610282393,2235.3759907931158,11968.152242923672,16024.627163371937,9875.669766970854,25900.29693034279,1,6000.0,6000.0,HiGHS LP
0.45,2025-10-25,31927.18185520886,1931.7252612684829,11330.415396536186,16538.714417572046,7806.066604151469,24344.781021723516,1,6000.0,6000.0,HiGHS LP
0.45,2025-10-26,67921.49559578719,1835.4080900371455,1087.6921686391775,41585.77020036532,7207.144676127913,48792.91487649323,1,6000.0,6000.0,HiGHS LP
0.45,2025-10-27,67309.32014539358,3139.4539020841885,2773.9487562203108,41012.67628911734,13351.17315299112,54363.84944210846,1,6000.0,6000.0,HiGHS LP
0.45,2025-10-28,67707.18837590145,3154.1848974914064,753.3310614542445,41400.21078839651,12954.100740396145,54354.31152879265,1,6000.0,6000.0,HiGHS LP
0.45,2025-10-29,68935.37657717394,5225.435939764364,691.3079528234668,42311.31176744714,20973.25490471674,63284.566672163885,1,6000.0,6000.0,HiGHS LP
0.45,2025-10-30,70092.30177683404,1299.2387258363044,2365.5165672523954,43123.727313143005,5241.689577927915,48365.41689107092,1,6000.0,6000.0,HiGHS LP
0.45,2025-10-31,33345.8664866663,2205.1990695853146,8390.67084514622,17504.083004147215,7810.642612225266,25314.72561637248,1,6000.0,6000.0,HiGHS LP
0.45,2025-11-01,33684.36053530153,1105.2862312513485,8961.037547298429,17698.501814142885,3801.876375218895,21500.378189361778,1,6000.0,6000.0,HiGHS LP
0.45,2025-11-02,71254.52465619544,2608.6260185866763,753.5825681616625,43694.65681036995,11172.253326958733,54866.91013732868,1,6000.0,6000.0,HiGHS LP
0.45,2025-11-03,72145.1054640509,3116.105678932371,1383.7016292162662,44400.66532546058,10210.183883505459,54610.849208966036,1,6000.0,6000.0,HiGHS LP
0.45,2025-11-04,74046.84775104176,1359.0082000415835,3381.181973970785,45627.60667667726,5631.377622667601,51258.984299344855,1,6000.0,6000.0,HiGHS LP
0.45,2025-11-05,74573.74104218869,1375.0107285765112,1832.9839444191641,46148.78158289711,4795.904655202367,50944.68623809947,1,6000.0,6000.0,HiGHS LP
0.45,2025-11-06,71886.58607196793,4638.41639829385,789.2450259108106,44072.933784593864,19122.13106005076,63195.06484464463,1,6000.0,6000.0,HiGHS LP
0.45,2025-11-07,33294.08805100169,1379.6969667179078,8055.475675647543,17431.58686381274,5869.166438559148,23300.753302371886,1,6000.0,6000.0,HiGHS LP
0.45,2025-11-08,34288.249064502794,481.0000437037579,7644.553898220771,18058.671411359523,1675.2871455439551,19733.95855690348,1,6000.0,6000.0,HiGHS LP
0.45,2025-11-09,74229.29470055971,2526.8363224686345,989.2270905791022,45718.48133502618,9927.65980579381,55646.14114081999,1,6000.0,6000.0,HiGHS LP
0.45,2025-11-10,75972.57215502017,3081.80664325435,747.4251740009058,47033.30130911566,11463.674793287406,58496.97610240307,1,6000.0,6000.0,HiGHS LP
0.45,2025-11-11,75808.68631592838,1513.738037661138,1316.6970673704077,46863.36737802997,6095.51392924754,52958.88130727751,1,6000.0,6000.0,HiGHS LP
0.45,2025-11-12,77174.5285554301,862.7125832345415,2651.7982178329985,47991.15106910768,3790.6366947900206,51781.78776389769,1,6000.0,6000.0,HiGHS LP
0.45,2025-11-13,76603.49900825667,2092.0460247439823,1868.1171705915972,47652.11412474833,7528.330887303993,55180.445012052325,1,6000.0,6000.0,HiGHS LP
0.45,2025-11-14,34479.192520588746,1447.7306885405817,4949.62288554433,18215.8971428892,4589.4483763907465,22805.345519279945,1,6000.0,6000.0,HiGHS LP
0.45,2025-11-15,34935.874455967016,962.065474446227,4279.992070263714,18469.541559635494,3655.365323713902,22124.906883349395,1,6000.0,6000.0,HiGHS LP
0.45,2025-11-16,77345.64308640044,2756.6509984953523,1255.012035775114,48064.82013374532,10887.061488700889,58951.881622446206,1,6000.0,6000.0,HiGHS LP
0.45,2025-11-17,79636.53313901307,626.824442749372,3146.499799226406,49898.76238856364,2158.2003928314825,52056.96278139512,1,6000.0,6000.0,HiGHS LP
0.45,2025-11-18,76289.63085486248,3708.6983897289538,684.316388476082,47206.13560158228,13547.028607034157,60753.164208616436,1,6000.0,6000.0,HiGHS LP
0.45,2025-11-19,78199.15427943875,2355.4414463481844,778.2521541985416,48712.12321452896,9390.041547004326,58102.16476153329,1,6000.0,6000.0,HiGHS LP
0.45,2025-11-20,79326.9983795477,1829.0478336367248,1943.0383791628433,49708.357172742326,6785.794655569951,56494.15182831228,1,6000.0,6000.0,HiGHS LP
0.45,2025-11-21,35237.92743745944,1088.2433431326194,3993.408002730086,18669.24404608889,3204.841735879615,21874.085781968504,1,6000.0,6000.0,HiGHS LP
0.45,2025-11-22,34765.05236050875,1512.632029697455,2612.2200171694803,18293.233159426214,5372.204859305108,23665.43801873132,1,6000.0,6000.0,HiGHS LP
0.45,2025-11-23,79713.65486328871,2250.1652484588867,2307.313515276597,49841.15394545444,9196.415505964109,59037.569451418545,1,6000.0,6000.0,HiGHS LP
0.45,2025-11-24,80132.07081088812,1367.7173928312657,2927.363638631615,50247.85021289857,5177.258405111005,55425.10861800957,1,6000.0,6000.0,HiGHS LP
0.45,2025-11-25,81116.49568378548,1229.3720617369377,1725.6228019195885,50943.20842692308,4346.98590265108,55290.194329574166,1,6000.0,6000.0,HiGHS LP
0.45,2025-11-26,80052.26027381577,2099.4508788156245,976.7570157482769,50093.966554085,7823.663225729592,57917.62977981459,1,6000.0,6000.0,HiGHS LP
0.45,2025-11-27,81616.35873407204,1139.6464040301328,2516.4057474416186,51354.93390181115,4545.904254102202,55900.83815591335,1,6000.0,6000.0,HiGHS LP
0.45,2025-11-28,34949.82954824307,1814.8792522414292,2363.307392542632,18436.14906083928,6943.421762118443,25379.570822957725,1,6000.0,6000.0,HiGHS LP
0.45,2025-11-29,36460.87787583741,4018.4463742561,1989.9561442924442,19399.745925166608,13522.849369403702,32922.59529457031,1,6000.0,6000.0,HiGHS LP
0.45,2025-11-30,83964.82324332534,2074.583088226901,1155.083705478883,52911.457010870115,7375.713070441277,60287.17008131139,1,6000.0,6000.0,HiGHS LP
0.45,2025-12-01,83052.98633892735,8144.2990486510635,321.3975894833229,52234.0143671386,30202.870535808604,82436.8849029472,1,6000.0,6000.0,HiGHS LP
0.45,2025-12-02,88182.8231856724,6102.3498549234155,929.0297572624894,56301.17281045009,21672.22210388739,77973.39491433748,1,6000.0,6000.0,HiGHS LP
0.45,2025-12-03,88824.65669884426,4107.816792804886,1070.9225540132961,56077.07136071955,14565.133125168397,70642.20448588795,1,6000.0,6000.0,HiGHS LP
0.45,2025-12-04,90409.657090309,2387.542297259396,1307.657304235069,57393.168749772485,9279.65531469681,66672.8240644693,1,6000.0,6000.0,HiGHS LP
0.45,2025-12-05,44702.90739835992,2362.550638424894,1778.4233455044173,23156.76205288357,9866.821795172831,33023.5838480564,1,6000.0,6000.0,HiGHS LP
0.45,2025-12-06,46670.04052783369,2259.6632026201414,1206.7828529542494,24250.86615730489,7678.284198830283,31929.15035613517,1,6000.0,6000.0,HiGHS LP
0.45,2025-12-07,92693.52755947979,1821.154742798673,2122.42296069415,59066.055902485336,7074.364261148166,66140.4201636335,1,6000.0,6000.0,HiGHS LP
0.45,2025-12-08,89900.88502990609,4360.052967852804,1695.3935477588907,56223.29145029343,18372.205755254035,74595.49720554746,1,6000.0,6000.0,HiGHS LP
0.45,2025-12-09,93726.62731559656,1500.6158368243928,3071.6669621827377,59639.16329126674,6993.048593930028,66632.21188519677,1,6000.0,6000.0,HiGHS LP
0.45,2025-12-10,91443.59891687863,2929.1627665520236,1241.8570762955896,57983.08716367734,10535.761950511805,68518.84911418914,1,6000.0,6000.0,HiGHS LP
0.45,2025-12-11,94534.46524558167,553.7034619030452,4325.796063575616,60445.443404296195,1826.6972470244432,62272.14065132064,1,6000.0,6000.0,HiGHS LP
0.45,2025-12-12,44699.81303795919,3806.6509173446234,895.4815791220763,23139.85997648072,13352.26131442903,36492.12129090975,1,6000.0,6000.0,HiGHS LP
0.45,2025-12-13,49766.27761821565,966.6385736893341,2859.2272604877035,25961.382614038004,4150.966157935216,30112.348771973222,1,6000.0,6000.0,HiGHS LP
0.45,2025-12-14,93800.20324193343,1211.9151716184524,1445.4449655889407,59765.039229117145,4847.1915752659925,64612.230804383136,1,6000.0,6000.0,HiGHS LP
0.45,2025-12-15,94320.2542023047,1584.694585469238,1640.497445145379,60167.23924722995,5581.855908310747,65749.0951555407,1,6000.0,6000.0,HiGHS LP
0.45,2025-12-16,93572.88166988405,1880.2730156060147,1255.1253984491057,59515.90617071469,7215.058180673773,66730.96435138847,1,6000.0,6000.0,HiGHS LP
0.45,2025-12-17,95314.45568881785,756.4736371807239,3080.4930835685195,60805.904946266775,2680.798912583885,63486.70385885066,1,6000.0,6000.0,HiGHS LP
0.45,2025-12-18,92979.2012742623,1687.841308629625,2529.9880799473403,59095.657141665535,6529.06005074734,65624.71719241288,1,6000.0,6000.0,HiGHS LP
0.45,2025-12-19,47816.850274899,1369.6526739136343,2216.457061065118,24663.612605628405,5862.80303909088,30526.415644719284,1,6000.0,6000.0,HiGHS LP
0.45,2025-12-20,47879.97850263372,1374.9755548717837,2353.9419639829393,24734.97614429511,5398.328807052899,30133.304951348007,1,6000.0,6000.0,HiGHS LP
0.45,2025-12-21,92501.59095412854,2553.698794382786,1243.8704684422535,58729.41911449301,9500.797382574014,68230.21649706703,1,6000.0,6000.0,HiGHS LP
0.45,2025-12-22,95000.96001862643,1113.1340138072055,2374.6013308110378,60563.68913020397,4268.230949176929,64831.9200793809,1,6000.0,6000.0,HiGHS LP
0.45,2025-12-23,94790.30170456396,613.7661249363808,3349.1362275417887,60404.12465872136,2502.6293482872047,62906.75400700857,1,6000.0,6000.0,HiGHS LP
0.45,2025-12-24,93389.09071137453,1322.7082070727124,2077.492963345928,59449.36442769444,5071.871918708195,64521.236346402635,1,6000.0,6000.0,HiGHS LP
0.45,2025-12-25,92932.88609209628,1479.6028299676045,1819.2075203046434,59169.17274187368,5081.817217057518,64250.9899589312,1,6000.0,6000.0,HiGHS LP
0.45,2025-12-26,46769.851803657424,1741.4670034715368,1503.1962812899874,24162.836314744643,6714.368251142432,30877.204565887077,1,6000.0,6000.0,HiGHS LP
0.45,2025-12-27,48323.30960670472,1123.6421251467204,2036.1494577089466,25016.89621755753,4713.5462627404695,29730.442480298,1,6000.0,6000.0,HiGHS LP
0.45,2025-12-28,92232.07045048803,1687.2770331762265,2328.2829805166175,58552.848209127835,6363.725125989637,64916.57333511747,1,6000.0,6000.0,HiGHS LP
0.45,2025-12-29,92357.09065000259,1518.7544320243592,1585.8518945693677,58592.270636937654,5418.345173733671,64010.61581067133,1,6000.0,6000.0,HiGHS LP
0.45,2025-12-30,94457.01003503015,499.3283418666382,3939.4388954881065,60275.20581316747,2022.4473026156497,62297.65311578312,1,6000.0,6000.0,HiGHS LP
0.45,2025-12-31,91969.20081443392,2534.691785071231,1099.0576196443913,58322.341995930736,9966.636350450677,68288.97834638141,1,6000.0,6000.0,HiGHS LP
0.5,2025-02-01,41682.36198202685,613.8843808562402,4052.1181398480894,21508.610578076605,2624.0935044812018,24132.704082557808,1,6000.0,6000.0,HiGHS LP
0.5,2025-02-02,85176.16435004951,663.5508994157551,2927.4656426320316,53034.56628416848,3093.0214495008395,56127.58773366932,1,6000.0,6000.0,HiGHS LP
0.5,2025-02-03,85289.32080631211,1732.3094909618533,2241.897481103394,53119.05761063056,6646.208184035486,59765.26579466605,1,6000.0,6000.0,HiGHS LP
0.5,2025-02-04,85420.89565761734,2399.084436680026,2070.0980481035435,53238.327571020534,10201.105522423044,63439.43309344358,1,6000.0,6000.0,HiGHS LP
0.5,2025-02-05,80885.78143858968,4706.524045102589,441.1465997509491,49845.4381939926,19350.739694549426,69196.17788854204,1,6000.0,6000.0,HiGHS LP
0.5,2025-02-06,86945.12742436833,834.5853963636024,2877.837484631424,54458.39495922987,3245.1749836047647,57703.569942834634,1,6000.0,6000.0,HiGHS LP
0.5,2025-02-07,37642.440662840774,1696.3278007802187,3828.952664661145,19399.921201838803,7821.139439464023,27221.060641302825,1,6000.0,6000.0,HiGHS LP
0.5,2025-02-08,36372.684505885496,1529.0450496083402,2697.0710875474006,18746.878210016162,6630.342394672092,25377.220604688257,1,6000.0,6000.0,HiGHS LP
0.5,2025-02-09,79437.88654583364,5069.640147653841,542.7023579700523,49161.060127815916,18547.845381130184,67708.9055089461,1,6000.0,6000.0,HiGHS LP
0.5,2025-02-10,83054.04521839845,489.9800916506779,4702.579974254276,51650.35537475056,1742.7337228413676,53393.089097591925,1,6000.0,6000.0,HiGHS LP
0.5,2025-02-11,83346.90476462898,298.5587261881765,3919.394505815504,51982.14781599419,1130.795114347043,53112.94293034123,1,6000.0,6000.0,HiGHS LP
0.5,2025-02-12,78842.25930587787,2176.029108822346,1333.7773225968747,48542.72103577401,9415.449179431707,57958.17021520572,1,6000.0,6000.0,HiGHS LP
0.5,2025-02-13,78726.27587501206,1378.1131078406706,4355.777764421948,48781.86126005273,4466.571687764909,53248.43294781764,1,6000.0,6000.0,HiGHS LP
0.5,2025-02-14,36385.765345849606,1457.848496970455,4469.846178790898,18883.545253205375,3963.008862595559,22846.554115800933,1,6000.0,6000.0,HiGHS LP
0.5,2025-02-15,34793.856544610666,2509.9332390388827,4548.81297260057,17998.03106740886,7666.595242853582,25664.626310262443,1,6000.0,6000.0,HiGHS LP
0.5,2025-02-16,75808.68021983966,4495.675295102275,512.8075312063262,46548.94326328878,16453.74500895525,63002.68827224403,1,6000.0,6000.0,HiGHS LP
0.5,2025-02-17,76026.34679252602,1822.8655462796696,2281.5204683771763,46633.50759857458,6559.669438033848,53193.177036608424,1,6000.0,6000.0,HiGHS LP
0.5,2025-02-18,76949.67592667218,1574.9295324713482,2054.3253450056914,47411.09365441663,5986.162156353657,53397.25581077029,1,6000.0,6000.0,HiGHS LP
0.5,2025-02-19,75146.93059493514,3255.177209508278,1156.5347545927607,46107.20693027591,12709.848696070781,58817.05562634669,1,6000.0,6000.0,HiGHS LP
0.5,2025-02-20,76051.63124230175,1559.3335782934555,2247.5123019016933,46701.1415219206,5913.339128965527,52614.48065088613,1,6000.0,6000.0,HiGHS LP
0.5,2025-02-21,34140.56506540915,1469.8961365959915,6675.527872076938,17644.97799895232,4864.0009465945905,22508.97894554691,1,6000.0,6000.0,HiGHS LP
0.5,2025-02-22,35491.48166595206,1859.035875737239,6079.477274957601,18539.4753308567,6551.82905123205,25091.30438208875,1,6000.0,6000.0,HiGHS LP
0.5,2025-02-23,75519.11600196577,2177.765087803363,1810.4857663755674,46468.874996397295,7029.404143712836,53498.27914011013,1,6000.0,6000.0,HiGHS LP
0.5,2025-02-24,73234.9186700268,1641.6811121878623,2374.8986231876343,44620.514616278684,6694.449178615246,51314.96379489393,1,6000.0,6000.0,HiGHS LP
0.5,2025-02-25,72013.08495956048,1655.468037301292,3559.678297616152,43853.0900080672,5948.528842861884,49801.61885092908,1,6000.0,6000.0,HiGHS LP
0.5,2025-02-26,71421.82538020628,3021.9053129753247,1380.8921006150927,43322.994128395,12076.018908323513,55399.01303671852,1,6000.0,6000.0,HiGHS LP
0.5,2025-02-27,71480.61386357424,2098.6534984136683,2377.733274828756,43488.70782597069,9760.457074152797,53249.16490012349,1,6000.0,6000.0,HiGHS LP
0.5,2025-02-28,32298.224618327877,2321.767880315251,8096.359409158333,16509.139018827707,8570.837517833628,25079.976536661336,1,6000.0,6000.0,HiGHS LP
0.5,2025-03-01,33327.056187098126,1030.119034953539,7442.090474964871,17154.711218765817,4325.267221857994,21479.97844062381,1,6000.0,6000.0,HiGHS LP
0.5,2025-03-02,68238.81315308258,8716.232257270693,464.81447806659855,41652.33937340749,32261.084871833275,73913.42424524076,1,6000.0,6000.0,HiGHS LP
0.5,2025-03-03,70887.9301587783,6620.752885992955,1228.9448023676523,43553.07451264045,25109.437477719468,68662.51199035993,1,6000.0,6000.0,HiGHS LP
0.5,2025-03-04,72333.27882441712,2710.5457030272164,1515.1123701375914,44403.96372657486,8669.46565270509,53073.42937927995,1,6000.0,6000.0,HiGHS LP
0.5,2025-03-05,72455.29838692679,1334.9101301343399,3341.702251430169,44318.62332182827,5190.081042841039,49508.70436466931,1,6000.0,6000.0,HiGHS LP
0.5,2025-03-06,72251.87688932884,1050.7644199297692,3043.5175870574117,44317.885698946346,3665.1034977692943,47982.98919671564,1,6000.0,6000.0,HiGHS LP
0.5,2025-03-07,31712.18378586602,1955.0359682276676,9642.5114788131,16552.57407900046,7258.138728117661,23810.71280711812,1,6000.0,6000.0,HiGHS LP
0.5,2025-03-08,30666.739601142614,1259.8654627052401,9823.46554718118,16129.989909620648,3168.9712305684357,19298.961140189083,1,6000.0,6000.0,HiGHS LP
0.5,2025-03-09,68130.4368193,1822.4862527971336,2445.407673761346,41275.90393057611,7051.046641202685,48326.9505717788,1,6000.0,6000.0,HiGHS LP
0.5,2025-03-10,68336.84172261917,5141.434312064706,1252.454183039643,41443.371417631395,17399.245370975572,58842.61678860697,1,6000.0,6000.0,HiGHS LP
0.5,2025-03-11,69257.52416411998,1520.6455462943063,2657.6531436723817,41949.83307745101,5493.730623467137,47443.563700918145,1,6000.0,6000.0,HiGHS LP
0.5,2025-03-12,66688.80132308626,1684.8694574566307,1800.1139764255931,40084.23275668653,6325.887880032676,46410.120636719206,1,6000.0,6000.0,HiGHS LP
0.5,2025-03-13,67231.63027026353,5664.315502584758,1203.0576518712683,40576.38886095976,20692.517195521817,61268.90605648158,1,6000.0,6000.0,HiGHS LP
0.5,2025-03-14,30115.86539011675,1176.961753341971,12223.401160125388,15595.503778395705,4332.283389768987,19927.787168164694,1,6000.0,6000.0,HiGHS LP
0.5,2025-03-15,29496.003916571142,2577.752542163395,8109.63130873453,15116.06316839355,8950.618028198762,24066.68119659231,1,6000.0,6000.0,HiGHS LP
0.5,2025-03-16,66994.33090842597,2547.8721547811756,2045.208945568579,40465.49437180844,9774.420173775634,50239.91454558408,1,6000.0,6000.0,HiGHS LP
0.5,2025-03-17,66996.99385868935,485.14378082258594,5483.610056343365,40243.64873641769,2105.5314510342287,42349.180187451915,1,6000.0,6000.0,HiGHS LP
0.5,2025-03-18,64195.99537610029,2549.8695397289152,1516.141543076381,38329.8723179138,11577.331257906773,49907.203575820575,1,6000.0,6000.0,HiGHS LP
0.5,2025-03-19,65387.28515508172,1308.3127254200476,3108.754568902184,39142.83679856945,5889.315975337209,45032.15277390666,1,6000.0,6000.0,HiGHS LP
0.5,2025-03-20,63256.931852516616,3755.117860288896,700.7895110226975,37800.2783351696,15213.790129877321,53014.06846504692,1,6000.0,6000.0,HiGHS LP
0.5,2025-03-21,29608.46142075487,768.1283055979736,15303.125209686183,15224.751715144126,2670.423152732553,17895.174867876678,1,6000.0,6000.0,HiGHS LP
0.5,2025-03-22,29311.247469230002,1518.8370500272567,11908.884785923927,14919.862444728271,5533.311005451975,20453.173450180246,1,6000.0,6000.0,HiGHS LP
0.5,2025-03-23,64747.87110659451,1776.8077073792383,3630.2561626986862,38730.02091837299,7196.795222742821,45926.81614111581,1,6000.0,6000.0,HiGHS LP
0.5,2025-03-24,63258.23460941963,1405.8865566663453,2569.142605291042,37827.01023861935,5329.029888806615,43156.040127425964,1,6000.0,6000.0,HiGHS LP
0.5,2025-03-25,64173.38631705016,2854.4702748136015,1972.9584523733192,38400.77039669775,11248.65073952254,49649.42113622029,1,6000.0,6000.0,HiGHS LP
0.5,2025-03-26,62785.028918048716,1022.0534176504923,4118.512160050408,37409.88948164152,4232.756062931001,41642.64554457252,1,6000.0,6000.0,HiGHS LP
0.5,2025-03-27,62092.365932885674,2477.490153745348,1767.8962970275047,37024.70068966319,9955.280824090965,46979.98151375415,1,6000.0,6000.0,HiGHS LP
0.5,2025-03-28,28705.368790544693,816.698491336248,15660.186515214278,14496.754918097304,2954.7084876777853,17451.463405775088,1,6000.0,6000.0,HiGHS LP
0.5,2025-03-29,29453.58491224513,467.4789532436896,19173.854682155485,14947.77296255356,1880.2742705326664,16828.047233086225,1,6000.0,6000.0,HiGHS LP
0.5,2025-03-30,59647.8442605377,1791.2469949087588,2093.1260811343063,35539.71102676047,7373.562026679657,42913.27305344013,1,6000.0,6000.0,HiGHS LP
0.5,2025-03-31,61329.74327070534,2694.225952759377,3000.6209461404505,36518.378388963894,10780.349204205651,47298.72759316955,1,6000.0,6000.0,HiGHS LP
0.5,2025-04-01,59737.80531767847,5641.199056149491,1136.8615386449878,35484.025955003104,18741.76294819374,54225.788903196844,1,6000.0,6000.0,HiGHS LP
0.5,2025-04-02,59366.97071482291,6532.423195259879,1467.3985696037287,35373.13144431227,25331.70778295901,60704.83922727128,1,6000.0,6000.0,HiGHS LP
0.5,2025-04-03,59859.00102476851,1999.613315150824,1952.1444172242554,35528.06271972439,8835.715037480533,44363.77775720492,1,6000.0,6000.0,HiGHS LP
0.5,2025-04-04,27561.89311957467,850.2193022900688,18941.310171864745,13631.184677253535,3324.2442597843337,16955.42893703787,1,6000.0,6000.0,HiGHS LP
0.5,2025-04-05,27614.75774071711,3092.0021087033956,15622.64486608717,13666.007115402896,12606.265142088974,26272.27225749187,1,6000.0,6000.0,HiGHS LP
0.5,2025-04-06,56676.51316676298,2853.937990499391,1135.6865029871424,33791.761113352855,10204.392154319277,43996.15326767213,1,6000.0,6000.0,HiGHS LP
0.5,2025-04-07,57535.77639823094,2659.6221440367653,2990.2536438669504,34278.693823851456,8970.58296016362,43249.27678401508,1,6000.0,6000.0,HiGHS LP
0.5,2025-04-08,58321.795983329255,2104.3116043062905,2137.743364947728,34776.812125793294,9186.142197643443,43962.95432343674,1,6000.0,6000.0,HiGHS LP
0.5,2025-04-09,59149.28958505374,5073.763721980311,1103.8531527242694,35322.948539719175,18068.800640973765,53391.74918069294,1,6000.0,6000.0,HiGHS LP
0.5,2025-04-10,58690.74851135438,2054.1148692706265,2302.429470232675,34994.849978046914,8745.634619014392,43740.48459706131,1,6000.0,6000.0,HiGHS LP
0.5,2025-04-11,27263.151003921754,961.0090465217819,19867.509883776867,13419.495497453372,3664.265531143514,17083.761028596888,1,6000.0,6000.0,HiGHS LP
0.5,2025-04-12,27769.68762984725,1413.633522071316,17118.160601918564,13755.033036275501,5869.8164665086915,19624.849502784193,1,6000.0,6000.0,HiGHS LP
0.5,2025-04-13,55771.83295494246,3824.2572007115605,1383.3490686082,33241.14919344983,14723.708959517347,47964.85815296718,1,6000.0,6000.0,HiGHS LP
0.5,2025-04-14,54806.66401245176,2953.183741431568,1330.9737904699423,32616.279075343125,10528.439570410805,43144.71864575393,1,6000.0,6000.0,HiGHS LP
0.5,2025-04-15,54849.32249527956,2667.539822755904,3476.033421677889,32645.596777197024,11882.382543436604,44527.97932063363,1,6000.0,6000.0,HiGHS LP
0.5,2025-04-16,54711.49697439663,5389.036889898853,473.5215187398982,32652.136708652706,19012.169138451893,51664.305847104595,1,6000.0,6000.0,HiGHS LP
0.5,2025-04-17,56743.40420833757,1996.5990159229157,1921.2220094007753,33835.818711988046,8108.418026469012,41944.23673845706,1,6000.0,6000.0,HiGHS LP
0.5,2025-04-18,26427.52079032648,1145.2571655740885,18178.660772567237,12813.460609280675,4209.754445571578,17023.215054852255,1,6000.0,6000.0,HiGHS LP
0.5,2025-04-19,27010.028570667706,632.4651235662146,17817.814444233918,13237.003443577827,2099.856412109433,15336.85985568726,1,6000.0,6000.0,HiGHS LP
0.5,2025-04-20,56425.65817724206,1797.6979202356438,2387.3665643535733,33564.65852277509,7228.951826383858,40793.610349158946,1,6000.0,6000.0,HiGHS LP
0.5,2025-04-21,57189.56405609731,707.3516990757917,5487.933341328098,33953.730431817356,2129.1280427472025,36082.85847456456,1,6000.0,6000.0,HiGHS LP
0.5,2025-04-22,54019.52185021888,3360.348664782524,1459.1274928747664,32166.03261463788,11909.424260761809,44075.45687539969,1,6000.0,6000.0,HiGHS LP
0.5,2025-04-23,57738.73263770739,1531.001809938566,4018.3296925023515,34342.010119731654,4667.321635831358,39009.33175556301,1,6000.0,6000.0,HiGHS LP
0.5,2025-04-24,55633.24745212111,636.5851027873667,5382.8422269456805,33024.964446477374,2430.104414497292,35455.068860974665,1,6000.0,6000.0,HiGHS LP
0.5,2025-04-25,26143.610462523196,581.2411854730419,21684.49399799624,12670.208581366642,2249.614283010479,14919.822864377122,1,6000.0,6000.0,HiGHS LP
0.5,2025-04-26,25610.51209261023,2201.58089088389,24699.630274028383,12243.400699653012,9239.132499473555,21482.533199126567,1,6000.0,6000.0,HiGHS LP
0.5,2025-04-27,52213.8216945687,2920.642674569255,2969.3395156213833,30983.278516146667,12520.789510089802,43504.06802623647,1,6000.0,6000.0,HiGHS LP
0.5,2025-04-28,54034.451780581,7452.064787310937,1192.328429225453,32266.16241693814,28280.607636822904,60546.77005376104,1,6000.0,6000.0,HiGHS LP
0.5,2025-04-29,55137.59494544467,982.9749776214128,4942.50689085935,32775.47144627282,3954.3729800898873,36729.84442636271,1,6000.0,6000.0,HiGHS LP
0.5,2025-04-30,52081.98894803805,2767.2227150051194,3008.291143138422,30975.392877256563,9226.836259441383,40202.22913669795,1,6000.0,6000.0,HiGHS LP
0.5,2025-05-01,53325.480864509525,4185.109669167546,2913.0717723589933,31984.054551956262,19312.42960064855,51296.48415260481,1,6000.0,6000.0,HiGHS LP
0.5,2025-05-02,27173.475446127217,5388.843160226165,15231.998523020047,13534.3125420974,23053.846637234576,36588.159179331975,1,6000.0,6000.0,HiGHS LP
0.5,2025-05-03,28236.95895868313,2330.5357503481823,18660.32305903131,14346.92237613261,10411.672682752092,24758.595058884704,1,6000.0,6000.0,HiGHS LP
0.5,2025-05-04,55491.87327419485,2953.6067752448266,3114.173885717216,33805.13708191474,10127.71024339267,43932.84732530741,1,6000.0,6000.0,HiGHS LP
0.5,2025-05-05,53625.23145382349,6086.18152340003,1187.5513103081848,32767.819428715495,26886.045559642153,59653.86498835764,1,6000.0,6000.0,HiGHS LP
0.5,2025-05-06,55787.84474551801,3555.6633464243837,2933.1884006569394,34037.304084231175,15442.382746590989,49479.68683082216,1,6000.0,6000.0,HiGHS LP
0.5,2025-05-07,56940.03428773105,3327.860976881914,1639.7308348904824,34739.064770183366,14737.145494939256,49476.21026512262,1,6000.0,6000.0,HiGHS LP
0.5,2025-05-08,55828.080113766584,4992.860628217211,1412.3108412073066,34153.775253610555,19070.940173116338,53224.71542672689,1,6000.0,6000.0,HiGHS LP
0.5,2025-05-09,28174.416303891478,1014.1086365504564,17649.139090441935,14595.951448102353,4114.527793138473,18710.479241240824,1,6000.0,6000.0,HiGHS LP
0.5,2025-05-10,26476.231194661057,4006.755050347847,15321.940961675562,13149.161469101822,16993.884198442225,30143.045667544047,1,6000.0,6000.0,HiGHS LP
0.5,2025-05-11,58098.32550776063,3189.132666810648,2178.092069229967,35541.837381660924,12706.02570692823,48247.863088589154,1,6000.0,6000.0,HiGHS LP
0.5,2025-05-12,58731.802265748025,2056.9487914251877,5217.363457252712,35974.34134015632,5985.114482031129,41959.455822187454,1,6000.0,6000.0,HiGHS LP
0.5,2025-05-13,53480.17092638974,4010.486753793156,970.0492002806903,32571.813424689688,17537.58711304223,50109.40053773192,1,6000.0,6000.0,HiGHS LP
0.5,2025-05-14,54918.46040084958,3149.073111219926,1583.9803124300345,33284.175316214154,12472.427801997259,45756.60311821141,1,6000.0,6000.0,HiGHS LP
0.5,2025-05-15,56153.97524132173,2622.8573765133633,2520.378404304887,34282.46963119229,10398.895295192142,44681.36492638443,1,6000.0,6000.0,HiGHS LP
0.5,2025-05-16,27947.61512611025,716.4917523686613,22908.600345145584,14479.61779319632,2344.4985502630407,16824.11634345936,1,6000.0,6000.0,HiGHS LP
0.5,2025-05-17,27872.146906014234,2801.6326910026387,17184.98051368353,14384.01140536265,12024.16700881574,26408.17841417839,1,6000.0,6000.0,HiGHS LP
0.5,2025-05-18,56615.54286902973,3035.3744857506513,2561.331931098801,34628.38127887294,10399.172014287677,45027.553293160614,1,6000.0,6000.0,HiGHS LP
0.5,2025-05-19,55766.79466006435,1431.6677280438262,6291.513571183368,33786.32240442217,6747.163755898866,40533.48616032104,1,6000.0,6000.0,HiGHS LP
0.5,2025-05-20,55456.48021679002,3654.4854299067206,1166.4200780928174,33693.28972759456,14296.086458866872,47989.37618646143,1,6000.0,6000.0,HiGHS LP
0.5,2025-05-21,54917.968014312006,3467.0230310115357,3652.5597683685223,33363.55132467566,14604.256894368384,47967.80821904405,1,6000.0,6000.0,HiGHS LP
0.5,2025-05-22,56042.924846568465,1153.6915283595613,2963.4583773238237,34135.44489242937,4843.769957239851,38979.21484966922,1,6000.0,6000.0,HiGHS LP
0.5,2025-05-23,26697.094450401848,1843.813052659801,19079.95861972832,13491.658071287746,7303.145354287623,20794.80342557537,1,6000.0,6000.0,HiGHS LP
0.5,2025-05-24,26957.48690204687,965.9624976230205,21128.94801633656,13609.20774052548,3797.1589606406365,17406.366701166116,1,6000.0,6000.0,HiGHS LP
0.5,2025-05-25,53986.49745256046,1676.5934556545787,3774.3111697690774,32711.04172881852,7264.548959300166,39975.59068811868,1,6000.0,6000.0,HiGHS LP
0.5,2025-05-26,53294.86023095325,5759.142018591005,1194.9271345057837,32348.09268143348,23209.778707020276,55557.87138845376,1,6000.0,6000.0,HiGHS LP
0.5,2025-05-27,54830.72241207266,1748.1307830471603,3791.1260584454494,33379.74160378243,7066.643247521892,40446.38485130432,1,6000.0,6000.0,HiGHS LP
0.5,2025-05-28,55595.22995985647,3803.8761943733634,3720.2684666786845,33705.984974822575,14369.155703547944,48075.14067837052,1,6000.0,6000.0,HiGHS LP
0.5,2025-05-29,55444.05357800785,4051.130162277675,1940.0139178402576,33665.95346265567,17071.176685489794,50737.130148145465,1,6000.0,6000.0,HiGHS LP
0.5,2025-05-30,26761.192152241827,2151.310089290604,19276.26897486577,13609.90615009508,8415.411634660657,22025.317784755738,1,6000.0,6000.0,HiGHS LP
0.5,2025-05-31,27070.03152645839,1812.3042978326994,17453.154274291093,13675.646875582426,7048.72055222261,20724.36742780504,1,6000.0,6000.0,HiGHS LP
0.5,2025-06-01,59808.704053893154,15350.317079333978,276.61365460381694,36333.57760176995,58955.38403550234,95288.9616372723,1,6000.0,6000.0,HiGHS LP
0.5,2025-06-02,64974.89999727213,8807.943687552033,1553.1094452760426,40881.30091182642,34481.97999369604,75363.28090552246,1,6000.0,6000.0,HiGHS LP
0.5,2025-06-03,68204.79068894997,4757.714057734887,1009.0773603304614,42401.42340024897,19442.925672290447,61844.349072539415,1,6000.0,6000.0,HiGHS LP
0.5,2025-06-04,71566.75709824939,4122.235212393458,2076.4085192851235,44349.92698203165,13064.0555275822,57413.98250961385,1,6000.0,6000.0,HiGHS LP
0.5,2025-06-05,72222.6046061652,4612.374141030105,1744.7763466569927,44804.963468781105,17416.709965533446,62221.67343431455,1,6000.0,6000.0,HiGHS LP
0.5,2025-06-06,34719.97716399323,6025.1607574618265,6850.142521455057,19812.447554507195,23111.175773458144,42923.62332796534,1,6000.0,6000.0,HiGHS LP
0.5,2025-06-07,34955.6674688006,2728.2835695344006,3517.4378716683345,19684.289061645846,10095.942941472633,29780.23200311848,1,6000.0,6000.0,HiGHS LP
0.5,2025-06-08,82637.59322372364,197.07742666617415,13281.536359407159,51699.130075177454,762.9626165166849,52462.09269169414,1,6000.0,6000.0,HiGHS LP
0.5,2025-06-09,74002.08083002156,3583.0364427543473,2635.263946663355,45482.390438612536,14664.025282006398,60146.415720618934,1,6000.0,6000.0,HiGHS LP
0.5,2025-06-10,75897.98769969185,2578.752494120621,2632.072534715948,46558.923926595555,10157.894205756804,56716.81813235236,1,6000.0,6000.0,HiGHS LP
0.5,2025-06-11,76014.76717570986,5421.30516738714,1090.2446256343928,46640.11921258041,23420.092263300285,70060.2114758807,1,6000.0,6000.0,HiGHS LP
0.5,2025-06-12,79836.46890966503,1269.6800408049885,4329.90362852235,49713.76801855532,4790.667510349848,54504.43552890517,1,6000.0,6000.0,HiGHS LP
0.5,2025-06-13,34017.78672553302,1799.4037028404045,4431.876728373423,19230.077455290553,6904.908016399024,26134.98547168958,1,6000.0,6000.0,HiGHS LP
0.5,2025-06-14,34791.37410591481,1564.138194457977,7122.169550372779,19622.961852661807,4919.39819009026,24542.360042752065,1,6000.0,6000.0,HiGHS LP
0.5,2025-06-15,75124.07061374166,2649.93625391363,2917.1973890649997,46257.17411766869,10068.010938420606,56325.1850560893,1,6000.0,6000.0,HiGHS LP
0.5,2025-06-16,76146.99838571683,2714.3150151277378,1921.3361392949168,46741.93592805144,10708.650296300433,57450.58622435187,1,6000.0,6000.0,HiGHS LP
0.5,2025-06-17,77243.27913397734,4029.3765696495325,2352.4523995019163,47521.06336986965,16394.76219885593,63915.82556872557,1,6000.0,6000.0,HiGHS LP
0.5,2025-06-18,78022.80170189697,1568.559159538428,4352.78884431398,48090.600034137475,6128.3269505141,54218.926984651574,1,6000.0,6000.0,HiGHS LP
0.5,2025-06-19,76006.59134761237,1555.3972315874585,5055.735574312725,46918.86938316874,6291.998023172354,53210.867406341094,1,6000.0,6000.0,HiGHS LP
0.5,2025-06-20,34551.590982792564,489.8058396260488,9600.81597241861,19680.645936975212,1644.4441098899508,21325.090046865163,1,6000.0,6000.0,HiGHS LP
0.5,2025-06-21,34502.06720078156,675.7502801028629,12803.077080884425,19516.95073367291,2490.881928381583,22007.832662054494,1,6000.0,6000.0,HiGHS LP
0.5,2025-06-22,73992.82744863238,2127.5765409776245,4416.258690651555,45109.11995458985,8563.040817135101,53672.16077172495,1,6000.0,6000.0,HiGHS LP
0.5,2025-06-23,75455.96268424307,1243.3788251958072,5381.400373943219,46336.49701552843,5593.9036165549405,51930.40063208337,1,6000.0,6000.0,HiGHS LP
0.5,2025-06-24,70510.66241529724,10206.437421810648,314.6056038419325,42871.74999373958,40766.1450612686,83637.89505500818,1,6000.0,6000.0,HiGHS LP
0.5,2025-06-25,78421.69361260519,1613.8450472544391,5257.839176818275,48467.25411039275,5940.020144337104,54407.274254729855,1,6000.0,6000.0,HiGHS LP
0.5,2025-06-26,75800.18538852978,1770.9186658487806,5694.361278210714,46478.57173615653,7598.632538762553,54077.20427491909,1,6000.0,6000.0,HiGHS LP
0.5,2025-06-27,33530.931753012555,470.48298687276673,11189.768873218662,18811.236854139082,1853.023560078257,20664.26041421734,1,6000.0,6000.0,HiGHS LP
0.5,2025-06-28,33770.95114311743,698.4952640602405,9652.520290511007,18944.0467014153,2063.5923927811527,21007.639094196453,1,6000.0,6000.0,HiGHS LP
0.5,2025-06-29,76197.71487715465,2005.2188458018604,4632.898984766014,46836.53340510078,6632.360540237865,53468.89394533865,1,6000.0,6000.0,HiGHS LP
0.5,2025-06-30,75953.40350166452,2222.798451796896,4007.8822872956393,46649.159416866605,8315.655374817356,54964.81479168396,1,6000.0,6000.0,HiGHS LP
0.5,2025-07-01,81443.31385909294,6402.058415646066,4607.997075911086,50736.12632509959,21864.587237346703,72600.7135624463,1,6000.0,6000.0,HiGHS LP
0.5,2025-07-02,84984.39590710282,2246.7487008456073,9956.413247822471,53720.62493014804,5859.394822923731,59580.01975307177,1,6000.0,6000.0,HiGHS LP
0.5,2025-07-03,83681.97428229966,3461.3187173406063,3062.0649946568346,52886.17786169148,11674.786402814687,64560.96426450617,1,6000.0,6000.0,HiGHS LP
0.5,2025-07-04,41010.13551832682,2177.6292524955024,11266.897304155656,24458.47604963628,6686.36456489213,31144.84061452841,1,6000.0,6000.0,HiGHS LP
0.5,2025-07-05,42696.82123493668,1262.3275600755837,12129.068828345597,25401.164685228607,3850.776947368643,29251.94163259725,1,6000.0,6000.0,HiGHS LP
0.5,2025-07-06,80991.4931399427,4619.687486734324,1640.1800717128258,50743.258687556954,19022.877279479122,69766.13596703607,1,6000.0,6000.0,HiGHS LP
0.5,2025-07-07,83921.5901766406,975.1865736102231,7205.917208546496,52496.54921238877,2781.6592783085857,55278.208490697354,1,6000.0,6000.0,HiGHS LP
0.5,2025-07-08,85441.8422138816,1021.9924606271717,6655.068172596188,53486.2795788727,4301.251347732176,57787.53092660488,1,6000.0,6000.0,HiGHS LP
0.5,2025-07-09,79437.42644153652,2223.244055760555,3483.0136255684956,49671.7036493886,8462.507907387168,58134.211556775765,1,6000.0,6000.0,HiGHS LP
0.5,2025-07-10,78813.43237357074,1825.6928479495148,3690.4659928454466,49369.87915434432,6745.031218407658,56114.91037275198,1,6000.0,6000.0,HiGHS LP
0.5,2025-07-11,41559.664478964885,2979.3533635137537,8980.240692478636,24330.66854038458,10229.176481368779,34559.84502175336,1,6000.0,6000.0,HiGHS LP
0.5,2025-07-12,42132.77003529994,1643.0581594289324,9651.584861395537,24616.898713636423,6350.278612826629,30967.177326463054,1,6000.0,6000.0,HiGHS LP
0.5,2025-07-13,75973.9475614868,1981.6216043922805,4782.848006197286,47548.644960284844,8426.378813620282,55975.02377390512,1,6000.0,6000.0,HiGHS LP
0.5,2025-07-14,70928.67038680267,5478.4038743371875,807.4070828084245,44710.82620811221,22359.056230231992,67069.8824383442,1,6000.0,6000.0,HiGHS LP
0.5,2025-07-15,74663.37496124886,4847.651970257505,2966.8262681817837,47070.433195021025,16563.74186277936,63634.175057800385,1,6000.0,6000.0,HiGHS LP
0.5,2025-07-16,74536.66288196009,4606.066730540286,3080.3066303308206,46798.43280602485,16102.247198863794,62900.68000488864,1,6000.0,6000.0,HiGHS LP
0.5,2025-07-17,74096.19712733504,4059.0844097199306,1609.5661988166412,46646.656430946045,17106.98541808236,63753.641849028405,1,6000.0,6000.0,HiGHS LP
0.5,2025-07-18,40214.649458523665,3529.54129734534,9429.942655869005,23328.180143376885,13577.285694953891,36905.465838330776,1,6000.0,6000.0,HiGHS LP
0.5,2025-07-19,40258.60755590799,2297.139123072704,12332.927628980699,23370.90109432883,8854.477464763433,32225.378559092263,1,6000.0,6000.0,HiGHS LP
0.5,2025-07-20,74253.84381210267,3738.941375539045,2141.300160001367,46884.34553696301,13735.613596584708,60619.959133547716,1,6000.0,6000.0,HiGHS LP
0.5,2025-07-21,72705.21857355343,6019.900958092492,990.0754673259894,45795.82663705603,22525.612196251546,68321.43883330758,1,6000.0,6000.0,HiGHS LP
0.5,2025-07-22,76640.81636110792,3533.290345059435,2417.3109660187893,47959.10346164018,14065.655431919404,62024.758893559585,1,6000.0,6000.0,HiGHS LP
0.5,2025-07-23,77110.285597407,3349.7594695019334,2281.0792395549865,48377.82946181173,13183.790788101673,61561.6202499134,1,6000.0,6000.0,HiGHS LP
0.5,2025-07-24,75750.39314200854,4482.576039286053,2684.1773273421795,47507.64645570044,17387.59976178823,64895.24621748867,1,6000.0,6000.0,HiGHS LP
0.5,2025-07-25,41677.41327883511,608.2337805336774,12740.327492702127,24451.635566962315,2566.186387921142,27017.821954883457,1,6000.0,6000.0,HiGHS LP
0.5,2025-07-26,41843.210761556824,1701.765038650999,12035.884233541154,24430.821237457567,5797.1405829485975,30227.961820406163,1,6000.0,6000.0,HiGHS LP
0.5,2025-07-27,77020.92170371265,2774.451054581218,2158.998686663957,48244.58176498558,12009.30164049567,60253.883405481254,1,6000.0,6000.0,HiGHS LP
0.5,2025-07-28,77773.29558849079,5676.699296483932,1507.237264119573,48743.46789826577,22031.90400385092,70775.37190211669,1,6000.0,6000.0,HiGHS LP
0.5,2025-07-29,77786.50947678502,4467.8922948709005,2177.4349786264725,48615.09395188224,16748.376258298013,65363.470210180254,1,6000.0,6000.0,HiGHS LP
0.5,2025-07-30,77770.75158219779,3111.0575146467113,2765.692234174394,48594.00254467875,13046.521068054954,61640.5236127337,1,6000.0,6000.0,HiGHS LP
0.5,2025-07-31,76011.8921083243,3944.0476705039937,1278.1391959955372,47568.95579034609,16387.463728905444,63956.41951925153,1,6000.0,6000.0,HiGHS LP
0.5,2025-08-01,40392.62710926552,1071.584360393402,17172.851802992256,23539.50918903963,3760.011719608901,27299.52090864853,1,6000.0,6000.0,HiGHS LP
0.5,2025-08-02,38713.34066094073,1542.1504803407124,16288.46620794811,22247.3397886925,6704.490578195315,28951.830366887814,1,6000.0,6000.0,HiGHS LP
0.5,2025-08-03,72193.29764819363,1249.7384190898824,6836.961662221998,45631.87052810502,5134.788947159548,50766.65947526457,1,6000.0,6000.0,HiGHS LP
0.5,2025-08-04,71076.06191387639,1139.3630513147045,3032.6270779267907,45089.73864320435,4407.7389868176,49497.47763002195,1,6000.0,6000.0,HiGHS LP
0.5,2025-08-05,70357.69838351056,1794.3135348910766,3251.7466862951496,44703.778018865356,7059.450463760277,51763.22848262564,1,6000.0,6000.0,HiGHS LP
0.5,2025-08-06,67448.24609677002,5802.264885843785,1495.7954435451918,42950.81568264554,23318.38037712289,66269.19605976842,1,6000.0,6000.0,HiGHS LP
0.5,2025-08-07,73890.26922645528,619.4023695748926,7379.387900262314,46897.81041724161,2066.8199337797005,48964.63035102131,1,6000.0,6000.0,HiGHS LP
0.5,2025-08-08,38851.787157177125,1072.5104443748141,21109.12635155194,22439.29115937811,4408.558375395889,26847.849534774,1,6000.0,6000.0,HiGHS LP
0.5,2025-08-09,38001.60164058814,2884.390927963682,18924.06356855182,21778.72440677925,11282.218631994385,33060.943038773636,1,6000.0,6000.0,HiGHS LP
0.5,2025-08-10,65981.62108767653,4425.969842958115,1497.1964254871293,42156.5241025455,16485.703163960716,58642.22726650622,1,6000.0,6000.0,HiGHS LP
0.5,2025-08-11,69877.98818307804,2204.8980723739364,3799.7938738709854,44424.454959504095,8966.42012088719,53390.875080391284,1,6000.0,6000.0,HiGHS LP
0.5,2025-08-12,68088.40449215336,4926.332582204963,1582.3551358187194,43425.073172772,20463.60953522173,63888.68270799373,1,6000.0,6000.0,HiGHS LP
0.5,2025-08-13,68502.56450864088,3434.222416359985,2128.0536875955086,43297.360125894054,13868.115725907955,57165.47585180201,1,6000.0,6000.0,HiGHS LP
0.5,2025-08-14,67008.52540301216,4300.289329474459,1723.3706248985868,42711.27061329044,18201.828952668002,60913.099565958444,1,6000.0,6000.0,HiGHS LP
0.5,2025-08-15,39400.92797205938,1290.3546449610562,20491.555733687095,22891.678370692178,4521.652133271899,27413.330503964076,1,6000.0,6000.0,HiGHS LP
0.5,2025-08-16,40319.13565145881,994.2479633832857,21344.103248175437,23489.729900541442,4601.473956035812,28091.203856577253,1,6000.0,6000.0,HiGHS LP
0.5,2025-08-17,64804.693014970064,4044.941286072259,2115.0799833385095,41376.051167318794,16653.449297951585,58029.50046527038,1,6000.0,6000.0,HiGHS LP
0.5,2025-08-18,67021.36851260634,3417.7647641151425,2380.1854432619093,42968.15186263522,15715.33976795012,58683.49163058534,1,6000.0,6000.0,HiGHS LP
0.5,2025-08-19,64850.96435203879,4081.899480794643,986.6505587477043,41534.50799993603,15758.044535019984,57292.55253495602,1,6000.0,6000.0,HiGHS LP
0.5,2025-08-20,67198.40678152804,8487.320380992878,1347.100014138834,43022.25826283037,34619.49279844835,77641.75106127872,1,6000.0,6000.0,HiGHS LP
0.5,2025-08-21,69668.61722062549,2781.7111144181686,2793.772832861552,44281.61427230685,10997.310579011715,55278.92485131856,1,6000.0,6000.0,HiGHS LP
0.5,2025-08-22,40084.10082487262,3247.1159826170124,19060.647407489632,23349.766791291957,13426.70158578168,36776.46837707364,1,6000.0,6000.0,HiGHS LP
0.5,2025-08-23,39209.73360391645,2019.4045084457994,15659.131962362248,22699.960742615218,8372.57981230622,31072.540554921437,1,6000.0,6000.0,HiGHS LP
0.5,2025-08-24,66667.20385089696,4199.892628926409,3476.5798134633433,42319.49387807581,18411.87754552919,60731.371423605,1,6000.0,6000.0,HiGHS LP
0.5,2025-08-25,66666.48579025315,8743.649487591165,967.6444538252464,42623.77460423533,34326.823855907714,76950.59846014305,1,6000.0,6000.0,HiGHS LP
0.5,2025-08-26,67939.5734651713,3424.8648052963517,2115.1611309596237,42930.38909172194,14777.468577016924,57707.85766873886,1,6000.0,6000.0,HiGHS LP
0.5,2025-08-27,65952.92455108956,6436.226228260908,817.1696549798512,41966.55753422181,27763.503369245118,69730.06090346692,1,6000.0,6000.0,HiGHS LP
0.5,2025-08-28,68906.8354813622,7028.849052542655,1400.7283350513592,43626.89192046464,27833.84435970559,71460.73628017023,1,6000.0,6000.0,HiGHS LP
0.5,2025-08-29,37555.97617177284,3540.7736664783697,15501.5294882512,21640.744556111902,14558.646802051797,36199.3913581637,1,6000.0,6000.0,HiGHS LP
0.5,2025-08-30,38423.72959590778,3345.7029222696633,20216.71268484411,22269.757793666042,13086.491247428447,35356.24904109449,1,6000.0,6000.0,HiGHS LP
0.5,2025-08-31,68659.12872673286,3891.5396615127897,2157.781795844353,43757.06645149267,14947.389177856188,58704.45562934886,1,6000.0,6000.0,HiGHS LP
0.5,2025-09-01,63875.76173235734,1797.3883106717508,8501.617175976571,40726.61647999655,6327.795926002869,47054.41240599942,1,6000.0,6000.0,HiGHS LP
0.5,2025-09-02,53084.45388588846,5930.506878204051,1525.2929749915,33351.888758956695,24724.01657635933,58075.90533531603,1,6000.0,6000.0,HiGHS LP
0.5,2025-09-03,55102.9718177765,5372.367013023279,1327.8131433439783,34651.835577404854,20445.60973621371,55097.44531361856,1,6000.0,6000.0,HiGHS LP
0.5,2025-09-04,54792.80599897099,4618.637418601026,1889.0498969862654,34392.762747583154,19087.60527083555,53480.3680184187,1,6000.0,6000.0,HiGHS LP
0.5,2025-09-05,31866.31859868324,648.3997794098062,22650.45671142637,17517.39665949571,2356.1870400777943,19873.583699573504,1,6000.0,6000.0,HiGHS LP
0.5,2025-09-06,33155.74089263613,596.3135128453393,22990.970705481468,18424.581940971533,2328.033091229911,20752.615032201444,1,6000.0,6000.0,HiGHS LP
0.5,2025-09-07,55024.31547351165,4521.999125836418,913.9122790404847,34464.1950024472,17750.42496189269,52214.619964339894,1,6000.0,6000.0,HiGHS LP
0.5,2025-09-08,48213.10032412043,15148.290472505227,380.21858333333347,29524.523524275188,58692.223583370025,88216.7471076452,1,6000.0,6000.0,HiGHS LP
0.5,2025-09-09,58433.37725025437,2796.5494244426072,4362.769543446686,36206.17947108809,11081.013186206492,47287.19265729458,1,6000.0,6000.0,HiGHS LP
0.5,2025-09-10,57279.47679586563,8314.52738429691,522.0780302109366,35683.70039201521,35247.510387364586,70931.21077937979,1,6000.0,6000.0,HiGHS LP
0.5,2025-09-11,59349.190022627714,2603.7006451972943,4537.682536730347,36519.83197717381,10886.46950475689,47406.3014819307,1,6000.0,6000.0,HiGHS LP
0.5,2025-09-12,30583.079760034634,1942.304760467226,17933.72832050187,16528.018584899415,6882.886972957654,23410.90555785707,1,6000.0,6000.0,HiGHS LP
0.5,2025-09-13,30636.25754328727,1552.0287248657055,21141.18478481964,16528.902028671422,5749.646235962973,22278.548264634395,1,6000.0,6000.0,HiGHS LP
0.5,2025-09-14,58220.37639492305,6453.310042974015,555.7327274183297,36141.55355044719,24738.27832702153,60879.83187746872,1,6000.0,6000.0,HiGHS LP
0.5,2025-09-15,62680.9279715683,1405.5968113589568,4996.5509112066175,38879.12493899456,5263.734017757076,44142.85895675163,1,6000.0,6000.0,HiGHS LP
0.5,2025-09-16,60362.738957302914,4421.557292830225,1210.6411673652094,37493.59978755351,14210.329015040783,51703.928802594295,1,6000.0,6000.0,HiGHS LP
0.5,2025-09-17,65165.1846222604,2576.21281340744,3669.7171420460136,40671.55105240179,10749.843651545412,51421.3947039472,1,6000.0,6000.0,HiGHS LP
0.5,2025-09-18,62790.97139601762,2643.355580862887,2391.962065965433,39047.258107209615,11530.368883840762,50577.626991050376,1,6000.0,6000.0,HiGHS LP
0.5,2025-09-19,32023.23875215727,1527.2927682292855,14409.179203719887,17543.71404627632,4712.061408230388,22255.775454506707,1,6000.0,6000.0,HiGHS LP
0.5,2025-09-20,33088.843287361815,1340.8074965826875,15744.217050611176,18273.24453215998,5122.382140493188,23395.62667265317,1,6000.0,6000.0,HiGHS LP
0.5,2025-09-21,64022.44570230387,2309.2249941304394,3963.839323195265,39768.884423218435,7745.702170229801,47514.586593448235,1,6000.0,6000.0,HiGHS LP
0.5,2025-09-22,62102.96839318072,3449.6459452630265,873.1430830367564,38539.79572265834,11655.974867187573,50195.77058984591,1,6000.0,6000.0,HiGHS LP
0.5,2025-09-23,63565.30579957792,3670.4035832432796,1050.9031806313174,39490.1755653139,15673.088975455788,55163.264540769684,1,6000.0,6000.0,HiGHS LP
0.5,2025-09-24,62399.72753862914,3787.239829061517,1054.9209365213896,38635.56264690502,13007.336124727713,51642.89877163273,1,6000.0,6000.0,HiGHS LP
0.5,2025-09-25,64771.365446113254,2034.8270399649055,2399.928695718332,40330.55532728638,6950.343775312295,47280.899102598676,1,6000.0,6000.0,HiGHS LP
0.5,2025-09-26,34196.5175125917,572.1982738126928,14034.472286404394,19052.846182229256,1899.5149922289158,20952.361174458172,1,6000.0,6000.0,HiGHS LP
0.5,2025-09-27,32999.12103875199,3457.5582218957957,15615.377010647782,18117.403755998697,13326.970721827634,31444.37447782633,1,6000.0,6000.0,HiGHS LP
0.5,2025-09-28,66376.39082578095,2817.6428078011304,1618.1274438854855,41242.68503819328,11373.94428802001,52616.62932621329,1,6000.0,6000.0,HiGHS LP
0.5,2025-09-29,67294.5708376186,1734.7398991042846,2175.4355163513524,41873.21311149118,6774.458560806438,48647.67167229762,1,6000.0,6000.0,HiGHS LP
0.5,2025-09-30,68856.62642266523,2734.675318241238,2063.9797717539345,42944.57540806205,11899.452521541576,54844.02792960363,1,6000.0,6000.0,HiGHS LP
0.5,2025-10-01,68216.63627169353,186.76971362231166,14632.023794101551,42410.640995461865,468.3842342138722,42879.02522967574,1,6000.0,6000.0,HiGHS LP
0.5,2025-10-02,65498.883228202976,655.1546794250763,10345.177094306622,40359.590760997635,1524.9767179742028,41884.56747897184,1,6000.0,6000.0,HiGHS LP
0.5,2025-10-03,30651.692659686436,663.0105739073524,20457.549533593792,16301.859750619173,1693.2198786880988,17995.07962930727,1,6000.0,6000.0,HiGHS LP
0.5,2025-10-04,31037.83523550068,1139.1141057643874,16040.966907931735,16490.7074509307,3591.6516239366924,20082.359074867392,1,6000.0,6000.0,HiGHS LP
0.5,2025-10-05,64556.7945589036,603.6974652031743,6343.080738313218,39707.03903020365,1312.1463197050866,41019.18534990873,1,6000.0,6000.0,HiGHS LP
0.5,2025-10-06,64874.68399460173,477.3527104103152,3539.4836212817454,39891.216431280394,1396.5840751178546,41287.80050639825,1,6000.0,6000.0,HiGHS LP
0.5,2025-10-07,64238.5120534973,700.8192523130181,3090.598220251667,39407.9233950527,2433.183574491951,41841.10696954465,1,6000.0,6000.0,HiGHS LP
0.5,2025-10-08,64638.140809425655,777.4743812492882,4855.814986093774,39111.28083078244,2897.2906187496865,42008.57144953212,1,6000.0,6000.0,HiGHS LP
0.5,2025-10-09,62649.65420610164,1024.9106668825664,3851.1749281073157,37875.679159298,4562.704754174342,42438.383913472346,1,6000.0,6000.0,HiGHS LP
0.5,2025-10-10,31210.403941359393,638.891240960663,19465.684265653388,16093.530822244426,2304.1794234456365,18397.71024569006,1,6000.0,6000.0,HiGHS LP
0.5,2025-10-11,31768.307125209307,626.6832966305723,15248.676838506548,16307.57257659248,2758.8654057243675,19066.43798231685,1,6000.0,6000.0,HiGHS LP
0.5,2025-10-12,62002.36049597565,2449.162467067497,1875.1465437663242,37562.232503926876,9663.756826083696,47225.989330010576,1,6000.0,6000.0,HiGHS LP
0.5,2025-10-13,61851.437796052625,1592.7818069788243,2356.993891653915,37559.709584926764,6566.8579283823365,44126.5675133091,1,6000.0,6000.0,HiGHS LP
0.5,2025-10-14,61626.19743036025,3796.6991238363503,589.8060468216479,37396.98182284359,16054.449143017278,53451.43096586087,1,6000.0,6000.0,HiGHS LP
0.5,2025-10-15,62546.238498953964,3968.8417420394294,533.6708814943006,38055.072865589915,15528.095452427346,53583.16831801726,1,6000.0,6000.0,HiGHS LP
0.5,2025-10-16,63312.036396509866,4572.498877541493,852.0263611469536,38588.37623131406,19593.400762386584,58181.776993700645,1,6000.0,6000.0,HiGHS LP
0.5,2025-10-17,31976.95360765502,1517.933707596253,14386.06228579086,16515.8525952648,6686.945886227229,23202.79848149203,1,6000.0,6000.0,HiGHS LP
0.5,2025-10-18,31601.999816284566,2096.6852887857876,14554.11943267723,16322.10607442748,8093.038180095102,24415.14425452258,1,6000.0,6000.0,HiGHS LP
0.5,2025-10-19,64452.18896717926,4483.091766613004,965.6445441528956,39148.932743500656,19814.98687444556,58963.919617946216,1,6000.0,6000.0,HiGHS LP
0.5,2025-10-20,65278.69007462847,3947.8073076909373,687.8340932206972,39815.68393111009,17514.66274232852,57330.34667343862,1,6000.0,6000.0,HiGHS LP
0.5,2025-10-21,65751.65475555556,5307.978280434392,492.78298895592917,40109.31484429631,20614.060380540308,60723.375224836615,1,6000.0,6000.0,HiGHS LP
0.5,2025-10-22,66134.38265674163,4326.613364998859,792.7572859997285,40184.253331389686,18890.003656011602,59074.256987401284,1,6000.0,6000.0,HiGHS LP
0.5,2025-10-23,67855.30741901079,1871.92525423557,2229.9882193612125,41452.65516795451,7942.4021353873195,49395.057303341826,1,6000.0,6000.0,HiGHS LP
0.5,2025-10-24,31560.09194272537,1962.2420733371764,11968.442450098573,16204.324456752818,8605.710141522246,24810.034598275066,1,6000.0,6000.0,HiGHS LP
0.5,2025-10-25,32232.548805699655,1620.9476181581924,11312.23075770049,16732.281164993594,6531.951944644339,23264.233109637935,1,6000.0,6000.0,HiGHS LP
0.5,2025-10-26,68655.15131558132,1415.351861876955,1381.9365014091904,42069.06936838258,5471.281012805261,47540.35038118784,1,6000.0,6000.0,HiGHS LP
0.5,2025-10-27,68021.38640588679,2756.626510249738,3085.930434566204,41488.489809418854,11623.117691109033,53111.60750052788,1,6000.0,6000.0,HiGHS LP
0.5,2025-10-28,68443.59618076759,2663.139120495755,982.0132949250712,41886.33121969497,10864.97157401745,52751.30279371242,1,6000.0,6000.0,HiGHS LP
0.5,2025-10-29,69670.24006076207,4673.475387227776,836.5794065825573,42774.60867409731,18757.377755303864,61531.98642940118,1,6000.0,6000.0,HiGHS LP
0.5,2025-10-30,70813.61167158863,1029.3452123453537,2777.0301247123584,43578.49094599653,4205.401577698383,47783.892523694914,1,6000.0,6000.0,HiGHS LP
0.5,2025-10-31,33644.35079927265,1909.0811954479923,8381.196129746315,17683.077836903773,6705.509974521516,24388.58781142529,1,6000.0,6000.0,HiGHS LP
0.5,2025-11-01,33997.8556857449,822.7502135446848,8980.893858395317,17893.277560612652,2714.5092127391886,20607.78677335184,1,6000.0,6000.0,HiGHS LP
0.5,2025-11-02,71904.87868660984,2157.4393858131025,915.9325460802108,44121.14979792242,9289.712117235922,53410.86191515834,1,6000.0,6000.0,HiGHS LP
0.5,2025-11-03,72774.4956937003,2773.4010209711614,1636.2093629090955,44813.48117323777,9003.068224078825,53816.549397316594,1,6000.0,6000.0,HiGHS LP
0.5,2025-11-04,74610.09828439722,1168.575786558014,3742.186488764462,46021.26474553025,4844.991698935395,50866.256444465645,1,6000.0,6000.0,HiGHS LP
0.5,2025-11-05,75174.45927404631,1108.7715986612027,2155.6494412832853,46566.658830764296,3827.8156686927423,50394.474499457036,1,6000.0,6000.0,HiGHS LP
0.5,2025-11-06,72458.10663876872,4223.586543578659,919.4818782173535,44457.59340364671,17532.468618196493,61990.0620218432,1,6000.0,6000.0,HiGHS LP
0.5,2025-11-07,33577.48379256493,1225.4241010078194,8172.5527641206245,17609.919956021004,5250.033401315883,22859.953357336886,1,6000.0,6000.0,HiGHS LP
0.5,2025-11-08,34582.83835143951,402.66041576501726,7850.190537054201,18252.307467154886,1370.937652610277,19623.24511976516,1,6000.0,6000.0,HiGHS LP
0.5,2025-11-09,74794.9132633128,2150.8464692228517,1172.4548556479738,46119.52604443942,8485.240642054901,54604.766686494324,1,6000.0,6000.0,HiGHS LP
0.5,2025-11-10,76507.71518002624,2693.9386687611486,900.7373683637773,47421.94019216219,9995.03518614707,57416.97537830926,1,6000.0,6000.0,HiGHS LP
0.5,2025-11-11,76380.38296189747,1264.6876675213043,1643.9254623181146,47265.399597739,5096.250814318536,52361.650412057534,1,6000.0,6000.0,HiGHS LP
0.5,2025-11-12,77768.06454459924,723.3793035068197,3108.193081427681,48413.472798512455,3203.493307125853,51616.966105638305,1,6000.0,6000.0,HiGHS LP
0.5,2025-11-13,77151.13429193325,1801.2051323234482,2128.512167718065,48046.568931725276,6495.993606798582,54542.56253852386,1,6000.0,6000.0,HiGHS LP
0.5,2025-11-14,34762.53508925141,1140.0056206490005,4913.108097468646,18394.59515435314,3559.0478969729934,21953.643051326133,1,6000.0,6000.0,HiGHS LP
0.5,2025-11-15,35183.85592268623,796.7384192578479,4351.45844744682,18622.90293848311,3062.0837990210284,21684.986737504136,1,6000.0,6000.0,HiGHS LP
0.5,2025-11-16,77863.12198115406,2424.320190828692,1444.458544009622,48436.890345900385,9571.599346533896,58008.48969243428,1,6000.0,6000.0,HiGHS LP
0.5,2025-11-17,80181.5522644569,510.74806921200457,3566.920316081154,50284.54270289853,1701.6965230991707,51986.2392259977,1,6000.0,6000.0,HiGHS LP
0.5,2025-11-18,76799.46663909947,3300.262744652941,791.730191968089,47579.19760029137,11964.07087298296,59543.26847327434,1,6000.0,6000.0,HiGHS LP
0.5,2025-11-19,78751.42269670003,2030.427749987417,1000.8256605288447,49103.15817163755,8101.99372469054,57205.15189632809,1,6000.0,6000.0,HiGHS LP
0.5,2025-11-20,79851.43194307206,1573.9282309297894,2202.9642788444903,50081.5073448491,5828.166683643725,55909.674028492824,1,6000.0,6000.0,HiGHS LP
0.5,2025-11-21,35504.113706003205,915.6202335653554,4073.2600262912256,18827.060506277885,2636.5867147950476,21463.647221072933,1,6000.0,6000.0,HiGHS LP
0.5,2025-11-22,35033.824562237096,1299.3461396825714,2655.181704585373,18461.473298053203,4618.5334937694315,23080.006791822634,1,6000.0,6000.0,HiGHS LP
0.5,2025-11-23,80227.6721144396,2014.1855047328095,2574.104620358141,50201.82852587111,8271.696490670112,58473.52501654122,1,6000.0,6000.0,HiGHS LP
0.5,2025-11-24,80688.48117301037,1173.4143650630194,3278.764677033336,50641.2925330093,4406.365860962319,55047.658393971615,1,6000.0,6000.0,HiGHS LP
0.5,2025-11-25,81681.4007338716,998.1507066150909,2045.694949727679,51344.61624577038,3554.2983482730383,54898.914594043425,1,6000.0,6000.0,HiGHS LP
0.5,2025-11-26,80578.72930649982,1813.8885943009623,1207.435553046832,50473.81016436709,6749.08042289287,57222.89058725996,1,6000.0,6000.0,HiGHS LP
0.5,2025-11-27,82118.18112328497,971.4622146165491,2822.9778982320695,51700.894009266965,3932.7217702607754,55633.61577952774,1,6000.0,6000.0,HiGHS LP
0.5,2025-11-28,35255.94500897567,1590.468315499813,2432.953618664198,18627.661843785332,6165.082090239344,24792.74393402468,1,6000.0,6000.0,HiGHS LP
0.5,2025-11-29,36800.781633811814,3684.368720419806,1982.4820931206566,19613.94520792862,12437.860522999279,32051.8057309279,1,6000.0,6000.0,HiGHS LP
0.5,2025-11-30,84569.41701558829,1667.529805786511,1336.1221095913206,53331.93116422375,5934.391779349402,59266.322943573155,1,6000.0,6000.0,HiGHS LP
0.5,2025-12-01,83685.6976180759,7635.111003358761,410.0117374998128,52666.62118763549,28363.576705200692,81030.19789283618,1,6000.0,6000.0,HiGHS LP
0.5,2025-12-02,88768.12414808891,5627.590797442596,1039.5716621981855,56727.68697490911,19980.468017512845,76708.15499242196,1,6000.0,6000.0,HiGHS LP
0.5,2025-12-03,89367.17020160501,3738.0569415885157,1234.5561103202917,56469.08225634649,13254.366022431996,69723.44827877848,1,6000.0,6000.0,HiGHS LP
0.5,2025-12-04,90997.32880814052,2061.46801969414,1569.254744501318,57821.58373021169,8029.554692046771,65851.13842225846,1,6000.0,6000.0,HiGHS LP
0.5,2025-12-05,45377.37682350432,2074.8282665931183,2142.6828333042113,23527.66074708675,8705.738159927505,32233.398907014256,1,6000.0,6000.0,HiGHS LP
0.5,2025-12-06,47323.57368730661,1912.7423299990094,1511.169320554004,24644.086118162304,6462.641120128674,31106.72723829098,1,6000.0,6000.0,HiGHS LP
0.5,2025-12-07,93313.03109310586,1554.0734615183162,2466.1088457627043,59508.303481881245,6083.371157628147,65591.6746395094,1,6000.0,6000.0,HiGHS LP
0.5,2025-12-08,90530.98843298323,3922.1117831611664,1887.5557661443863,56683.76616130564,16741.911141319888,73425.67730262553,1,6000.0,6000.0,HiGHS LP
0.5,2025-12-09,94348.80402037471,1270.7229736948093,3452.30199796139,60094.77371197943,5950.084671114639,66044.85838309408,1,6000.0,6000.0,HiGHS LP
0.5,2025-12-10,92076.64427070107,2557.855101330483,1493.572677019748,58453.44612832878,9240.66689692701,67694.11302525579,1,6000.0,6000.0,HiGHS LP
0.5,2025-12-11,95157.7887943734,455.670283051977,4842.327741907187,60902.87510499207,1490.3143419479757,62393.18944694004,1,6000.0,6000.0,HiGHS LP
0.5,2025-12-12,45326.99545991347,3353.772124831848,1049.7304127865825,23488.808683263334,11699.827168621572,35188.63585188491,1,6000.0,6000.0,HiGHS LP
0.5,2025-12-13,50396.566999545874,784.947562346377,3306.876448861385,26346.326771707463,3351.424728948281,29697.751500655744,1,6000.0,6000.0,HiGHS LP
0.5,2025-12-14,94482.38908437823,944.5963423807246,1852.573221284904,60270.23791827185,3794.983549361858,64065.22146763371,1,6000.0,6000.0,HiGHS LP
0.5,2025-12-15,94941.75274330242,1310.6367230131632,1978.2721853775236,60629.27149856265,4609.087640642928,65238.35913920558,1,6000.0,6000.0,HiGHS LP
0.5,2025-12-16,94189.95752644178,1548.7514875333272,1531.0134500898607,59978.572323126515,5886.502959316129,65865.07528244265,1,6000.0,6000.0,HiGHS LP
0.5,2025-12-17,95914.41882154814,633.4037944677482,3550.291480666562,61257.78500716884,2236.6506180590995,63494.43562522794,1,6000.0,6000.0,HiGHS LP
0.5,2025-12-18,93586.36479817066,1461.4648143136192,2899.0438389047404,59545.22458751578,5578.621949801904,65123.84653731769,1,6000.0,6000.0,HiGHS LP
0.5,2025-12-19,48391.540558319466,1120.8850391329738,2538.296310565775,25017.912618006274,4786.533539080472,29804.446157086746,1,6000.0,6000.0,HiGHS LP
0.5,2025-12-20,48470.70574711784,1162.8628226764904,2711.808002249161,25083.21720675615,4530.765861701577,29613.98306845773,1,6000.0,6000.0,HiGHS LP
0.5,2025-12-21,93094.53761009184,2198.2940438499945,1467.5355032766508,59167.9802173792,8138.2013013295455,67306.18151870875,1,6000.0,6000.0,HiGHS LP
0.5,2025-12-22,95645.95802134406,917.9041353923169,2810.0864298461247,61048.396707133215,3428.4211925789186,64476.817899712136,1,6000.0,6000.0,HiGHS LP
0.5,2025-12-23,95435.59458705192,499.73060817288854,3868.241114763903,60887.619186806005,2066.846728750712,62954.46591555672,1,6000.0,6000.0,HiGHS LP
0.5,2025-12-24,94058.80416723024,1053.823199884463,2466.6213706599215,59950.749747753216,3931.796918643324,63882.54666639654,1,6000.0,6000.0,HiGHS LP
0.5,2025-12-25,93586.07215617166,1229.5969626110293,2212.4471533554115,59663.81176057525,4143.650284762178,63807.46204533742,1,6000.0,6000.0,HiGHS LP
0.5,2025-12-26,47389.95089024622,1430.2340646989492,1791.1064778917194,24512.107961477544,5479.154190869913,29991.26215234746,1,6000.0,6000.0,HiGHS LP
0.5,2025-12-27,48951.93577843408,875.1469863281534,2412.8637940579506,25400.037420412635,3696.9465607908123,29096.983981203448,1,6000.0,6000.0,HiGHS LP
0.5,2025-12-28,92835.50883064154,1439.2884093266348,2675.798614642085,59012.96068623018,5308.306725511129,64321.26741174131,1,6000.0,6000.0,HiGHS LP
0.5,2025-12-29,92927.33030998957,1304.8248356955532,1935.974337496496,59018.167063189576,4691.544830764335,63709.71189395391,1,6000.0,6000.0,HiGHS LP
0.5,2025-12-30,94979.52404650729,380.5239493250996,4337.9830017337845,60661.27600743457,1617.567168532195,62278.843175966766,1,6000.0,6000.0,HiGHS LP
0.5,2025-12-31,92487.8812271491,2235.817474885138,1313.94222814686,58701.1717602336,8781.560161598945,67482.73192183254,1,6000.0,6000.0,HiGHS LP
0.55,2025-02-01,42517.8092119786,462.64428297375514,4705.132623515732,21968.054364146912,1922.1036596649365,23890.158023811848,1,6000.0,6000.0,HiGHS LP
0.55,2025-02-02,85985.8749317752,475.8831521433906,3506.060308648234,53617.660892647706,2240.859218417111,55858.52011106482,1,6000.0,6000.0,HiGHS LP
0.55,2025-02-03,86157.22827783399,1350.3359384405496,2689.725433127614,53748.78904425277,5217.912483671321,58966.701527924095,1,6000.0,6000.0,HiGHS LP
0.55,2025-02-04,86200.41946187732,2065.236178607865,2478.633913620207,53798.365566976834,8775.885049626946,62574.25061660378,1,6000.0,6000.0,HiGHS LP
0.55,2025-02-05,81621.07192172075,4127.629350712416,588.4952251261847,50379.17161892465,17065.091052204443,67444.2626711291,1,6000.0,6000.0,HiGHS LP
0.55,2025-02-06,87774.77638579471,558.5574626520374,3420.955219995761,55081.97468589437,2228.06889572529,57310.04358161966,1,6000.0,6000.0,HiGHS LP
0.55,2025-02-07,38483.80532567228,1416.4547121438416,4360.420017259829,19830.40803964797,6489.703284882114,26320.111324530084,1,6000.0,6000.0,HiGHS LP
0.55,2025-02-08,37153.77992896267,1203.8704344712921,3124.6144922548947,19147.44132363417,5298.227754532343,24445.669078166517,1,6000.0,6000.0,HiGHS LP
0.55,2025-02-09,80171.72446664202,4436.943359258525,650.7097908818118,49703.138141030846,16152.588116458974,65855.72625748982,1,6000.0,6000.0,HiGHS LP
0.55,2025-02-10,83921.41647209186,365.5471253834603,5391.993934570564,52265.78289474892,1230.7278934033093,53496.51078815223,1,6000.0,6000.0,HiGHS LP
0.55,2025-02-11,84150.44118813332,197.02432697390736,4577.414329798836,52552.14015958982,694.4672470323583,53246.60740662218,1,6000.0,6000.0,HiGHS LP
0.55,2025-02-12,79580.29630674144,1830.2660708900157,1734.029941303264,49083.52327927248,7886.780460702999,56970.303739975476,1,6000.0,6000.0,HiGHS LP
0.55,2025-02-13,79477.91221655809,1164.7492858305945,4902.076689123915,49321.59382835269,3692.7048045854563,53014.298632938146,1,6000.0,6000.0,HiGHS LP
0.55,2025-02-14,36743.095507639184,1286.060581353956,4636.298030801244,19103.594784704772,3496.6119767103714,22600.206761415142,1,6000.0,6000.0,HiGHS LP
0.55,2025-02-15,35136.689867741356,2147.451990384851,4512.889632480161,18215.861212053314,6472.639533354213,24688.500745407528,1,6000.0,6000.0,HiGHS LP
0.55,2025-02-16,76535.94654317515,3943.967362765223,670.3625819233645,47050.233640771956,14403.438343339847,61453.6719841118,1,6000.0,6000.0,HiGHS LP
0.55,2025-02-17,76797.32014161268,1483.6221341092248,2697.3808219619004,47165.101514052214,5317.674913927831,52482.77642798005,1,6000.0,6000.0,HiGHS LP
0.55,2025-02-18,77807.92204995189,1221.8256301335755,2540.9840322334967,47992.43493699674,4699.9871000137855,52692.422037010525,1,6000.0,6000.0,HiGHS LP
0.55,2025-02-19,75965.72170109593,2796.3916446330545,1497.6220657385966,46660.17491270612,10781.601136969788,57441.77604967591,1,6000.0,6000.0,HiGHS LP
0.55,2025-02-20,76831.13607212188,1272.2943169634536,2723.081102290231,47239.13950242977,4872.322534214839,52111.4620366446,1,6000.0,6000.0,HiGHS LP
0.55,2025-02-21,34483.25121450801,1116.9365044203619,6650.425809242318,17851.77503735276,3641.0451598627515,21492.82019721551,1,6000.0,6000.0,HiGHS LP
0.55,2025-02-22,35837.72752240477,1519.2640860743827,6068.621212768509,18742.201364175307,5428.502594378197,24170.703958553502,1,6000.0,6000.0,HiGHS LP
0.55,2025-02-23,76277.69478086014,1813.21072747794,2188.2645720976034,46997.10804345821,5730.723788404512,52727.83183186272,1,6000.0,6000.0,HiGHS LP
0.55,2025-02-24,73948.6461838206,1357.6883087811507,2789.221720250687,45111.50633702059,5569.668713317902,50681.17505033849,1,6000.0,6000.0,HiGHS LP
0.55,2025-02-25,72671.96830638728,1382.1479668566058,3934.819397338807,44304.03331545068,4893.296507121653,49197.329822572334,1,6000.0,6000.0,HiGHS LP
0.55,2025-02-26,72168.12741848809,2626.6616853495457,1691.6063396338525,43811.774008401946,10588.155170298302,54399.929178700244,1,6000.0,6000.0,HiGHS LP
0.55,2025-02-27,72248.60068789237,1693.8539533443845,2693.2681390448543,43987.89579936865,7990.4967732652385,51978.392572633886,1,6000.0,6000.0,HiGHS LP
0.55,2025-02-28,32654.470344357178,2070.378343659597,8184.690625159982,16726.494763240767,7547.216110027685,24273.710873268454,1,6000.0,6000.0,HiGHS LP
0.55,2025-03-01,33629.174946981984,795.9981903868129,7498.38376993271,17343.722274372565,3352.9454019460427,20696.667676318608,1,6000.0,6000.0,HiGHS LP
0.55,2025-03-02,68925.30555980356,8122.508161863136,548.6350272819457,42119.30364212381,29995.571657841327,72114.87529996513,1,6000.0,6000.0,HiGHS LP
0.55,2025-03-03,71533.83079434324,6153.855840699381,1370.8836047169139,43974.244989426355,23356.8669945207,67331.11198394705,1,6000.0,6000.0,HiGHS LP
0.55,2025-03-04,73045.29472588198,2306.5177854713224,1777.759243134963,44884.39842273374,7206.579971296462,52090.9783940302,1,6000.0,6000.0,HiGHS LP
0.55,2025-03-05,73176.68724366986,1167.6798605487447,3846.425684158169,44802.066283805,4558.676921186177,49360.74320499117,1,6000.0,6000.0,HiGHS LP
0.55,2025-03-06,73017.69563860138,748.3670956188245,3456.2825352611144,44829.19540727672,2607.7735620860913,47436.96896936281,1,6000.0,6000.0,HiGHS LP
0.55,2025-03-07,32004.266897790912,1778.4756133789742,9742.19692355336,16729.513871872,6621.812649526781,23351.326521398783,1,6000.0,6000.0,HiGHS LP
0.55,2025-03-08,30950.062695875946,1085.9375599768343,9932.860739186113,16311.41550073414,2644.6100182319715,18956.02551896611,1,6000.0,6000.0,HiGHS LP
0.55,2025-03-09,68799.78181330356,1488.7458250401205,2772.2939168796065,41725.37412986082,5718.420577829578,47443.7947076904,1,6000.0,6000.0,HiGHS LP
0.55,2025-03-10,69003.00881379197,4674.3259061440995,1442.3497531858065,41888.165234744636,15629.122635081365,57517.287869826,1,6000.0,6000.0,HiGHS LP
0.55,2025-03-11,69885.76398217533,1218.2600839819002,2974.398651263503,42370.869336091884,4422.012366204543,46792.88170229643,1,6000.0,6000.0,HiGHS LP
0.55,2025-03-12,67271.37716679857,1424.4012459238306,2115.23405746165,40462.695989434345,5351.860715988967,45814.55670542331,1,6000.0,6000.0,HiGHS LP
0.55,2025-03-13,67811.24658562444,5316.259329721133,1429.1364663936145,40962.67146589239,19350.846721553367,60313.518187445756,1,6000.0,6000.0,HiGHS LP
0.55,2025-03-14,30396.546748428354,1023.8839139579522,12351.00467905297,15770.037227138975,3784.31101628886,19554.348243427834,1,6000.0,6000.0,HiGHS LP
0.55,2025-03-15,29769.933318583157,2453.674169313021,8259.482337896174,15285.668914118447,8264.855113546366,23550.52402766481,1,6000.0,6000.0,HiGHS LP
0.55,2025-03-16,67628.84879647625,2257.54200254471,2384.393275100484,40900.67975345286,8746.847569907979,49647.52732336084,1,6000.0,6000.0,HiGHS LP
0.55,2025-03-17,67675.30422968438,393.89129816918324,6065.209113378989,40702.764590454215,1787.7638249303643,42490.52841538458,1,6000.0,6000.0,HiGHS LP
0.55,2025-03-18,64844.65015062011,2237.4703660309265,1847.5806610911939,38744.54775508131,10232.9014336045,48977.44918868581,1,6000.0,6000.0,HiGHS LP
0.55,2025-03-19,66029.01254286306,1096.0500866773953,3533.0495559071933,39568.39339963858,5036.777865908636,44605.17126554722,1,6000.0,6000.0,HiGHS LP
0.55,2025-03-20,63914.500989939304,3260.8105360347945,859.9171001752318,38219.37657569462,13173.889411350716,51393.265987045335,1,6000.0,6000.0,HiGHS LP
0.55,2025-03-21,29908.17074355736,633.0144666155004,15467.720693506193,15416.703550182516,2193.2706102546754,17609.974160437192,1,6000.0,6000.0,HiGHS LP
0.55,2025-03-22,29584.886356012496,1297.1732604457704,11960.859883124927,15094.878103713989,4724.538028073542,19819.41613178753,1,6000.0,6000.0,HiGHS LP
0.55,2025-03-23,65493.06363747099,1389.9627326354657,3984.3807862337385,39216.27384981085,5559.884422356492,44776.15827216735,1,6000.0,6000.0,HiGHS LP
0.55,2025-03-24,64021.16242344538,1165.2475244507898,3088.6965449959052,38320.096900177305,4314.061466810862,42634.158366988166,1,6000.0,6000.0,HiGHS LP
0.55,2025-03-25,64961.377296026156,2388.2068995053905,2291.8816698549354,38908.20997152396,9384.614218242208,48292.824189766165,1,6000.0,6000.0,HiGHS LP
0.55,2025-03-26,63534.679454356665,853.3964942042721,4697.306281901754,37886.9951961818,3494.476348571954,41381.47154475375,1,6000.0,6000.0,HiGHS LP
0.55,2025-03-27,62794.92587365203,2145.4690917453095,2136.191931477417,37466.01365672937,8577.806189682076,46043.81984641144,1,6000.0,6000.0,HiGHS LP
0.55,2025-03-28,28968.649802421536,717.4701120810902,15824.239147835962,14666.696787453931,2604.0366125869014,17270.733400040834,1,6000.0,6000.0,HiGHS LP
0.55,2025-03-29,29685.579256102923,363.9515700579404,19302.32164282753,15105.383520937732,1425.1927216899876,16530.57624262772,1,6000.0,6000.0,HiGHS LP
0.55,2025-03-30,60364.07003649743,1503.8246981093394,2495.3753607847125,35952.6235614725,6155.071079867226,42107.69464133972,1,6000.0,6000.0,HiGHS LP
0.55,2025-03-31,62024.33997414673,2353.4017916022462,3353.059758779386,36962.30221007072,9430.286647048288,46392.588857119,1,6000.0,6000.0,HiGHS LP
0.55,2025-04-01,60466.3864954297,5117.328146737364,1307.6878217065848,35907.20976635773,16772.276292565755,52679.48605892349,1,6000.0,6000.0,HiGHS LP
0.55,2025-04-02,60147.485445665254,6014.851429962899,1690.0663502192353,35810.602976593786,23320.921635060506,59131.52461165429,1,6000.0,6000.0,HiGHS LP
0.55,2025-04-03,60570.89933606208,1695.0889773686342,2328.154916636759,35933.27041488317,7533.252355106562,43466.52276998973,1,6000.0,6000.0,HiGHS LP
0.55,2025-04-04,27788.953456169274,742.2595143790793,19060.410720548356,13773.458039660825,2908.6793338239013,16682.137373484726,1,6000.0,6000.0,HiGHS LP
0.55,2025-04-05,27844.202797419028,2824.976913399535,15585.064727485227,13811.55725838905,11592.436963697302,25403.994222086352,1,6000.0,6000.0,HiGHS LP
0.55,2025-04-06,57373.52129007328,2387.0626412956126,1420.3054805301547,34221.78185521544,8566.648253491869,42788.43010870731,1,6000.0,6000.0,HiGHS LP
0.55,2025-04-07,58268.09832908097,2308.543091313714,3375.2124062917965,34693.8494931358,7849.767342069726,42543.616835205525,1,6000.0,6000.0,HiGHS LP
0.55,2025-04-08,59082.01737727267,1802.8946196697784,2567.3286440450606,35186.60847307254,7866.709754291503,43053.31822736404,1,6000.0,6000.0,HiGHS LP
0.55,2025-04-09,59884.95664923616,4533.94601910264,1272.9386040333218,35725.497251551424,16046.52902645732,51772.02627800874,1,6000.0,6000.0,HiGHS LP
0.55,2025-04-10,59397.90479162315,1737.8762234577794,2667.36543077626,35390.0903967798,7431.612892857948,42821.70328963775,1,6000.0,6000.0,HiGHS LP
0.55,2025-04-11,27500.429045122946,858.8738780204405,20002.65275647672,13567.074874666434,3325.1708163243543,16892.24569099079,1,6000.0,6000.0,HiGHS LP
0.55,2025-04-12,28015.265650349735,1235.8162280246765,17185.92132837441,13905.305772568248,5083.225749831423,18988.531522399673,1,6000.0,6000.0,HiGHS LP
0.55,2025-04-13,56551.325275613766,3256.3868607108416,1566.3254170779846,33656.52571650405,12560.061035755865,46216.586752259915,1,6000.0,6000.0,HiGHS LP
0.55,2025-04-14,55649.748221801776,2493.756248325052,1684.6637262370227,33064.7636609054,8893.853641423575,41958.617302328974,1,6000.0,6000.0,HiGHS LP
0.55,2025-04-15,55675.109435376005,2315.1006819409895,3922.274334083826,33080.7663018452,10397.909197558954,43478.675499404155,1,6000.0,6000.0,HiGHS LP
0.55,2025-04-16,55551.80183407388,4679.812707865742,580.3217074619698,33096.80687507987,16327.021601935896,49423.82847701576,1,6000.0,6000.0,HiGHS LP
0.55,2025-04-17,57496.62993620732,1549.3180558762822,2275.799611558281,34282.91550418631,6385.132596920914,40668.048101107226,1,6000.0,6000.0,HiGHS LP
0.55,2025-04-18,26661.969024160633,968.8791537540428,18236.73099458134,12959.666985694304,3476.8587241172336,16436.52570981154,1,6000.0,6000.0,HiGHS LP
0.55,2025-04-19,27224.276660387142,515.3591010393238,17914.956511426462,13369.480431650802,1671.4533662126153,15040.933797863418,1,6000.0,6000.0,HiGHS LP
0.55,2025-04-20,57184.83082700115,1550.410595954049,2904.4622436938603,33992.099732635,6253.522786169107,40245.622518804106,1,6000.0,6000.0,HiGHS LP
0.55,2025-04-21,57924.74758016034,530.846090462125,6108.139507548484,34400.83479651381,1575.638814053357,35976.47361056717,1,6000.0,6000.0,HiGHS LP
0.55,2025-04-22,54849.41343490753,2897.707266628019,1796.4982954238296,32598.24240487247,10193.717577100779,42791.959981973254,1,6000.0,6000.0,HiGHS LP
0.55,2025-04-23,58453.32108015189,1214.4877288071846,4459.192623402243,34776.683176432634,3613.8352428885046,38390.51841932114,1,6000.0,6000.0,HiGHS LP
0.55,2025-04-24,56442.50103104,514.7928966497009,6037.729923408696,33466.44346576751,1962.3717913222135,35428.81525708972,1,6000.0,6000.0,HiGHS LP
0.55,2025-04-25,26387.797435980203,490.0788426372965,21837.5186286175,12818.230689460635,1899.0540720596466,14717.284761520283,1,6000.0,6000.0,HiGHS LP
0.55,2025-04-26,25837.303571687884,1900.3222757461026,24627.18408888274,12382.512960144064,8041.414705154716,20423.92766529878,1,6000.0,6000.0,HiGHS LP
0.55,2025-04-27,53033.18935515832,2537.7316529771,3384.121472235794,31406.229849125244,10882.695752112075,42288.92560123732,1,6000.0,6000.0,HiGHS LP
0.55,2025-04-28,54861.851370856195,6828.015934986557,1370.4823672357209,32683.440975416797,26040.111827954715,58723.55280337151,1,6000.0,6000.0,HiGHS LP
0.55,2025-04-29,55987.89130738875,813.2519946393486,5591.438795362991,33218.22793399608,3343.8468492738966,36562.07478326998,1,6000.0,6000.0,HiGHS LP
0.55,2025-04-30,52898.468379016274,2427.938110310898,3456.8127309065753,31400.549456059634,8164.235340836522,39564.78479689616,1,6000.0,6000.0,HiGHS LP
0.55,2025-05-01,54074.16954213453,3904.4498215695976,3363.260378538337,32385.096325662078,18094.65347225482,50479.7497979169,1,6000.0,6000.0,HiGHS LP
0.55,2025-05-02,27422.182423073165,5160.074588179933,15251.936927919758,13700.495214500983,21866.702483100496,35567.19769760148,1,6000.0,6000.0,HiGHS LP
0.55,2025-05-03,28494.4057439692,1950.1515485307673,18537.38564249997,14527.225300451162,8856.382776021848,23383.60807647301,1,6000.0,6000.0,HiGHS LP
0.55,2025-05-04,56463.50043364485,2456.0208867802307,3564.41344850521,34338.61642922335,8541.170250973551,42879.78668019691,1,6000.0,6000.0,HiGHS LP
0.55,2025-05-05,54549.27922841848,5581.118339504894,1578.7270336539013,33263.687405921504,24777.849858901158,58041.53726482266,1,6000.0,6000.0,HiGHS LP
0.55,2025-05-06,56679.0511681553,3236.537491912213,3480.1568325691906,34536.2536584697,14087.269930954642,48623.523589424345,1,6000.0,6000.0,HiGHS LP
0.55,2025-05-07,57830.461691966746,2862.979355674336,2039.3858487976343,35244.472984287364,12776.569488778823,48021.04247306619,1,6000.0,6000.0,HiGHS LP
0.55,2025-05-08,56737.56958495415,4336.505065076783,1638.2177792495163,34663.29319826149,16603.660649320496,51266.953847581986,1,6000.0,6000.0,HiGHS LP
0.55,2025-05-09,28473.38427400418,831.3656268784434,17765.36405088262,14809.329777523195,3337.9684701574997,18147.298247680694,1,6000.0,6000.0,HiGHS LP
0.55,2025-05-10,26740.496699170588,3681.7616589932336,15261.213074830492,13335.245991205049,15499.409787387976,28834.655778593027,1,6000.0,6000.0,HiGHS LP
0.55,2025-05-11,59103.700753485486,2690.0174210970795,2647.6652024106875,36107.95626265909,10815.673432925465,46923.62969558456,1,6000.0,6000.0,HiGHS LP
0.55,2025-05-12,59755.06225218042,1699.0542212309422,5847.885527965638,36556.31387039949,4854.741058294929,41411.05492869442,1,6000.0,6000.0,HiGHS LP
0.55,2025-05-13,54436.80878413636,3438.231067563098,1319.6710957970645,33102.63894002309,15116.635590836335,48219.274530859424,1,6000.0,6000.0,HiGHS LP
0.55,2025-05-14,55908.15206187713,2644.320438276992,2033.2841660852732,33822.69016835968,10439.200015245577,44261.890183605254,1,6000.0,6000.0,HiGHS LP
0.55,2025-05-15,57136.434514689325,2124.002642019517,2967.056588346923,34837.56089478915,8397.85812946374,43235.41902425289,1,6000.0,6000.0,HiGHS LP
0.55,2025-05-16,28292.197518071946,583.3391817489498,23120.030166487566,14726.751418215208,1878.5524194788588,16605.303837694068,1,6000.0,6000.0,HiGHS LP
0.55,2025-05-17,28198.010877974855,2463.528340848128,17172.74013548965,14611.662234279138,10697.30032814444,25308.962562423578,1,6000.0,6000.0,HiGHS LP
0.55,2025-05-18,57570.24183274958,2628.382493560188,3070.3987787590086,35152.197376332544,8950.422890222633,44102.620266555175,1,6000.0,6000.0,HiGHS LP
0.55,2025-05-19,56717.99581631702,1180.2156154814081,6956.439394620109,34306.76552072562,5608.154402929168,39914.91992365479,1,6000.0,6000.0,HiGHS LP
0.55,2025-05-20,56441.78005422799,3013.9702439847306,1476.4634796147116,34233.583223369424,11991.929771313724,46225.512994683144,1,6000.0,6000.0,HiGHS LP
0.55,2025-05-21,55981.98986545338,2969.0407333145777,4180.072418361687,33942.381266902084,12466.625113036805,46409.00637993889,1,6000.0,6000.0,HiGHS LP
0.55,2025-05-22,57017.57060747589,881.2527211414547,3623.6528688765607,34676.42338016252,3740.3487929336516,38416.77217309618,1,6000.0,6000.0,HiGHS LP
0.55,2025-05-23,26997.1357310343,1517.7923865168457,19053.979234217815,13698.785826039919,6019.803348754651,19718.58917479457,1,6000.0,6000.0,HiGHS LP
0.55,2025-05-24,27323.854484349224,786.7995259214396,21316.152626937328,13886.361809590893,3063.566163708983,16949.927973299877,1,6000.0,6000.0,HiGHS LP
0.55,2025-05-25,54938.094657029644,1368.294964640577,4385.374993874788,33248.94445134246,5938.2096650915755,39187.15411643404,1,6000.0,6000.0,HiGHS LP
0.55,2025-05-26,54175.38011971295,5139.794041596671,1428.6490404989042,32853.97393275278,20686.844183107158,53540.81811585993,1,6000.0,6000.0,HiGHS LP
0.55,2025-05-27,55726.552116112114,1379.2870586697884,4285.673475295223,33886.8351212609,5440.307221009732,39327.14234227063,1,6000.0,6000.0,HiGHS LP
0.55,2025-05-28,56464.9861299499,3320.8579495053364,4078.6943411642933,34202.05469421701,12595.899670578572,46797.95436479559,1,6000.0,6000.0,HiGHS LP
0.55,2025-05-29,56311.36106809331,3519.8332636733076,2251.8850165424446,34159.94370977096,14948.554001692286,49108.49771146325,1,6000.0,6000.0,HiGHS LP
0.55,2025-05-30,27050.393544517607,1906.8460256983585,19321.0063035493,13817.95588905588,7415.605851307958,21233.56174036384,1,6000.0,6000.0,HiGHS LP
0.55,2025-05-31,27356.434121812643,1565.5022534276304,17492.754825240274,13887.490585289648,6018.191553542766,19905.682138832413,1,6000.0,6000.0,HiGHS LP
0.55,2025-06-01,60599.63747376896,14530.83156217058,319.23349488194447,36838.95086636687,55718.13233429483,92557.0832006617,1,6000.0,6000.0,HiGHS LP
0.55,2025-06-02,65892.10171682529,8184.746692006713,1813.7450656058827,41409.253851030386,32089.9666607815,73499.22051181189,1,6000.0,6000.0,HiGHS LP
0.55,2025-06-03,69212.6617370235,4087.930157193111,1306.895117856274,42992.41532147056,16747.01876377975,59739.43408525031,1,6000.0,6000.0,HiGHS LP
0.55,2025-06-04,72578.12173802778,3613.8579618700687,2520.034097854046,44959.811695551136,11317.306095057767,56277.1177906089,1,6000.0,6000.0,HiGHS LP
0.55,2025-06-05,73144.19464885605,4069.114434566825,2071.8604447115104,45370.76474704021,15468.19087930637,60838.95562634658,1,6000.0,6000.0,HiGHS LP
0.55,2025-06-06,35088.81058765405,5521.766526343691,6715.5817139977435,20084.115161475012,21265.116375979705,41349.23153745472,1,6000.0,6000.0,HiGHS LP
0.55,2025-06-07,35313.39952905626,2283.819816659166,3430.706179048755,19952.382921906745,8509.155744563403,28461.538666470147,1,6000.0,6000.0,HiGHS LP
0.55,2025-06-08,83588.83772336502,147.5852677821863,14118.116876450777,52368.42358373425,584.4023173009416,52952.82590103519,1,6000.0,6000.0,HiGHS LP
0.55,2025-06-09,75007.11626393213,3101.818223709521,3094.507333519942,46141.70772919134,12708.834795862887,58850.542525054225,1,6000.0,6000.0,HiGHS LP
0.55,2025-06-10,76800.9901498996,2109.3326089096054,3044.050556586635,47193.94030965809,8331.423840520805,55525.364150178895,1,6000.0,6000.0,HiGHS LP
0.55,2025-06-11,77038.14052691255,4677.997854003999,1380.1685702465247,47388.844177867155,20265.05606675865,67653.90024462581,1,6000.0,6000.0,HiGHS LP
0.55,2025-06-12,80917.85966530221,976.6952150632798,5099.595034730413,50506.90751820707,3789.3966375881414,54296.30415579521,1,6000.0,6000.0,HiGHS LP
0.55,2025-06-13,34451.2660951805,1610.7856395165397,4676.73803469704,19554.011971483502,6264.492946222308,25818.50491770581,1,6000.0,6000.0,HiGHS LP
0.55,2025-06-14,35194.513815428174,1269.2468111338098,7230.417876561984,19911.95366710626,4002.1449057646787,23914.09857287094,1,6000.0,6000.0,HiGHS LP
0.55,2025-06-15,76200.94856746483,2068.3886617162934,3399.2982554816263,47009.58952880613,7874.012869215005,54883.60239802113,1,6000.0,6000.0,HiGHS LP
0.55,2025-06-16,77266.64991555075,2178.837412264461,2484.2200263488603,47550.28676755822,8581.272312890284,56131.5590804485,1,6000.0,6000.0,HiGHS LP
0.55,2025-06-17,78297.40265035478,3429.4263098575584,2783.5707908851577,48283.66590668622,14019.493368107924,62303.15927479415,1,6000.0,6000.0,HiGHS LP
0.55,2025-06-18,79016.08487930766,1273.1888759710573,5027.57828478169,48799.60243972573,5045.7224531541415,53845.32489287987,1,6000.0,6000.0,HiGHS LP
0.55,2025-06-19,77011.12269074345,1297.621318458363,5797.6889977854535,47644.60863311375,5350.986441824367,52995.595074938115,1,6000.0,6000.0,HiGHS LP
0.55,2025-06-20,34933.48150299466,374.1492072848938,9867.04986027955,19947.999857213217,1210.7447967514922,21158.74465396471,1,6000.0,6000.0,HiGHS LP
0.55,2025-06-21,34857.676137624556,559.340301554199,13042.276039178754,19755.8320898838,2084.007505167905,21839.839595051704,1,6000.0,6000.0,HiGHS LP
0.55,2025-06-22,74929.15871927944,1762.5292492771314,4988.383592440836,45766.470532492414,7186.9034658457795,52953.3739983382,1,6000.0,6000.0,HiGHS LP
0.55,2025-06-23,76380.07443779611,1021.4644645794547,6093.4498928308485,47009.353196823824,4549.272487636457,51558.62568446028,1,6000.0,6000.0,HiGHS LP
0.55,2025-06-24,71534.47267695113,9291.323542103626,377.59794035023907,43517.81336004811,37086.57117819067,80604.38453823878,1,6000.0,6000.0,HiGHS LP
0.55,2025-06-25,79475.60637075255,1272.28759666396,5945.284464452729,49238.09200359673,4604.27039491089,53842.36239850762,1,6000.0,6000.0,HiGHS LP
0.55,2025-06-26,76841.04368892043,1454.2938074846538,6398.090900324298,47232.06492893019,6223.034703826945,53455.099632757134,1,6000.0,6000.0,HiGHS LP
0.55,2025-06-27,33875.01173706233,383.4710653769058,11446.836935772568,19049.14701411719,1537.2168674256986,20586.363881542886,1,6000.0,6000.0,HiGHS LP
0.55,2025-06-28,34086.8785692125,565.1970650380183,9835.14951758385,19156.772403308398,1599.5296014295288,20756.302004737925,1,6000.0,6000.0,HiGHS LP
0.55,2025-06-29,77274.31965373168,1644.3701900273022,5321.57714330052,47611.23658351095,5389.073818523799,53000.31040203475,1,6000.0,6000.0,HiGHS LP
0.55,2025-06-30,77100.99586283497,1813.145410525453,4719.85144258077,47497.30368063284,6754.303373161127,54251.60705379397,1,6000.0,6000.0,HiGHS LP
0.55,2025-07-01,82483.81152367865,6079.504124553089,5304.164379300239,51510.349360414795,20589.106794952764,72099.45615536756,1,6000.0,6000.0,HiGHS LP
0.55,2025-07-02,86060.49818938656,2109.786350293616,10874.085199711324,54502.506269243764,5441.744918590682,59944.251187834445,1,6000.0,6000.0,HiGHS LP
0.55,2025-07-03,84711.26722282477,2977.707823779455,3597.536186357649,53633.01774152734,9771.612814796486,63404.63055632383,1,6000.0,6000.0,HiGHS LP
0.55,2025-07-04,41466.2045023884,1960.6118658148011,11505.94890153654,24779.523250676088,5961.634570690945,30741.157821367033,1,6000.0,6000.0,HiGHS LP
0.55,2025-07-05,43189.970277907254,1042.136493235968,12402.026804476556,25750.737951147603,3079.442033088334,28830.179984235936,1,6000.0,6000.0,HiGHS LP
0.55,2025-07-06,82019.5787207798,4020.1267820355306,2012.5266449566989,51404.60673696686,16661.88942551067,68066.49616247753,1,6000.0,6000.0,HiGHS LP
0.55,2025-07-07,84861.69135484789,810.6542751793704,7980.653979219146,53168.67938496615,2218.0510184266686,55386.730403392816,1,6000.0,6000.0,HiGHS LP
0.55,2025-07-08,86407.10171285452,807.7652454908845,7393.152153029438,54164.994012319345,3386.924787361046,57551.91879968039,1,6000.0,6000.0,HiGHS LP
0.55,2025-07-09,80398.48908784817,1786.5361577736692,3969.0426869888447,50267.74400652984,6916.892811391193,57184.63681792104,1,6000.0,6000.0,HiGHS LP
0.55,2025-07-10,79816.31591683565,1513.8798896833423,4313.846745348748,49969.2003719816,5582.13777657275,55551.33814855435,1,6000.0,6000.0,HiGHS LP
0.55,2025-07-11,41956.623721354306,2717.2707011718408,9115.117272526146,24603.901599652087,9216.326849438605,33820.22844909069,1,6000.0,6000.0,HiGHS LP
0.55,2025-07-12,42534.42517301417,1291.3988489127096,9701.58068859354,24889.051236550156,4899.233788692225,29788.28502524238,1,6000.0,6000.0,HiGHS LP
0.55,2025-07-13,76956.40961515394,1651.6045991622937,5387.266745896255,48144.66747718457,7081.47863107216,55226.14610825673,1,6000.0,6000.0,HiGHS LP
0.55,2025-07-14,71782.5517390359,4757.44055411111,999.1520857040515,45259.88819844799,19628.829198898195,64888.71739734618,1,6000.0,6000.0,HiGHS LP
0.55,2025-07-15,75605.89059358794,4345.617604054323,3369.9262225847588,47611.076210411135,14706.319647462391,62317.395857873526,1,6000.0,6000.0,HiGHS LP
0.55,2025-07-16,75507.98006171675,4097.076437189107,3500.199012182134,47365.70181535493,14256.709404821635,61622.41122017657,1,6000.0,6000.0,HiGHS LP
0.55,2025-07-17,75022.13560968637,3488.918358352676,1931.5535668902228,47182.77055297384,14812.750427086661,61995.5209800605,1,6000.0,6000.0,HiGHS LP
0.55,2025-07-18,40590.91823447609,3129.458765288024,9406.12889976412,23585.620733675616,11975.097512448227,35560.71824612384,1,6000.0,6000.0,HiGHS LP
0.55,2025-07-19,40664.0375469934,1978.0002222470707,12419.218719240482,23655.64619982203,7667.696270946391,31323.34247076842,1,6000.0,6000.0,HiGHS LP
0.55,2025-07-20,75210.30545582822,3184.8146253288423,2501.542216817151,47443.77267962975,11638.220468959888,59081.99314858964,1,6000.0,6000.0,HiGHS LP
0.55,2025-07-21,73703.33204443814,5330.578850082689,1264.3554346244373,46373.69225225385,19851.724377619183,66225.41662987304,1,6000.0,6000.0,HiGHS LP
0.55,2025-07-22,77719.12001698861,2936.987290178369,2847.9598687061607,48589.99089019441,11775.470673797128,60365.461563991536,1,6000.0,6000.0,HiGHS LP
0.55,2025-07-23,78147.91227271923,2850.631295117789,2774.720264309811,48989.79915523866,11294.862994483969,60284.66214972263,1,6000.0,6000.0,HiGHS LP
0.55,2025-07-24,76776.8679009189,3916.3286736382142,3099.4489566379552,48103.41668175879,15367.48782789317,63470.90450965196,1,6000.0,6000.0,HiGHS LP
0.55,2025-07-25,42111.338650115904,492.44020816544946,13058.459291614687,24741.36296439596,2166.276727266717,26907.639691662676,1,6000.0,6000.0,HiGHS LP
0.55,2025-07-26,42269.65264254277,1297.3904984964124,12057.951574372517,24711.33808272992,4441.1441783737655,29152.482261103683,1,6000.0,6000.0,HiGHS LP
0.55,2025-07-27,78027.45488424474,2338.7502773006972,2678.65253213515,48830.54804746623,10206.94732844222,59037.49537590845,1,6000.0,6000.0,HiGHS LP
0.55,2025-07-28,78757.33050317696,4999.491830470234,1773.6408791771578,49329.32061931364,19419.7564294661,68749.07704877974,1,6000.0,6000.0,HiGHS LP
0.55,2025-07-29,78828.18587973213,3891.1226879610804,2595.873952787626,49229.62905584695,14549.972128971574,63779.60118481852,1,6000.0,6000.0,HiGHS LP
0.55,2025-07-30,78818.2843791793,2655.052361288133,3309.0917219696294,49194.73739626617,11238.497885348917,60433.23528161509,1,6000.0,6000.0,HiGHS LP
0.55,2025-07-31,76987.94843329515,3326.2942070312974,1601.6640267500102,48137.06256377211,14082.617663939034,62219.68022771114,1,6000.0,6000.0,HiGHS LP
0.55,2025-08-01,40746.949015476974,948.6824267087594,17404.271775519068,23777.191225530678,3352.060822312862,27129.25204784354,1,6000.0,6000.0,HiGHS LP
0.55,2025-08-02,39047.622754053,1301.8798961761918,16382.477716895863,22468.94853209299,5767.691305700173,28236.639837793162,1,6000.0,6000.0,HiGHS LP
0.55,2025-08-03,72968.55247836633,1123.9984270327102,7521.9895535174755,46115.77486783375,4660.121484285264,50775.896352119016,1,6000.0,6000.0,HiGHS LP
0.55,2025-08-04,71969.42663725541,900.2400659090804,3656.173944256575,45580.09655433518,3497.6427946679214,49077.739349003095,1,6000.0,6000.0,HiGHS LP
0.55,2025-08-05,71235.84610521347,1508.3702140823727,3812.0028382106602,45199.19259383992,5992.266351657628,51191.45894549755,1,6000.0,6000.0,HiGHS LP
0.55,2025-08-06,68409.2123725593,5210.011946294052,1827.8865991690552,43471.65659823264,21112.40115823206,64584.0577564647,1,6000.0,6000.0,HiGHS LP
0.55,2025-08-07,74921.18017964781,521.6843789136619,8269.14494410097,47497.63802829155,1702.8300104893506,49200.4680387809,1,6000.0,6000.0,HiGHS LP
0.55,2025-08-08,39205.81602431409,896.2197947488146,21286.8645690629,22686.696668073855,3680.205563853677,26366.902231927532,1,6000.0,6000.0,HiGHS LP
0.55,2025-08-09,38356.08309292259,2661.1704197458,19055.32451266839,22015.695228906097,10333.950953222202,32349.6461821283,1,6000.0,6000.0,HiGHS LP
0.55,2025-08-10,66884.96128997058,3901.6100908936573,1847.5967182272877,42658.170397311544,14390.499669060102,57048.67006637165,1,6000.0,6000.0,HiGHS LP
0.55,2025-08-11,70760.19816903505,1882.60182784577,4330.377959955289,44929.93660151187,7777.983840863042,52707.92044237492,1,6000.0,6000.0,HiGHS LP
0.55,2025-08-12,68975.17796364985,4345.2159069642985,1859.7759112957242,43913.31504155364,18243.905018555743,62157.22006010938,1,6000.0,6000.0,HiGHS LP
0.55,2025-08-13,69496.49951495652,2910.056102474935,2560.5020388671824,43852.23529037225,11931.961163176857,55784.196453549106,1,6000.0,6000.0,HiGHS LP
0.55,2025-08-14,67945.6061139087,3746.969561788258,2075.21601951497,43218.638609599366,16029.32540945492,59247.964019054285,1,6000.0,6000.0,HiGHS LP
0.55,2025-08-15,39750.71911296715,1072.1784255589878,20623.170655192796,23131.156067057134,3751.7974073868268,26882.953474443962,1,6000.0,6000.0,HiGHS LP
0.55,2025-08-16,40695.02725766575,833.9328340606106,21559.679725059694,23737.33452494861,3921.543099702075,27658.877624650682,1,6000.0,6000.0,HiGHS LP
0.55,2025-08-17,65741.88602641094,3547.308636960496,2526.5378438127254,41892.05840230647,14779.214816282161,56671.273218588634,1,6000.0,6000.0,HiGHS LP
0.55,2025-08-18,68065.51065034603,2903.822063803047,2875.9763121554524,43547.816760667774,13523.201872274189,57071.01863294197,1,6000.0,6000.0,HiGHS LP
0.55,2025-08-19,65872.89052982796,3440.6109755981997,1331.1812692772646,42092.06776453346,13438.9590730699,55531.02683760336,1,6000.0,6000.0,HiGHS LP
0.55,2025-08-20,68214.4275915522,7715.13395152913,1559.3675290990752,43585.46804780264,31585.6499649439,75171.11801274653,1,6000.0,6000.0,HiGHS LP
0.55,2025-08-21,70750.86471595684,2429.628959119208,3480.8326639196544,44884.86119932849,9614.177977515417,54499.0391768439,1,6000.0,6000.0,HiGHS LP
0.55,2025-08-22,40432.45907279778,2859.0150109508445,19020.90468374861,23595.76887130965,11833.88516817162,35429.65403948127,1,6000.0,6000.0,HiGHS LP
0.55,2025-08-23,39556.53727046584,1698.8300250305158,15685.36114549635,22939.934934216515,7019.06082569885,29958.995759915364,1,6000.0,6000.0,HiGHS LP
0.55,2025-08-24,67643.9580227181,3733.311481088187,3951.81248485461,42851.387267508544,16434.714678960205,59286.10194646875,1,6000.0,6000.0,HiGHS LP
0.55,2025-08-25,67656.1971251614,7994.781529816997,1174.3914327907064,43183.33553166391,31477.39546288591,74660.73099454983,1,6000.0,6000.0,HiGHS LP
0.55,2025-08-26,68982.58233464866,2923.0191940872555,2621.5956169265355,43531.63837108063,12593.851907861976,56125.49027894261,1,6000.0,6000.0,HiGHS LP
0.55,2025-08-27,66967.25681131183,5714.399460552539,1072.4444824975621,42548.47382791899,24774.744102470915,67323.2179303899,1,6000.0,6000.0,HiGHS LP
0.55,2025-08-28,69922.44029573412,6280.2534741526715,1638.9234638743042,44217.900195327325,24891.656135766,69109.55633109332,1,6000.0,6000.0,HiGHS LP
0.55,2025-08-29,37941.15397367685,3147.0905915181183,15493.024215194968,21899.426561209522,12976.711221560765,34876.13778277029,1,6000.0,6000.0,HiGHS LP
0.55,2025-08-30,38805.044908844044,2868.61711064891,20120.942186159617,22527.967739836793,11112.179821624373,33640.14756146117,1,6000.0,6000.0,HiGHS LP
0.55,2025-08-31,69715.08555623006,3343.7508924700523,2619.0580619917164,44341.30237056967,12914.54814385105,57255.850514420716,1,6000.0,6000.0,HiGHS LP
0.55,2025-09-01,64923.995551141896,1506.9306114444903,9211.689296101851,41284.747353107814,5245.122047255795,46529.86940036361,1,6000.0,6000.0,HiGHS LP
0.55,2025-09-02,53649.181951206745,5367.990893566845,1491.5717439815458,33706.70839092756,22663.542909197262,56370.25130012482,1,6000.0,6000.0,HiGHS LP
0.55,2025-09-03,55677.73047891114,4868.339340909841,1364.0276245160615,35019.03626833339,18665.378273863425,53684.41454219681,1,6000.0,6000.0,HiGHS LP
0.55,2025-09-04,55779.76635562631,4018.433098568017,2245.53109318402,34943.51483225458,16702.14191008341,51645.65674233799,1,6000.0,6000.0,HiGHS LP
0.55,2025-09-05,32238.562045702507,531.3826330654115,22905.683012101254,17775.292694941534,1954.4460287169704,19729.738723658505,1,6000.0,6000.0,HiGHS LP
0.55,2025-09-06,33542.7891986392,482.30449617721285,23264.009994816413,18689.062202763223,1825.336621494889,20514.39882425811,1,6000.0,6000.0,HiGHS LP
0.55,2025-09-07,56007.659932550334,3788.414589598161,1125.2994682769038,35009.93186246055,14896.437023765295,49906.36888622584,1,6000.0,6000.0,HiGHS LP
0.55,2025-09-08,48783.54564274868,14465.014933011986,231.83218333333343,29901.153156261265,56195.78956030893,86096.94271657019,1,6000.0,6000.0,HiGHS LP
0.55,2025-09-09,59464.51901519761,2343.42021115249,4895.71917704897,36793.827841585495,9289.023652615066,46082.85149420056,1,6000.0,6000.0,HiGHS LP
0.55,2025-09-10,58297.02854545077,7456.624644974481,637.4514159805374,36248.768197626145,31912.12628586847,68160.89448349462,1,6000.0,6000.0,HiGHS LP
0.55,2025-09-11,60297.265540058244,2180.4921602581962,5099.441686733682,37131.3573949371,9112.086923151825,46243.44431808892,1,6000.0,6000.0,HiGHS LP
0.55,2025-09-12,31015.271415959465,1597.6339031590094,18021.249119118478,16836.362442028258,5625.09975476396,22461.462196792218,1,6000.0,6000.0,HiGHS LP
0.55,2025-09-13,31036.112134801533,1298.5065085853405,21287.517160053543,16824.313520880067,4768.065322009727,21592.378842889793,1,6000.0,6000.0,HiGHS LP
0.55,2025-09-14,59099.275434720344,5774.136876637272,725.440615771728,36661.49679971414,21968.097013787068,58629.59381350121,1,6000.0,6000.0,HiGHS LP
0.55,2025-09-15,63559.045356087765,1203.2761131824373,5643.766944374931,39405.14597058004,4475.183679540857,43880.3296501209,1,6000.0,6000.0,HiGHS LP
0.55,2025-09-16,61245.43711658577,3843.756566385717,1509.210864492008,38032.57844812375,12059.674318642987,50092.25276676674,1,6000.0,6000.0,HiGHS LP
0.55,2025-09-17,66014.16710754405,2237.3781930946357,4173.2177922179,41214.31291942759,9375.470176265479,50589.78309569307,1,6000.0,6000.0,HiGHS LP
0.55,2025-09-18,63667.96458543822,2200.1640573530813,2820.1674943729736,39592.50013122228,9664.79665166575,49257.296782888036,1,6000.0,6000.0,HiGHS LP
0.55,2025-09-19,32391.56852622656,1254.7693449992234,14504.985554559113,17799.383665977177,3752.4753140490493,21551.858980026227,1,6000.0,6000.0,HiGHS LP
0.55,2025-09-20,33446.32778963706,1087.3943756854983,15848.288431989222,18515.453730629633,4136.4032460618655,22651.8569766915,1,6000.0,6000.0,HiGHS LP
0.55,2025-09-21,64979.52465427966,2001.3679617656182,4601.708786293768,40385.53931289484,6576.152305656461,46961.691618551304,1,6000.0,6000.0,HiGHS LP
0.55,2025-09-22,63093.40425312001,2858.764251739659,1266.1426932346124,39158.73515035403,9491.184624943551,48649.919775297574,1,6000.0,6000.0,HiGHS LP
0.55,2025-09-23,64460.46613554866,3150.2875954557867,1423.0711444797762,40059.86088617772,13532.972167757813,53592.83305393553,1,6000.0,6000.0,HiGHS LP
0.55,2025-09-24,63342.97563059535,3231.7004145192523,1431.671620456549,39245.43425245988,10854.062843010139,50099.497095470026,1,6000.0,6000.0,HiGHS LP
0.55,2025-09-25,65717.48369621557,1607.746304636963,2915.6458746223984,40922.92504615405,5453.9527511789565,46376.87779733301,1,6000.0,6000.0,HiGHS LP
0.55,2025-09-26,34613.364891406556,473.93299356265715,14353.054384969215,19335.047255384612,1440.4279377372477,20775.47519312186,1,6000.0,6000.0,HiGHS LP
0.55,2025-09-27,33439.52765152852,2998.694685007193,15596.920086535716,18406.425366862604,11586.220966443147,29992.64633330575,1,6000.0,6000.0,HiGHS LP
0.55,2025-09-28,67276.84463116244,2312.261330030004,2006.1332430291309,41830.860305638686,9389.78157323676,51220.641878875445,1,6000.0,6000.0,HiGHS LP
0.55,2025-09-29,68194.81421903757,1295.4278502041175,2629.0963330020445,42473.435942315555,5035.6619476462565,47509.09788996181,1,6000.0,6000.0,HiGHS LP
0.55,2025-09-30,69682.07034110074,2215.929242847851,2368.0667679442276,43491.59376246256,9818.512714230646,53310.1064766932,1,6000.0,6000.0,HiGHS LP
0.55,2025-10-01,68980.04325791707,135.1264699064791,15341.176689757434,42914.337110376844,349.2483712864596,43263.58548166331,1,6000.0,6000.0,HiGHS LP
0.55,2025-10-02,66371.29244591542,594.3872884601831,11152.373267285166,40923.74540827028,1386.7968979379996,42310.542306208285,1,6000.0,6000.0,HiGHS LP
0.55,2025-10-03,31057.19264865677,546.9040057212214,20746.94295437799,16574.61169406693,1353.8527843203583,17928.46447838729,1,6000.0,6000.0,HiGHS LP
0.55,2025-10-04,31457.08147258389,914.2299718331869,16235.329011083744,16778.064757709384,2897.4458193407595,19675.510577050143,1,6000.0,6000.0,HiGHS LP
0.55,2025-10-05,65441.19026892751,518.420685965077,7138.926131307251,40280.92516831527,1119.7883882697204,41400.71355658499,1,6000.0,6000.0,HiGHS LP
0.55,2025-10-06,65746.65488875247,307.25629773902835,4239.374713015588,40450.60260625212,875.4696301891142,41326.072236441236,1,6000.0,6000.0,HiGHS LP
0.55,2025-10-07,65061.81655530895,529.9379106115684,3738.1284214873217,39940.506043594374,1824.273003778569,41764.77904737294,1,6000.0,6000.0,HiGHS LP
0.55,2025-10-08,65503.740578212724,584.7394101512537,5522.550364972183,39691.33871867503,2202.644288389377,41893.98300706441,1,6000.0,6000.0,HiGHS LP
0.55,2025-10-09,63486.65190941911,812.9849337500356,4473.3938103594055,38423.91294817058,3676.040260430162,42099.953208600746,1,6000.0,6000.0,HiGHS LP
0.55,2025-10-10,31613.644970681256,506.1059682231255,19736.140022237712,16372.65739075853,1826.691557422186,18199.348948180716,1,6000.0,6000.0,HiGHS LP
0.55,2025-10-11,32126.580525185174,461.4600392769834,15441.72698112882,16544.266165153076,2081.859220844676,18626.12538599775,1,6000.0,6000.0,HiGHS LP
0.55,2025-10-12,62811.21089542418,1973.7991093397109,2207.150767261164,38085.2751238955,7770.668233143622,45855.94335703913,1,6000.0,6000.0,HiGHS LP
0.55,2025-10-13,62646.426499984365,1273.0704303025109,2831.8562110015255,38078.97879441048,5240.589206129986,43319.56800054047,1,6000.0,6000.0,HiGHS LP
0.55,2025-10-14,62389.51373886492,3232.768258391236,788.7764819733907,37888.24189272482,13745.67120085057,51633.91309357539,1,6000.0,6000.0,HiGHS LP
0.55,2025-10-15,63383.68784502993,3354.6845439155613,756.5480215385842,38596.37648921572,13202.217568940998,51798.59405815672,1,6000.0,6000.0,HiGHS LP
0.55,2025-10-16,64153.29286032432,4003.575630833569,1117.8576487762969,39130.07780674954,17198.8210282356,56328.89883498514,1,6000.0,6000.0,HiGHS LP
0.55,2025-10-17,32364.254059679828,1225.8477098945457,14465.226707260237,16760.64121051524,5443.755939205747,22204.39714972099,1,6000.0,6000.0,HiGHS LP
0.55,2025-10-18,31965.287011192668,1796.20253975917,14600.298123330638,16547.438316639098,6910.598739940436,23458.037056579535,1,6000.0,6000.0,HiGHS LP
0.55,2025-10-19,65184.638637234806,3965.6255431409013,1173.4483696633843,39634.0835742443,17595.490247129193,57229.573821373495,1,6000.0,6000.0,HiGHS LP
0.55,2025-10-20,65964.84575808755,3521.609802439437,940.7435490006233,40265.759411254316,15726.583717185347,55992.343128439665,1,6000.0,6000.0,HiGHS LP
0.55,2025-10-21,66465.93007765402,4778.071443576133,673.7779270002318,40591.55679401786,18479.197103348994,59070.753897366856,1,6000.0,6000.0,HiGHS LP
0.55,2025-10-22,66820.18540891001,3851.179662755737,999.7527887290794,40626.05191351246,17055.085854232093,57681.137767744556,1,6000.0,6000.0,HiGHS LP
0.55,2025-10-23,68489.80139266752,1525.6246811900683,2514.329690321258,41879.69611441284,6501.7170193512175,48381.41313376406,1,6000.0,6000.0,HiGHS LP
0.55,2025-10-24,31829.173223001504,1757.0401198521104,12019.94777034286,16373.660182974978,7674.224930250614,24047.88511322559,1,6000.0,6000.0,HiGHS LP
0.55,2025-10-25,32527.383673609205,1347.1613480068522,11319.512980324767,16917.860211091564,5368.455179463754,22286.31539055532,1,6000.0,6000.0,HiGHS LP
0.55,2025-10-26,69357.27853271496,1104.9891204246762,1754.9982776492288,42543.508102945816,4192.385010972103,46735.89311391792,1,6000.0,6000.0,HiGHS LP
0.55,2025-10-27,68667.40269127123,2418.1735886270953,3382.0212080742476,41918.52076263874,10152.740693169784,52071.261455808526,1,6000.0,6000.0,HiGHS LP
0.55,2025-10-28,69122.30322737104,2237.1784497570775,1219.8017427865336,42330.13228881759,9054.612991031168,51384.745279848765,1,6000.0,6000.0,HiGHS LP
0.55,2025-10-29,70408.38484462646,4136.664269401896,1001.2219226889486,43237.58526188409,16531.638959190666,59769.22422107475,1,6000.0,6000.0,HiGHS LP
0.55,2025-10-30,71506.95394513426,801.2635769812384,3204.3515959653587,44036.507422412826,3310.018407739621,47346.525830152445,1,6000.0,6000.0,HiGHS LP
0.55,2025-10-31,33940.841887891555,1643.9134087639404,8399.42379386532,17878.02502516991,5625.575205614769,23503.60023078468,1,6000.0,6000.0,HiGHS LP
0.55,2025-11-01,34331.823481318206,595.5429817223103,9075.074215657562,18108.621590075425,1906.3553017106938,20014.97689178612,1,6000.0,6000.0,HiGHS LP
0.55,2025-11-02,72560.25134477866,1770.737712384136,1156.996342609726,44536.28428883107,7751.470065250178,52287.75435408125,1,6000.0,6000.0,HiGHS LP
0.55,2025-11-03,73399.13659316348,2429.5838085282776,1886.0961084496953,45218.6915396211,7851.303837705091,53069.99537732619,1,6000.0,6000.0,HiGHS LP
0.55,2025-11-04,75208.49565768059,976.49090012378,4139.072197444882,46430.73305521332,4081.0599946482826,50511.793049861604,1,6000.0,6000.0,HiGHS LP
0.55,2025-11-05,75773.51136800923,870.1336633651663,2506.6368217814843,46989.37573534329,3038.088551483842,50027.46428682713,1,6000.0,6000.0,HiGHS LP
0.55,2025-11-06,73084.29525692205,3832.017282027532,1126.4267078917644,44886.54031488254,16012.628470572594,60899.168785455135,1,6000.0,6000.0,HiGHS LP
0.55,2025-11-07,33876.24944503751,1065.8482440121531,8300.027278182262,17803.299480730184,4594.594573473538,22397.894054203723,1,6000.0,6000.0,HiGHS LP
0.55,2025-11-08,34908.87414865615,315.9262950985817,8074.142293121546,18468.307394889256,1047.096740697291,19515.40413558655,1,6000.0,6000.0,HiGHS LP
0.55,2025-11-09,75415.97906612357,1797.7599984358412,1429.6637659613802,46564.552777251796,7117.809986483153,53682.36276373495,1,6000.0,6000.0,HiGHS LP
0.55,2025-11-10,77147.99517790636,2261.085388221821,1115.777657950292,47898.60928442242,8347.78854250005,56246.39782692247,1,6000.0,6000.0,HiGHS LP
0.55,2025-11-11,76987.40028925102,1013.0500763991924,2007.1276199806748,47725.121310546674,4011.7061190872573,51736.82742963393,1,6000.0,6000.0,HiGHS LP
0.55,2025-11-12,78361.06344675293,570.3084904053827,3553.7539241122277,48861.56456585236,2482.765932841544,51344.330498693904,1,6000.0,6000.0,HiGHS LP
0.55,2025-11-13,77780.61502237504,1480.404119338444,2440.0168651016124,48511.04398154747,5323.179125848511,53834.22310739598,1,6000.0,6000.0,HiGHS LP
0.55,2025-11-14,35046.60372444222,937.8662665239758,4983.137221083874,18583.336637445776,2846.196017662024,21429.5326551078,1,6000.0,6000.0,HiGHS LP
0.55,2025-11-15,35486.094533543575,651.8681884028463,4494.911398950528,18816.065416249876,2521.778129351581,21337.843545601456,1,6000.0,6000.0,HiGHS LP
0.55,2025-11-16,78529.06872546587,2068.2102177512124,1752.1253691577522,48917.84947639309,8097.206147545585,57015.05562393867,1,6000.0,6000.0,HiGHS LP
0.55,2025-11-17,80825.91475157344,429.19943934449475,4119.294948500637,50752.79798409853,1378.2437329584493,52131.04171705698,1,6000.0,6000.0,HiGHS LP
0.55,2025-11-18,77341.00133828374,2917.3589371751223,953.1580738675187,47971.92433792054,10546.274413251978,58518.198751172524,1,6000.0,6000.0,HiGHS LP
0.55,2025-11-19,79288.07472440597,1758.568131173915,1255.831281341048,49479.260808829145,6977.812928552273,56457.07373738142,1,6000.0,6000.0,HiGHS LP
0.55,2025-11-20,80381.7090637513,1343.2705111823764,2493.624383548883,50464.538952049676,4983.120545031301,55447.659497080975,1,6000.0,6000.0,HiGHS LP
0.55,2025-11-21,35809.63606894797,748.8515461019772,4196.699112151396,19016.217036865117,2116.8547719336702,21133.071808798788,1,6000.0,6000.0,HiGHS LP
0.55,2025-11-22,35326.35191007839,1063.7331663761,2699.4507461323856,18638.214307269736,3767.143083326364,22405.357390596102,1,6000.0,6000.0,HiGHS LP
0.55,2025-11-23,80786.98062397634,1796.1243621929161,2903.577525537407,50595.24475173354,7429.985992655708,58025.23074438925,1,6000.0,6000.0,HiGHS LP
0.55,2025-11-24,81233.57298576547,998.81642097099,3643.579642720264,51022.441683671146,3718.728279508083,54741.16996317923,1,6000.0,6000.0,HiGHS LP
0.55,2025-11-25,82224.90107375148,827.909388556724,2408.5356916727706,51729.172471176294,2981.241785485602,54710.4142566619,1,6000.0,6000.0,HiGHS LP
0.55,2025-11-26,81187.12576771359,1538.884262425439,1528.090209792104,50904.095906511386,5781.792921862084,56685.88882837347,1,6000.0,6000.0,HiGHS LP
0.55,2025-11-27,82722.25545020634,784.2537773641624,3208.103568282104,52117.91557285485,3199.3070595977615,55317.22263245261,1,6000.0,6000.0,HiGHS LP
0.55,2025-11-28,35597.39255146319,1365.1348488769636,2529.7477182736993,18833.59789682889,5341.105602424649,24174.70349925354,1,6000.0,6000.0,HiGHS LP
0.55,2025-11-29,37144.03059872548,3339.958771857546,1964.8561357878457,19827.503918112343,11235.86769204088,31063.371610153223,1,6000.0,6000.0,HiGHS LP
0.55,2025-11-30,85149.82006085549,1341.561683097331,1576.4031622095567,53748.02646419268,4771.712540555873,58519.73900474855,1,6000.0,6000.0,HiGHS LP
0.55,2025-12-01,84238.40153845234,7199.37691792015,502.25142978494443,53052.83813902593,26759.774057800438,79812.61219682638,1,6000.0,6000.0,HiGHS LP
0.55,2025-12-02,89340.16521517589,5200.953109306432,1184.975041148988,57158.432844606185,18428.35217264926,75586.78501725545,1,6000.0,6000.0,HiGHS LP
0.55,2025-12-03,89961.08728642724,3325.817808133397,1405.823194560624,56908.79327556056,11702.963323151213,68611.75659871177,1,6000.0,6000.0,HiGHS LP
0.55,2025-12-04,91625.62682205543,1734.0065488568325,1870.0912875789288,58298.40403971052,6706.833781562438,65005.23782127296,1,6000.0,6000.0,HiGHS LP
0.55,2025-12-05,45997.06873261712,1814.6377777627804,2480.9093779978525,23883.94569028518,7633.317684141154,31517.263374426337,1,6000.0,6000.0,HiGHS LP
0.55,2025-12-06,47946.68877457388,1622.716031274589,1842.2181561921582,25020.530876446413,5444.655125758191,30465.186002204606,1,6000.0,6000.0,HiGHS LP
0.55,2025-12-07,93928.06163425995,1299.4950923608405,2818.715270562674,59954.02067354049,5070.845630372254,65024.86630391275,1,6000.0,6000.0,HiGHS LP
0.55,2025-12-08,91189.4506435435,3525.0444701409274,2148.9506636844276,57166.704477977764,15219.212153120941,72385.9166310987,1,6000.0,6000.0,HiGHS LP
0.55,2025-12-09,94988.82423281607,1035.925897965477,3847.6691850389852,60561.65578192944,4893.154428482925,65454.81021041237,1,6000.0,6000.0,HiGHS LP
0.55,2025-12-10,92707.0234700943,2191.752627633312,1748.8800031758046,58912.17781895303,8001.302287666405,66913.48010661943,1,6000.0,6000.0,HiGHS LP
0.55,2025-12-11,95788.30517827018,365.6142466937713,5372.112498959961,61361.142603754444,1214.296209303609,62575.438813058056,1,6000.0,6000.0,HiGHS LP
0.55,2025-12-12,45977.137740357,2926.3028069681263,1246.89337549327,23850.79061987523,10129.695859399257,33980.48647927449,1,6000.0,6000.0,HiGHS LP
0.55,2025-12-13,51016.99363720504,618.1358848369323,3755.2535812200567,26728.241953396595,2640.527681156087,29368.769634552682,1,6000.0,6000.0,HiGHS LP
0.55,2025-12-14,95160.96263887077,754.1805780030408,2329.751402156189,60773.5323617807,3036.1569818101907,63809.68934359089,1,6000.0,6000.0,HiGHS LP
0.55,2025-12-15,95620.62494246714,1076.3923600690828,2412.5069734767376,61128.40299786865,3797.7223125218297,64926.12531039048,1,6000.0,6000.0,HiGHS LP
0.55,2025-12-16,94849.2233961135,1252.2468651168383,1883.5999355717513,60464.5803819585,4798.352331731696,65262.93271369019,1,6000.0,6000.0,HiGHS LP
0.55,2025-12-17,96505.04884100053,525.5462466968405,4025.469693148173,61688.30273491972,1852.38024316364,63540.682978083365,1,6000.0,6000.0,HiGHS LP
0.55,2025-12-18,94231.3130666828,1246.9937096353776,3320.858730113286,60015.09867549092,4671.540456159821,64686.639131650736,1,6000.0,6000.0,HiGHS LP
0.55,2025-12-19,49023.90176817215,873.2121579095112,2922.2027314088955,25406.685220442403,3718.0914899185964,29124.776710361,1,6000.0,6000.0,HiGHS LP
0.55,2025-12-20,49077.17935281948,947.9625331270605,3099.707252098829,25455.970821749037,3653.0376456271415,29109.008467376178,1,6000.0,6000.0,HiGHS LP
0.55,2025-12-21,93693.11667438898,1861.2057061587134,1717.8170700939709,59618.05308641955,6826.990182354322,66445.04326877388,1,6000.0,6000.0,HiGHS LP
0.55,2025-12-22,96204.92584910862,747.2099183102804,3188.741102607223,61475.58352099617,2728.043825405045,64203.62734640122,1,6000.0,6000.0,HiGHS LP
0.55,2025-12-23,95992.41255549694,411.82413899968833,4325.404893228786,61306.63912865205,1699.5224958708807,63006.16162452293,1,6000.0,6000.0,HiGHS LP
0.55,2025-12-24,94670.66407705528,847.7028932948549,2858.843088178126,60404.9388310106,3088.253304960362,63493.19213597096,1,6000.0,6000.0,HiGHS LP
0.55,2025-12-25,94231.37023580766,1019.8609118330085,2637.613233614349,60151.273051010445,3409.8823896830763,63561.15544069352,1,6000.0,6000.0,HiGHS LP
0.55,2025-12-26,48052.72085551251,1133.2355843030268,2129.5809927991363,24896.24138589412,4313.97139270285,29210.21277859697,1,6000.0,6000.0,HiGHS LP
0.55,2025-12-27,49582.69172952152,684.0900772086102,2846.873935710314,25786.638821610628,2873.7375272135196,28660.376348824146,1,6000.0,6000.0,HiGHS LP
0.55,2025-12-28,93454.24170722903,1219.6332235934792,3063.2454195989485,59464.7194918536,4488.943329891522,63953.66282174512,1,6000.0,6000.0,HiGHS LP
0.55,2025-12-29,93531.51356055889,1079.8025352324953,2308.23922734274,59457.12740426824,3942.234946702262,63399.36235097051,1,6000.0,6000.0,HiGHS LP
0.55,2025-12-30,95569.5315859619,288.6440370799842,4828.652442350278,61090.42991273438,1301.9504326878284,62392.38034542221,1,6000.0,6000.0,HiGHS LP
0.55,2025-12-31,93041.24018018931,1929.8869761557098,1555.172287021996,59116.829961090305,7562.72927689497,66679.55923798528,1,6000.0,6000.0,HiGHS LP
0.6,2025-02-01,43387.27164610462,331.75657473318563,5410.272094354198,22432.443822752903,1340.5619305935045,23773.005753346406,1,6000.0,6000.0,HiGHS LP
0.6,2025-02-02,86821.20878812629,279.15949647084665,4134.943209140089,54241.63921187055,1366.8114183140015,55608.45063018455,1,6000.0,6000.0,HiGHS LP
0.6,2025-02-03,86941.87041409098,1038.1129642077153,3153.54867157799,54332.47615982324,4010.3639141907993,58342.84007401404,1,6000.0,6000.0,HiGHS LP
0.6,2025-02-04,87023.11800637086,1704.1197745578397,2931.144486923815,54426.98965588294,7221.103890939525,61648.09354682246,1,6000.0,6000.0,HiGHS LP
0.6,2025-02-05,82498.79228410134,3431.6253292851234,741.2557667004561,51024.43033332551,14133.360836696897,65157.79117002241,1,6000.0,6000.0,HiGHS LP
0.6,2025-02-06,88603.13968243782,333.15643078173207,4015.82209254935,55717.09706354607,1336.9235570066191,57054.020620552685,1,6000.0,6000.0,HiGHS LP
0.6,2025-02-07,39323.50665717552,1097.1280975865516,4852.506950438263,20281.384855313867,4988.824751313127,25270.209606626995,1,6000.0,6000.0,HiGHS LP
0.6,2025-02-08,38006.832659984684,920.3137298880176,3664.564607363308,19595.031089582473,4116.532166131707,23711.56325571418,1,6000.0,6000.0,HiGHS LP
0.6,2025-02-09,81047.55412011154,3770.358081953076,825.8819851247556,50338.76847848574,13512.49510135395,63851.263579839695,1,6000.0,6000.0,HiGHS LP
0.6,2025-02-10,84697.92446478282,282.01067916197326,6064.415735886469,52849.226270031424,914.5900664834212,53763.81633651484,1,6000.0,6000.0,HiGHS LP
0.6,2025-02-11,85023.89951296136,129.6401399135259,5325.615636465287,53170.99301579567,440.1470067828143,53611.14002257848,1,6000.0,6000.0,HiGHS LP
0.6,2025-02-12,80433.79010739595,1543.6485036650306,2307.2560401037454,49718.34989389563,6679.843580316459,56398.193474212094,1,6000.0,6000.0,HiGHS LP
0.6,2025-02-13,80209.80860738066,961.9177270544961,5436.059485816683,49856.24477939462,2957.0689242747067,52813.31370366932,1,6000.0,6000.0,HiGHS LP
0.6,2025-02-14,37122.03683548294,1120.9463126153369,4834.069570879213,19349.010476027906,3232.1801794184494,22581.190655446357,1,6000.0,6000.0,HiGHS LP
0.6,2025-02-15,35459.534476207846,1847.5392106936033,4520.978190030266,18419.361000975594,5509.500517608829,23928.861518584425,1,6000.0,6000.0,HiGHS LP
0.6,2025-02-16,77275.04711809495,3357.941788184959,814.179790326863,47550.828782913304,12297.851565124569,59848.68034803787,1,6000.0,6000.0,HiGHS LP
0.6,2025-02-17,77550.28027803932,1165.0075980589413,3116.130099505275,47674.26859207571,4274.627925140282,51948.89651721599,1,6000.0,6000.0,HiGHS LP
0.6,2025-02-18,78532.87569264855,934.0033344519338,2965.2932743345145,48502.35128965519,3609.2765803144785,52111.62786996967,1,6000.0,6000.0,HiGHS LP
0.6,2025-02-19,76682.31800794865,2386.7572909541404,1794.8565837419749,47168.999811457565,9086.433478003368,56255.43328946093,1,6000.0,6000.0,HiGHS LP
0.6,2025-02-20,77631.89461597809,975.2817661655547,3215.884104788781,47783.94734029531,3799.8331562298436,51583.78049652515,1,6000.0,6000.0,HiGHS LP
0.6,2025-02-21,34807.3935762879,860.9389561829263,6705.380725216611,18056.87702549051,2805.579874305224,20862.456899795736,1,6000.0,6000.0,HiGHS LP
0.6,2025-02-22,36163.76427438119,1200.3424279358837,6062.866178132683,18950.794390129806,4277.450569628146,23228.24495975795,1,6000.0,6000.0,HiGHS LP
0.6,2025-02-23,76969.89721457835,1568.609453836508,2623.409031750488,47477.5339423742,4873.762792730842,52351.29673510504,1,6000.0,6000.0,HiGHS LP
0.6,2025-02-24,74653.89570896176,1114.7707901892259,3238.568978674047,45604.9274318548,4595.4337869553065,50200.3612188101,1,6000.0,6000.0,HiGHS LP
0.6,2025-02-25,73419.19866911902,1129.775126237216,4417.1958325642245,44812.81709401706,3935.313160286928,48748.130254303986,1,6000.0,6000.0,HiGHS LP
0.6,2025-02-26,72841.5899308058,2258.4668018737084,1986.577596760508,44263.9867914252,9133.855236624993,53397.842028050196,1,6000.0,6000.0,HiGHS LP
0.6,2025-02-27,72912.93266646832,1392.189224967467,3042.8584482337424,44434.85667614412,6613.897506740337,51048.754182884455,1,6000.0,6000.0,HiGHS LP
0.6,2025-02-28,32930.388642416554,1759.007194249631,8138.629481783235,16892.530881742925,6399.380485454664,23291.91136719759,1,6000.0,6000.0,HiGHS LP
0.6,2025-03-01,33938.268820823934,644.0087651396271,7642.355416327938,17533.822428962332,2723.491266642317,20257.31369560465,1,6000.0,6000.0,HiGHS LP
0.6,2025-03-02,69521.45553839038,7671.58315092532,656.8097521368222,42509.62029617682,28319.670164876887,70829.29046105371,1,6000.0,6000.0,HiGHS LP
0.6,2025-03-03,72198.70344466023,5673.3356633103385,1516.6437456893927,44409.18663001943,21553.930173480516,65963.11680349994,1,6000.0,6000.0,HiGHS LP
0.6,2025-03-04,73668.34137435988,1946.965627274665,2026.5967194224227,45314.954141493414,5944.258303416978,51259.212444910394,1,6000.0,6000.0,HiGHS LP
0.6,2025-03-05,73832.50220388935,1011.9776253923625,4334.964961097334,45253.61601867443,3999.7420360447595,49253.35805471919,1,6000.0,6000.0,HiGHS LP
0.6,2025-03-06,73699.03181758757,589.0494240391214,3957.1287145004553,45306.78866915162,2036.7567402065429,47343.54540935816,1,6000.0,6000.0,HiGHS LP
0.6,2025-03-07,32263.03911309537,1615.6676458847808,9829.126098830577,16889.970913256555,6036.195490068079,22926.166403324634,1,6000.0,6000.0,HiGHS LP
0.6,2025-03-08,31212.056313802135,957.6333630605736,10066.55016019604,16480.687018294404,2267.0817292803,18747.768747574704,1,6000.0,6000.0,HiGHS LP
0.6,2025-03-09,69454.06604957322,1236.7237792265348,3167.4202979209012,42164.911607504866,4745.938248298489,46910.84985580335,1,6000.0,6000.0,HiGHS LP
0.6,2025-03-10,69591.08756367544,4270.643707938805,1619.3908104338589,42286.64099499255,14149.81917294751,56436.46016794006,1,6000.0,6000.0,HiGHS LP
0.6,2025-03-11,70534.81042315821,1002.1647311857507,3399.5500626519715,42813.30953816709,3638.997157599879,46452.306695766965,1,6000.0,6000.0,HiGHS LP
0.6,2025-03-12,67948.67519369462,1192.4972431796605,2556.2557738905125,40925.404426241286,4415.763761358568,45341.168187599855,1,6000.0,6000.0,HiGHS LP
0.6,2025-03-13,68474.49046864852,4883.163674060355,1655.3415774788484,41407.926503986375,17714.19448080124,59122.120984787616,1,6000.0,6000.0,HiGHS LP
0.6,2025-03-14,30670.623113841146,896.4232652520388,12497.620395759848,15950.502183580642,3304.377691354275,19254.879874934915,1,6000.0,6000.0,HiGHS LP
0.6,2025-03-15,30022.297740351438,2258.2231064312728,8316.39569678271,15451.206102091763,7509.095757539918,22960.30185963168,1,6000.0,6000.0,HiGHS LP
0.6,2025-03-16,68298.01726026536,1957.9646677220849,2749.9851393854733,41342.2523167079,7717.469776269062,49059.72209297696,1,6000.0,6000.0,HiGHS LP
0.6,2025-03-17,68328.16922471553,304.87719582914,6624.294923687055,41149.21045916972,1436.3568475926654,42585.56730676239,1,6000.0,6000.0,HiGHS LP
0.6,2025-03-18,65532.556064689226,1958.9870687317175,2252.8623546118247,39201.548578227244,9007.85360894521,48209.402187172454,1,6000.0,6000.0,HiGHS LP
0.6,2025-03-19,66680.13949248461,913.9756256547768,3997.596120119342,40010.886605055675,4249.084117999878,44259.97072305555,1,6000.0,6000.0,HiGHS LP
0.6,2025-03-20,64583.14178437398,2783.706391879677,1046.1523333543319,38663.956666900165,11250.235662628938,49914.192329529105,1,6000.0,6000.0,HiGHS LP
0.6,2025-03-21,30169.64030004076,537.4911141309443,15633.66689750504,15587.204926713393,1855.5062716353286,17442.711198348723,1,6000.0,6000.0,HiGHS LP
0.6,2025-03-22,29861.353609812817,1106.6862537871725,12046.840130266653,15275.352115589994,4037.3477528275816,19312.699868417578,1,6000.0,6000.0,HiGHS LP
0.6,2025-03-23,66245.24299783164,1069.4090805876292,4411.44596148579,39726.22689337694,4265.791573216031,43992.01846659297,1,6000.0,6000.0,HiGHS LP
0.6,2025-03-24,64719.643187975395,940.7473131800189,3559.5012403981523,38783.391483398795,3441.4665728184527,42224.85805621725,1,6000.0,6000.0,HiGHS LP
0.6,2025-03-25,65660.21003439803,2032.467521221447,2628.8855411057275,39371.76658933701,8057.114518613214,47428.88110795022,1,6000.0,6000.0,HiGHS LP
0.6,2025-03-26,64208.260751011076,713.6324128580961,5227.386320547116,38332.957127694885,2843.312989559557,41176.27011725444,1,6000.0,6000.0,HiGHS LP
0.6,2025-03-27,63516.74626490249,1790.7723364714868,2501.170044715028,37928.17347891348,7103.317366582409,45031.490845495886,1,6000.0,6000.0,HiGHS LP
0.6,2025-03-28,29213.21468193863,637.0792493506783,15988.413164622634,14826.562753927861,2319.500696737641,17146.063450665504,1,6000.0,6000.0,HiGHS LP
0.6,2025-03-29,29960.920910637433,282.4521330691118,19496.163860373214,15276.585960005843,1121.4392612462475,16398.02522125209,1,6000.0,6000.0,HiGHS LP
0.6,2025-03-30,61178.146060843996,1230.2010902297932,3000.7241087607053,36389.38779198419,5030.595506954162,41419.98329893835,1,6000.0,6000.0,HiGHS LP
0.6,2025-03-31,62769.83358773755,2044.450498478016,3786.0331255878777,37426.56572940656,8283.129435587318,45709.69516499388,1,6000.0,6000.0,HiGHS LP
0.6,2025-04-01,61186.60082498101,4583.268667566916,1484.5879546051647,36330.16316663429,14775.634988901867,51105.798155536155,1,6000.0,6000.0,HiGHS LP
0.6,2025-04-02,60892.08839807661,5521.580122717653,1912.3312682384012,36223.446365940086,21416.021213265274,57639.46757920536,1,6000.0,6000.0,HiGHS LP
0.6,2025-04-03,61395.787877234114,1392.5674723826487,2847.2444353724964,36424.19776238203,6186.203872619528,42610.40163500156,1,6000.0,6000.0,HiGHS LP
0.6,2025-04-04,28044.794381432323,619.3060876791425,19193.298219111464,13932.620955265207,2433.5500478213585,16366.171003086565,1,6000.0,6000.0,HiGHS LP
0.6,2025-04-05,28106.10010954347,2521.655500617417,15543.640626827553,13972.946754036117,10418.551052833318,24391.497806869433,1,6000.0,6000.0,HiGHS LP
0.6,2025-04-06,58155.17673447891,1991.3789806133655,1828.22894199685,34669.39059167845,7150.389912989236,41819.78050466769,1,6000.0,6000.0,HiGHS LP
0.6,2025-04-07,59086.66214806047,1958.8726140282388,3816.290780115788,35142.63663275249,6562.877391888718,41705.514024641205,1,6000.0,6000.0,HiGHS LP
0.6,2025-04-08,59880.7036540044,1487.983980684713,3022.93771905852,35627.66486261142,6465.349372625644,42093.01423523706,1,6000.0,6000.0,HiGHS LP
0.6,2025-04-09,60698.3668606759,4000.666469430331,1519.705366299846,36183.986544170904,14073.191892257759,50257.178436428665,1,6000.0,6000.0,HiGHS LP
0.6,2025-04-10,60272.125273158796,1447.4454693688358,3219.5717310875643,35872.67214059543,6235.88413315129,42108.55627374672,1,6000.0,6000.0,HiGHS LP
0.6,2025-04-11,27726.205310284953,750.0283192347711,20119.58346285306,13708.620480656617,2944.736949616905,16653.35743027352,1,6000.0,6000.0,HiGHS LP
0.6,2025-04-12,28248.35449761264,1066.3121075085855,17249.506055121223,14055.085588414971,4154.396076446743,18209.481664861712,1,6000.0,6000.0,HiGHS LP
0.6,2025-04-13,57285.75594483115,2720.826348836217,1801.4666581139657,34098.31776113541,10516.49075594312,44614.808517078534,1,6000.0,6000.0,HiGHS LP
0.6,2025-04-14,56417.8700407133,2065.5813333522888,1999.900562683335,33474.56037857641,7409.212646566886,40883.773025143295,1,6000.0,6000.0,HiGHS LP
0.6,2025-04-15,56473.35227536876,1965.9749239306404,4348.951253394453,33508.833272348274,8890.649610094952,42399.482882443226,1,6000.0,6000.0,HiGHS LP
0.6,2025-04-16,56391.60700681644,4063.5409435075167,777.1523906257613,33543.35500157693,14028.647792896429,47572.00279447336,1,6000.0,6000.0,HiGHS LP
0.6,2025-04-17,58155.0155090558,1187.9503265893363,2622.2791988932463,34688.07152995769,4940.039792119627,39628.11132207732,1,6000.0,6000.0,HiGHS LP
0.6,2025-04-18,26873.1414549557,810.6913653350068,18289.71563695737,13088.220346873282,2876.712268233656,15964.932615106938,1,6000.0,6000.0,HiGHS LP
0.6,2025-04-19,27446.86263015191,468.73565524492165,18090.91903539683,13501.402194387,1469.5717557070593,14970.97395009406,1,6000.0,6000.0,HiGHS LP
0.6,2025-04-20,57816.311574793195,1298.3398259497556,3331.968399047846,34381.030508735705,5288.929339583885,39669.95984831959,1,6000.0,6000.0,HiGHS LP
0.6,2025-04-21,58647.71962485771,423.4877145927097,6701.302192032409,34795.693585148416,1240.882102254418,36036.57568740283,1,6000.0,6000.0,HiGHS LP
0.6,2025-04-22,55584.661481128074,2543.5744533093634,2147.6039086197516,32986.57912256551,8896.932819214742,41883.511941780256,1,6000.0,6000.0,HiGHS LP
0.6,2025-04-23,59287.25953477943,926.5340929337228,4964.647855020334,35230.746047916444,2728.6794614189794,37959.42550933542,1,6000.0,6000.0,HiGHS LP
0.6,2025-04-24,57256.87569008649,401.7109046929074,6750.625994288961,33919.844661989744,1607.6820587878708,35527.52672077761,1,6000.0,6000.0,HiGHS LP
0.6,2025-04-25,26600.963529950808,408.8527207776234,21969.458600728423,12946.669276940944,1587.7218951970926,14534.391172138035,1,6000.0,6000.0,HiGHS LP
0.6,2025-04-26,26064.430913347816,1625.1159634037963,24579.35324341828,12515.194508927572,6909.904526166837,19425.09903509441,1,6000.0,6000.0,HiGHS LP
0.6,2025-04-27,53849.961940966576,2218.765700909871,3848.877999645745,31810.781123885074,9506.731837160249,41317.51296104532,1,6000.0,6000.0,HiGHS LP
0.6,2025-04-28,55684.373027210706,6244.995184485262,1581.252269144042,33133.99498476814,23935.871293932752,57069.866278700894,1,6000.0,6000.0,HiGHS LP
0.6,2025-04-29,56851.57499316208,649.1126093761693,6259.3118578720905,33697.79055082627,2700.092999635021,36397.883550461294,1,6000.0,6000.0,HiGHS LP
0.6,2025-04-30,53785.844157981875,2076.562010072666,3965.5353777895466,31880.019681267786,7123.697973617045,39003.71765488483,1,6000.0,6000.0,HiGHS LP
0.6,2025-05-01,54989.39971169925,3542.9616120197506,3887.032851633765,32883.50209339519,16511.51868898116,49395.02078237635,1,6000.0,6000.0,HiGHS LP
0.6,2025-05-02,27669.147831531314,4714.759662990495,15053.587411188479,13859.827917075778,20055.59236527825,33915.420282354025,1,6000.0,6000.0,HiGHS LP
0.6,2025-05-03,28735.202477211686,1672.7874614952786,18500.818288706967,14691.154860438586,7740.405097899841,22431.55995833843,1,6000.0,6000.0,HiGHS LP
0.6,2025-05-04,57189.166708116376,2157.5574368194707,3972.0486673664154,34747.576352900345,7543.988160191219,42291.564513091565,1,6000.0,6000.0,HiGHS LP
0.6,2025-05-05,55335.97866298696,5170.931962705625,1934.5773942910926,33713.58586721371,23116.360167474526,56829.94603468824,1,6000.0,6000.0,HiGHS LP
0.6,2025-05-06,57495.03984820086,2937.600239871017,3974.9739072930906,34988.90592194385,12820.245033597723,47809.15095554157,1,6000.0,6000.0,HiGHS LP
0.6,2025-05-07,58715.4319184611,2432.769607289667,2471.11848249968,35748.978076143816,10911.012585199116,46659.990661342934,1,6000.0,6000.0,HiGHS LP
0.6,2025-05-08,57677.802721753,3665.6774073999645,1880.2138734190635,35181.87456789578,14191.229537985577,49373.10410588136,1,6000.0,6000.0,HiGHS LP
0.6,2025-05-09,28751.30665755464,693.4586404160034,17905.37944797064,14998.96714737538,2768.9965511878468,17767.963698563228,1,6000.0,6000.0,HiGHS LP
0.6,2025-05-10,27021.527999848473,3242.4641098399215,15102.94682635506,13510.600485777863,13755.931009034539,27266.5314948124,1,6000.0,6000.0,HiGHS LP
0.6,2025-05-11,60019.79463694633,2281.212411939973,3117.068788287237,36610.05975284807,9227.070729974563,45837.130482822635,1,6000.0,6000.0,HiGHS LP
0.6,2025-05-12,60665.39903366358,1460.059411818038,6482.79272531629,37056.721716533386,4110.428888702643,41167.15060523603,1,6000.0,6000.0,HiGHS LP
0.6,2025-05-13,55363.887359542234,2843.4038057963817,1618.3544480994422,33602.52794678633,12677.869519434424,46280.397466220755,1,6000.0,6000.0,HiGHS LP
0.6,2025-05-14,56863.28240757066,2171.443247085553,2484.6757981156056,34349.6727550612,8546.28706949472,42895.95982455592,1,6000.0,6000.0,HiGHS LP
0.6,2025-05-15,58113.881681252664,1734.2509390081277,3527.1665059461093,35369.8509986913,6867.144884840616,42236.99588353191,1,6000.0,6000.0,HiGHS LP
0.6,2025-05-16,28617.20290102095,496.5877881464962,23358.28415583411,14952.951255867794,1606.8395886125659,16559.79084448036,1,6000.0,6000.0,HiGHS LP
0.6,2025-05-17,28508.980849952823,2213.3081426260164,17233.48990924551,14826.492161177819,9637.08214063873,24463.57430181655,1,6000.0,6000.0,HiGHS LP
0.6,2025-05-18,58643.79534816685,2177.838555568929,3656.8221064781005,35750.22417441466,7435.747806675863,43185.97198109052,1,6000.0,6000.0,HiGHS LP
0.6,2025-05-19,57763.12498966564,905.646023493779,7686.760863647519,34907.7690898475,4375.0847037245685,39282.85379357207,1,6000.0,6000.0,HiGHS LP
0.6,2025-05-20,57427.73106828432,2424.2795602730125,1836.6563207341233,34794.4544516038,9775.670707843012,44570.12515944681,1,6000.0,6000.0,HiGHS LP
0.6,2025-05-21,56910.66573583966,2581.6437145986506,4691.842438797432,34478.57721864966,10769.556756682672,45248.133975332334,1,6000.0,6000.0,HiGHS LP
0.6,2025-05-22,58041.59582465346,681.4725776305884,4416.190051556157,35265.16286424911,2930.9536316066265,38196.11649585574,1,6000.0,6000.0,HiGHS LP
0.6,2025-05-23,27336.279602001632,1191.4294763119358,19066.760194980237,13959.743467819946,4638.535724744974,18598.27919256492,1,6000.0,6000.0,HiGHS LP
0.6,2025-05-24,27598.155893362327,648.9717355523799,21452.626245581378,14086.905646887833,2509.179622756156,16596.08526964399,1,6000.0,6000.0,HiGHS LP
0.6,2025-05-25,55866.00334608808,1160.4281249935361,5080.677103393907,33759.670625369195,5039.763859476132,38799.434484845326,1,6000.0,6000.0,HiGHS LP
0.6,2025-05-26,55149.63319760955,4520.640627317134,1750.2700524661855,33356.54064583517,18281.50862970373,51638.0492755389,1,6000.0,6000.0,HiGHS LP
0.6,2025-05-27,56610.89694495626,1110.3490630576075,4872.1937714198,34367.79982397363,4330.520298374591,38698.320122348225,1,6000.0,6000.0,HiGHS LP
0.6,2025-05-28,57388.070072411036,2830.239468532132,4484.277627880629,34707.6609146433,10768.560043297766,45476.22095794106,1,6000.0,6000.0,HiGHS LP
0.6,2025-05-29,57206.236653133456,2994.458012107291,2594.4488663287634,34664.4896357135,12765.76052610692,47430.25016182042,1,6000.0,6000.0,HiGHS LP
0.6,2025-05-30,27341.14737991165,1632.8981214050114,19337.812234649995,14030.99532911835,6280.151842578662,20311.14717169701,1,6000.0,6000.0,HiGHS LP
0.6,2025-05-31,27630.948920380113,1341.9699390722426,17543.737309452354,14094.747751289084,5114.112547282675,19208.86029857176,1,6000.0,6000.0,HiGHS LP
0.6,2025-06-01,61502.05810214158,13711.50874582709,379.4347486419492,37373.84827042154,52420.90309099591,89794.75136141745,1,6000.0,6000.0,HiGHS LP
0.6,2025-06-02,66881.74743589346,7524.858783740945,2098.2186287153745,42004.10643031055,29513.461123566805,71517.56755387736,1,6000.0,6000.0,HiGHS LP
0.6,2025-06-03,70123.47868222154,3514.9715764599823,1593.7654125968334,43562.391537195304,14384.262877741028,57946.65441493633,1,6000.0,6000.0,HiGHS LP
0.6,2025-06-04,73414.86280611993,3223.6461601506544,2946.630263260871,45519.030700725125,10005.88174668371,55524.91244740883,1,6000.0,6000.0,HiGHS LP
0.6,2025-06-05,74074.53552208068,3478.275464779271,2381.287922653049,45984.84789750044,13257.0100662334,59241.85796373384,1,6000.0,6000.0,HiGHS LP
0.6,2025-06-06,35399.90131520016,5028.799805049143,6533.705720249304,20321.516969527525,19463.973923311023,39785.49089283855,1,6000.0,6000.0,HiGHS LP
0.6,2025-06-07,35672.52194664272,1945.5839549228888,3451.592734898943,20222.20406185168,7332.848419616821,27555.0524814685,1,6000.0,6000.0,HiGHS LP
0.6,2025-06-08,84586.02486450005,109.91913377546933,15010.970495915182,53065.73713386363,444.03872843785234,53509.77586230148,1,6000.0,6000.0,HiGHS LP
0.6,2025-06-09,76051.58646875861,2716.920484449207,3676.1301131895475,46814.420021974016,11163.72037737049,57978.140399344506,1,6000.0,6000.0,HiGHS LP
0.6,2025-06-10,77775.94649372301,1671.044682498353,3570.5204987410098,47906.64694877756,6578.45543437903,54485.10238315659,1,6000.0,6000.0,HiGHS LP
0.6,2025-06-11,77970.84674177854,4051.2940011191718,1674.1893572284555,48076.947066033215,17597.486779547973,65674.4338455812,1,6000.0,6000.0,HiGHS LP
0.6,2025-06-12,81943.27897018017,778.7277179867444,5870.908581217054,51235.75075244083,2980.1618459435767,54215.912598384406,1,6000.0,6000.0,HiGHS LP
0.6,2025-06-13,34854.07292339994,1286.6940793716403,4755.453302771575,19835.207669452102,5080.324049010149,24915.53171846225,1,6000.0,6000.0,HiGHS LP
0.6,2025-06-14,35631.28681559446,1041.077081391702,7439.021146986163,20210.783708646457,3279.2737297898993,23490.057438436357,1,6000.0,6000.0,HiGHS LP
0.6,2025-06-15,77215.94092898714,1650.3496357173578,3984.674393087048,47719.39088746294,6197.880756105733,53917.271643568674,1,6000.0,6000.0,HiGHS LP
0.6,2025-06-16,78150.5351252564,1780.7594925176058,2950.0872062173084,48199.73688772119,6985.122812901638,55184.85970062283,1,6000.0,6000.0,HiGHS LP
0.6,2025-06-17,79174.71066272011,3026.449351899283,3238.270372691556,48924.92559375074,12476.277638373263,61401.203232124004,1,6000.0,6000.0,HiGHS LP
0.6,2025-06-18,79934.71550679643,1042.0437572824649,5690.527885456064,49460.651601458834,4162.296249804431,53622.94785126326,1,6000.0,6000.0,HiGHS LP
0.6,2025-06-19,77918.18495465795,1091.364970480175,6472.572419004038,48297.78159690704,4551.592949833017,52849.37454674006,1,6000.0,6000.0,HiGHS LP
0.6,2025-06-20,35287.74130081556,283.5911968095334,10130.7516476251,20183.56977518779,940.4958871730646,21124.065662360852,1,6000.0,6000.0,HiGHS LP
0.6,2025-06-21,35217.9216739212,476.8166373169013,13319.997911238102,20000.751336848058,1821.948292349849,21822.69962919791,1,6000.0,6000.0,HiGHS LP
0.6,2025-06-22,75934.61580375934,1442.7068542297898,5676.648224655799,46495.348392035165,5910.396048590278,52405.74444062544,1,6000.0,6000.0,HiGHS LP
0.6,2025-06-23,77487.53961322024,777.7440318549703,6935.214210518907,47792.26837828008,3490.8331828763294,51283.10156115641,1,6000.0,6000.0,HiGHS LP
0.6,2025-06-24,72670.13199519724,8339.756017520956,486.7888318901508,44232.03119008588,33266.34746118343,77498.3786512693,1,6000.0,6000.0,HiGHS LP
0.6,2025-06-25,80472.37942288097,1072.3957749798356,6721.264116695662,49951.25027493451,3795.502975196494,53746.753250131005,1,6000.0,6000.0,HiGHS LP
0.6,2025-06-26,77816.21610908772,1185.9173911097887,7088.587503608685,47912.95904186467,5117.049354472803,53030.00839633747,1,6000.0,6000.0,HiGHS LP
0.6,2025-06-27,34311.99610578076,294.24413333385235,11794.594372447944,19343.778978116112,1209.5647899967994,20553.34376811291,1,6000.0,6000.0,HiGHS LP
0.6,2025-06-28,34519.636858316626,444.56437188276357,10147.275113532723,19459.09487401668,1210.5473802037986,20669.64225422048,1,6000.0,6000.0,HiGHS LP
0.6,2025-06-29,78290.28737945913,1268.7915803419205,5942.661317900015,48324.637715611294,4177.099009979282,52501.73672559058,1,6000.0,6000.0,HiGHS LP
0.6,2025-06-30,78143.26046659908,1503.8937027781608,5426.766762858784,48238.707625696064,5646.052198511951,53884.75982420801,1,6000.0,6000.0,HiGHS LP
0.6,2025-07-01,83585.71293226685,5810.24620257388,6060.6392096878535,52281.618086074915,19632.552066163862,71914.17015223877,1,6000.0,6000.0,HiGHS LP
0.6,2025-07-02,87097.09535654416,1964.6504398217505,11751.033704653328,55263.96789867958,5006.787017297945,60270.75491597752,1,6000.0,6000.0,HiGHS LP
0.6,2025-07-03,85904.73918648959,2444.1930700314465,4235.8392623406935,54488.86946721289,7850.881414232655,62339.75088144554,1,6000.0,6000.0,HiGHS LP
0.6,2025-07-04,41909.45960504401,1739.4081551708043,11728.000293548143,25082.02322517036,5234.643363390206,30316.666588560565,1,6000.0,6000.0,HiGHS LP
0.6,2025-07-05,43633.179414457845,828.664838341858,12631.764286133033,26059.90249584559,2337.445153996876,28397.347649842464,1,6000.0,6000.0,HiGHS LP
0.6,2025-07-06,83086.73845662526,3461.0366800439133,2468.6525133907535,52095.80315029582,14391.900402753774,66487.70355304959,1,6000.0,6000.0,HiGHS LP
0.6,2025-07-07,85928.60757488663,692.0892949687358,8922.661163980049,53961.24930033386,1832.553416263718,55793.80271659758,1,6000.0,6000.0,HiGHS LP
0.6,2025-07-08,87505.43394363896,575.3233097938988,8237.508809248578,54933.51039538735,2383.2700620465544,57316.7804574339,1,6000.0,6000.0,HiGHS LP
0.6,2025-07-09,81570.27863572005,1366.6789301697106,4673.634795748923,51029.1774485759,5334.00767337847,56363.185121954375,1,6000.0,6000.0,HiGHS LP
0.6,2025-07-10,80827.19441801526,1194.3648202086263,5003.364745384733,50630.14888825714,4406.337233359318,55036.48612161646,1,6000.0,6000.0,HiGHS LP
0.6,2025-07-11,42377.60642961251,2392.6345043034253,9211.463783915939,24899.092184525158,8126.9209381834935,33026.01312270865,1,6000.0,6000.0,HiGHS LP
0.6,2025-07-12,42949.72697784735,986.2376320042231,9811.721276518245,25182.612390394766,3580.7403244993434,28763.35271489411,1,6000.0,6000.0,HiGHS LP
0.6,2025-07-13,77913.5538575612,1377.054474602516,6017.371320357424,48700.83769940451,5913.257581590775,54614.09528099529,1,6000.0,6000.0,HiGHS LP
0.6,2025-07-14,72723.20629017575,4050.057370577294,1222.7797237003588,45812.018587141705,16998.32307915957,62810.341666301276,1,6000.0,6000.0,HiGHS LP
0.6,2025-07-15,76592.16254231796,3823.1643244543193,3783.4195406178374,48199.85984430293,12707.610476068658,60907.47032037159,1,6000.0,6000.0,HiGHS LP
0.6,2025-07-16,76450.78789802805,3631.6247772374118,3931.715139737279,47929.118589607955,12645.67377742683,60574.79236703478,1,6000.0,6000.0,HiGHS LP
0.6,2025-07-17,75975.72750545171,2933.288955767297,2284.9099932766285,47748.27900330011,12549.063260268855,60297.342263568964,1,6000.0,6000.0,HiGHS LP
0.6,2025-07-18,40955.21317033151,2860.3162390616017,9501.281309393113,23837.68467846638,10728.363171659636,34566.047850126015,1,6000.0,6000.0,HiGHS LP
0.6,2025-07-19,41050.527231576154,1690.2826252930886,12517.990806869246,23914.909697801646,6585.208563123661,30500.11826092531,1,6000.0,6000.0,HiGHS LP
0.6,2025-07-20,76310.96753037715,2628.6560193178248,2995.4519078544404,48088.89299748121,9460.928719794938,57549.82171727615,1,6000.0,6000.0,HiGHS LP
0.6,2025-07-21,74764.21587544764,4594.997533799277,1536.4263642845913,46973.10453615982,17071.767345163364,64044.87188132318,1,6000.0,6000.0,HiGHS LP
0.6,2025-07-22,78792.47137508469,2458.012531073469,3392.5058210988245,49233.914500100924,9801.879801308898,59035.79430140982,1,6000.0,6000.0,HiGHS LP
0.6,2025-07-23,79163.02460162918,2423.2077253177904,3315.53261089965,49597.95412528339,9589.712362029668,59187.66648731306,1,6000.0,6000.0,HiGHS LP
0.6,2025-07-24,77856.39373776244,3369.1006844400654,3579.5412532010637,48732.52129420595,13355.47010026854,62087.99139447449,1,6000.0,6000.0,HiGHS LP
0.6,2025-07-25,42513.45373525664,411.9308311532207,13380.064999743186,25017.465617483325,1875.245515342221,26892.711132825545,1,6000.0,6000.0,HiGHS LP
0.6,2025-07-26,42677.77576342692,1118.7132308936864,12287.397427653947,25000.392551689325,3704.2214642545505,28704.614015943876,1,6000.0,6000.0,HiGHS LP
0.6,2025-07-27,78955.66958802112,2028.5156327346954,3258.624249784145,49406.14674979579,8855.404145324641,58261.55089512043,1,6000.0,6000.0,HiGHS LP
0.6,2025-07-28,79693.39730931811,4348.922708019782,2012.2886114125595,49889.84182642205,16817.883619487257,66707.72544590931,1,6000.0,6000.0,HiGHS LP
0.6,2025-07-29,79822.28932506102,3365.8337907569735,3010.581517351379,49821.79340517403,12524.91883197995,62346.71223715398,1,6000.0,6000.0,HiGHS LP
0.6,2025-07-30,79727.94591085766,2233.711104753086,3757.4104077492257,49746.913119613644,9588.836268069621,59335.74938768327,1,6000.0,6000.0,HiGHS LP
0.6,2025-07-31,77953.58686683902,2788.987460534554,1985.3194955913332,48705.49412218323,11922.676330710381,60628.17045289361,1,6000.0,6000.0,HiGHS LP
0.6,2025-08-01,41122.07545746623,831.5317946723035,17662.24758547187,24040.78753671977,2929.6446335212395,26970.43217024101,1,6000.0,6000.0,HiGHS LP
0.6,2025-08-02,39388.44054793798,1092.0348498919457,16513.45046449659,22703.209937545602,4902.783948195349,27605.99388574095,1,6000.0,6000.0,HiGHS LP
0.6,2025-08-03,73966.63948963722,944.8214709688391,8304.884882264523,46703.01975680767,3948.2352202031443,50651.254977010816,1,6000.0,6000.0,HiGHS LP
0.6,2025-08-04,72912.20801881581,672.7772238465675,4390.965223791483,46178.371032877636,2587.753721317681,48766.12475419532,1,6000.0,6000.0,HiGHS LP
0.6,2025-08-05,72163.95456067132,1179.1975083982022,4374.7733944775755,45729.95405152677,4732.401657948347,50462.355709475116,1,6000.0,6000.0,HiGHS LP
0.6,2025-08-06,69367.86442285987,4626.0510898369785,2166.1130763024025,44028.18005053663,18849.44591345277,62877.6259639894,1,6000.0,6000.0,HiGHS LP
0.6,2025-08-07,75931.44587503685,409.9320097816217,9112.067332253502,48086.905533789504,1334.7268620401614,49421.63239582966,1,6000.0,6000.0,HiGHS LP
0.6,2025-08-08,39588.426170648876,745.295815491057,21518.55073613993,22951.152711952964,3058.165309612035,26009.318021565,1,6000.0,6000.0,HiGHS LP
0.6,2025-08-09,38727.06915473265,2198.0284397270584,18963.168594459705,22271.86220859692,8733.76455694787,31005.62676554479,1,6000.0,6000.0,HiGHS LP
0.6,2025-08-10,67929.32020099848,3427.33964747459,2379.8314562211413,43245.79882411781,12577.715882273944,55823.514706391754,1,6000.0,6000.0,HiGHS LP
0.6,2025-08-11,71835.81536143662,1513.031292452453,5000.513075389799,45542.43191238085,6366.97556791424,51909.40748029509,1,6000.0,6000.0,HiGHS LP
0.6,2025-08-12,70031.48150279236,3747.968767822182,2278.8511098874787,44500.182567682845,15796.893690053443,60297.07625773629,1,6000.0,6000.0,HiGHS LP
0.6,2025-08-13,70416.99151381823,2546.5665225123885,3073.88356293164,44376.85173192255,10429.576180060023,54806.42791198257,1,6000.0,6000.0,HiGHS LP
0.6,2025-08-14,68894.32595096531,3204.0236117516224,2439.5489825412865,43768.33611314593,13701.900731796402,57470.23684494234,1,6000.0,6000.0,HiGHS LP
0.6,2025-08-15,40134.87669665569,864.7195910141088,20799.86940433646,23395.373037429556,2995.781174540741,26391.154211970297,1,6000.0,6000.0,HiGHS LP
0.6,2025-08-16,41107.77962132884,621.3470186492436,21759.846273311417,24025.282657029293,2944.2979078935155,26969.58056492281,1,6000.0,6000.0,HiGHS LP
0.6,2025-08-17,66737.3830456644,3008.943755426123,2943.6461688157997,42440.70140348909,12610.50635197491,55051.207755464,1,6000.0,6000.0,HiGHS LP
0.6,2025-08-18,69051.0372846651,2380.894694053688,3305.900691748917,44101.42486333329,11129.12449521093,55230.54935854422,1,6000.0,6000.0,HiGHS LP
0.6,2025-08-19,66864.41937942234,2852.9651922388994,1705.2143930018156,42647.585101284494,11310.559352553788,53958.14445383828,1,6000.0,6000.0,HiGHS LP
0.6,2025-08-20,69219.48323304238,7039.2028971030395,1848.922800901895,44144.881775346716,28855.08277316962,72999.96454851633,1,6000.0,6000.0,HiGHS LP
0.6,2025-08-21,71715.95226209346,2083.0811259733323,4103.8258524835965,45477.232185860696,8311.113384628905,53788.345570489604,1,6000.0,6000.0,HiGHS LP
0.6,2025-08-22,40888.71160756837,2463.193802818565,19081.336010386938,23917.700181494703,10223.849179243485,34141.54936073819,1,6000.0,6000.0,HiGHS LP
0.6,2025-08-23,39976.966392128976,1409.8993137431678,15816.859555872146,23224.57698573645,5845.101020292492,29069.678006028942,1,6000.0,6000.0,HiGHS LP
0.6,2025-08-24,68725.07079847906,3201.208247642504,4461.557643123419,43473.266303951095,14072.806057102222,57546.07236105332,1,6000.0,6000.0,HiGHS LP
0.6,2025-08-25,68771.52937754609,7169.54850234514,1428.6402696959753,43805.350157051056,28242.296047819756,72047.6462048708,1,6000.0,6000.0,HiGHS LP
0.6,2025-08-26,70067.36109703394,2423.9422567944816,3220.07506989834,44186.8596316879,10383.333145970377,54570.192777658274,1,6000.0,6000.0,HiGHS LP
0.6,2025-08-27,68049.8572481223,4959.720041581267,1357.335384814091,43139.630651416075,21695.795993725125,64835.4266451412,1,6000.0,6000.0,HiGHS LP
0.6,2025-08-28,70948.17825719717,5489.384718443304,1923.951165058114,44852.07087185913,21787.820485476834,66639.89135733596,1,6000.0,6000.0,HiGHS LP
0.6,2025-08-29,38337.83963651318,2790.9660065243343,15533.585293037508,22170.129480801756,11503.276975276753,33673.406456078505,1,6000.0,6000.0,HiGHS LP
0.6,2025-08-30,39186.928693993,2435.384934594324,20069.593795253993,22800.71058840777,9255.060597647323,32055.77118605509,1,6000.0,6000.0,HiGHS LP
0.6,2025-08-31,70712.65044686128,2794.354871053456,3016.788950185256,44920.372680081884,10819.22324640645,55739.595926488335,1,6000.0,6000.0,HiGHS LP
0.6,2025-09-01,65943.46712742135,1216.0237220028234,9901.284668398343,41859.62851321826,4270.43656863575,46130.06508185401,1,6000.0,6000.0,HiGHS LP
0.6,2025-09-02,54226.80946362277,4980.1387410417265,1649.6816065452094,34088.51555025189,21187.89061782095,55276.40616807284,1,6000.0,6000.0,HiGHS LP
0.6,2025-09-03,56393.75914467721,4368.849371332761,1550.0572911217914,35459.53497843362,16874.099251795877,52333.634230229494,1,6000.0,6000.0,HiGHS LP
0.6,2025-09-04,56800.45211797389,3521.6104166264886,2739.5726534341784,35520.72741947809,14693.151863068317,50213.879282546404,1,6000.0,6000.0,HiGHS LP
0.6,2025-09-05,32645.541657736187,441.02164603532276,23222.301637104847,18063.275672050087,1607.5506942780908,19670.82636632818,1,6000.0,6000.0,HiGHS LP
0.6,2025-09-06,33910.938484279446,401.03280787735747,23550.887592156803,18951.785896426853,1504.4223326486617,20456.208229075513,1,6000.0,6000.0,HiGHS LP
0.6,2025-09-07,57132.83944058033,3070.897519025585,1496.790312853383,35627.446529776265,12082.821132860718,47710.26766263698,1,6000.0,6000.0,HiGHS LP
0.6,2025-09-08,49396.045752228165,13803.368433477783,141.42269141246035,30281.14687835016,53919.61637227802,84200.76325062818,1,6000.0,6000.0,HiGHS LP
0.6,2025-09-09,60500.92215812529,1914.9401603461397,5455.841513099329,37414.44623720494,7597.983525240028,45012.42976244497,1,6000.0,6000.0,HiGHS LP
0.6,2025-09-10,59333.166178349784,6631.689786537605,814.022234538963,36855.73149381504,28588.60861586297,65444.34010967801,1,6000.0,6000.0,HiGHS LP
0.6,2025-09-11,61301.590495143,1810.7442672092009,5761.993207228562,37769.10834978694,7582.030192461297,45351.138542248234,1,6000.0,6000.0,HiGHS LP
0.6,2025-09-12,31415.323745933627,1286.9125390444806,18110.5800849781,17121.69699991332,4488.801449018524,21610.498448931845,1,6000.0,6000.0,HiGHS LP
0.6,2025-09-13,31410.81174691603,1124.4158734417138,21488.126137024414,17088.386397809078,4115.348930921373,21203.73532873045,1,6000.0,6000.0,HiGHS LP
0.6,2025-09-14,60088.80735516041,5075.14225817316,983.3049358489529,37237.16404472613,19211.00615753705,56448.17020226318,1,6000.0,6000.0,HiGHS LP
0.6,2025-09-15,64624.61068528124,928.4014268811331,6391.228935652947,40032.81778830936,3406.8647889427193,43439.68257725208,1,6000.0,6000.0,HiGHS LP
0.6,2025-09-16,62279.1218529483,3328.6961601315315,2033.896886243927,38647.72977791581,10292.474617533204,48940.204395449015,1,6000.0,6000.0,HiGHS LP
0.6,2025-09-17,67049.25930162209,1830.3331163004705,4791.100600295036,41862.48271034988,7695.681429285018,49558.1641396349,1,6000.0,6000.0,HiGHS LP
0.6,2025-09-18,64635.389890525585,1733.9275875908893,3315.032835124896,40200.989002254966,7666.761923442869,47867.75092569784,1,6000.0,6000.0,HiGHS LP
0.6,2025-09-19,32803.700183359986,1013.5825714534578,14675.930438146781,18086.328662940497,2971.6143941833056,21057.943057123804,1,6000.0,6000.0,HiGHS LP
0.6,2025-09-20,33849.84104341467,855.4217842276589,16019.829094308996,18799.003136966436,3208.0337589756564,22007.036895942092,1,6000.0,6000.0,HiGHS LP
0.6,2025-09-21,65937.07976312182,1659.8269479727833,5211.111690612377,41004.30599541953,5332.634952362278,46336.940947781804,1,6000.0,6000.0,HiGHS LP
0.6,2025-09-22,64078.83215515938,2356.6665527553114,1741.7127554472602,39788.93565222052,7657.740156078047,47446.67580829857,1,6000.0,6000.0,HiGHS LP
0.6,2025-09-23,65480.51303099196,2554.3810906202134,1835.2568617453783,40698.55076734503,11101.605596112953,51800.15636345798,1,6000.0,6000.0,HiGHS LP
0.6,2025-09-24,64310.519690867004,2611.0502511087125,1773.845681544261,39856.08944675316,8562.566125995607,48418.65557274877,1,6000.0,6000.0,HiGHS LP
0.6,2025-09-25,66690.8628900476,1281.685573731946,3551.009664207296,41570.429186469904,4327.773338161454,45898.20252463136,1,6000.0,6000.0,HiGHS LP
0.6,2025-09-26,34985.146718540345,339.098692060396,14590.001910600738,19596.26145059403,981.9172083568778,20578.178658950907,1,6000.0,6000.0,HiGHS LP
0.6,2025-09-27,33842.55299448462,2620.6767266303004,15621.92747111492,18692.633834006534,9943.695600593917,28636.32943460045,1,6000.0,6000.0,HiGHS LP
0.6,2025-09-28,68198.4171367932,1827.1253890300611,2435.214143380848,42437.15304199941,7417.701006966761,49854.85404896617,1,6000.0,6000.0,HiGHS LP
0.6,2025-09-29,69023.45118758283,1018.8589130270409,3172.255011030974,43020.38973306058,3987.943687420387,47008.33342048097,1,6000.0,6000.0,HiGHS LP
0.6,2025-09-30,70454.60143552974,1814.5928617974478,2731.221461576519,44008.95956071886,8152.286152014789,52161.24571273365,1,6000.0,6000.0,HiGHS LP
0.6,2025-10-01,69780.49474487251,102.312839745146,16100.774526805242,43465.04018915311,271.64093333970317,43736.68112249281,1,6000.0,6000.0,HiGHS LP
0.6,2025-10-02,67112.66167764668,515.8820454697827,11813.005497271957,41433.61270652432,1210.973533862453,42644.58624038677,1,6000.0,6000.0,HiGHS LP
0.6,2025-10-03,31443.132096712623,455.73222397661647,21041.710620689242,16838.200501452884,1106.8637301409972,17945.064231593882,1,6000.0,6000.0,HiGHS LP
0.6,2025-10-04,31858.009339082902,726.59165254853,16448.618558298098,17050.362128464065,2334.8313401070973,19385.19346857116,1,6000.0,6000.0,HiGHS LP
0.6,2025-10-05,66179.36951911284,429.24837229223556,7784.242117767586,40779.55026567646,927.5800639505263,41707.13032962698,1,6000.0,6000.0,HiGHS LP
0.6,2025-10-06,66615.64636642976,194.71443221892892,4991.42051164292,41037.60462209041,509.2389982310762,41546.84362032149,1,6000.0,6000.0,HiGHS LP
0.6,2025-10-07,65919.91176986255,334.4085253846016,4398.072405629302,40506.583391179025,1111.0820920211836,41617.66548320021,1,6000.0,6000.0,HiGHS LP
0.6,2025-10-08,66311.19826096095,426.61097054571087,6168.724293021201,40233.531070514684,1593.4908751832522,41827.02194569794,1,6000.0,6000.0,HiGHS LP
0.6,2025-10-09,64332.730094867766,622.3425652697719,5121.775563696513,38990.618225958446,2821.0031014263664,41811.62132738481,1,6000.0,6000.0,HiGHS LP
0.6,2025-10-10,32030.921927655883,368.5467020420625,20015.857713031284,16659.835033166,1299.941779702618,17959.77681286862,1,6000.0,6000.0,HiGHS LP
0.6,2025-10-11,32554.347437411743,316.3268540943901,15724.3607081728,16857.34008794272,1399.7764831092093,18257.11657105193,1,6000.0,6000.0,HiGHS LP
0.6,2025-10-12,63722.8833235735,1537.119572223401,2675.089594662891,38706.80928392822,6059.356291174914,44766.165575103136,1,6000.0,6000.0,HiGHS LP
0.6,2025-10-13,63496.42653327577,939.8090306152146,3341.366211105209,38631.66393435413,3886.4975455495482,42518.16147990368,1,6000.0,6000.0,HiGHS LP
0.6,2025-10-14,63269.77812129585,2589.039333241877,1018.302245904139,38464.87595620127,11072.41026554968,49537.286221750954,1,6000.0,6000.0,HiGHS LP
0.6,2025-10-15,64231.35354711378,2806.297684453869,1048.9271106771557,39174.66621063528,11036.61795548078,50211.284166116064,1,6000.0,6000.0,HiGHS LP
0.6,2025-10-16,64945.093219228875,3516.1868123639356,1417.545706987422,39671.764703551,15065.051506438398,54736.816209989396,1,6000.0,6000.0,HiGHS LP
0.6,2025-10-17,32698.238337435105,992.1909497161914,14555.651109018261,16982.404857966954,4437.542990825203,21419.94784879216,1,6000.0,6000.0,HiGHS LP
0.6,2025-10-18,32322.890135440033,1573.3770387259506,14721.923840234824,16783.06462566684,6013.601272817199,22796.66589848404,1,6000.0,6000.0,HiGHS LP
0.6,2025-10-19,65912.07960484337,3505.5829646520933,1435.1522174734778,40118.41113870564,15559.903451985812,55678.31459069145,1,6000.0,6000.0,HiGHS LP
0.6,2025-10-20,66694.5942650017,3069.897011568603,1215.1051320022714,40769.854305206194,13754.716208891823,54524.57051409801,1,6000.0,6000.0,HiGHS LP
0.6,2025-10-21,67208.10956968079,4266.476995417372,895.8318090141278,41098.58838724894,16436.99455656037,57535.58294380931,1,6000.0,6000.0,HiGHS LP
0.6,2025-10-22,67574.88154733644,3416.7859981874008,1311.52410073307,41141.84505357769,15284.502780970543,56426.34783454823,1,6000.0,6000.0,HiGHS LP
0.6,2025-10-23,69241.48204886956,1167.839322918453,2897.7058182188835,42386.89548442052,5001.262802603124,47388.158287023645,1,6000.0,6000.0,HiGHS LP
0.6,2025-10-24,32173.076468374755,1469.699877679151,12063.953153499273,16599.00663583717,6344.451691029034,22943.458326866203,1,6000.0,6000.0,HiGHS LP
0.6,2025-10-25,32843.00731192659,1106.92879236447,11382.7872649394,17117.20853405401,4396.6061789040305,21513.81471295804,1,6000.0,6000.0,HiGHS LP
0.6,2025-10-26,70045.6780957848,842.3024754120593,2170.201343937369,43008.240177043066,3152.506375255828,46160.74655229889,1,6000.0,6000.0,HiGHS LP
0.6,2025-10-27,69335.75015013204,2084.3288826669905,3699.427445974596,42363.44246429645,8656.271033474553,51019.71349777101,1,6000.0,6000.0,HiGHS LP
0.6,2025-10-28,69777.5841537989,1859.5176021098323,1483.556912235244,42767.991158237084,7487.789438146862,50255.78059638395,1,6000.0,6000.0,HiGHS LP
0.6,2025-10-29,71069.7445916027,3687.405680414543,1178.0086053824232,43683.83165308887,14596.653142581772,58280.48479567064,1,6000.0,6000.0,HiGHS LP
0.6,2025-10-30,72171.46167291599,669.7444726163365,3708.3409374550065,44476.60399890655,2735.1279969317384,47211.73199583829,1,6000.0,6000.0,HiGHS LP
0.6,2025-10-31,34238.15155258469,1409.0670648730365,8448.782673656375,18070.063388467064,4720.781813808075,22790.845202275137,1,6000.0,6000.0,HiGHS LP
0.6,2025-11-01,34623.18330311,428.6497206098107,9185.764568758288,18291.91169155367,1374.208465185402,19666.12015673907,1,6000.0,6000.0,HiGHS LP
0.6,2025-11-02,73220.4587211009,1465.6822583076141,1473.9839414043001,44975.50091707849,6442.741554655343,51418.242471733836,1,6000.0,6000.0,HiGHS LP
0.6,2025-11-03,74004.35868807943,2146.602458349523,2191.970751923267,45645.57561949384,6881.7416580429945,52527.31727753683,1,6000.0,6000.0,HiGHS LP
0.6,2025-11-04,75840.31393859844,785.0458582710875,4579.92307738893,46895.10361894067,3250.528065321087,50145.63168426176,1,6000.0,6000.0,HiGHS LP
0.6,2025-11-05,76401.53528836425,651.7698106664147,2909.6094129536878,47437.80081019335,2231.109928164317,49668.91073835767,1,6000.0,6000.0,HiGHS LP
0.6,2025-11-06,73731.5572034065,3421.370963969143,1350.0606294246609,45344.92251417295,14343.812657607068,59688.73517178002,1,6000.0,6000.0,HiGHS LP
0.6,2025-11-07,34154.28693227483,923.022442782317,8421.341187661454,17978.004366102236,3954.62664715349,21932.631013255726,1,6000.0,6000.0,HiGHS LP
0.6,2025-11-08,35172.71706238076,254.92697026349816,8266.400804363686,18643.322642265102,820.2698543705633,19463.592496635665,1,6000.0,6000.0,HiGHS LP
0.6,2025-11-09,76040.02702827826,1485.0680616237319,1730.769984748205,47020.64505614739,5874.524441769563,52895.169497916955,1,6000.0,6000.0,HiGHS LP
0.6,2025-11-10,77716.02429609314,1914.2456917721047,1342.516128048674,48327.26736129609,7008.098281963057,55335.36564325915,1,6000.0,6000.0,HiGHS LP
0.6,2025-11-11,77558.77596015572,807.4042663253874,2378.0845668315214,48149.461099625085,3116.9485896663887,51266.409689291475,1,6000.0,6000.0,HiGHS LP
0.6,2025-11-12,78927.05367040346,415.1022159477583,3971.14073537508,49283.320579868654,1766.163407600147,51049.483987468804,1,6000.0,6000.0,HiGHS LP
0.6,2025-11-13,78370.57190794992,1241.9534218354647,2797.540351229875,48947.57345054899,4430.141805582357,53377.71525613135,1,6000.0,6000.0,HiGHS LP
0.6,2025-11-14,35340.7237635794,698.6175471283118,5021.214499420989,18763.080981009087,2066.3225376003893,20829.403518609477,1,6000.0,6000.0,HiGHS LP
0.6,2025-11-15,35764.883892558915,522.9690398922487,4626.922969527831,18992.06951985359,1964.060457676022,20956.129977529614,1,6000.0,6000.0,HiGHS LP
0.6,2025-11-16,79162.70950469299,1758.694477032223,2062.3469896657816,49372.368049696364,6875.478887463477,56247.84693715984,1,6000.0,6000.0,HiGHS LP
0.6,2025-11-17,81456.15492940761,351.9737409926407,4660.545192905089,51193.45472824918,1075.371177972366,52268.825906221544,1,6000.0,6000.0,HiGHS LP
0.6,2025-11-18,78060.20164681939,2445.874488926062,1204.9348550342556,48486.78223846904,8850.804939398251,57337.58717786729,1,6000.0,6000.0,HiGHS LP
0.6,2025-11-19,79980.66449651436,1424.1419019083767,1602.0040308271791,49967.21191943185,5610.414901291154,55577.626820723,1,6000.0,6000.0,HiGHS LP
0.6,2025-11-20,81048.15908208751,1046.398549243479,2850.8716917504603,50930.076087051086,3955.7627170638834,54885.83880411497,1,6000.0,6000.0,HiGHS LP
0.6,2025-11-21,36156.64233359329,600.1670486860928,4374.649641449715,19231.30463101333,1652.7599913074112,20884.06462232074,1,6000.0,6000.0,HiGHS LP
0.6,2025-11-22,35657.68046488252,876.7116408633012,2824.6193592971654,18833.29313868124,3036.8077611573,21870.10089983854,1,6000.0,6000.0,HiGHS LP
0.6,2025-11-23,81357.57236307082,1561.3109623363723,3226.7271464346445,50995.88253193845,6473.479859942198,57469.36239188065,1,6000.0,6000.0,HiGHS LP
0.6,2025-11-24,81913.19522320939,835.4352698629289,4121.377080304716,51490.18318448748,3059.095108043175,54549.27829253066,1,6000.0,6000.0,HiGHS LP
0.6,2025-11-25,82898.1473021837,650.7136898747788,2860.597126110046,52180.23378093097,2347.0410952992797,54527.27487623025,1,6000.0,6000.0,HiGHS LP
0.6,2025-11-26,81807.37394843687,1251.7371426274726,1837.832253903659,51348.94223009992,4705.330449739473,56054.27267983939,1,6000.0,6000.0,HiGHS LP
0.6,2025-11-27,83376.66437143277,620.419871516405,3662.32463733024,52565.647341174976,2548.067406559969,55113.71474773494,1,6000.0,6000.0,HiGHS LP
0.6,2025-11-28,35934.74211805814,1142.445556642184,2629.2029055651674,19041.500587484956,4534.3643009738935,23575.864888458847,1,6000.0,6000.0,HiGHS LP
0.6,2025-11-29,37567.8106355358,2998.150792349819,2025.4226974918308,20069.143199675298,10028.641774052881,30097.78497372818,1,6000.0,6000.0,HiGHS LP
0.6,2025-11-30,85749.43289689212,1011.5427161589041,1832.6555712921386,54182.40835299496,3591.9096688854634,57774.31802188042,1,6000.0,6000.0,HiGHS LP
0.6,2025-12-01,84834.86409554546,6711.93451689577,599.4534753998411,53484.36649921586,24906.72470167007,78391.09120088593,1,6000.0,6000.0,HiGHS LP
0.6,2025-12-02,89934.57711791633,4750.68291533801,1329.116749921002,57601.936602341106,16796.76651591694,74398.70311825804,1,6000.0,6000.0,HiGHS LP
0.6,2025-12-03,90579.59378190033,2919.4121805537106,1617.924062454038,57379.63611033711,10166.436848177607,67546.07295851472,1,6000.0,6000.0,HiGHS LP
0.6,2025-12-04,92211.98569929796,1475.947567486275,2194.125289938706,58730.3991021745,5748.838620226254,64479.23772240076,1,6000.0,6000.0,HiGHS LP
0.6,2025-12-05,46598.14148662657,1577.1913929341495,2825.4541876400453,24218.47163192721,6612.3538485981535,30830.82548052536,1,6000.0,6000.0,HiGHS LP
0.6,2025-12-06,48536.13544347148,1391.5602753506716,2198.721898969501,25366.73396032896,4587.230997249597,29953.964957578555,1,6000.0,6000.0,HiGHS LP
0.6,2025-12-07,94558.1872523088,1080.0291769809483,3213.5127120561165,60413.873976533076,4198.763951001695,64612.63792753477,1,6000.0,6000.0,HiGHS LP
0.6,2025-12-08,91727.64383942881,3216.9035767612068,2379.002966190001,57570.08413856382,14014.421577472283,71584.5057160361,1,6000.0,6000.0,HiGHS LP
0.6,2025-12-09,95587.90863194299,863.9399445698728,4264.227513756813,61010.84165488997,4089.4692443756653,65100.310899265634,1,6000.0,6000.0,HiGHS LP
0.6,2025-12-10,93311.34306026413,1873.0727563737269,2022.0916754251868,59349.865743709146,6895.166105322106,66245.03184903125,1,6000.0,6000.0,HiGHS LP
0.6,2025-12-11,96415.97165953691,290.4518559727619,5914.318410024569,61826.889076613756,953.3450827798986,62780.23415939365,1,6000.0,6000.0,HiGHS LP
0.6,2025-12-12,46614.50183179156,2531.587694747923,1471.7369225197858,24216.117533443306,8680.606677772448,32896.724211215755,1,6000.0,6000.0,HiGHS LP
0.6,2025-12-13,51625.06179802431,455.6063141950449,4197.551630094004,27104.271705782667,1955.7173808572686,29059.989086639936,1,6000.0,6000.0,HiGHS LP
0.6,2025-12-14,95746.07503772344,634.8171520381596,2784.7824889968288,61195.88534784943,2577.7304631232046,63773.61581097263,1,6000.0,6000.0,HiGHS LP
0.6,2025-12-15,96262.33092111573,887.9341228910653,2852.91686535212,61598.17043116413,3167.0239616565113,64765.19439282064,1,6000.0,6000.0,HiGHS LP
0.6,2025-12-16,95500.13969533841,971.0830771098517,2240.514597194472,60942.625671540925,3750.788163993791,64693.41383553472,1,6000.0,6000.0,HiGHS LP
0.6,2025-12-17,97214.57820778768,402.75268909081876,4600.6719801085055,62214.87264891357,1443.0507612699064,63657.92341018348,1,6000.0,6000.0,HiGHS LP
0.6,2025-12-18,94888.3648104404,1083.0515300753657,3802.4347720901033,60492.474252922446,3986.6325460310823,64479.10679895353,1,6000.0,6000.0,HiGHS LP
0.6,2025-12-19,49664.62071558104,677.2535482821614,3365.416444371219,25792.56846876615,2879.0351274564964,28671.603596222645,1,6000.0,6000.0,HiGHS LP
0.6,2025-12-20,49752.08258201965,742.2949112252988,3564.125091435405,25868.590164568945,2784.624422586183,28653.214587155126,1,6000.0,6000.0,HiGHS LP
0.6,2025-12-21,94393.83766698709,1554.3179497782635,2102.70868133934,60116.80638867896,5669.997310986486,65786.80369966544,1,6000.0,6000.0,HiGHS LP
0.6,2025-12-22,96871.22843787732,625.6645705858109,3724.5567186791695,61949.84569397282,2244.587325956783,64194.4330199296,1,6000.0,6000.0,HiGHS LP
0.6,2025-12-23,96680.45929662691,341.56302228045354,4932.55590863078,61794.978862543445,1405.7009238804176,63200.67978642386,1,6000.0,6000.0,HiGHS LP
0.6,2025-12-24,95316.969623464,651.9589094649889,3298.770041748244,60876.504235295426,2264.5506330172575,63141.05486831268,1,6000.0,6000.0,HiGHS LP
0.6,2025-12-25,94845.77464769525,867.0199915601886,3087.4297069562817,60606.93386499928,2888.424925796611,63495.358790795886,1,6000.0,6000.0,HiGHS LP
0.6,2025-12-26,48691.574865220566,875.5371172065632,2492.1130734798166,25256.280630732224,3313.3242074697305,28569.604838201954,1,6000.0,6000.0,HiGHS LP
0.6,2025-12-27,50183.87232356203,517.3266578773353,3278.6054638007545,26141.683459690328,2173.0433922895063,28314.726851979834,1,6000.0,6000.0,HiGHS LP
0.6,2025-12-28,94034.93590997081,1051.9721224914344,3465.8884511910283,59879.32342051115,3919.343424707531,63798.666845218686,1,6000.0,6000.0,HiGHS LP
0.6,2025-12-29,94133.43651456792,895.4183611626902,2713.064163410999,59892.929248728076,3331.7302767921747,63224.65952552025,1,6000.0,6000.0,HiGHS LP
0.6,2025-12-30,96162.34776618119,206.0696067962274,5331.0802424976155,61522.7835450674,941.4033146741383,62464.18685974154,1,6000.0,6000.0,HiGHS LP
0.6,2025-12-31,93612.09559471818,1648.9724206332821,1836.6409470070907,59535.55281436241,6525.480872283185,66061.03368664559,1,6000.0,6000.0,HiGHS LP
0.65,2025-02-01,44301.95529937523,227.22401429803287,6182.916880439494,22918.75768999326,915.6176021610261,23834.375292154287,1,6000.0,6000.0,HiGHS LP
0.65,2025-02-02,87720.09022115933,166.2255986608955,4909.0374505427935,54924.72866125719,843.8206262841832,55768.54928754138,1,6000.0,6000.0,HiGHS LP
0.65,2025-02-03,87774.90120740593,718.5356623293496,3656.6216165125643,54952.93858021325,2690.690383481531,57643.628963694784,1,6000.0,6000.0,HiGHS LP
0.65,2025-02-04,87833.43862541123,1395.9649184535106,3424.1860770839808,55034.89033090074,5916.992455341939,60951.88278624268,1,6000.0,6000.0,HiGHS LP
0.65,2025-02-05,83369.51219327466,2849.936539413074,976.3876980183604,51640.75907179046,11691.639516048552,63332.39858783901,1,6000.0,6000.0,HiGHS LP
0.65,2025-02-06,89388.87493621859,207.05884369214266,4659.144890729896,56296.70042040237,800.2105005383269,57096.910920940696,1,6000.0,6000.0,HiGHS LP
0.65,2025-02-07,40101.83317614123,853.1371877388169,5357.10668920359,20692.483055136407,3864.7596133838924,24557.2426685203,1,6000.0,6000.0,HiGHS LP
0.65,2025-02-08,38754.959636008236,734.5144054394683,4201.141773216936,19989.559402244366,3332.1218051759547,23321.68120742032,1,6000.0,6000.0,HiGHS LP
0.65,2025-02-09,81857.1795779455,3217.6596890598466,1025.6591876691807,50910.41178296583,11343.620849103185,62254.032632069015,1,6000.0,6000.0,HiGHS LP
0.65,2025-02-10,85514.6444341509,200.12557417449432,6780.150094100321,53449.22590793338,641.7876272483238,54091.01353518171,1,6000.0,6000.0,HiGHS LP
0.65,2025-02-11,85835.4744224925,66.50703669122356,6056.950683692318,53772.562980228,222.4247602047322,53994.987740432734,1,6000.0,6000.0,HiGHS LP
0.65,2025-02-12,81236.42282999137,1255.6766284333785,2808.3798687356325,50307.69189478532,5473.961971836465,55781.65386662178,1,6000.0,6000.0,HiGHS LP
0.65,2025-02-13,81089.82420430033,808.3148294873541,6153.187264242023,50503.96710696576,2412.4782346005727,52916.44534156634,1,6000.0,6000.0,HiGHS LP
0.65,2025-02-14,37539.43114730818,951.395803546338,5056.945368781004,19597.224226641265,2797.05686633425,22394.281092975514,1,6000.0,6000.0,HiGHS LP
0.65,2025-02-15,35846.84442351959,1529.5082473635048,4568.628778642739,18652.44568745611,4580.098276956629,23232.54396441274,1,6000.0,6000.0,HiGHS LP
0.65,2025-02-16,78068.8033274386,2780.280260288561,1037.9396935030443,48126.099000284376,10112.37527482168,58238.474275106055,1,6000.0,6000.0,HiGHS LP
0.65,2025-02-17,78322.70654370915,910.3874054344298,3622.6862840903823,48230.74905201841,3301.428779493222,51532.17783151163,1,6000.0,6000.0,HiGHS LP
0.65,2025-02-18,79249.60781128352,693.4118512249022,3431.392654351248,49021.61263690371,2647.5988990576107,51669.211535961316,1,6000.0,6000.0,HiGHS LP
0.65,2025-02-19,77376.9571396728,2027.0515978989101,2117.898235633289,47666.449201777934,7598.0598880589205,55264.50908983685,1,6000.0,6000.0,HiGHS LP
0.65,2025-02-20,78348.02005258217,764.2934818130689,3707.115884415449,48288.53305846208,2975.547185651454,51264.08024411354,1,6000.0,6000.0,HiGHS LP
0.65,2025-02-21,35137.60321028688,651.7886267481892,6811.219483567491,18257.678814993345,2083.9412620943417,20341.620077087686,1,6000.0,6000.0,HiGHS LP
0.65,2025-02-22,36486.79882164825,931.7186417336654,6101.665384951149,19146.201401908722,3331.3431606055456,22477.544562514267,1,6000.0,6000.0,HiGHS LP
0.65,2025-02-23,77661.68970395903,1359.118021065844,3090.9230225579613,47965.16002791233,4098.587097350335,52063.747125262664,1,6000.0,6000.0,HiGHS LP
0.65,2025-02-24,75348.5254346504,894.1177140670424,3699.6044312997046,46087.23692168425,3744.3798613811673,49831.616783065416,1,6000.0,6000.0,HiGHS LP
0.65,2025-02-25,74131.73933544644,914.1377047989397,4899.255020348594,45304.47187599169,3135.0369215244955,48439.50879751618,1,6000.0,6000.0,HiGHS LP
0.65,2025-02-26,73582.87998814884,1934.6969436448933,2393.4957356890272,44766.70389185457,7851.8542752723215,52618.558167126896,1,6000.0,6000.0,HiGHS LP
0.65,2025-02-27,73621.11774567576,1102.3585228283387,3450.872069109279,44914.0590430899,5282.207665413011,50196.26670850291,1,6000.0,6000.0,HiGHS LP
0.65,2025-02-28,33221.995455930744,1552.4985063839247,8214.030016109948,17073.642176597583,5662.848812623968,22736.49098922155,1,6000.0,6000.0,HiGHS LP
0.65,2025-03-01,34236.35760923606,560.7254668422676,7846.66182762451,17718.92356473722,2230.2791340026733,19949.202698739893,1,6000.0,6000.0,HiGHS LP
0.65,2025-03-02,70235.96154370121,7155.726831654519,818.2123641896353,42970.90076461501,26398.336863781264,69369.23762839628,1,6000.0,6000.0,HiGHS LP
0.65,2025-03-03,72881.90315512707,5168.104504410858,1691.9897574713211,44870.357192602554,19662.385236614464,64532.74242921702,1,6000.0,6000.0,HiGHS LP
0.65,2025-03-04,74443.54626206185,1553.4594894632496,2396.316928184244,45845.37049501161,4681.382964094444,50526.753459106054,1,6000.0,6000.0,HiGHS LP
0.65,2025-03-05,74624.58947260716,845.6058882050105,4954.1530708428445,45788.86915510548,3410.4112066978378,49199.28036180332,1,6000.0,6000.0,HiGHS LP
0.65,2025-03-06,74461.17268652361,459.0670579649157,4579.421863301433,45822.22006600793,1592.066816134061,47414.28688214199,1,6000.0,6000.0,HiGHS LP
0.65,2025-03-07,32582.749611920786,1379.2080213635818,9898.872320618695,17090.467673599043,5223.87565336572,22314.343326964765,1,6000.0,6000.0,HiGHS LP
0.65,2025-03-08,31513.305519438207,831.598590335014,10241.76459310655,16677.28319538574,1934.9300804878862,18612.213275873626,1,6000.0,6000.0,HiGHS LP
0.65,2025-03-09,70198.50673048175,990.2131099645934,3655.806594635712,42652.64273244489,3857.310654457834,46509.95338690272,1,6000.0,6000.0,HiGHS LP
0.65,2025-03-10,70291.07101699217,3783.101570247814,1824.200164007093,42754.59700353389,12393.807076302935,55148.40407983682,1,6000.0,6000.0,HiGHS LP
0.65,2025-03-11,71333.78491961429,771.2480398491261,3960.283715107712,43344.00155779577,2793.9281491966867,46137.92970699245,1,6000.0,6000.0,HiGHS LP
0.65,2025-03-12,68740.41020293185,978.360100210898,3129.55088646145,41442.0846856496,3581.688512184147,45023.77319783375,1,6000.0,6000.0,HiGHS LP
0.65,2025-03-13,69262.76230764421,4358.7430522134055,1914.3102648362944,41927.2231861068,15815.33166904702,57742.55485515382,1,6000.0,6000.0,HiGHS LP
0.65,2025-03-14,30947.841809485213,794.3336156781393,12672.749441830023,16133.83289581986,2921.7583078966222,19055.59120371648,1,6000.0,6000.0,HiGHS LP
0.65,2025-03-15,30282.747526731862,1950.4279028391977,8269.050279571053,15619.312903577338,6414.632573021999,22033.945476599336,1,6000.0,6000.0,HiGHS LP
0.65,2025-03-16,69127.0032095515,1657.5494318175524,3272.299192702058,41873.7597761227,6579.469223255174,48453.228999377876,1,6000.0,6000.0,HiGHS LP
0.65,2025-03-17,69124.66620555808,236.2748640264416,7341.768931333768,41669.251714129685,1187.6569722195409,42856.90868634923,1,6000.0,6000.0,HiGHS LP
0.65,2025-03-18,66296.96160803016,1664.601799082306,2717.3388870769986,39692.42176932263,7806.76837992939,47499.19014925202,1,6000.0,6000.0,HiGHS LP
0.65,2025-03-19,67522.15134535826,745.4615860255411,4665.441954045957,40558.69399171004,3475.326944729287,44034.02093643932,1,6000.0,6000.0,HiGHS LP
0.65,2025-03-20,65435.594433352766,2226.6963854038368,1336.100862803088,39199.16372102697,9074.158316847184,48273.32203787415,1,6000.0,6000.0,HiGHS LP
0.65,2025-03-21,30466.206798466897,450.5848404330207,15843.327122233251,15780.78996116294,1557.460435890286,17338.250397053227,1,6000.0,6000.0,HiGHS LP
0.65,2025-03-22,30120.392072439256,857.437687237607,12056.630026343524,15442.420025729078,3108.698507232997,18551.118532962075,1,6000.0,6000.0,HiGHS LP
0.65,2025-03-23,67042.69559681881,837.2447774988967,4971.419419477117,40233.68577733282,3389.9648980976986,43623.65067543052,1,6000.0,6000.0,HiGHS LP
0.65,2025-03-24,65512.5240146832,723.0966244083186,4129.416540427128,39285.39963402588,2601.161023519363,41886.56065754525,1,6000.0,6000.0,HiGHS LP
0.65,2025-03-25,66420.27214408973,1693.6715992052,3045.556127954206,39859.97138298528,6767.885310497338,46627.856693482616,1,6000.0,6000.0,HiGHS LP
0.65,2025-03-26,65013.31382971282,570.6360380742298,5885.669436646927,38838.42682880953,2222.3237676972867,41060.75059650682,1,6000.0,6000.0,HiGHS LP
0.65,2025-03-27,64337.27674549792,1418.9897193714055,2946.5379412367633,38443.94968004622,5549.2026138765505,43993.15229392277,1,6000.0,6000.0,HiGHS LP
0.65,2025-03-28,29521.963934553132,542.1442346043741,16202.227402490844,15025.612666952733,2000.0523014973976,17025.66496845013,1,6000.0,6000.0,HiGHS LP
0.65,2025-03-29,30252.743639553333,202.4169113038184,19707.95136752382,15461.419682557782,807.9660942702379,16269.38577682802,1,6000.0,6000.0,HiGHS LP
0.65,2025-03-30,61998.7590981349,984.2391337300758,3569.252077677193,36882.73076126165,4013.7307713283735,40896.46153259002,1,6000.0,6000.0,HiGHS LP
0.65,2025-03-31,63557.46606176731,1748.9589104466545,4274.81303323218,37920.37745885231,7187.8435964141545,45108.22105526646,1,6000.0,6000.0,HiGHS LP
0.65,2025-04-01,61939.26184189382,4080.418191453401,1732.275982872592,36786.28925453249,12925.569072372891,49711.85832690538,1,6000.0,6000.0,HiGHS LP
0.65,2025-04-02,61730.10026318616,4929.742584530026,2142.187404287761,36706.9092608363,19134.65296829756,55841.56222913386,1,6000.0,6000.0,HiGHS LP
0.65,2025-04-03,62203.70731930187,1126.877032097685,3386.1640650238955,36907.414979927315,5016.256881504387,41923.6718614317,1,6000.0,6000.0,HiGHS LP
0.65,2025-04-04,28310.56334495826,515.4682589576228,19355.229353915885,14089.31317953153,2059.319817839347,16148.632997370876,1,6000.0,6000.0,HiGHS LP
0.65,2025-04-05,28358.400058890762,2205.1730085813456,15479.458084138778,14123.837962124195,9166.666984853471,23290.504946977664,1,6000.0,6000.0,HiGHS LP
0.65,2025-04-06,58987.94418529529,1627.9538380398944,2274.984342133969,35111.01392290121,5931.074432356236,41042.08835525745,1,6000.0,6000.0,HiGHS LP
0.65,2025-04-07,59960.642681077006,1600.1538273953636,4307.9712975704415,35609.674283121014,5247.682534523123,40857.35681764413,1,6000.0,6000.0,HiGHS LP
0.65,2025-04-08,60755.58156912839,1256.8126379020139,3636.7542177700407,36103.93516277808,5425.70968811047,41529.64485088855,1,6000.0,6000.0,HiGHS LP
0.65,2025-04-09,61556.05391864005,3461.1435742967556,1808.8891186429805,36657.154080999564,12096.112060559699,48753.26614155926,1,6000.0,6000.0,HiGHS LP
0.65,2025-04-10,61205.38698822792,1212.5452626861065,3886.7684427176455,36375.300429793126,5237.193210160911,41612.49363995404,1,6000.0,6000.0,HiGHS LP
0.65,2025-04-11,27945.026486475195,662.9036162436698,20251.279936052197,13843.648703635015,2636.9331163636148,16480.58181999863,1,6000.0,6000.0,HiGHS LP
0.65,2025-04-12,28462.91235358239,845.9045283891322,17243.65633197152,14193.400563267593,3254.573980407302,17447.974543674893,1,6000.0,6000.0,HiGHS LP
0.65,2025-04-13,58003.16551885034,2184.3538313429117,2044.1097943937118,34532.5309419056,8507.723466632651,43040.254408538254,1,6000.0,6000.0,HiGHS LP
0.65,2025-04-14,57149.31668532676,1677.1678629837247,2397.5089585628575,33922.48015608453,6000.216770569652,39922.696926654186,1,6000.0,6000.0,HiGHS LP
0.65,2025-04-15,57158.584849589824,1682.1805836751473,4775.834172763347,33914.05374563091,7662.400158978759,41576.45390460967,1,6000.0,6000.0,HiGHS LP
0.65,2025-04-16,57065.24514600228,3556.699144420514,945.1161479539458,33934.59506475203,12221.190075443006,46155.78514019503,1,6000.0,6000.0,HiGHS LP
0.65,2025-04-17,58964.020516172095,912.032909353783,3130.885146655972,35145.19742006821,3766.889375220653,38912.086795288866,1,6000.0,6000.0,HiGHS LP
0.65,2025-04-18,27108.51697512925,657.7049195444217,18372.10471134034,13237.5377787506,2318.6187183626243,15556.156497113225,1,6000.0,6000.0,HiGHS LP
0.65,2025-04-19,27677.55096025067,373.44005392640383,18226.31176417707,13646.758924373407,1139.6601378711885,14786.419062244597,1,6000.0,6000.0,HiGHS LP
0.65,2025-04-20,58625.54024571298,1063.4423234632295,3918.405477481785,34843.4891632377,4443.821200754692,39287.31036399239,1,6000.0,6000.0,HiGHS LP
0.65,2025-04-21,59494.628968545556,312.1131406756593,7413.540500544244,35267.126958530665,926.2776063614496,36193.40456489212,1,6000.0,6000.0,HiGHS LP
0.65,2025-04-22,56447.92822826378,2101.7488901520423,2546.7902900309673,33449.99990695837,7442.213855900141,40892.21376285851,1,6000.0,6000.0,HiGHS LP
0.65,2025-04-23,60150.895267873704,595.2190107031603,5467.345055502361,35708.708879330705,1702.6356453977096,37411.34452472841,1,6000.0,6000.0,HiGHS LP
0.65,2025-04-24,58000.215925192795,299.87764549403323,7439.661292901569,34380.47891238603,1246.474976874858,35626.95388926089,1,6000.0,6000.0,HiGHS LP
0.65,2025-04-25,26840.55863402626,330.65731467373996,22130.858298700005,13088.507562268764,1321.3137096768837,14409.821271945648,1,6000.0,6000.0,HiGHS LP
0.65,2025-04-26,26305.908911191837,1376.1347110923562,24571.84998895086,12658.891329149843,5918.1179555257895,18577.00928467563,1,6000.0,6000.0,HiGHS LP
0.65,2025-04-27,54707.21157542114,1855.594404531489,4315.098458142973,32279.423369143267,7944.7764272804225,40224.19979642369,1,6000.0,6000.0,HiGHS LP
0.65,2025-04-28,56574.39015066803,5607.951039130204,1799.1835679642568,33616.70285606363,21489.930480881027,55106.63333694466,1,6000.0,6000.0,HiGHS LP
0.65,2025-04-29,57690.18483694938,473.14337660099545,6910.311877182935,34182.96204385895,2034.7263875283465,36217.688431387294,1,6000.0,6000.0,HiGHS LP
0.65,2025-04-30,54632.17406341106,1742.1044928065276,4445.466389950339,32330.721348442465,6054.676789683687,38385.398138126155,1,6000.0,6000.0,HiGHS LP
0.65,2025-05-01,55808.667747706764,3210.558379754023,4345.895309955006,33329.63336933317,15056.245257025641,48385.87862635881,1,6000.0,6000.0,HiGHS LP
0.65,2025-05-02,27895.637834390607,4380.9790864628885,14946.296837520156,14012.057576354018,18597.810981956805,32609.868558310824,1,6000.0,6000.0,HiGHS LP
0.65,2025-05-03,28977.452687791716,1491.0806727873953,18561.361710579116,14866.704804899402,6935.857874953297,21802.5626798527,1,6000.0,6000.0,HiGHS LP
0.65,2025-05-04,57907.36779804002,1924.107574363357,4423.639295463077,35142.48867874779,6750.1073409982955,41892.59601974608,1,6000.0,6000.0,HiGHS LP
0.65,2025-05-05,56065.77870855792,4764.383817123335,2235.2680653392863,34110.32496171806,21350.71449393977,55461.03945565783,1,6000.0,6000.0,HiGHS LP
0.65,2025-05-06,58374.35974366189,2586.5184187576033,4468.141153512563,35473.4952785667,11284.94031588716,46758.435594453855,1,6000.0,6000.0,HiGHS LP
0.65,2025-05-07,59601.20505925507,2002.0930240555645,2895.1835274844334,36234.88376868551,9105.812429603266,45340.69619828877,1,6000.0,6000.0,HiGHS LP
0.65,2025-05-08,58578.22266320401,3098.646997526272,2177.9559130352654,35677.466668589244,11986.455752265178,47663.92242085442,1,6000.0,6000.0,HiGHS LP
0.65,2025-05-09,29023.646643122876,574.1120249656445,18058.37281808852,15184.13685424405,2276.6053035056675,17460.74215774972,1,6000.0,6000.0,HiGHS LP
0.65,2025-05-10,27300.888226111507,2875.1559540531775,15014.99889683135,13692.637265254827,12227.02887041144,25919.666135666266,1,6000.0,6000.0,HiGHS LP
0.65,2025-05-11,60816.828817823574,1902.8690378828087,3558.122415239397,37084.59504570181,7753.5792947690425,44838.174340470854,1,6000.0,6000.0,HiGHS LP
0.65,2025-05-12,61445.81621522721,1271.4110905644181,7119.475582184141,37530.34435820167,3497.5382947225357,41027.88265292421,1,6000.0,6000.0,HiGHS LP
0.65,2025-05-13,56302.099039883964,2259.9424849191873,1947.2096490915574,34087.73037735178,10250.989167520484,44338.71954487226,1,6000.0,6000.0,HiGHS LP
0.65,2025-05-14,57697.69765874841,1811.6703321656446,2937.6116789557773,34796.143370905585,7157.1434793746685,41953.28685028025,1,6000.0,6000.0,HiGHS LP
0.65,2025-05-15,59055.69409493012,1383.4284090888286,4082.762617640294,35889.14328531665,5474.189308658411,41363.33259397506,1,6000.0,6000.0,HiGHS LP
0.65,2025-05-16,28916.600492867256,422.29275154079636,23583.386711074712,15169.761931029028,1363.8021714091406,16533.56410243817,1,6000.0,6000.0,HiGHS LP
0.65,2025-05-17,28840.09176770044,1947.4156096836525,17298.708294050757,15070.494646367137,8530.193521349342,23600.68816771648,1,6000.0,6000.0,HiGHS LP
0.65,2025-05-18,59598.41411911523,1848.1357493730648,4243.1329515122725,36287.71037637667,6193.286642367651,42480.997018744325,1,6000.0,6000.0,HiGHS LP
0.65,2025-05-19,58710.63725813872,701.6015102028307,8395.5335798391,35438.895512825926,3495.389601906431,38934.28511473236,1,6000.0,6000.0,HiGHS LP
0.65,2025-05-20,58407.65271451222,1960.12585179692,2318.502007862957,35356.32920773781,7928.564999656222,43284.89420739403,1,6000.0,6000.0,HiGHS LP
0.65,2025-05-21,57861.25773636637,2145.5230603114255,5172.643527121254,35021.87211632278,8840.426869513118,43862.2989858359,1,6000.0,6000.0,HiGHS LP
0.65,2025-05-22,59010.89272693531,550.2264758105689,5220.318994922254,35797.906703291366,2397.9484281505156,38195.85513144188,1,6000.0,6000.0,HiGHS LP
0.65,2025-05-23,27639.60430148265,942.0593197000409,19120.71473784936,14179.05978528424,3623.6156975059384,17802.67548279018,1,6000.0,6000.0,HiGHS LP
0.65,2025-05-24,27896.529220975717,529.8451083981734,21631.87294604056,14304.307274409859,2055.3356899563723,16359.64296436623,1,6000.0,6000.0,HiGHS LP
0.65,2025-05-25,56842.21093720934,988.756147355042,5853.366553424119,34298.38466338841,4353.557214912859,38651.941878301266,1,6000.0,6000.0,HiGHS LP
0.65,2025-05-26,56141.83599365486,3942.3551973913554,2136.2140873368985,33903.66292848385,15974.894204542356,49878.5571330262,1,6000.0,6000.0,HiGHS LP
0.65,2025-05-27,57613.79845137485,834.9633469537746,5565.256625404114,34912.0990923275,3194.7199315931975,38106.8190239207,1,6000.0,6000.0,HiGHS LP
0.65,2025-05-28,58350.882934859226,2392.5958860034793,4975.237697458709,35250.73411950163,9148.192052820556,44398.926172322186,1,6000.0,6000.0,HiGHS LP
0.65,2025-05-29,58213.940546351485,2511.3435031667846,3087.998558239598,35238.8597451345,10666.200444432776,45905.06018956727,1,6000.0,6000.0,HiGHS LP
0.65,2025-05-30,27646.39826635389,1375.5070234101893,19385.67202309741,14255.99924431053,5218.4475454749145,19474.446789785445,1,6000.0,6000.0,HiGHS LP
0.65,2025-05-31,27948.102775814976,1134.1331578246754,17653.05438363965,14323.420290380083,4306.654402750635,18630.07469313072,1,6000.0,6000.0,HiGHS LP
0.65,2025-06-01,62418.62676106768,12931.65011942651,470.44034648736977,37906.426495381995,49266.867653193694,87173.29414857569,1,6000.0,6000.0,HiGHS LP
0.65,2025-06-02,67725.37149272708,7010.945662027619,2386.100855245154,42515.16261393482,27461.138968965523,69976.30158290034,1,6000.0,6000.0,HiGHS LP
0.65,2025-06-03,71086.94991420006,2961.1771903137264,1950.7590324405749,44142.20451501019,12154.11448001513,56296.31899502532,1,6000.0,6000.0,HiGHS LP
0.65,2025-06-04,74440.7892511967,2786.2997220540865,3471.5559530755104,46180.09803122327,8603.501402043177,54783.59943326645,1,6000.0,6000.0,HiGHS LP
0.65,2025-06-05,75109.26109492221,3027.568054418073,2898.329676241252,46645.39426930182,11583.454022633134,58228.84829193495,1,6000.0,6000.0,HiGHS LP
0.65,2025-06-06,35778.08439062524,4552.702029515498,6435.791020140736,20599.48300941602,17750.866398263337,38350.34940767936,1,6000.0,6000.0,HiGHS LP
0.65,2025-06-07,36118.58060111318,1702.60317923792,3654.6706136844405,20542.650872036284,6655.4179598271385,27198.06883186342,1,6000.0,6000.0,HiGHS LP
0.65,2025-06-08,85578.40467267798,77.32040677534098,15901.856961364743,53762.258484180304,324.2343206164145,54086.49280479672,1,6000.0,6000.0,HiGHS LP
0.65,2025-06-09,77105.98597043508,2314.1616142396647,4243.550005427083,47500.44054747096,9518.799578205946,57019.2401256769,1,6000.0,6000.0,HiGHS LP
0.65,2025-06-10,78794.75144642367,1323.046225134461,4222.037008241528,48630.81450814794,5125.122491903541,53755.937000051475,1,6000.0,6000.0,HiGHS LP
0.65,2025-06-11,79004.23575499222,3416.1411485538874,2052.6519379037827,48818.44637543576,14898.572489682985,63717.01886511874,1,6000.0,6000.0,HiGHS LP
0.65,2025-06-12,82996.09437863657,620.4059635211747,6694.106164535674,51972.0123707792,2385.234210719604,54357.2465814988,1,6000.0,6000.0,HiGHS LP
0.65,2025-06-13,35255.83078765233,1024.1336400220148,4894.650727674342,20112.490304662,4070.175100138204,24182.665404800202,1,6000.0,6000.0,HiGHS LP
0.65,2025-06-14,35998.64379369141,827.3378356804815,7592.638879371889,20464.243574621058,2620.7688348167526,23085.01240943781,1,6000.0,6000.0,HiGHS LP
0.65,2025-06-15,78172.90691191773,1288.2618116946226,4586.644281588782,48403.82310937735,4852.800526576179,53256.62363595353,1,6000.0,6000.0,HiGHS LP
0.65,2025-06-16,79217.26307372202,1419.1964352399232,3630.135949124193,48953.59806477031,5531.333733164036,54484.93179793435,1,6000.0,6000.0,HiGHS LP
0.65,2025-06-17,80185.704919039,2574.3584183383905,3772.669544452682,49648.26046847494,10724.295738591212,60372.556207066154,1,6000.0,6000.0,HiGHS LP
0.65,2025-06-18,80894.56951114678,850.466202651269,6437.568682159475,50159.508683692504,3425.434061638214,53584.942745330714,1,6000.0,6000.0,HiGHS LP
0.65,2025-06-19,78846.54825262245,919.3197778522435,7207.472886913939,48968.79699599008,3961.008799996524,52929.805795986606,1,6000.0,6000.0,HiGHS LP
0.65,2025-06-20,35671.474815328045,196.84141334769708,10427.735378675745,20449.936553013165,694.6437477142438,21144.580300727408,1,6000.0,6000.0,HiGHS LP
0.65,2025-06-21,35586.39754325244,404.77708094758844,13616.434224200031,20254.118804793965,1583.3577474707276,21837.476552264692,1,6000.0,6000.0,HiGHS LP
0.65,2025-06-22,76914.01703684987,1111.8992186921066,6304.027105222178,47188.82084872466,4554.073480710946,51742.89432943561,1,6000.0,6000.0,HiGHS LP
0.65,2025-06-23,78416.79171694936,573.669091245149,7633.7441611292015,48448.79375894874,2549.854117949306,50998.647876898045,1,6000.0,6000.0,HiGHS LP
0.65,2025-06-24,73689.7306453317,7486.79796396899,638.641752636696,44925.912123175964,29931.674439906506,74857.58656308247,1,6000.0,6000.0,HiGHS LP
0.65,2025-06-25,81576.18337987406,870.1674533157607,7578.510939063435,50733.72952016319,3001.660215053227,53735.38973521642,1,6000.0,6000.0,HiGHS LP
0.65,2025-06-26,78911.237055766,924.5945289525578,7898.563164666299,48705.198812677816,4055.784906763508,52760.98371944133,1,6000.0,6000.0,HiGHS LP
0.65,2025-06-27,34713.120546704464,226.55571177394472,12128.030391811739,19607.382948744962,968.3555179304274,20575.73846667539,1,6000.0,6000.0,HiGHS LP
0.65,2025-06-28,34948.61808374482,365.2901260416134,10496.982093119765,19748.83162371515,1006.3752684235022,20755.20689213865,1,6000.0,6000.0,HiGHS LP
0.65,2025-06-29,79442.07376972491,953.4992415903321,6759.1440439046255,49162.42551701948,3102.216689698078,52264.64220671756,1,6000.0,6000.0,HiGHS LP
0.65,2025-06-30,79180.28147152056,1271.8933403087326,6209.025630335447,48988.64029692733,4727.315750493937,53715.95604742127,1,6000.0,6000.0,HiGHS LP
0.65,2025-07-01,84695.2700417742,5495.408258733199,6767.502402309366,53052.30278890484,18492.12689000368,71544.42967890852,1,6000.0,6000.0,HiGHS LP
0.65,2025-07-02,88278.90170467587,1809.0499224006755,12735.082037208582,56103.26103112163,4574.595353661856,60677.85638478348,1,6000.0,6000.0,HiGHS LP
0.65,2025-07-03,87081.9187959517,2142.8876580783244,5081.09669262824,55336.531749429094,6832.801965679836,62169.33371510893,1,6000.0,6000.0,HiGHS LP
0.65,2025-07-04,42293.78413447626,1550.426321898885,11923.342989708468,25331.43042576412,4613.038819697259,29944.46924546138,1,6000.0,6000.0,HiGHS LP
0.65,2025-07-05,44056.26981942468,680.1623020975348,12906.352154855544,26345.95725768429,1840.637428013981,28186.594685698274,1,6000.0,6000.0,HiGHS LP
0.65,2025-07-06,84182.66645217835,2853.5156254875847,2958.6393109933183,52862.03956419506,11812.658483007184,64674.69804720224,1,6000.0,6000.0,HiGHS LP
0.65,2025-07-07,87082.15180530261,594.0862906271783,9969.391571989774,54803.97040174453,1559.4972272135815,56363.46762895811,1,6000.0,6000.0,HiGHS LP
0.65,2025-07-08,88612.71401764854,383.23987570674274,9158.2668038443,55746.319305133875,1530.5990233226153,57276.91832845649,1,6000.0,6000.0,HiGHS LP
0.65,2025-07-09,82743.1765668173,1039.5320306021388,5455.024378556129,51774.65198257607,4159.02600734843,55933.6779899245,1,6000.0,6000.0,HiGHS LP
0.65,2025-07-10,82023.85819037561,927.396274806451,5849.651790106307,51387.87370757283,3446.072744037401,54833.94645161023,1,6000.0,6000.0,HiGHS LP
0.65,2025-07-11,42849.80618888658,2028.025543818705,9319.054582705277,25239.60670232099,6763.079007675709,32002.685709996702,1,6000.0,6000.0,HiGHS LP
0.65,2025-07-12,43432.44208415053,781.7841217827188,10089.982872599912,25527.39756283296,2741.1206590431866,28268.518221876147,1,6000.0,6000.0,HiGHS LP
0.65,2025-07-13,79135.99296215232,1104.5728417816292,6896.601061127245,49428.49754331373,4780.544679474089,54209.042222787815,1,6000.0,6000.0,HiGHS LP
0.65,2025-07-14,73801.09293916952,3413.046482936541,1615.2122502296975,46445.15916372683,14419.387874039436,60864.547037766264,1,6000.0,6000.0,HiGHS LP
0.65,2025-07-15,77628.74961143255,3401.5707578973584,4351.938207430734,48832.130979530426,11203.20550787099,60035.336487401415,1,6000.0,6000.0,HiGHS LP
0.65,2025-07-16,77461.63668925568,3121.2880704964277,4385.505739254365,48543.76021221645,10923.383518331495,59467.14373054795,1,6000.0,6000.0,HiGHS LP
0.65,2025-07-17,76997.48907639322,2465.333342107726,2792.89133747526,48345.34199289653,10649.810655187706,58995.15264808424,1,6000.0,6000.0,HiGHS LP
0.65,2025-07-18,41399.554512360555,2539.5953493279662,9624.901761688518,24155.17556015683,9407.747432447588,33562.92299260442,1,6000.0,6000.0,HiGHS LP
0.65,2025-07-19,41504.15343037753,1395.8134139867327,12677.147794364268,24241.533735365734,5363.255655150805,29604.78939051654,1,6000.0,6000.0,HiGHS LP
0.65,2025-07-20,77379.88001431027,2059.911315207247,3460.200028363228,48712.30526419615,7397.533541468805,56109.83880566496,1,6000.0,6000.0,HiGHS LP
0.65,2025-07-21,75805.72990781034,3929.257549600015,1870.4024672048529,47583.92199267635,14526.784024877823,62110.70601755417,1,6000.0,6000.0,HiGHS LP
0.65,2025-07-22,79813.02517973803,2052.666565299344,3964.1180734114514,49838.590869490356,8228.174532715964,58066.76540220632,1,6000.0,6000.0,HiGHS LP
0.65,2025-07-23,80158.10933112637,1977.2476266875892,3818.699044645877,50191.06145263337,7925.956044451787,58117.01749708515,1,6000.0,6000.0,HiGHS LP
0.65,2025-07-24,78905.08159347839,2912.5330324120637,4128.080469579206,49350.93023015867,11580.805256117943,60931.735486276615,1,6000.0,6000.0,HiGHS LP
0.65,2025-07-25,42938.16047906592,327.67547170253926,13720.51638410179,25301.907164680335,1550.334329624479,26852.241494304813,1,6000.0,6000.0,HiGHS LP
0.65,2025-07-26,43096.06371073801,830.8799251976034,12417.852069268949,25272.31753929193,2716.7495630978556,27989.067102389785,1,6000.0,6000.0,HiGHS LP
0.65,2025-07-27,80071.29075567125,1743.4545740003005,4037.8484731382923,50050.22635685315,7650.754400989879,57700.98075784303,1,6000.0,6000.0,HiGHS LP
0.65,2025-07-28,80724.94177970383,3712.9846493846912,2375.254491293881,50511.054086777425,14354.068741107312,64865.12282788474,1,6000.0,6000.0,HiGHS LP
0.65,2025-07-29,80802.92821516962,2855.3583715986133,3478.7449722867577,50460.65861788234,10632.332937845717,61092.99155572806,1,6000.0,6000.0,HiGHS LP
0.65,2025-07-30,80724.80908445889,1803.6734092687066,4324.6693132027,50390.20093092111,7911.754299323182,58301.9552302443,1,6000.0,6000.0,HiGHS LP
0.65,2025-07-31,78962.14984542855,2243.93521849149,2406.5869103479376,49315.7780764339,9742.909161379013,59058.68723781291,1,6000.0,6000.0,HiGHS LP
0.65,2025-08-01,41525.84135002029,713.5260341424321,17948.00771749605,24325.779617915814,2563.9712972693637,26889.750915185177,1,6000.0,6000.0,HiGHS LP
0.65,2025-08-02,39792.65933001216,864.1112701003253,16689.74566677916,22988.478853356522,3952.449098180177,26940.927951536698,1,6000.0,6000.0,HiGHS LP
0.65,2025-08-03,74959.16396298923,773.7480697190481,9082.922564991108,47273.596939563206,3232.763571800766,50506.36051136397,1,6000.0,6000.0,HiGHS LP
0.65,2025-08-04,73835.84846265013,517.2500190340264,5200.2422773664375,46754.162529404006,1966.1905468439331,48720.35307624794,1,6000.0,6000.0,HiGHS LP
0.65,2025-08-05,73096.54473689414,886.8919482704463,5070.368339394542,46319.44303194729,3536.7504128951396,49856.19344484243,1,6000.0,6000.0,HiGHS LP
0.65,2025-08-06,70354.73750748359,4088.5519878705686,2574.982991520558,44591.53228540968,16822.265401424458,61413.797686834136,1,6000.0,6000.0,HiGHS LP
0.65,2025-08-07,76852.15637257101,348.05369418556154,9937.548839076271,48634.35764011187,1107.6224184436937,49741.980058555564,1,6000.0,6000.0,HiGHS LP
0.65,2025-08-08,39975.363399241105,596.8956244211096,21757.087773662213,23236.849773993177,2431.972719371765,25668.822493364944,1,6000.0,6000.0,HiGHS LP
0.65,2025-08-09,39108.43919602265,2018.8736731096499,19165.383869132293,22547.893967471315,7854.762254409438,30402.656221880752,1,6000.0,6000.0,HiGHS LP
0.65,2025-08-10,68966.25836443389,2905.0234950688055,2852.669489627977,43831.8744824983,10645.789972346895,54477.664454845195,1,6000.0,6000.0,HiGHS LP
0.65,2025-08-11,72814.05475366118,1151.8758889231638,5621.172792705636,46134.58400993876,4869.87534642882,51004.45935636757,1,6000.0,6000.0,HiGHS LP
0.65,2025-08-12,71110.36948399298,3197.6639725734144,2755.1289780274715,45110.42988350288,13426.369880217744,58536.79976372063,1,6000.0,6000.0,HiGHS LP
0.65,2025-08-13,71457.45730885764,2111.8877620645562,3702.923192898847,45030.869524392794,8685.880570776308,53716.7500951691,1,6000.0,6000.0,HiGHS LP
0.65,2025-08-14,69939.17740577167,2657.9785256609584,2897.490411003308,44360.27320434328,11497.35193895622,55857.6251432995,1,6000.0,6000.0,HiGHS LP
0.65,2025-08-15,40580.94530496676,656.7660309585787,21037.984452592,23705.063972234846,2230.449179426457,25935.513151661304,1,6000.0,6000.0,HiGHS LP
0.65,2025-08-16,41513.35962742166,450.87619346323004,21994.955454218227,24307.007973974876,2156.8215246143563,26463.82949858923,1,6000.0,6000.0,HiGHS LP
0.65,2025-08-17,67723.33502171605,2513.2882278501493,3393.8903864724107,43004.51968227167,10640.108146425535,53644.6278286972,1,6000.0,6000.0,HiGHS LP
0.65,2025-08-18,70020.47593058509,1988.8260207274498,3844.77610147098,44653.48324932225,9432.979511940812,54086.46276126306,1,6000.0,6000.0,HiGHS LP
0.65,2025-08-19,67844.62667208977,2335.0691601648105,2130.506391769469,43197.756519852686,9407.367628590422,52605.12414844311,1,6000.0,6000.0,HiGHS LP
0.65,2025-08-20,70181.9381298438,6413.340441498395,2151.3820717928343,44695.131049237614,26396.45092082485,71091.58197006246,1,6000.0,6000.0,HiGHS LP
0.65,2025-08-21,72564.99078380853,1787.3833688048105,4715.377063163207,46021.24367505306,7161.797486178259,53183.04116123132,1,6000.0,6000.0,HiGHS LP
0.65,2025-08-22,41276.67910210119,2166.2706565279946,19172.380358629176,24177.225380222677,8985.967126582971,33163.192506805644,1,6000.0,6000.0,HiGHS LP
0.65,2025-08-23,40394.82982414883,1112.9038115330209,15937.727485681853,23520.244496910134,4560.87942447052,28081.123921380655,1,6000.0,6000.0,HiGHS LP
0.65,2025-08-24,69740.83271514821,2725.799337783555,4967.834851648256,44041.5637027279,11988.256391835735,56029.820094563634,1,6000.0,6000.0,HiGHS LP
0.65,2025-08-25,69783.26640257622,6437.172133066892,1673.7886472118894,44353.613086446756,25294.13192537393,69647.74501182069,1,6000.0,6000.0,HiGHS LP
0.65,2025-08-26,70993.89564482136,2022.26897377768,3791.417097878192,44755.83050046147,8718.881457425516,53474.71195788698,1,6000.0,6000.0,HiGHS LP
0.65,2025-08-27,69088.43992512533,4288.480010438472,1681.3912782998425,43701.82869973803,18943.719625677248,62645.54832541528,1,6000.0,6000.0,HiGHS LP
0.65,2025-08-28,71952.90429906663,4852.560554858692,2268.1159491914923,45447.5817020338,19284.627512733514,64732.20921476731,1,6000.0,6000.0,HiGHS LP
0.65,2025-08-29,38732.830348444324,2503.4806961104196,15641.090694554738,22451.508709740094,10297.376895405756,32748.88560514585,1,6000.0,6000.0,HiGHS LP
0.65,2025-08-30,39622.88641801986,2086.4656188148783,20156.6322035014,23103.152104765555,7874.337214872205,30977.48931963776,1,6000.0,6000.0,HiGHS LP
0.65,2025-08-31,71733.66444338005,2231.7092176921615,3499.204289997255,45557.23055805711,8691.310230275423,54248.54078833254,1,6000.0,6000.0,HiGHS LP
0.65,2025-09-01,66969.36322671603,1012.6492983409946,10684.230642290742,42464.48470228321,3539.750783218289,46004.2354855015,1,6000.0,6000.0,HiGHS LP
0.65,2025-09-02,54820.15261546929,4683.552091054545,1917.0313862982307,34487.11901617878,20273.028280587198,54760.14729676598,1,6000.0,6000.0,HiGHS LP
0.65,2025-09-03,57490.88648865145,3668.9290491767592,1909.3794256076355,36073.225917696516,14062.482327152966,50135.708244849484,1,6000.0,6000.0,HiGHS LP
0.65,2025-09-04,57889.030268067734,2948.970302547083,3214.00050610568,36127.668006121225,12360.544038413476,48488.2120445347,1,6000.0,6000.0,HiGHS LP
0.65,2025-09-05,33082.411615760946,396.9376573087989,23615.087606403074,18365.592736987284,1409.9780740150002,19775.570811002286,1,6000.0,6000.0,HiGHS LP
0.65,2025-09-06,34350.24826689362,293.91387023587674,23883.078437129494,19262.961195251915,1085.9387543275782,20348.899949579492,1,6000.0,6000.0,HiGHS LP
0.65,2025-09-07,58137.69989803788,2577.971491271751,1971.925989953274,36200.058729390075,10094.29212852862,46294.3508579187,1,6000.0,6000.0,HiGHS LP
0.65,2025-09-08,50026.48399579052,13158.61783450233,89.33191243838857,30702.328934428428,51528.791762551205,82231.12069697963,1,6000.0,6000.0,HiGHS LP
0.65,2025-09-09,61605.32742094117,1490.9705074539938,6133.076974478249,38097.21546274855,6041.329383595497,44138.54484634405,1,6000.0,6000.0,HiGHS LP
0.65,2025-09-10,60446.17670153976,5794.886191078526,1046.8890026346285,37523.88414543978,25090.297658266332,62614.18180370611,1,6000.0,6000.0,HiGHS LP
0.65,2025-09-11,62355.63012402585,1508.6620571999774,6463.679308921803,38409.91770860877,6339.121646630805,44749.039355239576,1,6000.0,6000.0,HiGHS LP
0.65,2025-09-12,31838.712952424492,1096.1055223285994,18343.162274753093,17412.47944217539,3744.133286284822,21156.61272846021,1,6000.0,6000.0,HiGHS LP
0.65,2025-09-13,31869.058770049123,885.8555724289314,21707.812859144724,17405.5986772306,3259.2938353941395,20664.892512624738,1,6000.0,6000.0,HiGHS LP
0.65,2025-09-14,61089.07137117392,4346.63992315675,1283.562777445871,37875.65851948208,16219.025526982516,54094.684046464594,1,6000.0,6000.0,HiGHS LP
0.65,2025-09-15,65731.23883080619,726.7956338987158,7274.27966147494,40739.010560547365,2663.9120319623817,43402.92259250975,1,6000.0,6000.0,HiGHS LP
0.65,2025-09-16,63437.67369187032,2795.952929618469,2643.2641690358305,39357.51607603302,8478.432192884724,47835.94826891774,1,6000.0,6000.0,HiGHS LP
0.65,2025-09-17,68225.65220847755,1383.217525039162,5512.153672934449,42614.526428485464,5883.467824254636,48497.9942527401,1,6000.0,6000.0,HiGHS LP
0.65,2025-09-18,65812.57371496323,1227.192658024873,3978.3354152417783,40951.9321345172,5423.158317079935,46375.090451597134,1,6000.0,6000.0,HiGHS LP
0.65,2025-09-19,33302.737697472636,859.4973304495393,15020.882711255503,18435.009844492986,2413.334167379281,20848.34401187227,1,6000.0,6000.0,HiGHS LP
0.65,2025-09-20,34329.21110451215,659.477282437399,16303.254653616215,19139.190293433134,2464.2552077510086,21603.445501184142,1,6000.0,6000.0,HiGHS LP
0.65,2025-09-21,66996.25724349021,1299.8015132595663,5900.580619942672,41719.50686175682,4064.799154812808,45784.30601656962,1,6000.0,6000.0,HiGHS LP
0.65,2025-09-22,65122.44961214316,1902.4314243936806,2325.974188336525,40476.118086116505,6138.049666692061,46614.167752808564,1,6000.0,6000.0,HiGHS LP
0.65,2025-09-23,66504.42099669862,2117.6639897996884,2419.1344119693445,41378.06801881914,9265.833293993637,50643.90131281278,1,6000.0,6000.0,HiGHS LP
0.65,2025-09-24,65276.184482116274,2075.984446038747,2199.3237719906983,40498.06455699639,6507.938970202504,47006.00352719889,1,6000.0,6000.0,HiGHS LP
0.65,2025-09-25,67633.87300673203,1031.26070681329,4239.61652627361,42198.89574942807,3489.2926213502633,45688.188370778335,1,6000.0,6000.0,HiGHS LP
0.65,2025-09-26,35448.37129250106,174.34732598854706,14888.475118489614,19923.64509297617,466.17404330650635,20389.819136282676,1,6000.0,6000.0,HiGHS LP
0.65,2025-09-27,34287.02777781855,2228.439115817981,15674.164643636524,18996.20468953569,8482.169963375432,27478.374652911123,1,6000.0,6000.0,HiGHS LP
0.65,2025-09-28,69099.47898172466,1467.1042833417844,2970.0308866335445,43043.89269848651,5951.889464657384,48995.78216314389,1,6000.0,6000.0,HiGHS LP
0.65,2025-09-29,69912.27452506128,814.5735700022067,3849.2552850078373,43625.88624043025,3205.7573914538716,46831.64363188412,1,6000.0,6000.0,HiGHS LP
0.65,2025-09-30,71345.45915807827,1410.4356112816226,3208.7164940479583,44620.03427216687,6402.573386898408,51022.60765906528,1,6000.0,6000.0,HiGHS LP
0.65,2025-10-01,70619.13024477685,74.69512340347171,16901.572368008827,44027.61516347944,206.28539771187337,44233.90056119131,1,6000.0,6000.0,HiGHS LP
0.65,2025-10-02,67992.81408589213,432.9439420330533,12601.245535597576,42024.78828253646,1026.9037867536135,43051.692069290075,1,6000.0,6000.0,HiGHS LP
0.65,2025-10-03,31804.88836598893,377.90309898698456,21325.63776497591,17093.418653354143,901.7889470287264,17995.20760038287,1,6000.0,6000.0,HiGHS LP
0.65,2025-10-04,32210.00778976636,569.3390439999168,16643.36440043294,17297.535228431116,1827.6668728552893,19125.202101286406,1,6000.0,6000.0,HiGHS LP
0.65,2025-10-05,67062.08307186805,364.9833585117249,8598.592030091946,41370.30649533449,788.8532391689503,42159.15973450344,1,6000.0,6000.0,HiGHS LP
0.65,2025-10-06,67480.76313247574,104.00130236192973,5762.708094138553,41625.00711000645,255.5646566437305,41880.57176665018,1,6000.0,6000.0,HiGHS LP
0.65,2025-10-07,66747.36838716865,225.75408476547955,5111.430404885502,41078.265389187516,661.6250266362792,41739.89041582379,1,6000.0,6000.0,HiGHS LP
0.65,2025-10-08,67133.5163735302,270.7405920714948,6828.668747287351,40799.85248175793,970.4114452990509,41770.263927056985,1,6000.0,6000.0,HiGHS LP
0.65,2025-10-09,65111.096800140105,454.41605056286096,5730.005234433256,39511.79573406159,2070.7559684348857,41582.55170249648,1,6000.0,6000.0,HiGHS LP
0.65,2025-10-10,32393.1672708074,279.26781292686593,20288.8241670676,16915.948304485282,947.9505192511199,17863.898823736403,1,6000.0,6000.0,HiGHS LP
0.65,2025-10-11,32919.58710681334,199.56038620035562,15971.500351980272,17106.405127778045,900.933577953403,18007.338705731447,1,6000.0,6000.0,HiGHS LP
0.65,2025-10-12,64465.81006579404,1233.8894962049294,3112.575741036273,39202.718151068984,4858.266342883432,44060.98449395242,1,6000.0,6000.0,HiGHS LP
0.65,2025-10-13,64293.060880204575,689.229375382065,3884.2059027798423,39166.87711263633,2909.6796421121044,42076.55675474843,1,6000.0,6000.0,HiGHS LP
0.65,2025-10-14,64027.91381492205,2110.498222852152,1293.781747824599,38975.91305735798,8968.35945500481,47944.27251236279,1,6000.0,6000.0,HiGHS LP
0.65,2025-10-15,64968.76954236742,2389.2556516259096,1365.0291988255135,39667.93053036992,9436.205605397263,49104.136135767185,1,6000.0,6000.0,HiGHS LP
0.65,2025-10-16,65622.3118392944,3150.0796139469203,1725.4603055616042,40124.76949088005,13486.275571591555,53611.0450624716,1,6000.0,6000.0,HiGHS LP
0.65,2025-10-17,33060.19171387369,804.3272419848956,14717.68492404648,17221.54075930724,3582.8431990813324,20804.383958388575,1,6000.0,6000.0,HiGHS LP
0.65,2025-10-18,32678.077169722543,1353.8152744535641,14846.317827425117,17022.52908627308,5215.148899603235,22237.677985876315,1,6000.0,6000.0,HiGHS LP
0.65,2025-10-19,66614.29669174706,3089.1687375480215,1717.9266322261608,40616.47970830208,13649.002448567298,54265.48215686938,1,6000.0,6000.0,HiGHS LP
0.65,2025-10-20,67470.00957135839,2624.232838710071,1539.1345027993302,41298.91127793096,11798.238440096797,53097.14971802775,1,6000.0,6000.0,HiGHS LP
0.65,2025-10-21,68008.25293413753,3735.0124535223317,1156.2944524230545,41641.865492532874,14257.811264346905,55899.67675687978,1,6000.0,6000.0,HiGHS LP
0.65,2025-10-22,68398.40632045089,2949.4508499057206,1655.9309206160324,41706.107238204364,13308.142847800218,55014.250086004584,1,6000.0,6000.0,HiGHS LP
0.65,2025-10-23,70046.49777611534,812.63606638212,3335.5816607201004,42941.773730773246,3388.2807180113277,46330.05444878458,1,6000.0,6000.0,HiGHS LP
0.65,2025-10-24,32502.821861141052,1243.6511541865952,12153.802138312358,16802.773348778937,5362.8723795633505,22165.645728342286,1,6000.0,6000.0,HiGHS LP
0.65,2025-10-25,33213.55147926877,847.3840765171371,11475.801608360987,17354.13101824964,3303.950071241729,20658.08108949137,1,6000.0,6000.0,HiGHS LP
0.65,2025-10-26,70885.53064826378,633.6101186864262,2767.7445334203653,43578.167145247426,2314.575413773963,45892.74255902139,1,6000.0,6000.0,HiGHS LP
0.65,2025-10-27,70096.17739423795,1757.3250418383159,4109.935260849483,42884.563801749995,7216.081471029791,50100.64527277979,1,6000.0,6000.0,HiGHS LP
0.65,2025-10-28,70581.68321457715,1441.0560078624135,1840.6494557379642,43320.6836585017,5802.68914319682,49123.37280169852,1,6000.0,6000.0,HiGHS LP
0.65,2025-10-29,71854.85046875886,3221.406880335254,1457.9921357971925,44204.61648464276,12670.888123456954,56875.50460809971,1,6000.0,6000.0,HiGHS LP
0.65,2025-10-30,72983.72195819984,535.2883580756875,4339.041222559286,45025.03722652815,2215.408473508468,47240.44570003662,1,6000.0,6000.0,HiGHS LP
0.65,2025-10-31,34569.44705520439,1183.5692818005984,8538.564623506383,18291.265202115625,3868.800356413588,22160.06555852921,1,6000.0,6000.0,HiGHS LP
0.65,2025-11-01,34951.348769021395,284.49509159303466,9352.763168764694,18510.672281220104,840.0325557135363,19350.70483693364,1,6000.0,6000.0,HiGHS LP
0.65,2025-11-02,73923.01801519521,1196.4419533779967,1881.17883347124,45480.55974696722,5248.990610305277,50729.5503572725,1,6000.0,6000.0,HiGHS LP
0.65,2025-11-03,74664.00008940113,1855.3148681202038,2548.7739792331404,46128.34133181254,5807.302571605411,51935.64390341795,1,6000.0,6000.0,HiGHS LP
0.65,2025-11-04,76467.99238562619,638.6117151363567,5068.667858160182,47373.00282101858,2581.0640693705554,49954.066890389135,1,6000.0,6000.0,HiGHS LP
0.65,2025-11-05,77045.93976750682,470.3424843807272,3379.9049821146587,47921.326368981056,1567.4274385603453,49488.7538075414,1,6000.0,6000.0,HiGHS LP
0.65,2025-11-06,74336.8393850372,3043.90783762709,1567.128029097763,45782.420084665704,12784.64385652945,58567.063941195156,1,6000.0,6000.0,HiGHS LP
0.65,2025-11-07,34457.58611917351,790.5518499103758,8577.185984863245,18169.05689501494,3403.699233602648,21572.756128617588,1,6000.0,6000.0,HiGHS LP
0.65,2025-11-08,35480.20336554012,197.07427918665053,8496.78178234704,18824.765912777046,633.0860022277345,19457.85191500478,1,6000.0,6000.0,HiGHS LP
0.65,2025-11-09,76613.64068448372,1233.4168969867128,2062.094336437308,47438.29793332078,4900.581933596928,52338.879866917705,1,6000.0,6000.0,HiGHS LP
0.65,2025-11-10,78281.41686279904,1592.7936892155117,1591.2056169108896,48743.77506451198,5790.213976119038,54533.98904063102,1,6000.0,6000.0,HiGHS LP
0.65,2025-11-11,78145.64869760396,643.4600402342387,2805.8497759329507,48583.477312284915,2469.5679127204994,51053.045225005415,1,6000.0,6000.0,HiGHS LP
0.65,2025-11-12,79471.0738302549,293.0114808929821,4394.588532260011,49677.52892716474,1231.1549065818772,50908.68383374662,1,6000.0,6000.0,HiGHS LP
0.65,2025-11-13,78914.9639033813,999.6329308888163,3104.35519508437,49345.13994829911,3526.629947939956,52871.769896239064,1,6000.0,6000.0,HiGHS LP
0.65,2025-11-14,35639.35839753822,518.1178865791273,5125.362253086864,18952.973294073512,1498.6458061905591,20451.61910026407,1,6000.0,6000.0,HiGHS LP
0.65,2025-11-15,36064.33056275721,407.2472201328128,4796.808109694732,19178.985018246494,1531.4497784069517,20710.434796653448,1,6000.0,6000.0,HiGHS LP
0.65,2025-11-16,79687.66713826629,1519.3894939649483,2342.050001440017,49743.04482540957,5977.7440133402115,55720.78883874978,1,6000.0,6000.0,HiGHS LP
0.65,2025-11-17,82055.12199919444,273.38503776187656,5171.401746300545,51621.263662794474,761.0160251647895,52382.279687959264,1,6000.0,6000.0,HiGHS LP
0.65,2025-11-18,78656.86935314462,2084.4469224376317,1436.5715941136766,48911.438308517085,7514.583031030015,56426.0213395471,1,6000.0,6000.0,HiGHS LP
0.65,2025-11-19,80601.84774337872,1121.5132760384072,1906.9265705730322,50406.31576662705,4365.1930218932,54771.50878852025,1,6000.0,6000.0,HiGHS LP
0.65,2025-11-20,81706.48423458042,796.3249543953607,3247.1101583819323,51395.16756001662,3060.7678470804876,54455.93540709711,1,6000.0,6000.0,HiGHS LP
0.65,2025-11-21,36508.224039128116,491.067743969106,4598.632299240616,19444.326486594404,1348.000363920522,20792.326850514924,1,6000.0,6000.0,HiGHS LP
0.65,2025-11-22,35995.785318219685,728.8521260520833,3000.427165802782,19035.429143649595,2518.4837951421573,21553.912938791753,1,6000.0,6000.0,HiGHS LP
0.65,2025-11-23,82009.06905380927,1314.0802057918195,3616.847163841956,51457.26403655898,5461.1129426392,56918.37697919818,1,6000.0,6000.0,HiGHS LP
0.65,2025-11-24,82560.2836466074,657.6167319494193,4556.099436793839,51924.35873871098,2371.3731712331655,54295.731909944145,1,6000.0,6000.0,HiGHS LP
0.65,2025-11-25,83557.87865894978,505.85903584131074,3340.407983914689,52626.96422678277,1807.3102675653583,54434.27449434813,1,6000.0,6000.0,HiGHS LP
0.65,2025-11-26,82437.94730191263,987.7928046372517,2171.109328992742,51772.69783758646,3790.8514748264306,55563.549312412884,1,6000.0,6000.0,HiGHS LP
0.65,2025-11-27,84018.51463697774,492.51999951517047,4135.840590265127,53010.97624426785,2015.906597158401,55026.882841426246,1,6000.0,6000.0,HiGHS LP
0.65,2025-11-28,36267.86909880608,955.5989806798468,2756.711848280951,19248.902777784824,3825.1806670178075,23074.083444802633,1,6000.0,6000.0,HiGHS LP
0.65,2025-11-29,38207.03691698425,2632.996136695639,2280.2545013990352,20402.26778566899,8787.044386166333,29189.312171835325,1,6000.0,6000.0,HiGHS LP
0.65,2025-11-30,86397.09461108551,731.8248538665345,2185.0445319927494,54642.036147365274,2625.499448170364,57267.535595535635,1,6000.0,6000.0,HiGHS LP
0.65,2025-12-01,85448.47745726134,6245.905117536799,733.0997664309687,53917.57188683512,23179.343666739616,77096.91555357474,1,6000.0,6000.0,HiGHS LP
0.65,2025-12-02,90524.90073186567,4327.623861689436,1491.445423125764,58040.364190990644,15248.945346966892,73289.30953795754,1,6000.0,6000.0,HiGHS LP
0.65,2025-12-03,91192.59288739627,2577.541837472422,1889.0528248686935,57841.02561419347,8908.794173769382,66749.81978796286,1,6000.0,6000.0,HiGHS LP
0.65,2025-12-04,92842.68897254972,1249.643073431188,2586.9238778161507,59203.2504771172,4849.634573197869,64052.885050315075,1,6000.0,6000.0,HiGHS LP
0.65,2025-12-05,47207.32772234577,1348.5220679354456,3183.6764707019647,24564.422116941787,5611.46934978553,30175.891466727317,1,6000.0,6000.0,HiGHS LP
0.65,2025-12-06,49123.2186068937,1174.2835818738793,2567.940415676433,25725.231438723393,3771.5443705767752,29496.77580930017,1,6000.0,6000.0,HiGHS LP
0.65,2025-12-07,95117.84466127986,902.7544609539707,3587.1924752460354,60831.11178317777,3462.5136672446374,64293.625450422405,1,6000.0,6000.0,HiGHS LP
0.65,2025-12-08,92346.20988025644,2855.1310187805707,2634.8861853755957,58025.16484983139,12591.84592749549,70617.01077732688,1,6000.0,6000.0,HiGHS LP
0.65,2025-12-09,96220.25336412256,742.8065202862455,4767.252127690512,61474.54918380403,3515.451914918115,64990.00109872215,1,6000.0,6000.0,HiGHS LP
0.65,2025-12-10,93943.97617824306,1537.1251270533044,2311.5863062657577,59817.254613233716,5695.560754840475,65512.81536807419,1,6000.0,6000.0,HiGHS LP
0.65,2025-12-11,97056.67580598893,240.6151832346816,6494.588470873431,62297.0751333767,806.1521858099438,63103.22731918664,1,6000.0,6000.0,HiGHS LP
0.65,2025-12-12,47286.26982415734,2127.6828022585037,1716.8030483932291,24586.601331812526,7267.826242065367,31854.427573877892,1,6000.0,6000.0,HiGHS LP
0.65,2025-12-13,52342.256385817156,326.3846373292505,4779.715859514511,27555.1643085732,1400.7674460407015,28955.9317546139,1,6000.0,6000.0,HiGHS LP
0.65,2025-12-14,96485.98805590958,502.23108206930505,3381.9720614282583,61737.416995637046,2020.2004978672176,63757.617493504265,1,6000.0,6000.0,HiGHS LP
0.65,2025-12-15,96943.9154497418,705.1855008653446,3343.588151594801,62092.032090419256,2555.987233003996,64648.01932342325,1,6000.0,6000.0,HiGHS LP
0.65,2025-12-16,96153.43819756786,723.9476186626944,2638.513020619084,61428.89081247529,2794.1429925373905,64223.03380501268,1,6000.0,6000.0,HiGHS LP
0.65,2025-12-17,97878.0350263427,320.07710355072356,5169.77110833871,62712.35362879665,1155.2071445763122,63867.56077337296,1,6000.0,6000.0,HiGHS LP
0.65,2025-12-18,95589.71065800851,875.2466193799968,4284.293604178137,61032.890372696915,3096.744710383145,64129.63508308006,1,6000.0,6000.0,HiGHS LP
0.65,2025-12-19,50383.46027382117,474.6059416249711,3878.152671277861,26237.21251074673,2045.5483935447091,28282.760904291437,1,6000.0,6000.0,HiGHS LP
0.65,2025-12-20,50450.83734949569,585.2192281639557,4101.508254318591,26287.52229073387,2168.321845898069,28455.84413663194,1,6000.0,6000.0,HiGHS LP
0.65,2025-12-21,95079.38094228548,1309.0318759778334,2531.5717286235267,60601.07117435001,4727.585976498394,65328.657150848405,1,6000.0,6000.0,HiGHS LP
0.65,2025-12-22,97567.5738395269,497.4978313071574,4281.341226836316,62440.8188864416,1768.733101635758,64209.55198807736,1,6000.0,6000.0,HiGHS LP
0.65,2025-12-23,97354.167112344,281.9596923860954,5535.81810225881,62271.68434428779,1190.6605993962653,63462.34494368405,1,6000.0,6000.0,HiGHS LP
0.65,2025-12-24,96043.2466290076,496.3747929015294,3858.620638533673,61378.02141375799,1665.6914809632244,63043.71289472121,1,6000.0,6000.0,HiGHS LP
0.65,2025-12-25,95576.97052604685,682.7458657279924,3623.3632642957455,61110.29504755988,2355.7076130111955,63466.002660571074,1,6000.0,6000.0,HiGHS LP
0.65,2025-12-26,49410.9566071715,621.3724613148472,2953.085761384934,25668.277587624303,2381.6238647683085,28049.901452392613,1,6000.0,6000.0,HiGHS LP
0.65,2025-12-27,50895.4688280384,393.338117407445,3859.5577830573347,26554.580297430566,1665.202234128461,28219.782531559027,1,6000.0,6000.0,HiGHS LP
0.65,2025-12-28,94672.58859653285,871.3746262790378,3912.892209817606,60339.08876320752,3267.742688171116,63606.83145137863,1,6000.0,6000.0,HiGHS LP
0.65,2025-12-29,94779.79986212101,733.3373572370783,3187.881952624982,60364.71426120718,2800.917159637119,63165.63142084429,1,6000.0,6000.0,HiGHS LP
0.65,2025-12-30,96773.15802525438,153.42543889821513,5877.223992219185,61973.17941361066,716.699793357084,62689.879206967744,1,6000.0,6000.0,HiGHS LP
0.65,2025-12-31,94218.61181988975,1347.2781899801062,2128.5498942157747,59978.79789591618,5369.414676421361,65348.212572337536,1,6000.0,6000.0,HiGHS LP
0.7,2025-02-01,45203.29999099706,156.73764976627228,7027.871229718679,23439.307106445718,637.1429826716083,24076.450089117327,1,6000.0,6000.0,HiGHS LP
0.7,2025-02-02,88693.36973960818,126.11182374445323,5807.190243238645,55653.8241364012,679.5181430519272,56333.34227945313,1,6000.0,6000.0,HiGHS LP
0.7,2025-02-03,88745.03330392914,479.87737493352233,4359.707760841135,55682.18955245102,1709.4241244446193,57391.613676895635,1,6000.0,6000.0,HiGHS LP
0.7,2025-02-04,88695.97482532807,1081.1526927765633,3954.016894413186,55664.84773542246,4588.936584012857,60253.78431943532,1,6000.0,6000.0,HiGHS LP
0.7,2025-02-05,84295.92732483045,2353.345557884638,1340.160333837975,52287.745810853645,9695.161352661546,61982.90716351519,1,6000.0,6000.0,HiGHS LP
0.7,2025-02-06,90286.12313159092,101.77966774168911,5425.484351575437,56971.69864789438,361.2195734557835,57332.91822135016,1,6000.0,6000.0,HiGHS LP
0.7,2025-02-07,40966.595660427745,659.0035000612075,5991.7099675507725,21142.020786301255,3003.26764259519,24145.288428896445,1,6000.0,6000.0,HiGHS LP
0.7,2025-02-08,39614.47483810632,509.5213166433799,4800.869538050975,20432.588887223515,2355.8493873371417,22788.438274560656,1,6000.0,6000.0,HiGHS LP
0.7,2025-02-09,82737.98207853464,2647.552380398564,1282.8294535988084,51525.50286660684,9197.459770013504,60722.962636620345,1,6000.0,6000.0,HiGHS LP
0.7,2025-02-10,86348.24255359212,137.19148691709438,7531.219405821907,54051.31787186183,435.7714893681325,54487.08936122996,1,6000.0,6000.0,HiGHS LP
0.7,2025-02-11,86695.1048606874,39.91893215167704,6867.584600694913,54395.5335394396,139.22821522382668,54534.76175466343,1,6000.0,6000.0,HiGHS LP
0.7,2025-02-12,82110.35793120987,950.9828422447497,3346.7067259856567,50933.57715076651,4189.312551079223,55122.889701845736,1,6000.0,6000.0,HiGHS LP
0.7,2025-02-13,81931.63097104238,652.4861537452269,6812.695694988459,51110.126608371516,1880.4349698602418,52990.56157823176,1,6000.0,6000.0,HiGHS LP
0.7,2025-02-14,37944.52783712215,805.9228856021952,5293.64744904623,19840.628824997915,2366.9683623521787,22207.597187350093,1,6000.0,6000.0,HiGHS LP
0.7,2025-02-15,36216.071271677225,1274.057166351407,4666.133268432044,18880.110705258263,3856.464307526081,22736.575012784342,1,6000.0,6000.0,HiGHS LP
0.7,2025-02-16,78884.1198820247,2240.365075281494,1327.7861216441622,48743.99552663977,8008.066502126575,56752.06202876634,1,6000.0,6000.0,HiGHS LP
0.7,2025-02-17,79206.07809738873,702.979112809322,4298.288355851449,48837.941315155775,2555.5019661779716,51393.44328133375,1,6000.0,6000.0,HiGHS LP
0.7,2025-02-18,80153.0692668084,496.6747526978113,4131.225517111416,49630.909875688674,1857.9293425376031,51488.839218226276,1,6000.0,6000.0,HiGHS LP
0.7,2025-02-19,78296.21738343788,1699.452183416929,2686.8201254931196,48272.385459048106,6321.988240125538,54594.373699173644,1,6000.0,6000.0,HiGHS LP
0.7,2025-02-20,79093.50546762093,608.5550254252341,4284.445902870566,48816.244912758455,2362.00667439294,51178.2515871514,1,6000.0,6000.0,HiGHS LP
0.7,2025-02-21,35453.94008447759,501.7881775542967,6960.500592991433,18444.145920325092,1558.182694639903,20002.328614964994,1,6000.0,6000.0,HiGHS LP
0.7,2025-02-22,36794.92271650931,729.9230747284456,6191.13324434228,19331.102606678665,2599.9082377885525,21931.01084446722,1,6000.0,6000.0,HiGHS LP
0.7,2025-02-23,78300.69631901957,1178.7300641394831,3536.681516953412,48417.87750416958,3473.1217163879724,51890.99922055755,1,6000.0,6000.0,HiGHS LP
0.7,2025-02-24,75978.59322030636,738.4575034715017,4164.755136777625,46531.73033984998,3113.4853532797306,49645.21569312971,1,6000.0,6000.0,HiGHS LP
0.7,2025-02-25,74786.13102036012,740.9421549532988,5372.0882607385665,45768.94790421701,2502.658484002496,48271.60638821951,1,6000.0,6000.0,HiGHS LP
0.7,2025-02-26,74214.37419845062,1679.8474501914598,2760.9613577744412,45204.251054034656,6835.710303755245,52039.9613577899,1,6000.0,6000.0,HiGHS LP
0.7,2025-02-27,74250.67482351928,877.963741145949,3849.716801343345,45357.14053880662,4216.903454370725,49574.04399317734,1,6000.0,6000.0,HiGHS LP
0.7,2025-02-28,33518.341876572915,1424.635831829757,8371.923524280568,17266.06590957295,5050.972340620084,22317.038250193033,1,6000.0,6000.0,HiGHS LP
0.7,2025-03-01,34514.67226778753,495.15607349157057,8049.004643003729,17900.206298496356,1836.2536806940234,19736.45997919038,1,6000.0,6000.0,HiGHS LP
0.7,2025-03-02,70928.93119140295,6634.942732706156,960.1723478129842,43417.851238158255,24435.97941000791,67853.83064816616,1,6000.0,6000.0,HiGHS LP
0.7,2025-03-03,73632.75182218208,4590.47400665739,1851.203193597668,45372.98795717168,17512.49304430368,62885.48100147536,1,6000.0,6000.0,HiGHS LP
0.7,2025-03-04,75205.64259262025,1184.376522305395,2778.0695233880915,46347.96754795189,3592.1472923411984,49940.11484029309,1,6000.0,6000.0,HiGHS LP
0.7,2025-03-05,75425.61564838316,664.4348173631334,5559.416135156408,46329.112484675,2697.081002544304,49026.19348721931,1,6000.0,6000.0,HiGHS LP
0.7,2025-03-06,75264.95661728815,354.61141722769446,5268.868266776719,46373.41587183997,1213.2177767190537,47586.63364855902,1,6000.0,6000.0,HiGHS LP
0.7,2025-03-07,32896.05245311451,1182.8317802259724,10002.748882478663,17286.80323210378,4539.137868151376,21825.941100255157,1,6000.0,6000.0,HiGHS LP
0.7,2025-03-08,31840.59927795348,719.9253970715172,10445.543571105678,16888.258723973664,1644.7243450345013,18532.983069008165,1,6000.0,6000.0,HiGHS LP
0.7,2025-03-09,71135.8268252143,715.4665160851082,4304.071006161494,43281.52426385192,2845.9912069728025,46127.51547082472,1,6000.0,6000.0,HiGHS LP
0.7,2025-03-10,71184.01070291539,3170.398062334838,2092.338176413392,43342.43505974347,10194.882609873679,53537.31766961714,1,6000.0,6000.0,HiGHS LP
0.7,2025-03-11,72234.18814738179,565.1260009362236,4643.2974855574885,43951.64793211828,2004.9295356713915,45956.57746778967,1,6000.0,6000.0,HiGHS LP
0.7,2025-03-12,69586.7441007871,817.2715623860964,3805.4494652069593,41989.156238128075,2973.9728508494945,44963.12908897757,1,6000.0,6000.0,HiGHS LP
0.7,2025-03-13,70091.32874388025,3867.597023516996,2243.234473693701,42459.89608712199,14081.422262100983,56541.31834922297,1,6000.0,6000.0,HiGHS LP
0.7,2025-03-14,31238.632655178637,681.4367247377029,12850.643396582998,16314.24986614894,2520.033984785513,18834.283850934455,1,6000.0,6000.0,HiGHS LP
0.7,2025-03-15,30605.04027570753,1800.9607601732591,8441.875885880794,15817.017828187956,5723.153067136549,21540.170895324503,1,6000.0,6000.0,HiGHS LP
0.7,2025-03-16,70016.66564960836,1375.7864583654905,3869.076931362178,42445.66412840181,5493.983185741962,47939.647314143775,1,6000.0,6000.0,HiGHS LP
0.7,2025-03-17,70045.47464466383,190.37979654880542,8209.09244718124,42269.46081211249,1005.8787497930878,43275.33956190558,1,6000.0,6000.0,HiGHS LP
0.7,2025-03-18,67181.58397116212,1404.2524840457856,3336.7026168032735,40259.45761847317,6673.011439097978,46932.46905757115,1,6000.0,6000.0,HiGHS LP
0.7,2025-03-19,68378.2394628217,617.6442085528051,5386.719771040576,41096.58185260929,2910.1183977865917,44006.70025039589,1,6000.0,6000.0,HiGHS LP
0.7,2025-03-20,66282.04416326332,1759.9106710341493,1711.6400310290662,39727.16086493386,7274.445480928304,47001.606345862165,1,6000.0,6000.0,HiGHS LP
0.7,2025-03-21,30741.137205790532,358.3946755091693,16026.067364633042,15958.181086228717,1255.6416648759553,17213.82275110467,1,6000.0,6000.0,HiGHS LP
0.7,2025-03-22,30403.91380076531,624.6534086704198,12107.367476102389,15632.18357702218,2307.8353756845463,17940.018952706727,1,6000.0,6000.0,HiGHS LP
0.7,2025-03-23,67976.47825566343,610.9641005968675,5675.319049694864,40829.15714063008,2487.531100831544,43316.68824146163,1,6000.0,6000.0,HiGHS LP
0.7,2025-03-24,66422.21407016208,551.7408324986595,4864.934969390797,39849.007359385236,1922.188506516106,41771.19586590134,1,6000.0,6000.0,HiGHS LP
0.7,2025-03-25,67298.98276782258,1328.2849065396524,3555.3714085061583,40410.73862314774,5449.728605797334,45860.467228945075,1,6000.0,6000.0,HiGHS LP
0.7,2025-03-26,65923.67385606843,429.95597374911307,6651.840748162065,39398.24351818909,1626.6990647602431,41024.942582949334,1,6000.0,6000.0,HiGHS LP
0.7,2025-03-27,65221.20628979232,1115.3505058113014,3524.227617957307,38981.641668143544,4255.916642475294,43237.558310618835,1,6000.0,6000.0,HiGHS LP
0.7,2025-03-28,29829.25552287708,457.95976819866775,16425.33452440908,15219.829992547278,1703.259248621106,16923.089241168385,1,6000.0,6000.0,HiGHS LP
0.7,2025-03-29,30582.89244571988,154.77472350050436,19990.457985887042,15678.122930356853,615.3892387888317,16293.512169145684,1,6000.0,6000.0,HiGHS LP
0.7,2025-03-30,62882.15069120155,778.6422564655197,4243.380183445237,37414.75831581486,3206.7411900497873,40621.49950586465,1,6000.0,6000.0,HiGHS LP
0.7,2025-03-31,64349.69606588331,1445.6402528512656,4759.711472082619,38408.348391344094,6011.108140015781,44419.45653135987,1,6000.0,6000.0,HiGHS LP
0.7,2025-04-01,62766.5648410556,3531.8227422528,2007.3169227997175,37293.647709119956,10945.359596496606,48239.007305616564,1,6000.0,6000.0,HiGHS LP
0.7,2025-04-02,62540.17826891613,4395.091286816404,2413.173668155463,37194.18760163447,17086.903218394567,54281.090820029036,1,6000.0,6000.0,HiGHS LP
0.7,2025-04-03,63015.46726833121,922.5019203070922,3989.415540422498,37407.44396308548,4126.499041125587,41533.94300421107,1,6000.0,6000.0,HiGHS LP
0.7,2025-04-04,28599.87561864063,419.4866717173943,19548.560040358025,14276.160155148486,1712.7812735009813,15988.941428649467,1,6000.0,6000.0,HiGHS LP
0.7,2025-04-05,28654.87005472916,1944.8378331991803,15515.592904595002,14309.20075814469,8062.47818129543,22371.67893944012,1,6000.0,6000.0,HiGHS LP
0.7,2025-04-06,59813.52965644475,1316.2932011624193,2762.7013553587785,35570.59375315644,4858.308243728079,40428.901996884524,1,6000.0,6000.0,HiGHS LP
0.7,2025-04-07,60864.33976722768,1280.3352342651035,4863.326069416371,36120.774327790896,4097.51829480645,40218.29262259735,1,6000.0,6000.0,HiGHS LP
0.7,2025-04-08,61681.639484933025,1024.3523577267529,4298.3654348815435,36629.29754716293,4405.852912615108,41035.150459778044,1,6000.0,6000.0,HiGHS LP
0.7,2025-04-09,62471.84870135854,2868.237348128245,2126.967552291857,37198.23801043678,10039.662225620068,47237.90023605684,1,6000.0,6000.0,HiGHS LP
0.7,2025-04-10,62132.56105120294,989.0590790428333,4570.35006146008,36919.409851424934,4267.383160553866,41186.7930119788,1,6000.0,6000.0,HiGHS LP
0.7,2025-04-11,28228.700424894036,562.3293288910087,20434.379587118376,14020.257433678376,2231.479727487829,16251.737161166206,1,6000.0,6000.0,HiGHS LP
0.7,2025-04-12,28748.165647511603,622.3646842272711,17305.369781738875,14371.000924535545,2386.166133719267,16757.16705825481,1,6000.0,6000.0,HiGHS LP
0.7,2025-04-13,58870.15741504016,1738.884090433011,2439.7849375586266,35025.893381268004,6828.252196521458,41854.14557778946,1,6000.0,6000.0,HiGHS LP
0.7,2025-04-14,57930.68454819156,1377.8325484872535,2932.2119584302027,34400.71566312632,5005.7449152353365,39406.46057836166,1,6000.0,6000.0,HiGHS LP
0.7,2025-04-15,57918.06954045413,1413.6494197042562,5327.5362586384135,34389.775477724055,6474.756016715048,40864.5314944391,1,6000.0,6000.0,HiGHS LP
0.7,2025-04-16,57837.32423318359,2966.4745695597912,1197.4544229310056,34417.677222219776,10084.365727113433,44502.042949333205,1,6000.0,6000.0,HiGHS LP
0.7,2025-04-17,59817.94010901868,667.069039862603,3715.4924411577204,35619.03763676584,2717.8356197025305,38336.87325646837,1,6000.0,6000.0,HiGHS LP
0.7,2025-04-18,27340.861146551506,522.9794902940488,18469.72345351222,13384.329692577248,1859.2166672276778,15243.546359804926,1,6000.0,6000.0,HiGHS LP
0.7,2025-04-19,27937.853147199792,268.80599163065773,18381.979888830447,13817.045854223643,791.3466803358876,14608.39253455953,1,6000.0,6000.0,HiGHS LP
0.7,2025-04-20,59410.33714856158,857.4640650005938,4471.669312901054,35289.15541841413,3641.051059811589,38930.206478225715,1,6000.0,6000.0,HiGHS LP
0.7,2025-04-21,60363.580930439006,232.56757297295974,8175.099300009371,35760.08639820329,678.8682896059506,36438.95468780924,1,6000.0,6000.0,HiGHS LP
0.7,2025-04-22,57270.848504127454,1709.205471919624,2973.481130112385,33926.456240440966,6067.826837731407,39994.283078172375,1,6000.0,6000.0,HiGHS LP
0.7,2025-04-23,60968.50826161401,379.67612802708487,6041.259896075855,36181.57893245616,1070.1320129645885,37251.71094542075,1,6000.0,6000.0,HiGHS LP
0.7,2025-04-24,58729.547097136616,242.70700394924768,8104.936098179765,34817.24053922783,1017.5441269545178,35834.78466618235,1,6000.0,6000.0,HiGHS LP
0.7,2025-04-25,27069.452439127977,270.5027540139504,22299.597543141932,13233.994109644163,1068.0673896037993,14302.061499247962,1,6000.0,6000.0,HiGHS LP
0.7,2025-04-26,26538.436345982496,1111.7770833236302,24540.0197959728,12805.733973818446,4857.680572748972,17663.414546567416,1,6000.0,6000.0,HiGHS LP
0.7,2025-04-27,55526.012714338416,1537.9107865054834,4786.986982889266,32735.67839074142,6611.5491487895015,39347.227539530926,1,6000.0,6000.0,HiGHS LP
0.7,2025-04-28,57322.774268275054,5099.824339213839,2009.875960141957,34030.25131820234,19452.44038770577,53482.69170590811,1,6000.0,6000.0,HiGHS LP
0.7,2025-04-29,58328.68662684834,390.9778218002118,7516.77942003038,34577.4991711155,1698.8801120705334,36276.379283186034,1,6000.0,6000.0,HiGHS LP
0.7,2025-04-30,55367.393366890064,1494.1961583746697,4906.350047080347,32732.50293550908,5172.511096790159,37905.01403229924,1,6000.0,6000.0,HiGHS LP
0.7,2025-05-01,56580.25502445616,2953.9642745403034,4832.170856748245,33744.524949529805,13926.524110858185,47671.04906038799,1,6000.0,6000.0,HiGHS LP
0.7,2025-05-02,28153.41083385345,4158.8851137039865,14981.975864224107,14189.17065846223,17363.462856613085,31552.633515075315,1,6000.0,6000.0,HiGHS LP
0.7,2025-05-03,29246.015154608496,1316.3237370333854,18655.167241641888,15053.134172576263,6210.676703078852,21263.810875655116,1,6000.0,6000.0,HiGHS LP
0.7,2025-05-04,58757.64883111024,1672.197483243453,4985.715698941886,35621.58315572779,5844.5948546061345,41466.178010333926,1,6000.0,6000.0,HiGHS LP
0.7,2025-05-05,56973.584488150496,4242.767626984152,2581.624195157175,34603.2298858908,19002.545628680433,53605.775514571236,1,6000.0,6000.0,HiGHS LP
0.7,2025-05-06,59236.41203685783,2253.057767555253,4958.372767732297,35953.306117971704,9815.319281622922,45768.625399594624,1,6000.0,6000.0,HiGHS LP
0.7,2025-05-07,60454.63887552221,1680.2304425933103,3388.115542829476,36710.7733863525,7674.272608006046,44385.045994358545,1,6000.0,6000.0,HiGHS LP
0.7,2025-05-08,59495.714301211774,2585.4460492357766,2547.77069732148,36195.27014277056,9895.187792460583,46090.45793523114,1,6000.0,6000.0,HiGHS LP
0.7,2025-05-09,29351.32320739529,455.9359369927762,18267.873294388064,15424.456325468389,1811.193185071852,17235.649510540243,1,6000.0,6000.0,HiGHS LP
0.7,2025-05-10,27645.830807596667,2490.7322825882284,14975.517806851562,13938.759954688456,10630.452240972676,24569.21219566113,1,6000.0,6000.0,HiGHS LP
0.7,2025-05-11,61667.48835261233,1572.8320290564955,4127.572737429597,37631.367176077576,6463.065158232544,44094.43233431012,1,6000.0,6000.0,HiGHS LP
0.7,2025-05-12,62331.47585053922,1053.8451986120822,7802.526194321622,38078.905798815555,2796.620736251425,40875.52653506698,1,6000.0,6000.0,HiGHS LP
0.7,2025-05-13,57227.81530041332,1875.5831600908487,2460.597379622811,34609.813444747575,8582.898126087744,43192.71157083532,1,6000.0,6000.0,HiGHS LP
0.7,2025-05-14,58609.829768268464,1453.0799954023348,3454.332545145357,35317.75090101149,5668.8231238234075,40986.574024834896,1,6000.0,6000.0,HiGHS LP
0.7,2025-05-15,59963.33872241999,1108.0568478502346,4679.247017127529,36417.405552262455,4353.48444044178,40770.88999270424,1,6000.0,6000.0,HiGHS LP
0.7,2025-05-16,29244.44514344278,340.7598554489258,23829.698465558373,15406.902525011079,1061.668302229031,16468.57082724011,1,6000.0,6000.0,HiGHS LP
0.7,2025-05-17,29185.724638782936,1755.2647609703665,17452.190316419965,15330.766943788272,7695.495815188017,23026.26275897629,1,6000.0,6000.0,HiGHS LP
0.7,2025-05-18,60550.33011800959,1586.5967673155483,4897.235712444935,36843.73409116685,5268.723703488436,42112.45779465529,1,6000.0,6000.0,HiGHS LP
0.7,2025-05-19,59749.73925471924,502.68037786537235,9197.870942104939,36036.21100260517,2559.811565350744,38596.02256795591,1,6000.0,6000.0,HiGHS LP
0.7,2025-05-20,59391.02698707187,1588.7836098218652,2893.648510451956,35912.713651133774,6543.772132156708,42456.48578329048,1,6000.0,6000.0,HiGHS LP
0.7,2025-05-21,58887.46889228262,1768.7475023004017,5786.1879090604725,35612.04349096052,7237.0939360799985,42849.137427040514,1,6000.0,6000.0,HiGHS LP
0.7,2025-05-22,60043.317020441245,421.83373561794645,6084.252323853098,36422.02384872278,1835.6059325706378,38257.62978129342,1,6000.0,6000.0,HiGHS LP
0.7,2025-05-23,27996.15813726186,712.002410625227,19247.211664553754,14459.727718738926,2683.501044275287,17143.228763014213,1,6000.0,6000.0,HiGHS LP
0.7,2025-05-24,28241.725410623625,404.68249545462515,21851.906522744917,14570.041925208912,1577.435831586402,16147.477756795313,1,6000.0,6000.0,HiGHS LP
0.7,2025-05-25,57847.303282618435,816.3475761482398,6651.693196839629,34888.10203189797,3635.6385467063724,38523.740578604346,1,6000.0,6000.0,HiGHS LP
0.7,2025-05-26,57123.375753986795,3463.572765563085,2605.2102550190584,34475.53273681275,14071.059847736751,48546.5925845495,1,6000.0,6000.0,HiGHS LP
0.7,2025-05-27,58600.429415590836,638.7550099537011,6323.579600626491,35502.68651506695,2388.155988471831,37890.84250353878,1,6000.0,6000.0,HiGHS LP
0.7,2025-05-28,59315.21624272228,1971.7910105228311,5488.540338362982,35834.67756288258,7443.967212972977,43278.64477585556,1,6000.0,6000.0,HiGHS LP
0.7,2025-05-29,59244.53770667347,2044.0757249061814,3608.871019226143,35840.17071687509,8570.83220079153,44411.002917666614,1,6000.0,6000.0,HiGHS LP
0.7,2025-05-30,27983.91326418967,1153.9104987003911,19501.590496223394,14506.407885267427,4340.645637596311,18847.053522863738,1,6000.0,6000.0,HiGHS LP
0.7,2025-05-31,28296.56980784616,979.9955694790392,17847.383827325204,14572.059342455887,3672.7736382913336,18244.83298074722,1,6000.0,6000.0,HiGHS LP
0.7,2025-06-01,63435.804201161416,12121.424345247638,628.3672157423833,38504.89983022204,46138.29805618829,84643.19788641033,1,6000.0,6000.0,HiGHS LP
0.7,2025-06-02,68896.88508301329,6299.140340805458,2787.937062441866,43191.40786334072,24827.92949962034,68019.33736296106,1,6000.0,6000.0,HiGHS LP
0.7,2025-06-03,72223.79505864427,2366.0549005428315,2433.521253574051,44826.56963606489,9816.11585900522,54642.68549507011,1,6000.0,6000.0,HiGHS LP
0.7,2025-06-04,75527.12397192055,2362.88576710088,4104.257105948056,46906.920665187565,7295.5899559231675,54202.510621110734,1,6000.0,6000.0,HiGHS LP
0.7,2025-06-05,76182.61370540352,2536.1870880179295,3440.193069711796,47349.008020111185,9826.432487133665,57175.44050724485,1,6000.0,6000.0,HiGHS LP
0.7,2025-06-06,36248.11640797947,3998.889912004251,6352.010919983725,20935.33102075726,15766.811836513745,36702.14285727101,1,6000.0,6000.0,HiGHS LP
0.7,2025-06-07,36621.17891151878,1338.5029327037594,3793.168677555869,20902.992937985695,5241.2409287112305,26144.233866696926,1,6000.0,6000.0,HiGHS LP
0.7,2025-06-08,86651.36496472982,54.346546801853265,16925.70502726705,54549.36188648329,239.04671770266117,54788.40860418595,1,6000.0,6000.0,HiGHS LP
0.7,2025-06-09,78080.95717518509,1946.8235114333909,4849.013615260583,48214.4708439009,8016.743080027334,56231.21392392823,1,6000.0,6000.0,HiGHS LP
0.7,2025-06-10,79822.09534243436,1040.756009141548,4950.240325239887,49372.99894708415,3972.753500787991,53345.75244787214,1,6000.0,6000.0,HiGHS LP
0.7,2025-06-11,80072.9025550144,2855.0810277778264,2535.630299033197,49586.09751980264,12495.783026939433,62081.880546742075,1,6000.0,6000.0,HiGHS LP
0.7,2025-06-12,84119.49032336664,468.015957884249,7592.567919912657,52742.99237594576,1832.9859039553821,54575.978279901145,1,6000.0,6000.0,HiGHS LP
0.7,2025-06-13,35666.51586259744,896.9003881269213,5178.102550724364,20393.281833185654,3668.286885438144,24061.5687186238,1,6000.0,6000.0,HiGHS LP
0.7,2025-06-14,36824.747281208205,587.8308208668838,8275.95401052895,20932.646325612226,1909.2263257122388,22841.872651324466,1,6000.0,6000.0,HiGHS LP
0.7,2025-06-15,79301.89289685525,942.3981820992286,5350.404995424473,49219.9465495369,3521.1937212262737,52741.14027076317,1,6000.0,6000.0,HiGHS LP
0.7,2025-06-16,80315.71217955404,1146.7589143866298,4430.563343658689,49752.584182665865,4441.032047917994,54193.61623058386,1,6000.0,6000.0,HiGHS LP
0.7,2025-06-17,81306.02405835038,2154.949956061452,4413.072848460165,50435.61429513102,9054.444351227836,59490.058646358855,1,6000.0,6000.0,HiGHS LP
0.7,2025-06-18,81995.71739473003,662.2976414224071,7312.1699991063615,50950.81073186237,2759.134902904701,53709.94563476707,1,6000.0,6000.0,HiGHS LP
0.7,2025-06-19,79882.05419263062,775.4887821149016,8076.57189132703,49716.40159694178,3457.683386342165,53174.084983283945,1,6000.0,6000.0,HiGHS LP
0.7,2025-06-20,36095.52802746664,143.9846303530317,10805.202668037033,20739.533292964414,506.13383380145194,21245.667126765864,1,6000.0,6000.0,HiGHS LP
0.7,2025-06-21,35947.30355467688,327.463941668365,13900.027096345242,20499.859976303065,1331.6894615079552,21831.54943781102,1,6000.0,6000.0,HiGHS LP
0.7,2025-06-22,77937.71377561791,853.5736937365328,7043.996302005402,47923.520533010305,3530.9787365025086,51454.49926951282,1,6000.0,6000.0,HiGHS LP
0.7,2025-06-23,79486.29422069724,383.9574864395653,8486.377205119605,49236.60676102974,1660.7053306693088,50897.312091699045,1,6000.0,6000.0,HiGHS LP
0.7,2025-06-24,74701.43947062368,6672.095869145504,842.7938318347326,45660.14101047039,26574.799641473383,72234.94065194378,1,6000.0,6000.0,HiGHS LP
0.7,2025-06-25,82819.9680561473,709.2806599664852,8585.350313780018,51608.70893563868,2354.4620560691587,53963.17099170784,1,6000.0,6000.0,HiGHS LP
0.7,2025-06-26,80083.36860395542,713.8774150080176,8845.03210878025,49574.12015592281,3159.233168107683,52733.35332403049,1,6000.0,6000.0,HiGHS LP
0.7,2025-06-27,35221.33784083178,170.9425998819438,12580.634574047057,19964.616357833955,711.5383716442495,20676.154729478203,1,6000.0,6000.0,HiGHS LP
0.7,2025-06-28,35406.80920996351,284.2754183066702,10874.158511603524,20054.20707541617,780.6092437010607,20834.816319117228,1,6000.0,6000.0,HiGHS LP
0.7,2025-06-29,80658.94746504544,682.2211610661154,7685.363991606449,50051.696274721384,2239.3559631476337,52291.052237869015,1,6000.0,6000.0,HiGHS LP
0.7,2025-06-30,80316.75621101282,1043.8555574779189,7073.68563522632,49793.873711175635,3848.905047975376,53642.77875915101,1,6000.0,6000.0,HiGHS LP
0.7,2025-07-01,85869.1534167438,5162.951544900841,7526.371483449264,53861.35958060113,17401.159522480382,71262.51910308152,1,6000.0,6000.0,HiGHS LP
0.7,2025-07-02,89455.07277923613,1637.7463708353398,13694.847025913303,56960.28713364602,4068.5881128372016,61028.87524648322,1,6000.0,6000.0,HiGHS LP
0.7,2025-07-03,88330.21091050416,1859.809458430203,6015.938560249816,56240.10038337232,5943.024977685449,62183.12536105777,1,6000.0,6000.0,HiGHS LP
0.7,2025-07-04,42766.158119369706,1357.380919192251,12202.671571895284,25655.18092728136,4005.329852951429,29660.510780232788,1,6000.0,6000.0,HiGHS LP
0.7,2025-07-05,44556.05768062995,558.0369647440632,13284.01467870735,26679.969523062107,1497.5658478826217,28177.53537094473,1,6000.0,6000.0,HiGHS LP
0.7,2025-07-06,85349.95437144183,2233.4810605838343,3491.297207189543,53703.11441303954,9173.92189168949,62877.03630472903,1,6000.0,6000.0,HiGHS LP
0.7,2025-07-07,88270.84634544687,474.74566739249656,11004.01028246952,55659.247308673475,1186.8452044893047,56846.09251316278,1,6000.0,6000.0,HiGHS LP
0.7,2025-07-08,89879.63220194512,280.74439057608765,10307.624846198843,56667.88686682591,1113.0850232968914,57780.971890122804,1,6000.0,6000.0,HiGHS LP
0.7,2025-07-09,83968.04118224885,669.3476881689807,6294.450138108668,52606.29163442747,2804.18563622901,55410.47727065648,1,6000.0,6000.0,HiGHS LP
0.7,2025-07-10,83267.11392146387,729.5432440625781,6865.304075904525,52216.5608021753,2738.566216453678,54955.12701862898,1,6000.0,6000.0,HiGHS LP
0.7,2025-07-11,43342.443209854566,1687.142995519032,9470.8090553736,25587.960868902166,5516.115661537844,31104.076530440012,1,6000.0,6000.0,HiGHS LP
0.7,2025-07-12,43910.833174937754,658.9793874881274,10445.569229092547,25871.26697074107,2120.0546033957394,27991.32157413681,1,6000.0,6000.0,HiGHS LP
0.7,2025-07-13,80525.02999508011,859.223056981737,7993.11254794733,50296.2973600373,3751.6411152592395,54047.93847529654,1,6000.0,6000.0,HiGHS LP
0.7,2025-07-14,75100.39447883646,2709.5651570261953,2155.212628373268,47210.76915290281,11430.220319805554,58640.98947270836,1,6000.0,6000.0,HiGHS LP
0.7,2025-07-15,78956.4998666746,2787.5881146759857,5011.102285715646,49611.76565174622,9061.960221040903,58673.72587278712,1,6000.0,6000.0,HiGHS LP
0.7,2025-07-16,78819.16472824129,2566.9428973452614,5124.536924378986,49353.973553438744,8972.991390376894,58326.964943815634,1,6000.0,6000.0,HiGHS LP
0.7,2025-07-17,78328.59752337956,1943.342902750438,3541.439039632677,49153.74333759643,8413.116618044889,57566.859955641325,1,6000.0,6000.0,HiGHS LP
0.7,2025-07-18,41937.9709960907,2112.4382204415338,9736.161116532234,24541.085396097256,7651.611998340895,32192.697394438153,1,6000.0,6000.0,HiGHS LP
0.7,2025-07-19,42012.82786906981,1169.1989959118366,12959.207814981653,24603.56929703366,4422.06982165449,29025.639118688152,1,6000.0,6000.0,HiGHS LP
0.7,2025-07-20,78567.93173335058,1507.3459555317934,4049.223371821752,49413.41661809423,5406.5012801911535,54819.91789828538,1,6000.0,6000.0,HiGHS LP
0.7,2025-07-21,77022.21777363523,3250.865518785534,2360.9256597181593,48308.88663990547,12084.697188234682,60393.58382814015,1,6000.0,6000.0,HiGHS LP
0.7,2025-07-22,80892.39841864238,1645.8514095370251,4637.7982750906995,50551.26355174306,6619.507821824649,57170.77137356771,1,6000.0,6000.0,HiGHS LP
0.7,2025-07-23,81253.5778942238,1502.9036878376105,4447.3944491038155,50900.391293107015,6145.646849171522,57046.038142278536,1,6000.0,6000.0,HiGHS LP
0.7,2025-07-24,79987.32481955862,2498.946041565554,4764.457156887148,50012.950787229565,10093.79857568088,60106.74936291044,1,6000.0,6000.0,HiGHS LP
0.7,2025-07-25,43422.078882977745,263.0371733468467,14139.79648965793,25623.112783650267,1297.8925160768742,26921.00529972714,1,6000.0,6000.0,HiGHS LP
0.7,2025-07-26,43578.48237615642,710.7861340189157,12780.17694350866,25598.9216133526,2234.3862230210316,27833.30783637363,1,6000.0,6000.0,HiGHS LP
0.7,2025-07-27,81039.51066512802,1448.1486411184972,4711.712578641775,50679.66385174495,6439.127161782816,57118.79101352776,1,6000.0,6000.0,HiGHS LP
0.7,2025-07-28,81758.40713769515,3097.783505615175,2780.4862534381873,51180.27700949974,12042.279575493048,63222.55658499279,1,6000.0,6000.0,HiGHS LP
0.7,2025-07-29,81877.89420512147,2379.4721999421135,4021.2636674094238,51138.699362968146,8887.552199278613,60026.25156224676,1,6000.0,6000.0,HiGHS LP
0.7,2025-07-30,81717.10948340358,1417.8400187534958,4877.788956487355,51019.98057924028,6330.575345036428,57350.555924276705,1,6000.0,6000.0,HiGHS LP
0.7,2025-07-31,79843.8266197415,1871.4480741206396,2917.549903917352,49905.72797100479,8126.063022505637,58031.790993510425,1,6000.0,6000.0,HiGHS LP
0.7,2025-08-01,41970.08003340916,618.4035523822621,18297.123919124762,24624.17064650405,2263.8579395891,26888.02858609315,1,6000.0,6000.0,HiGHS LP
0.7,2025-08-02,40199.34465185474,665.8696653530084,16898.189383874425,23266.01431243254,3091.7698788529337,26357.784191285475,1,6000.0,6000.0,HiGHS LP
0.7,2025-08-03,75895.66953593708,652.1686638203089,9851.99377362895,47842.80859073256,2679.9540320916067,50522.762622824164,1,6000.0,6000.0,HiGHS LP
0.7,2025-08-04,74828.41978949084,364.15033873656523,5993.880703433673,47330.82965031327,1367.168267085413,48697.99791739869,1,6000.0,6000.0,HiGHS LP
0.7,2025-08-05,74032.96026285188,660.423166253517,5778.8787905072895,46901.156384957554,2581.724560257844,49482.880945215395,1,6000.0,6000.0,HiGHS LP
0.7,2025-08-06,71367.86395706832,3645.358343853621,3107.3661468821633,45178.475997715635,15136.36729163488,60314.843289350516,1,6000.0,6000.0,HiGHS LP
0.7,2025-08-07,77907.50420547463,268.054867769642,10871.623314402465,49267.69679863345,806.503307057113,50074.200105690565,1,6000.0,6000.0,HiGHS LP
0.7,2025-08-08,40423.89518350622,463.9440661456572,22072.667999651872,23550.04283824737,1831.015682229794,25381.058520477163,1,6000.0,6000.0,HiGHS LP
0.7,2025-08-09,39531.219373317115,1752.9240676803272,19322.214440997443,22844.239887644075,6810.457682023591,29654.697569667667,1,6000.0,6000.0,HiGHS LP
0.7,2025-08-10,69971.41691184317,2446.7754293058156,3361.403075139789,44417.012743564635,8900.01240715783,53317.02515072247,1,6000.0,6000.0,HiGHS LP
0.7,2025-08-11,73705.0335173333,923.6846093391167,6338.177337753711,46715.368536088456,3924.3962148869014,50639.76475097536,1,6000.0,6000.0,HiGHS LP
0.7,2025-08-12,71984.10655239495,2776.915215264434,3176.4922255715164,45619.73216336068,11676.62086330244,57296.35302666311,1,6000.0,6000.0,HiGHS LP
0.7,2025-08-13,72334.20877793829,1788.11956230858,4283.767392645279,45575.55942094204,7356.062695482709,52931.62211642475,1,6000.0,6000.0,HiGHS LP
0.7,2025-08-14,70940.6682069814,2204.558006605307,3404.432502192444,44942.1810988412,9568.921759335384,54511.102858176586,1,6000.0,6000.0,HiGHS LP
0.7,2025-08-15,40979.06299237054,509.3913826914307,21288.727491728638,23994.806515205557,1685.3649456363378,25680.171460841895,1,6000.0,6000.0,HiGHS LP
0.7,2025-08-16,41951.65813315775,318.36096762774037,22300.738734118822,24622.28159911489,1557.918316020239,26180.199915135127,1,6000.0,6000.0,HiGHS LP
0.7,2025-08-17,68724.56886418554,2045.6157235122428,3892.146042680535,43584.991591507045,8782.233811843533,52367.225403350574,1,6000.0,6000.0,HiGHS LP
0.7,2025-08-18,71039.52573145849,1651.9822771478043,4482.720076676335,45229.61319809205,7907.673821778182,53137.28701987023,1,6000.0,6000.0,HiGHS LP
0.7,2025-08-19,68808.19984264951,1891.3162516187713,2607.430538137226,43730.91871774247,7771.094626996033,51502.0133447385,1,6000.0,6000.0,HiGHS LP
0.7,2025-08-20,71172.25021429399,5735.106095814463,2419.2935225051538,45249.90790197499,23568.758142511924,68818.66604448692,1,6000.0,6000.0,HiGHS LP
0.7,2025-08-21,73582.7658939634,1470.0751367300927,5384.436419528074,46612.18677010996,5851.233802215576,52463.420572325536,1,6000.0,6000.0,HiGHS LP
0.7,2025-08-22,41686.146000003035,1796.2334746629222,19211.810074665947,24460.277256715635,7383.534423466108,31843.811680181745,1,6000.0,6000.0,HiGHS LP
0.7,2025-08-23,40820.19874283868,867.7074517143361,16117.900044553011,23811.997111962966,3549.579378337301,27361.576490300267,1,6000.0,6000.0,HiGHS LP
0.7,2025-08-24,70721.66248110437,2317.1945119033794,5521.762275353465,44603.73429178875,10231.073178430423,54834.80747021917,1,6000.0,6000.0,HiGHS LP
0.7,2025-08-25,70789.31276077172,5808.369390446057,2009.6754966208591,44941.996699965435,22826.071818823388,67768.06851878882,1,6000.0,6000.0,HiGHS LP
0.7,2025-08-26,72085.30889530302,1658.3586808142363,4462.2794315970505,45395.69552543033,7133.483863984915,52529.17938941525,1,6000.0,6000.0,HiGHS LP
0.7,2025-08-27,70168.7794110387,3602.7960601247514,2037.7666065273086,44353.67774171996,15984.142201216524,60337.81994293649,1,6000.0,6000.0,HiGHS LP
0.7,2025-08-28,73180.0807308752,4254.317119782095,2823.6310539275382,46188.4812490387,16856.10694098896,63044.58819002766,1,6000.0,6000.0,HiGHS LP
0.7,2025-08-29,39158.095020711495,2144.2641989830386,15707.138869694534,22747.980723104796,8835.180833389088,31583.161556493884,1,6000.0,6000.0,HiGHS LP
0.7,2025-08-30,40068.840857531104,1704.167342625951,20220.288366823723,23429.54126689537,6356.387240928461,29785.92850782383,1,6000.0,6000.0,HiGHS LP
0.7,2025-08-31,72849.7990049579,1710.5240308100256,4120.453745878222,46273.4678336637,6634.900014170894,52908.3678478346,1,6000.0,6000.0,HiGHS LP
0.7,2025-09-01,68149.48710196043,832.0449227379077,11629.659719941905,43143.92438566003,2944.0784946998556,46088.00288035988,1,6000.0,6000.0,HiGHS LP
0.7,2025-09-02,55857.338912099774,4072.33516738283,2305.168944630615,35077.794882067785,17717.154535960377,52794.94941802816,1,6000.0,6000.0,HiGHS LP
0.7,2025-09-03,58528.10223932468,3044.166619795397,2284.0884923393705,36663.53021805597,11550.016814881434,48213.5470329374,1,6000.0,6000.0,HiGHS LP
0.7,2025-09-04,58933.184375775134,2503.280306294342,3774.4904351801933,36717.08350396663,10596.111802692358,47313.195306658985,1,6000.0,6000.0,HiGHS LP
0.7,2025-09-05,33536.587733394015,324.5915571866138,23996.917623913956,18657.795441481434,1171.6752244599334,19829.470665941368,1,6000.0,6000.0,HiGHS LP
0.7,2025-09-06,34835.55743489994,198.8566788216658,24273.330413721604,19589.32062187913,726.2813253808033,20315.601947259933,1,6000.0,6000.0,HiGHS LP
0.7,2025-09-07,59358.19414404934,2095.900129142401,2665.2367780485647,36895.45942507375,8117.041270021837,45012.50069509559,1,6000.0,6000.0,HiGHS LP
0.7,2025-09-08,51020.61744562267,12211.711904221607,103.33556933792863,31297.07672212273,47935.22750806172,79232.30423018444,1,6000.0,6000.0,HiGHS LP
0.7,2025-09-09,62657.096771319746,1142.6762780642741,6901.757455623992,38778.455017068976,4710.763805850829,43489.21882291981,1,6000.0,6000.0,HiGHS LP
0.7,2025-09-10,61575.38264474612,5082.339466972502,1421.4352934416966,38186.68299504679,22077.20492993041,60263.8879249772,1,6000.0,6000.0,HiGHS LP
0.7,2025-09-11,63379.90706160618,1246.0238898086436,7179.334469470264,39009.02085878319,5329.259497737504,44338.28035652069,1,6000.0,6000.0,HiGHS LP
0.7,2025-09-12,32288.408975945335,882.1090734562664,18578.8618494016,17739.053207762678,2980.947877911121,20720.001085673797,1,6000.0,6000.0,HiGHS LP
0.7,2025-09-13,32298.688942391316,714.0794408786072,21965.666899936587,17717.218814296884,2621.7340916112507,20338.952905908136,1,6000.0,6000.0,HiGHS LP
0.7,2025-09-14,62218.546173205934,3610.283719473794,1709.1339353792675,38592.69072083983,13214.363594957427,51807.05431579726,1,6000.0,6000.0,HiGHS LP
0.7,2025-09-15,66944.01079167446,474.08566530395996,8221.774115540726,41524.30261863653,1737.2845179667443,43261.58713660327,1,6000.0,6000.0,HiGHS LP
0.7,2025-09-16,64599.24002069098,2373.904405676023,3374.200850494152,40098.86303632127,7028.935341052387,47127.79837737366,1,6000.0,6000.0,HiGHS LP
0.7,2025-09-17,69414.65970633071,986.5067525272407,6288.644880928453,43380.47239130485,4221.234099590276,47601.70649089513,1,6000.0,6000.0,HiGHS LP
0.7,2025-09-18,66950.44412941104,883.1368025893976,4764.149265535164,41702.928606346264,3844.3766483852255,45547.30525473149,1,6000.0,6000.0,HiGHS LP
0.7,2025-09-19,33791.03639127054,680.7747530514741,15330.458827655351,18771.708107228744,1871.2540794490055,20642.96218667775,1,6000.0,6000.0,HiGHS LP
0.7,2025-09-20,34811.35316336654,470.6109443566349,16596.530374389844,19465.0440780242,1709.679875530758,21174.723953554956,1,6000.0,6000.0,HiGHS LP
0.7,2025-09-21,68014.13416370697,1006.7937110827797,6619.368301178313,42388.14298633315,3116.026636278186,45504.169622611334,1,6000.0,6000.0,HiGHS LP
0.7,2025-09-22,66202.80217756375,1479.5822238757705,2975.6998717315273,41196.93464418328,4782.313758774187,45979.24840295747,1,6000.0,6000.0,HiGHS LP
0.7,2025-09-23,67508.79729212969,1714.4751983518513,3013.7930402445973,42046.12353506367,7531.754015300739,49577.877550364414,1,6000.0,6000.0,HiGHS LP
0.7,2025-09-24,66303.1781292966,1613.0354034085815,2755.5906950331864,41180.190455744596,4837.394836184383,46017.585291928975,1,6000.0,6000.0,HiGHS LP
0.7,2025-09-25,68606.40117198709,794.8906305927371,4966.613919999994,42842.30936423814,2747.3083272990984,45589.61769153724,1,6000.0,6000.0,HiGHS LP
0.7,2025-09-26,35876.71169456033,101.0994191559405,15243.567613716266,20223.126834732455,246.86005976342693,20469.986894495883,1,6000.0,6000.0,HiGHS LP
0.7,2025-09-27,34704.99624208287,1902.203097065998,15765.89708914886,19291.938435696593,7187.614083041299,26479.55251873789,1,6000.0,6000.0,HiGHS LP
0.7,2025-09-28,70073.07678249072,1194.2728156220571,3661.4370918239015,43693.51374665435,4839.947484993552,48533.4612316479,1,6000.0,6000.0,HiGHS LP
0.7,2025-09-29,70934.13822520111,607.3140588978642,4655.298529596559,44306.99159777444,2401.3449116426677,46708.33650941711,1,6000.0,6000.0,HiGHS LP
0.7,2025-09-30,72367.21393628552,1061.5783035882682,3872.3975904641766,45312.83287448741,4873.852377534569,50186.685252021976,1,6000.0,6000.0,HiGHS LP
0.7,2025-10-01,71612.04088922727,56.8946829293393,17859.95415062597,44701.07463374638,164.832688740712,44865.90732248709,1,6000.0,6000.0,HiGHS LP
0.7,2025-10-02,68952.59510238928,356.70979518405954,13477.736938745813,42669.34632649151,854.892103389157,43524.23842988067,1,6000.0,6000.0,HiGHS LP
0.7,2025-10-03,32214.82462695078,297.91842128214745,21655.589348232927,17387.164993152026,691.4032760262937,18078.56826917832,1,6000.0,6000.0,HiGHS LP
0.7,2025-10-04,32620.995603378058,436.3003903880448,16921.313560432773,17588.00494662975,1418.037977449325,19006.042924079076,1,6000.0,6000.0,HiGHS LP
0.7,2025-10-05,68053.36523991753,306.17837770968913,9522.06650531158,42033.35247004747,661.6479216280021,42695.00039167547,1,6000.0,6000.0,HiGHS LP
0.7,2025-10-06,68474.17218715894,54.111459077372075,6697.589885004509,42299.40188784584,135.50434386328692,42434.90623170912,1,6000.0,6000.0,HiGHS LP
0.7,2025-10-07,67641.82516860284,144.5852086008087,5922.293040810036,41684.14247318301,360.8150382811713,42044.957511464185,1,6000.0,6000.0,HiGHS LP
0.7,2025-10-08,67971.24255685916,175.94630196781105,7566.700102977485,41355.407240853936,628.5913632426664,41983.9986040966,1,6000.0,6000.0,HiGHS LP
0.7,2025-10-09,65919.36698182921,318.6140486431544,6399.101717694148,40052.801577704486,1462.8177260075236,41515.61930371201,1,6000.0,6000.0,HiGHS LP
0.7,2025-10-10,32767.717004797778,200.8548178079588,20584.960905939068,17165.985522616033,673.2303461019219,17839.215868717954,1,6000.0,6000.0,HiGHS LP
0.7,2025-10-11,33296.16230210061,140.70889268788645,16277.073293509802,17345.339277462655,683.6285968335766,18028.96787429623,1,6000.0,6000.0,HiGHS LP
0.7,2025-10-12,65336.53245238624,938.8739397227091,3684.9108746377337,39743.84833721356,3797.7462075513367,43541.5945447649,1,6000.0,6000.0,HiGHS LP
0.7,2025-10-13,65038.75553344451,511.82471845561633,4450.306624705072,39657.397110437436,2230.7651481757257,41888.16225861316,1,6000.0,6000.0,HiGHS LP
0.7,2025-10-14,64752.31799159618,1724.0841342155982,1629.0419304562047,39470.328184561164,7211.289338097485,46681.61752265865,1,6000.0,6000.0,HiGHS LP
0.7,2025-10-15,65683.68039903484,2039.2850770634468,1727.7669817694202,40158.01886049091,8092.677959154193,48250.696819645105,1,6000.0,6000.0,HiGHS LP
0.7,2025-10-16,66357.54555296688,2717.6021169026194,2025.890638690547,40632.21279789293,11563.426674713824,52195.63947260675,1,6000.0,6000.0,HiGHS LP
0.7,2025-10-17,33389.719799331535,639.9899496602268,14874.533682685622,17460.039806713674,2821.2778117970183,20281.317618510693,1,6000.0,6000.0,HiGHS LP
0.7,2025-10-18,33020.92469636669,1093.7086775964726,14918.983184231432,17256.72378750629,4180.129612132535,21436.853399638825,1,6000.0,6000.0,HiGHS LP
0.7,2025-10-19,67468.00278793799,2649.7513998982517,2124.836105488822,41194.84579881032,11682.674122102606,52877.51992091292,1,6000.0,6000.0,HiGHS LP
0.7,2025-10-20,68288.43206030101,2213.217926630538,1936.986954492543,41862.38778156265,9963.951901622542,51826.339683185186,1,6000.0,6000.0,HiGHS LP
0.7,2025-10-21,68785.37727651728,3237.918889845948,1425.3003938305237,42172.613763919275,12274.109574710908,54446.72333863018,1,6000.0,6000.0,HiGHS LP
0.7,2025-10-22,69220.8064340755,2592.74417679343,2108.018385831821,42258.82176570635,11765.967433210784,54024.78919891713,1,6000.0,6000.0,HiGHS LP
0.7,2025-10-23,70939.0736281529,534.510906534011,3907.8126017362943,43544.0839587955,2170.5855097716712,45714.66946856717,1,6000.0,6000.0,HiGHS LP
0.7,2025-10-24,32850.57097200442,951.4664188402843,12191.429937327595,17010.48021348102,4055.0819154300975,21065.56212891112,1,6000.0,6000.0,HiGHS LP
0.7,2025-10-25,33551.94816165771,645.0693189841431,11594.939207136777,17562.703623828667,2433.4192829897984,19996.122906818466,1,6000.0,6000.0,HiGHS LP
0.7,2025-10-26,71706.20928166839,521.8731796670368,3427.905880419732,44119.613520776125,1908.1085806914402,46027.72210146757,1,6000.0,6000.0,HiGHS LP
0.7,2025-10-27,70942.3453517406,1424.2472191287293,4564.101254152662,43458.396487025995,5684.504803079548,49142.90129010554,1,6000.0,6000.0,HiGHS LP
0.7,2025-10-28,71455.46572055553,1024.7292169793352,2243.408280966877,43906.005363843826,4118.243624260867,48024.24898810469,1,6000.0,6000.0,HiGHS LP
0.7,2025-10-29,72703.34983830468,2723.138485114093,1753.5690277716817,44772.19082298875,10526.56183779235,55298.7526607811,1,6000.0,6000.0,HiGHS LP
0.7,2025-10-30,73743.02584839755,421.81205901760933,4960.318093795682,45554.575998278524,1767.8303662227802,47322.4063645013,1,6000.0,6000.0,HiGHS LP
0.7,2025-10-31,34886.32066531737,975.4975189929023,8629.606059686817,18491.51594179861,3138.4392077917864,21629.955149590398,1,6000.0,6000.0,HiGHS LP
0.7,2025-11-01,35258.743475532174,209.10989005727038,9570.120224138731,18707.371296832407,580.2325712208125,19287.60386805322,1,6000.0,6000.0,HiGHS LP
0.7,2025-11-02,74596.48788078787,980.4845220856677,2323.545669088976,45956.9572736147,4337.316116060725,50294.27338967543,1,6000.0,6000.0,HiGHS LP
0.7,2025-11-03,75331.81255604689,1560.700926583649,2905.6943825765907,46601.82304889273,4773.7890578733295,51375.61210676606,1,6000.0,6000.0,HiGHS LP
0.7,2025-11-04,77089.56704826016,481.7578240705479,5543.732999016131,47832.52060223675,1932.0790440167984,49764.59964625355,1,6000.0,6000.0,HiGHS LP
0.7,2025-11-05,77650.58258628502,348.25802837428193,3871.836382314675,48369.41068397986,1088.8646838206557,49458.27536780052,1,6000.0,6000.0,HiGHS LP
0.7,2025-11-06,74965.69492950171,2668.9418339283657,1806.6844140083558,46220.60218475317,11286.353674670594,57506.95585942376,1,6000.0,6000.0,HiGHS LP
0.7,2025-11-07,34775.73631770689,674.6455760450986,8758.079684316974,18354.398608621977,2963.1107017502286,21317.509310372207,1,6000.0,6000.0,HiGHS LP
0.7,2025-11-08,35789.554950613776,165.5637398516211,8757.649195435595,19014.10124886711,532.0905789400397,19546.19182780715,1,6000.0,6000.0,HiGHS LP
0.7,2025-11-09,77300.32521757309,995.3984030105001,2516.2680580311826,47950.431521828206,3933.3760512375156,51883.80757306572,1,6000.0,6000.0,HiGHS LP
0.7,2025-11-10,78946.10197351141,1258.249062166503,1928.6595035486105,49246.45729311334,4520.175422479506,53766.632715592845,1,6000.0,6000.0,HiGHS LP
0.7,2025-11-11,78813.68338134493,500.38624146875907,3339.3096384352634,49084.89479135946,1860.4485088382528,50945.34330019771,1,6000.0,6000.0,HiGHS LP
0.7,2025-11-12,80167.845634452,194.09573164651226,4985.242838144966,50190.06314894663,770.3135061726417,50960.376655119275,1,6000.0,6000.0,HiGHS LP
0.7,2025-11-13,79542.46241494853,774.5229270304819,3503.4363274504058,49800.71986774699,2692.9629123839622,52493.682780130956,1,6000.0,6000.0,HiGHS LP
0.7,2025-11-14,35936.01222638531,375.63192782120734,5262.98011769725,19132.7074436191,1113.3441425098945,20246.051586128993,1,6000.0,6000.0,HiGHS LP
0.7,2025-11-15,36392.8727772818,324.3944860980712,5022.201873466763,19370.9515472659,1230.4033300195033,20601.354877285405,1,6000.0,6000.0,HiGHS LP
0.7,2025-11-16,80358.14619691059,1241.7989812801559,2724.3727814802023,50227.337713202825,4890.9811116087185,55118.31882481155,1,6000.0,6000.0,HiGHS LP
0.7,2025-11-17,82752.35751783766,215.72344631290264,5789.411935261147,52120.23155059678,545.5839498363974,52665.81550043318,1,6000.0,6000.0,HiGHS LP
0.7,2025-11-18,79280.26963123752,1759.6556924815995,1729.5821889103859,49353.93757218899,6382.7008258028045,55736.638397991796,1,6000.0,6000.0,HiGHS LP
0.7,2025-11-19,81170.15737559993,898.3502800878653,2244.2282906462597,50801.32276144132,3498.3653384076047,54299.68809984892,1,6000.0,6000.0,HiGHS LP
0.7,2025-11-20,82244.13633544112,618.7510214870892,3599.983382345433,51765.94037065668,2413.5830436340334,54179.523414290714,1,6000.0,6000.0,HiGHS LP
0.7,2025-11-21,36820.463056969915,419.8115049549065,4823.870566984625,19635.595299621207,1148.8373597121172,20784.432659333324,1,6000.0,6000.0,HiGHS LP
0.7,2025-11-22,36336.7206866464,606.5907716087154,3200.1499454441546,19241.892085379193,2092.0663445170553,21333.958429896247,1,6000.0,6000.0,HiGHS LP
0.7,2025-11-23,82633.83206383875,1106.0745415621511,4025.3374276863406,51898.769916368845,4662.440654459206,56561.21057082805,1,6000.0,6000.0,HiGHS LP
0.7,2025-11-24,83211.99522842559,498.2164225997452,5014.418111950781,52376.910564202466,1737.4546133821048,54114.36517758457,1,6000.0,6000.0,HiGHS LP
0.7,2025-11-25,84167.35078550655,389.5913149299754,3800.4037711761766,53051.23391736729,1379.2284797720285,54430.462397139316,1,6000.0,6000.0,HiGHS LP
0.7,2025-11-26,83102.1682104877,751.4474841792661,2560.6453935144746,52233.54218573878,2884.3574825201667,55117.89966825894,1,6000.0,6000.0,HiGHS LP
0.7,2025-11-27,84642.12765548342,393.9233730896532,4626.512839136885,53441.75144725492,1600.3145937372046,55042.066040992126,1,6000.0,6000.0,HiGHS LP
0.7,2025-11-28,36732.689599487305,765.5074290758482,3014.4244503607106,19509.311822971453,3108.4043288990447,22617.716151870496,1,6000.0,6000.0,HiGHS LP
0.7,2025-11-29,38823.58618651485,2318.197682596297,2564.443947552752,20729.17518403777,7695.020055872874,28424.195239910645,1,6000.0,6000.0,HiGHS LP
0.7,2025-11-30,87005.66559722373,475.38759519014684,2522.596316594222,55077.16429431172,1683.2392225139788,56760.403516825696,1,6000.0,6000.0,HiGHS LP
0.7,2025-12-01,86091.27772958293,5786.7192229028515,898.3776012315075,54389.466700943696,21388.867966636015,75778.33466757971,1,6000.0,6000.0,HiGHS LP
0.7,2025-12-02,91122.26339403214,3926.4227573411936,1679.9560405547008,58474.798880367045,13791.457302901674,72266.25618326872,1,6000.0,6000.0,HiGHS LP
0.7,2025-12-03,91891.47058793288,2218.0293469370135,2228.418034869879,58362.22617216408,7592.951102904634,65955.17727506872,1,6000.0,6000.0,HiGHS LP
0.7,2025-12-04,93538.8961698137,1033.519209125132,3051.9989619815033,59713.25691497342,4015.180058121581,63728.436973095,1,6000.0,6000.0,HiGHS LP
0.7,2025-12-05,47852.76515946524,1132.1107752830615,3611.6968088180265,24944.819189571448,4671.059992845874,29615.879182417324,1,6000.0,6000.0,HiGHS LP
0.7,2025-12-06,49764.93525219682,1013.1938832134897,3045.2757495267065,26098.98511248421,3252.6130570546884,29351.5981695389,1,6000.0,6000.0,HiGHS LP
0.7,2025-12-07,95760.7855291739,760.0987921141055,4075.3939818617137,61284.79144649922,2939.816808442113,64224.60825494133,1,6000.0,6000.0,HiGHS LP
0.7,2025-12-08,93002.90767874994,2535.042277184307,2961.428805469831,58478.76295677874,11305.796666399921,69784.55962317866,1,6000.0,6000.0,HiGHS LP
0.7,2025-12-09,96818.35276071532,623.2850725949362,5236.454768228943,61903.75707557873,2963.149336244244,64866.90641182297,1,6000.0,6000.0,HiGHS LP
0.7,2025-12-10,94595.26296210576,1209.6949179929347,2624.808096836047,60289.20852539624,4552.637694485763,64841.846219882005,1,6000.0,6000.0,HiGHS LP
0.7,2025-12-11,97669.50054646307,184.79336401405865,7043.335653844443,62745.974679096915,637.7506724928138,63383.72535158973,1,6000.0,6000.0,HiGHS LP
0.7,2025-12-12,47931.529857708214,1788.5859908061698,1995.2766527736935,24959.459620739093,5954.264994671239,30913.724615410334,1,6000.0,6000.0,HiGHS LP
0.7,2025-12-13,52922.21403704627,232.2801713788396,5259.472359493451,27936.576895492028,991.4023573617449,28927.979252853773,1,6000.0,6000.0,HiGHS LP
0.7,2025-12-14,97117.53593396748,410.59588779200686,3910.4542812312993,62222.936374360346,1629.0460082388931,63851.98238259924,1,6000.0,6000.0,HiGHS LP
0.7,2025-12-15,97623.25383228631,564.2764816913161,3870.1500049093897,62612.32599899047,1998.2980597278424,64610.62405871831,1,6000.0,6000.0,HiGHS LP
0.7,2025-12-16,96808.12718352323,554.7751040740154,3112.1619819299012,61926.328832726766,2109.528711997647,64035.857544724415,1,6000.0,6000.0,HiGHS LP
0.7,2025-12-17,98492.8512121157,267.2313357735395,5723.78720262155,63178.873929641275,967.3259072554064,64146.19983689668,1,6000.0,6000.0,HiGHS LP
0.7,2025-12-18,96208.42512914592,716.1912398245329,4735.998372047101,61500.03764476166,2475.8851505887733,63975.92279535043,1,6000.0,6000.0,HiGHS LP
0.7,2025-12-19,51011.912827936656,351.26578887242573,4379.0907148704355,26630.056677323802,1552.9686343003536,28183.025311624155,1,6000.0,6000.0,HiGHS LP
0.7,2025-12-20,51081.88377752974,440.97193869228585,4583.677824528626,26678.425163615993,1624.9085188212878,28303.333682437282,1,6000.0,6000.0,HiGHS LP
0.7,2025-12-21,95710.47314084946,1090.760421724241,2936.9502608002995,61084.45781017977,3848.9701544550862,64933.42796463485,1,6000.0,6000.0,HiGHS LP
0.7,2025-12-22,98183.51672834935,402.123673920628,4794.467746138638,62910.7322528013,1399.4138059228098,64310.146058724116,1,6000.0,6000.0,HiGHS LP
0.7,2025-12-23,97998.22709064987,226.1322658868687,6117.099404671808,62755.74599335213,984.4906094851094,63740.23660283724,1,6000.0,6000.0,HiGHS LP
0.7,2025-12-24,96708.49759699633,349.06315209491464,4369.608716322144,61874.484506754074,1090.209870059586,62964.69437681366,1,6000.0,6000.0,HiGHS LP
0.7,2025-12-25,96300.54799672536,557.1584282154736,4211.619041587286,61623.80891831861,1980.5188471838892,63604.3277655025,1,6000.0,6000.0,HiGHS LP
0.7,2025-12-26,50144.06551066907,437.0139711498973,3496.5492034938084,26102.864201030963,1680.6064454542584,27783.47064648522,1,6000.0,6000.0,HiGHS LP
0.7,2025-12-27,51602.783899555434,301.0413927213549,4471.266280801595,26987.922522965695,1251.8237098690029,28239.7462328347,1,6000.0,6000.0,HiGHS LP
0.7,2025-12-28,95435.49108083536,694.2950501054697,4487.8282002083015,60884.826750844135,2637.557916960108,63522.38466780425,1,6000.0,6000.0,HiGHS LP
0.7,2025-12-29,95563.23502918376,540.5545379242552,3763.610429893667,60927.223755389125,2135.7584380697313,63062.982193458854,1,6000.0,6000.0,HiGHS LP
0.7,2025-12-30,97478.10713902238,108.14748322565595,6527.63445770856,62494.41507134747,512.3408107132301,63006.755882060694,1,6000.0,6000.0,HiGHS LP
0.7,2025-12-31,94862.38881955516,1109.2501729500116,2524.4272934321507,60458.383245572695,4398.105745220786,64856.488990793485,1,6000.0,6000.0,HiGHS LP
0.75,2025-02-01,46101.30230688007,92.17093964155967,7901.8574304810645,24002.564174112544,386.37901875908335,24388.943192871626,1,6000.0,6000.0,HiGHS LP
0.75,2025-02-02,89658.70977702131,83.5305418532788,6711.078076574264,56387.65104260769,482.99082293089657,56870.641865538586,1,6000.0,6000.0,HiGHS LP
0.75,2025-02-03,89754.70770378255,273.6197892187539,5136.813391233371,56446.61903980686,938.80483757503,57385.42387738189,1,6000.0,6000.0,HiGHS LP
0.75,2025-02-04,89732.73915378748,764.9430083736311,4640.82009316317,56433.85934608012,3194.360102853066,59628.21944893319,1,6000.0,6000.0,HiGHS LP
0.75,2025-02-05,85280.49905768762,1837.7849148931405,1761.3208290936216,52968.03630836083,7536.68012052568,60504.71642888651,1,6000.0,6000.0,HiGHS LP
0.75,2025-02-06,91245.55209123928,57.15725043134316,6322.904221156337,57691.91408746249,200.57254752606326,57892.486634988556,1,6000.0,6000.0,HiGHS LP
0.75,2025-02-07,41951.748734378896,461.7180207710447,6739.016229570272,21678.48211298701,2131.1673055011665,23809.649418488178,1,6000.0,6000.0,HiGHS LP
0.75,2025-02-08,40611.88659844451,299.33079949098027,5543.139185943175,20953.39742798391,1412.4454478692473,22365.842875853155,1,6000.0,6000.0,HiGHS LP
0.75,2025-02-09,83685.43087360854,2147.599019517767,1687.6589118119655,52200.35356599327,7368.7051842353785,59569.05875022864,1,6000.0,6000.0,HiGHS LP
0.75,2025-02-10,87234.78997277527,76.4275658040558,8344.391482729618,54703.15767957678,248.7161878665982,54951.873867443384,1,6000.0,6000.0,HiGHS LP
0.75,2025-02-11,87583.77625650095,27.130897314465415,7729.901326236517,55045.70815475717,96.99308204815897,55142.70123680533,1,6000.0,6000.0,HiGHS LP
0.75,2025-02-12,83047.15638873201,681.310214310005,3963.605795714531,51581.07496680795,3021.3301854639485,54602.4051522719,1,6000.0,6000.0,HiGHS LP
0.75,2025-02-13,82945.46345666415,552.8066223195634,7666.400365430414,51811.33973306678,1574.6074861203483,53385.947219187125,1,6000.0,6000.0,HiGHS LP
0.75,2025-02-14,38394.492179247805,624.3469496243556,5534.206200221912,20109.8288790691,1786.5572542493599,21896.38613331846,1,6000.0,6000.0,HiGHS LP
0.75,2025-02-15,36640.837228960656,924.9367290745101,4721.879634623399,19142.514093227,2877.9024067717664,22020.416499998766,1,6000.0,6000.0,HiGHS LP
0.75,2025-02-16,79850.5052222714,1693.2429737553475,1754.8295444813443,49406.67324696402,6172.975801765879,55579.6490487299,1,6000.0,6000.0,HiGHS LP
0.75,2025-02-17,80111.17666291131,533.6141983976872,5040.2298134722405,49480.034573178884,1985.2900177650977,51465.32459094398,1,6000.0,6000.0,HiGHS LP
0.75,2025-02-18,81040.33641455538,318.30809588855453,4845.821835853393,50262.516040490475,1186.4816166174583,51448.99765710793,1,6000.0,6000.0,HiGHS LP
0.75,2025-02-19,79105.71704024074,1385.8065320293613,3184.4809913825416,48842.92168495168,5037.731224476529,53880.65290942821,1,6000.0,6000.0,HiGHS LP
0.75,2025-02-20,80089.97973682197,415.0090435093399,5096.825027332607,49505.52867568278,1674.1176582043572,51179.64633388713,1,6000.0,6000.0,HiGHS LP
0.75,2025-02-21,35803.56166568271,371.9198257110175,7163.501945899636,18655.790413509825,1090.6701688394592,19746.460582349286,1,6000.0,6000.0,HiGHS LP
0.75,2025-02-22,37160.28492819779,469.7302377105452,6279.5937983431895,19562.992872667957,1713.6490391580792,21276.64191182604,1,6000.0,6000.0,HiGHS LP
0.75,2025-02-23,79145.3580214851,945.6541261333787,4135.941085585257,48998.9689843511,2658.146332025992,51657.115316377094,1,6000.0,6000.0,HiGHS LP
0.75,2025-02-24,76798.88199265857,603.2496431778566,4826.598159642477,47094.53367983875,2542.117078031435,49636.650757870186,1,6000.0,6000.0,HiGHS LP
0.75,2025-02-25,75517.61477684957,619.1098778944273,5965.202822834492,46277.78539431203,2043.0220231412104,48320.80741745324,1,6000.0,6000.0,HiGHS LP
0.75,2025-02-26,74879.18409508787,1431.640719939075,3169.9370536181787,45684.02637286029,5786.996014474912,51471.0223873352,1,6000.0,6000.0,HiGHS LP
0.75,2025-02-27,74948.30639986086,680.1633001055386,4338.94354364526,45850.32176531281,3249.478297085191,49099.800062398,1,6000.0,6000.0,HiGHS LP
0.75,2025-02-28,33811.4909507674,1193.9178003643908,8419.183893844767,17444.80724916134,4197.836712719812,21642.64396188115,1,6000.0,6000.0,HiGHS LP
0.75,2025-03-01,34819.73417574338,379.48009858135816,8224.379306158808,18088.75539833856,1369.241873362088,19457.997271700646,1,6000.0,6000.0,HiGHS LP
0.75,2025-03-02,71710.83480248196,6076.997583921639,1143.3142462009714,43917.20448202155,22404.70101092414,66321.90549294569,1,6000.0,6000.0,HiGHS LP
0.75,2025-03-03,74400.12486330167,4029.686183648966,2049.5904374438965,45881.66527377479,15518.176691592756,61399.84196536755,1,6000.0,6000.0,HiGHS LP
0.75,2025-03-04,76071.53843210622,856.5100305914872,3308.5705607532304,46933.98125971033,2558.9272678877032,49492.90852759803,1,6000.0,6000.0,HiGHS LP
0.75,2025-03-05,76249.95335026871,517.5200971384191,6228.509729320438,46884.348993666455,2169.527791657466,49053.87678532392,1,6000.0,6000.0,HiGHS LP
0.75,2025-03-06,76173.84840558631,241.9836712797184,6055.165447148809,46973.790436026145,820.450457709851,47794.240893735994,1,6000.0,6000.0,HiGHS LP
0.75,2025-03-07,33211.97920362634,962.1392197016694,10085.254995603398,17479.019313717454,3714.6006248631384,21193.619938580592,1,6000.0,6000.0,HiGHS LP
0.75,2025-03-08,32171.69646390363,614.4974947062882,10657.99899852551,17088.90001516872,1391.574730073436,18480.474745242158,1,6000.0,6000.0,HiGHS LP
0.75,2025-03-09,71987.35008443164,485.12110139633904,4919.160799101684,43839.49670003104,2014.9256078564922,45854.42230788754,1,6000.0,6000.0,HiGHS LP
0.75,2025-03-10,72087.69117656807,2575.219797206554,2389.259003027694,43951.601735382224,8063.102427789751,52014.70416317198,1,6000.0,6000.0,HiGHS LP
0.75,2025-03-11,73020.6939910894,439.54921491264145,5284.16230143275,44468.51636007255,1558.3037807236544,46026.820140796204,1,6000.0,6000.0,HiGHS LP
0.75,2025-03-12,70346.3794668515,671.6078635248539,4409.487321087875,42478.52610213685,2446.588269863994,44925.11437200084,1,6000.0,6000.0,HiGHS LP
0.75,2025-03-13,70875.94688611769,3415.0030668550476,2566.6662460959715,42972.082943237816,12521.892483483112,55493.97542672093,1,6000.0,6000.0,HiGHS LP
0.75,2025-03-14,31584.956136205303,545.7685290038767,13061.29868187584,16531.854896901998,2045.6271480851706,18577.48204498717,1,6000.0,6000.0,HiGHS LP
0.75,2025-03-15,30930.908458637234,1523.1548124279234,8489.938121065152,16021.724010655766,4709.939735578278,20731.663746234044,1,6000.0,6000.0,HiGHS LP
0.75,2025-03-16,70947.64127736728,1106.6876033085523,4525.070961816399,43040.260897066415,4459.548831917753,47499.80972898417,1,6000.0,6000.0,HiGHS LP
0.75,2025-03-17,70941.35792801253,154.4937428090368,9060.696112317877,42847.31332401218,836.5183317864523,43683.83165579863,1,6000.0,6000.0,HiGHS LP
0.75,2025-03-18,68122.82788640894,1198.6637567049556,4066.426378358691,40840.04149597569,5775.043002997478,46615.08449897317,1,6000.0,6000.0,HiGHS LP
0.75,2025-03-19,69347.61687270459,500.33341267357275,6233.05514136147,41708.377483280055,2409.599097384774,44117.97658066483,1,6000.0,6000.0,HiGHS LP
0.75,2025-03-20,67288.19188638455,1305.023478925163,2256.931699401629,40356.41393187172,5599.564067111205,45955.977998982926,1,6000.0,6000.0,HiGHS LP
0.75,2025-03-21,31101.346117655758,254.17726354207838,16282.05886453117,16181.97440400449,895.9624921674713,17077.93689617196,1,6000.0,6000.0,HiGHS LP
0.75,2025-03-22,30737.501105080133,422.69194227450123,12238.993314021298,15844.769874355443,1642.3323827010363,17487.10225705648,1,6000.0,6000.0,HiGHS LP
0.75,2025-03-23,68896.28648094763,464.3488587674443,6442.578392552221,41411.76149059247,1869.8720977910589,43281.63358838353,1,6000.0,6000.0,HiGHS LP
0.75,2025-03-24,67343.42459185212,428.6924898622508,5658.425668810644,40434.93213076587,1418.5167986496049,41853.44892941547,1,6000.0,6000.0,HiGHS LP
0.75,2025-03-25,68271.92717248487,977.4674341982515,4169.163036637559,41019.38246350514,4147.814064577277,45167.19652808242,1,6000.0,6000.0,HiGHS LP
0.75,2025-03-26,66830.54365950756,331.1103602458634,7451.529633908438,39965.26764542978,1266.49658006535,41231.764225495135,1,6000.0,6000.0,HiGHS LP
0.75,2025-03-27,66162.79298330909,855.2318645284574,4198.5957883217025,39563.921987157446,3213.3333618171446,42777.25534897459,1,6000.0,6000.0,HiGHS LP
0.75,2025-03-28,30175.546058549822,371.4688022069408,16685.1340940901,15437.705371638494,1414.5079973563884,16852.213368994882,1,6000.0,6000.0,HiGHS LP
0.75,2025-03-29,30930.844844796797,114.19605936566947,20297.831720829134,15897.241987530877,459.2071889362236,16356.4491764671,1,6000.0,6000.0,HiGHS LP
0.75,2025-03-30,63877.95879735322,573.6816713802427,5030.261446344771,38016.2915755196,2308.389937544649,40324.68151306425,1,6000.0,6000.0,HiGHS LP
0.75,2025-03-31,65312.53626097983,1154.0165277732758,5422.938847672272,39007.987972540766,4851.668316269791,43859.656288810555,1,6000.0,6000.0,HiGHS LP
0.75,2025-04-01,63609.26127477329,3044.710669203244,2354.949610740975,37829.045616751304,9184.662228855073,47013.707845606375,1,6000.0,6000.0,HiGHS LP
0.75,2025-04-02,63453.19432606523,3883.647698739197,2807.608650095018,37776.91729238058,15229.95896968566,53006.876262066246,1,6000.0,6000.0,HiGHS LP
0.75,2025-04-03,63909.70886556435,709.1915040923906,4664.260643941048,37981.62616374981,3225.900326329688,41207.5264900795,1,6000.0,6000.0,HiGHS LP
0.75,2025-04-04,28878.50956376935,334.63327778159135,19742.340591550936,14455.700648647657,1379.2500511966432,15834.9506998443,1,6000.0,6000.0,HiGHS LP
0.75,2025-04-05,28932.80120844706,1709.8715011176969,15558.557726231425,14494.671862649184,7148.753170441647,21643.425033090833,1,6000.0,6000.0,HiGHS LP
0.75,2025-04-06,60791.51308443634,1016.7791503027609,3409.929012871477,36122.903003395666,3790.6867993839796,39913.58980277964,1,6000.0,6000.0,HiGHS LP
0.75,2025-04-07,61805.822773237625,933.07364578917,5423.147495154329,36656.80169450435,2962.5845990646826,39619.386293569034,1,6000.0,6000.0,HiGHS LP
0.75,2025-04-08,62624.047112664426,834.4261516646972,5025.792919425161,37169.78246323472,3656.6829790014226,40826.46544223614,1,6000.0,6000.0,HiGHS LP
0.75,2025-04-09,63445.813915292005,2276.9240457984597,2504.917474125209,37782.52312581465,8105.7185353364985,45888.24166115115,1,6000.0,6000.0,HiGHS LP
0.75,2025-04-10,63156.1556154752,803.8429324967491,5402.992700811434,37517.095772846704,3492.0391321508987,41009.134904997605,1,6000.0,6000.0,HiGHS LP
0.75,2025-04-11,28542.762994859724,467.43554845118933,20653.54837664425,14217.021860816072,1868.1675271631038,16085.189387979175,1,6000.0,6000.0,HiGHS LP
0.75,2025-04-12,29060.079162986884,476.61239490171357,17471.53100788859,14571.477982049071,1724.5576042034336,16296.035586252505,1,6000.0,6000.0,HiGHS LP
0.75,2025-04-13,59831.76417197843,1284.2104031045687,2911.762525205115,35555.19300915763,5219.723413160329,40774.916422317954,1,6000.0,6000.0,HiGHS LP
0.75,2025-04-14,58806.938969714465,1094.2213977242263,3493.1253790015185,34880.26756735897,4027.6040874330256,38907.871654792,1,6000.0,6000.0,HiGHS LP
0.75,2025-04-15,58824.366146258675,1116.716635931782,5926.520764831728,34893.26521836912,5150.904057870507,40044.16927623963,1,6000.0,6000.0,HiGHS LP
0.75,2025-04-16,58723.766364205134,2417.464243989917,1539.932958109283,34928.844818882586,8213.594477955456,43142.43929683804,1,6000.0,6000.0,HiGHS LP
0.75,2025-04-17,60652.35997419171,444.00633575409483,4301.294059707738,36092.98658521327,1820.6323691268049,37913.618954340076,1,6000.0,6000.0,HiGHS LP
0.75,2025-04-18,27616.254030661246,379.7400791827265,18601.87692651064,13557.19139218281,1370.2853114153536,14927.476703598164,1,6000.0,6000.0,HiGHS LP
0.75,2025-04-19,28203.581011601018,213.41769272941974,18592.319454330434,13981.904894537722,605.7829183763394,14587.68781291406,1,6000.0,6000.0,HiGHS LP
0.75,2025-04-20,60282.675595912704,603.3760273584779,5062.7540571318095,35772.14678480466,2709.8782166361316,38482.025001440794,1,6000.0,6000.0,HiGHS LP
0.75,2025-04-21,61147.465952375,173.34111834215344,8869.186677619953,36197.12596055154,456.5612324809843,36653.68719303252,1,6000.0,6000.0,HiGHS LP
0.75,2025-04-22,57996.05284708604,1393.37369216768,3438.987946768737,34371.39001713832,4972.676560933149,39344.06657807147,1,6000.0,6000.0,HiGHS LP
0.75,2025-04-23,61807.638753767314,230.5967384006738,6700.3134924292635,36656.31941377637,630.0664849353029,37286.38589871168,1,6000.0,6000.0,HiGHS LP
0.75,2025-04-24,59575.7366615811,186.56364869896026,8860.46892799835,35293.02450216597,820.7210387837392,36113.74554094971,1,6000.0,6000.0,HiGHS LP
0.75,2025-04-25,27334.108991383884,204.42268451460203,22498.174025898486,13402.808046013231,799.8072583212921,14202.615304334524,1,6000.0,6000.0,HiGHS LP
0.75,2025-04-26,26790.915239939168,868.2462182062761,24548.9678248121,12968.457613688135,3835.0344569790304,16803.492070667166,1,6000.0,6000.0,HiGHS LP
0.75,2025-04-27,56294.978942741516,1334.662848663222,5327.49617911548,33158.56031895622,5745.331782260784,38903.892101217,1,6000.0,6000.0,HiGHS LP
0.75,2025-04-28,58070.34457208229,4616.809656996894,2261.7883899477797,34458.39864537398,17620.460514927017,52078.859160301,1,6000.0,6000.0,HiGHS LP
0.75,2025-04-29,59194.00512415681,322.56993975539183,8326.914248357154,35083.31071196153,1398.7220486286,36482.03276059013,1,6000.0,6000.0,HiGHS LP
0.75,2025-04-30,56197.329333092464,1167.109732518457,5380.334374293909,33173.598879256235,4076.486339522948,37250.08521877918,1,6000.0,6000.0,HiGHS LP
0.75,2025-05-01,57391.64229362353,2709.891986705001,5371.165363150372,34182.825939064554,12833.642606695157,47016.46854575971,1,6000.0,6000.0,HiGHS LP
0.75,2025-05-02,28456.60664529211,3815.4101846146636,14941.696746573443,14408.823649897058,15815.243246120433,30224.06689601749,1,6000.0,6000.0,HiGHS LP
0.75,2025-05-03,29588.333102263736,1062.608883126613,18743.770335390345,15300.957957790411,5103.38671711672,20404.34467490713,1,6000.0,6000.0,HiGHS LP
0.75,2025-05-04,59734.94272189219,1397.371851387788,5653.910682521586,36175.179787344474,4975.787454365687,41150.96724171016,1,6000.0,6000.0,HiGHS LP
0.75,2025-05-05,57964.70614451572,3791.513160196955,3085.664944094545,35156.12087633961,16981.912977053384,52138.033853393,1,6000.0,6000.0,HiGHS LP
0.75,2025-05-06,60258.80829191693,1931.3927044515453,5626.778804274036,36547.07494813665,8367.84925505482,44914.92420319147,1,6000.0,6000.0,HiGHS LP
0.75,2025-05-07,61478.562198954416,1308.974880824684,4084.048904760185,37344.655385040176,6059.8758743188355,43404.53125935901,1,6000.0,6000.0,HiGHS LP
0.75,2025-05-08,60487.0105393499,2096.110975264708,3025.738376877097,36768.07028788398,8061.292307229027,44829.36259511301,1,6000.0,6000.0,HiGHS LP
0.75,2025-05-09,29718.020582322282,327.3647779691182,18505.999510291396,15691.240499789375,1265.238890658879,16956.479390448254,1,6000.0,6000.0,HiGHS LP
0.75,2025-05-10,27975.369383026868,2161.534498451105,14975.858598144643,14186.711515632984,9206.51574062878,23393.227256261765,1,6000.0,6000.0,HiGHS LP
0.75,2025-05-11,62585.42398146954,1276.7624942521163,4714.478669484948,38156.4469811062,5315.434454917515,43471.881436023716,1,6000.0,6000.0,HiGHS LP
0.75,2025-05-12,63324.2568015005,858.3435337104042,8558.885697212523,38662.900673479206,2210.716212944725,40873.61688642393,1,6000.0,6000.0,HiGHS LP
0.75,2025-05-13,58300.07740549741,1456.0943946257537,3076.8190500126243,35194.982849776046,6641.334031398132,41836.31688117418,1,6000.0,6000.0,HiGHS LP
0.75,2025-05-14,59705.268065989614,1093.1636869391743,4158.951393667087,35934.74896454348,4234.311863803991,40169.06082834747,1,6000.0,6000.0,HiGHS LP
0.75,2025-05-15,60861.40469529061,920.3102735115681,5447.239799136429,36990.887997999416,3635.0204407144606,40625.90843871388,1,6000.0,6000.0,HiGHS LP
0.75,2025-05-16,29623.33028641643,253.36518704786607,24121.188940130964,15692.016735522124,734.0883609474188,16426.105096469542,1,6000.0,6000.0,HiGHS LP
0.75,2025-05-17,29551.425520754594,1553.6884534093156,17616.314890830574,15600.902528206652,6817.036516844957,22417.939045051608,1,6000.0,6000.0,HiGHS LP
0.75,2025-05-18,61582.92383174916,1281.4331114019355,5643.4633839117305,37498.63141555477,4279.702309212962,41778.333724767734,1,6000.0,6000.0,HiGHS LP
0.75,2025-05-19,60842.277045886935,385.8874921932103,10187.404722670193,36712.033120471264,2039.5826555964175,38751.61577606768,1,6000.0,6000.0,HiGHS LP
0.75,2025-05-20,60510.602688538536,1127.64488719578,3537.41706173688,36586.099070360324,4815.499503821773,41401.5985741821,1,6000.0,6000.0,HiGHS LP
0.75,2025-05-21,60002.25740087416,1404.5494637989289,6508.203224191868,36263.15298421035,5655.268817499244,41918.42180170959,1,6000.0,6000.0,HiGHS LP
0.75,2025-05-22,61090.394307981594,303.367768056244,7058.147676165947,37071.63401965081,1337.6688660539485,38409.30288570476,1,6000.0,6000.0,HiGHS LP
0.75,2025-05-23,28336.5556441065,486.34153013679577,19361.94829090996,14709.359976133966,1789.4704581338517,16498.830434267817,1,6000.0,6000.0,HiGHS LP
0.75,2025-05-24,28589.150815309564,293.63995852148724,22088.289390497717,14828.871575081714,1145.109623128367,15973.98119821008,1,6000.0,6000.0,HiGHS LP
0.75,2025-05-25,58930.92128419966,650.7330092071281,7540.949032146491,35527.1373177686,2914.141533872914,38441.27885164151,1,6000.0,6000.0,HiGHS LP
0.75,2025-05-26,58314.64996043077,2870.7839589679024,3163.6926823196936,35181.93003349492,11692.97470829677,46874.90474179169,1,6000.0,6000.0,HiGHS LP
0.75,2025-05-27,59856.965567702224,422.67877432472596,7311.3242706513975,36243.30358885226,1447.5197958396818,37690.82338469194,1,6000.0,6000.0,HiGHS LP
0.75,2025-05-28,60544.68245327017,1499.7112976682663,6242.452419356889,36583.81437998719,5597.065421212092,42180.879801199284,1,6000.0,6000.0,HiGHS LP
0.75,2025-05-29,60342.610364339824,1622.324570007294,4307.666869678763,36531.72942761847,6926.865150534291,43458.59457815276,1,6000.0,6000.0,HiGHS LP
0.75,2025-05-30,28383.621509244662,931.9780895023865,19679.366332080383,14790.460580332634,3485.183922813833,18275.64450314647,1,6000.0,6000.0,HiGHS LP
0.75,2025-05-31,28685.88839532512,799.1389399051568,18055.845785230278,14855.019388166545,2933.787613445877,17788.807001612422,1,6000.0,6000.0,HiGHS LP
0.75,2025-06-01,64654.25578281761,11172.360473394481,833.2923928972468,39231.446834198316,42469.88134609772,81701.32818029603,1,6000.0,6000.0,HiGHS LP
0.75,2025-06-02,70091.56040238278,5690.317784521581,3316.3017502340185,43931.34080775053,22450.84861261055,66382.18942036107,1,6000.0,6000.0,HiGHS LP
0.75,2025-06-03,73412.27864144147,1768.339287444593,2997.245949913633,45596.78345292453,7353.9370199758105,52950.72047290034,1,6000.0,6000.0,HiGHS LP
0.75,2025-06-04,76647.34778639628,1971.5548807251193,4829.105175298889,47681.572195566674,6110.730011946377,53792.30220751305,1,6000.0,6000.0,HiGHS LP
0.75,2025-06-05,77393.05119800835,1989.241213878693,4080.545865710169,48184.999555756454,7705.557630170464,55890.55718592692,1,6000.0,6000.0,HiGHS LP
0.75,2025-06-06,36700.08458202865,3524.379582349524,6329.4687643781635,21262.968841384252,14017.865673759668,35280.83451514392,1,6000.0,6000.0,HiGHS LP
0.75,2025-06-07,37018.97382408455,1099.0827705768597,3951.543427994739,21184.827000812347,4397.804892420073,25582.63189323242,1,6000.0,6000.0,HiGHS LP
0.75,2025-06-08,87736.70740198612,28.258410840468628,17962.605327053556,55352.67714509542,116.57786171013771,55469.25500680556,1,6000.0,6000.0,HiGHS LP
0.75,2025-06-09,79215.263353924,1575.4174900940488,5614.634777351374,49046.646657950565,6561.571505672422,55608.21816362299,1,6000.0,6000.0,HiGHS LP
0.75,2025-06-10,81020.41614821128,766.9860660337299,5848.48429398255,50265.59075236155,2815.9365273575268,53081.52727971908,1,6000.0,6000.0,HiGHS LP
0.75,2025-06-11,81265.14040703635,2298.0818265979137,3150.6291372243077,50479.14192223638,10094.334748919558,60573.476671155935,1,6000.0,6000.0,HiGHS LP
0.75,2025-06-12,85537.6326630978,398.8523272335873,8883.138905730553,53799.66601823014,1601.513704196331,55401.179722426474,1,6000.0,6000.0,HiGHS LP
0.75,2025-06-13,36173.03794220492,763.6752133997769,5551.399455604698,20752.406363610215,3290.0168483803263,24042.423211990543,1,6000.0,6000.0,HiGHS LP
0.75,2025-06-14,37942.987012006444,423.50767874381256,9361.950952099394,21564.9214660684,1381.6042744836532,22946.525740552053,1,6000.0,6000.0,HiGHS LP
0.75,2025-06-15,80394.62449107572,650.9467765745437,6131.19192393989,50028.476722257954,2385.8588395209144,52414.33556177887,1,6000.0,6000.0,HiGHS LP
0.75,2025-06-16,81465.48947679657,894.0323274296762,5264.903085195772,50576.180766746314,3466.254478969805,54042.43524571612,1,6000.0,6000.0,HiGHS LP
0.75,2025-06-17,82474.11331967484,1753.145733373205,5108.8711420449345,51260.273315149025,7447.139107659582,58707.41242280861,1,6000.0,6000.0,HiGHS LP
0.75,2025-06-18,83203.7347397772,492.454741977935,8279.45472584586,51811.64235090912,2136.240113553843,53947.882464462964,1,6000.0,6000.0,HiGHS LP
0.75,2025-06-19,81149.67274265151,596.5439013760717,9142.89583698258,50661.186272433464,2715.930884512342,53377.11715694581,1,6000.0,6000.0,HiGHS LP
0.75,2025-06-20,37192.121353461334,89.62891700397404,11991.275912163852,21340.951672474665,306.61292243006955,21647.564594904736,1,6000.0,6000.0,HiGHS LP
0.75,2025-06-21,36468.22713258906,248.64263943456803,14342.12937202363,20872.41356991876,1021.7891200450722,21894.202689963833,1,6000.0,6000.0,HiGHS LP
0.75,2025-06-22,79325.16096132732,595.9893189150987,8147.100457539378,48968.98577376854,2400.7341415920055,51369.71991536055,1,6000.0,6000.0,HiGHS LP
0.75,2025-06-23,80773.47540001375,265.7121948424533,9638.330144395473,50204.18413465803,1117.800107294283,51321.98424195232,1,6000.0,6000.0,HiGHS LP
0.75,2025-06-24,75998.65607296105,5689.090956263251,1151.3026797150242,46609.04439334353,22575.960657883545,69185.00505122708,1,6000.0,6000.0,HiGHS LP
0.75,2025-06-25,84207.81685446302,600.6311003029178,9763.013901955313,52610.02090434551,1922.8427150679038,54532.863619413416,1,6000.0,6000.0,HiGHS LP
0.75,2025-06-26,81345.07741934739,548.0879745955095,9915.862547800303,50516.74370252778,2514.7003878608793,53031.444090388664,1,6000.0,6000.0,HiGHS LP
0.75,2025-06-27,35698.83182187212,117.95110972269453,13005.137064928153,20288.915629325704,492.8612274601704,20781.776856785873,1,6000.0,6000.0,HiGHS LP
0.75,2025-06-28,35970.336657466716,233.49011271030514,11386.90065351035,20448.959382184552,612.1336860218995,21061.09306820645,1,6000.0,6000.0,HiGHS LP
0.75,2025-06-29,82030.45081653341,473.65733368317524,8786.003078131469,51048.70860276532,1539.373353225092,52588.08195599041,1,6000.0,6000.0,HiGHS LP
0.75,2025-06-30,81683.683564409,824.410887113095,8125.018518689776,50757.541225648885,2972.8769575131573,53730.418183162044,1,6000.0,6000.0,HiGHS LP
0.75,2025-07-01,86983.5403384572,4818.462026798854,8275.309336846389,54690.90109132272,16175.88597266328,70866.787063986,1,6000.0,6000.0,HiGHS LP
0.75,2025-07-02,90672.36170113491,1493.2806683644626,14688.857991687284,57806.201801251205,3680.014488859446,61486.21629011065,1,6000.0,6000.0,HiGHS LP
0.75,2025-07-03,89476.25191674798,1600.2463458556858,6889.834870130959,57091.023584535564,5133.464779960712,62224.488364496276,1,6000.0,6000.0,HiGHS LP
0.75,2025-07-04,43326.68470511369,1120.7425693175874,12526.559807764606,26029.269209148224,3266.562661340157,29295.831870488382,1,6000.0,6000.0,HiGHS LP
0.75,2025-07-05,45075.76284144735,465.605903501402,13711.28877828208,27030.350008669575,1195.3909563559564,28225.740965025532,1,6000.0,6000.0,HiGHS LP
0.75,2025-07-06,86769.96833279997,1645.2666708803476,4303.474577586776,54718.29788658895,6768.723087385987,61487.02097397494,1,6000.0,6000.0,HiGHS LP
0.75,2025-07-07,89635.59576632718,365.8386689747915,12206.871658356153,56633.33360207909,875.8725045839745,57509.20610666306,1,6000.0,6000.0,HiGHS LP
0.75,2025-07-08,91186.04154607016,235.92898205471056,11535.051906934503,57618.779891836006,920.032649059897,58538.8125408959,1,6000.0,6000.0,HiGHS LP
0.75,2025-07-09,85263.14791556851,457.6648673792315,7360.500588924184,53523.33518757099,2023.7451786690085,55547.08036624,1,6000.0,6000.0,HiGHS LP
0.75,2025-07-10,84499.54537253822,565.1052656025838,7899.293930645332,53075.70133902917,2118.811241610595,55194.51258063976,1,6000.0,6000.0,HiGHS LP
0.75,2025-07-11,43861.0252273832,1394.8571376294049,9697.105215012602,25952.62030361698,4525.476504302742,30478.09680791972,1,6000.0,6000.0,HiGHS LP
0.75,2025-07-12,44411.1932904532,577.3177576308301,10864.267714750695,26220.903259604132,1747.3848147052158,27968.28807430935,1,6000.0,6000.0,HiGHS LP
0.75,2025-07-13,81663.36852910777,638.5620787162818,8865.190705354305,51040.767481341645,2826.709597513877,53867.477078855525,1,6000.0,6000.0,HiGHS LP
0.75,2025-07-14,76459.81935815257,2074.3811623784427,2813.468077215153,48010.314665470534,8832.338576838443,56842.65324230898,1,6000.0,6000.0,HiGHS LP
0.75,2025-07-15,80298.70530103278,2289.04909718955,5782.136501201101,50422.18304711803,7264.417845304765,57686.60089242279,1,6000.0,6000.0,HiGHS LP
0.75,2025-07-16,80147.69302436126,2016.4356656504015,5887.464632074654,50210.33395110202,7183.330028816207,57393.66397991822,1,6000.0,6000.0,HiGHS LP
0.75,2025-07-17,79788.00063452934,1502.990581444843,4497.510914418691,50012.9019837282,6542.3272766322825,56555.22926036049,1,6000.0,6000.0,HiGHS LP
0.75,2025-07-18,42474.33636118687,1708.265285791218,9868.353546978096,24899.89180318063,6045.289508113487,30945.181311294116,1,6000.0,6000.0,HiGHS LP
0.75,2025-07-19,42553.276004024665,981.8939629964783,13312.350917021147,24976.359157592535,3667.249854322793,28643.609011915327,1,6000.0,6000.0,HiGHS LP
0.75,2025-07-20,79946.45366719906,1087.6982422858282,4932.883522317855,50243.424801514266,3775.9672589109714,54019.392060425234,1,6000.0,6000.0,HiGHS LP
0.75,2025-07-21,78206.44481975789,2765.167967203554,3008.569078435842,49027.10252945728,10260.20979065736,59287.312320114645,1,6000.0,6000.0,HiGHS LP
0.75,2025-07-22,82217.24498873492,1274.0920633533374,5536.450278753086,51378.21296288957,5168.933379338257,56547.146342227825,1,6000.0,6000.0,HiGHS LP
0.75,2025-07-23,82378.72361116426,1161.1725155585277,5179.910976548514,51612.426211390455,4837.333555398345,56449.759766788804,1,6000.0,6000.0,HiGHS LP
0.75,2025-07-24,81036.61263075186,2151.837779312834,5461.08468545553,50709.336222942744,8823.30870027527,59532.64492321802,1,6000.0,6000.0,HiGHS LP
0.75,2025-07-25,43995.56267982749,196.3837705937887,14646.62688375462,26049.97339329891,973.9466166505856,27023.920009949496,1,6000.0,6000.0,HiGHS LP
0.75,2025-07-26,44135.44131873878,568.4337340020219,13194.783486074146,26008.778357792384,1789.1870079920463,27797.965365784432,1,6000.0,6000.0,HiGHS LP
0.75,2025-07-27,82243.0540303635,1208.4773982822019,5635.089655600175,51462.012365856834,5379.360551487325,56841.37291734416,1,6000.0,6000.0,HiGHS LP
0.75,2025-07-28,82960.85337970298,2572.450706060681,3391.3350257997704,51969.76214115556,9857.934616639546,61827.69675779511,1,6000.0,6000.0,HiGHS LP
0.75,2025-07-29,83072.2193422656,1980.1909738564905,4759.15659840443,51915.18602726121,7377.363252936555,59292.54928019777,1,6000.0,6000.0,HiGHS LP
0.75,2025-07-30,82950.36810478846,1073.3175262579853,5719.503744670685,51811.317483539286,4929.312524078351,56740.630007617634,1,6000.0,6000.0,HiGHS LP
0.75,2025-07-31,81100.64568022822,1385.2717999491374,3633.0016066966273,50685.01560973527,6173.389922596106,56858.40553233137,1,6000.0,6000.0,HiGHS LP
0.75,2025-08-01,42495.29358980375,494.2759972791332,18698.209920416215,25003.933354178298,1782.5522313006932,26786.485585478993,1,6000.0,6000.0,HiGHS LP
0.75,2025-08-02,40738.387847310354,489.0453656151814,17260.408279592193,23654.94479843183,2237.1174869579604,25892.062285389788,1,6000.0,6000.0,HiGHS LP
0.75,2025-08-03,77187.02120688115,507.62558451467686,10946.079801937984,48596.885297841596,2067.8329908244896,50664.71828866609,1,6000.0,6000.0,HiGHS LP
0.75,2025-08-04,76062.87053281453,246.90448473687488,7058.986100107268,48056.04511575569,873.7457450373472,48929.79086079304,1,6000.0,6000.0,HiGHS LP
0.75,2025-08-05,75259.69875204156,380.89654508763715,6677.290653108672,47615.438690315714,1526.653934386581,49142.092624702294,1,6000.0,6000.0,HiGHS LP
0.75,2025-08-06,72436.58918323973,3186.295468366754,3721.25340723734,45828.58465180063,13427.904349491857,59256.48900129249,1,6000.0,6000.0,HiGHS LP
0.75,2025-08-07,79000.39336952877,175.09373721572337,11811.505979947833,49915.80171440673,481.9471246812552,50397.74883908798,1,6000.0,6000.0,HiGHS LP
0.75,2025-08-08,40828.66803598392,386.5731020615606,22400.069888045477,23830.938885431973,1543.1603433466094,25374.09922877858,1,6000.0,6000.0,HiGHS LP
0.75,2025-08-09,39959.65136812847,1482.1975185039182,19479.91988663239,23142.42983848591,5707.225168607962,28849.655007093872,1,6000.0,6000.0,HiGHS LP
0.75,2025-08-10,71077.54824097638,2021.903243566981,4008.5280753229445,45040.6198986715,7270.856796552358,52311.47669522386,1,6000.0,6000.0,HiGHS LP
0.75,2025-08-11,74853.53380721272,750.6097572932825,7273.0847248975215,47371.7451008334,3168.8071707008853,50540.55227153429,1,6000.0,6000.0,HiGHS LP
0.75,2025-08-12,73105.31346236162,2234.546731215824,3789.361803008703,46302.63464671557,9382.829712800529,55685.464359516096,1,6000.0,6000.0,HiGHS LP
0.75,2025-08-13,73458.4829091041,1434.0627561316528,5006.990364972235,46250.71014274245,5956.707998735855,52207.4181414783,1,6000.0,6000.0,HiGHS LP
0.75,2025-08-14,71949.41147404231,1762.9979459548558,4015.383276663429,45584.87472232358,7728.026638029189,53312.901360352764,1,6000.0,6000.0,HiGHS LP
0.75,2025-08-15,41405.37262476358,389.0747494361891,21594.720490866443,24295.406732899344,1252.1741485884627,25547.580881487807,1,6000.0,6000.0,HiGHS LP
0.75,2025-08-16,42355.93037600536,245.63037305540016,22632.280382394092,24902.434381436717,1223.3088004840754,26125.743181920792,1,6000.0,6000.0,HiGHS LP
0.75,2025-08-17,69765.56353796985,1676.8636994857939,4527.937399976925,44167.43766714835,7280.285124423401,51447.72279157175,1,6000.0,6000.0,HiGHS LP
0.75,2025-08-18,72163.38864002799,1332.593072243811,5244.622308446332,45882.4892450472,6413.530418224023,52296.019663271225,1,6000.0,6000.0,HiGHS LP
0.75,2025-08-19,69909.00579153831,1463.5404111956468,3240.4898312161654,44366.798917635206,6105.511539789683,50472.31045742489,1,6000.0,6000.0,HiGHS LP
0.75,2025-08-20,72215.3371850715,5064.158549313717,2752.7017396886627,45854.928500262286,20810.813146631383,66665.74164689367,1,6000.0,6000.0,HiGHS LP
0.75,2025-08-21,74702.69216978207,1152.8729216098081,6139.242021971375,47264.363837898825,4692.314916793897,51956.67875469272,1,6000.0,6000.0,HiGHS LP
0.75,2025-08-22,42150.41854058791,1535.4147295356806,19415.26387012359,24777.533363550323,6267.522912081453,31045.056275631774,1,6000.0,6000.0,HiGHS LP
0.75,2025-08-23,41264.69055571219,697.2181336672637,16391.90253937945,24125.58094696278,2767.0425974009568,26892.623544363734,1,6000.0,6000.0,HiGHS LP
0.75,2025-08-24,71769.14529198047,1879.5918335386446,6199.911622712425,45290.084305221404,8274.887054821957,53564.97136004336,1,6000.0,6000.0,HiGHS LP
0.75,2025-08-25,71955.52581469958,4999.4565386829745,2378.6618757631895,45657.88968644822,19670.094177476472,65327.983863924695,1,6000.0,6000.0,HiGHS LP
0.75,2025-08-26,73381.42164279084,1283.841795832886,5317.0734145192555,46182.133243572636,5476.357186924488,51658.49043049713,1,6000.0,6000.0,HiGHS LP
0.75,2025-08-27,71303.58550193065,2938.334601927001,2549.5954352835547,45102.13639702798,13158.622495580781,58260.75889260876,1,6000.0,6000.0,HiGHS LP
0.75,2025-08-28,74289.92816031535,3771.3005245513277,3399.7528638620743,46868.82165124329,14956.065789144937,61824.88744038823,1,6000.0,6000.0,HiGHS LP
0.75,2025-08-29,39693.03627298338,1766.1217756098706,15863.937698593247,23131.285950429803,7237.946290142003,30369.232240571808,1,6000.0,6000.0,HiGHS LP
0.75,2025-08-30,40536.98016988848,1299.3471228012806,20283.607459356426,23763.258362688393,4689.252858094051,28452.511220782442,1,6000.0,6000.0,HiGHS LP
0.75,2025-08-31,74120.15851370673,1261.8313971265484,4887.41893718257,47032.75292304847,4909.06483731121,51941.817760359685,1,6000.0,6000.0,HiGHS LP
0.75,2025-09-01,69361.70920080716,685.3998057547759,12653.035871986905,43861.04841451267,2395.753553362917,46256.80196787559,1,6000.0,6000.0,HiGHS LP
0.75,2025-09-02,57122.47559438732,3496.430906810875,2961.352087942986,35798.65798512506,15244.423577051974,51043.08156217703,1,6000.0,6000.0,HiGHS LP
0.75,2025-09-03,59901.472373425015,2346.8295544713524,2910.9948170428174,37420.04835658874,8837.612758800682,46257.66111538942,1,6000.0,6000.0,HiGHS LP
0.75,2025-09-04,60395.51830572619,1941.6779751344395,4619.358156910874,37522.812381306736,8489.787528443441,46012.59990975018,1,6000.0,6000.0,HiGHS LP
0.75,2025-09-05,34090.99279121835,231.6258013115688,24458.35692586325,19061.44427652406,805.9685885842791,19867.412865108337,1,6000.0,6000.0,HiGHS LP
0.75,2025-09-06,35372.09999037739,116.43618251563214,24727.452472893034,19974.80546170449,404.3032885628577,20379.108750267347,1,6000.0,6000.0,HiGHS LP
0.75,2025-09-07,60617.90509461947,1695.7961171583727,3474.701633359615,37621.311115900804,6505.057341592426,44126.36845749323,1,6000.0,6000.0,HiGHS LP
0.75,2025-09-08,52184.47859980662,11169.932229124708,182.91312311379878,31944.49640328356,43807.15155446937,75751.64795775292,1,6000.0,6000.0,HiGHS LP
0.75,2025-09-09,63881.86663602003,871.7127873810336,7812.402023003856,39507.343960293554,3647.9367548645464,43155.2807151581,1,6000.0,6000.0,HiGHS LP
0.75,2025-09-10,62734.63932258774,4388.543524079178,1921.2005479719187,38924.936083514636,19068.456486722265,57993.3925702369,1,6000.0,6000.0,HiGHS LP
0.75,2025-09-11,64876.62432223847,930.256546253176,8270.573141121928,39898.442581276904,3930.926063806864,43829.36864508377,1,6000.0,6000.0,HiGHS LP
0.75,2025-09-12,32801.77831374605,657.5500240622509,18867.672137808302,18098.21390540428,2189.783900309942,20287.99780571422,1,6000.0,6000.0,HiGHS LP
0.75,2025-09-13,32819.39599996184,509.95149667091994,22282.24601329943,18083.67921511631,1849.129555003112,19932.808770119424,1,6000.0,6000.0,HiGHS LP
0.75,2025-09-14,63546.61299235536,2870.9291767622617,2225.6926283137027,39338.44819536607,10437.939983025835,49776.388178391906,1,6000.0,6000.0,HiGHS LP
0.75,2025-09-15,68083.24894399382,327.60827381754865,9193.667265771937,42247.539861223326,1250.7472879328639,43498.28714915619,1,6000.0,6000.0,HiGHS LP
0.75,2025-09-16,65820.86088146268,1944.1733596667766,4147.479737633244,40876.473612283175,5675.8364411117855,46552.31005339496,1,6000.0,6000.0,HiGHS LP
0.75,2025-09-17,70656.84901390207,685.9115793078355,7209.028050377632,44192.72995733161,2899.649287708467,47092.37924504008,1,6000.0,6000.0,HiGHS LP
0.75,2025-09-18,68152.80404353018,616.9516330826557,5682.676688233898,42474.82560634213,2702.8232230495482,45177.64882939168,1,6000.0,6000.0,HiGHS LP
0.75,2025-09-19,34227.27167736869,519.927951517577,15605.847312219601,19073.636446061228,1399.716697846458,20473.353143907687,1,6000.0,6000.0,HiGHS LP
0.75,2025-09-20,35290.459156883066,290.7490134931859,16895.774437042914,19802.282296164733,996.7690793123364,20799.05137547707,1,6000.0,6000.0,HiGHS LP
0.75,2025-09-21,69099.49556823427,737.9329404510238,7424.30137129076,43099.150916613275,2241.616055234136,45340.76697184741,1,6000.0,6000.0,HiGHS LP
0.75,2025-09-22,67314.38166105305,1147.0266279679784,3747.937398402395,41912.4929944595,3756.148458179287,45668.64145263879,1,6000.0,6000.0,HiGHS LP
0.75,2025-09-23,68553.16296405465,1367.0919497649988,3702.7629425195328,42719.972890306395,6065.170021884336,48785.14291219073,1,6000.0,6000.0,HiGHS LP
0.75,2025-09-24,67304.58526286136,1274.055978404522,3409.9969111278215,41854.241693745,3687.76002854318,45542.00172228819,1,6000.0,6000.0,HiGHS LP
0.75,2025-09-25,69643.19606012867,632.2661907367253,5828.733828649594,43529.34360288347,2290.968859815024,45820.31246269849,1,6000.0,6000.0,HiGHS LP
0.75,2025-09-26,36385.43143431094,72.29910100247594,15723.487035313421,20560.10608985732,179.85792673386348,20739.964016591184,1,6000.0,6000.0,HiGHS LP
0.75,2025-09-27,35173.926415658556,1543.1740278803954,15875.798193538947,19615.962754723576,5755.9454693459575,25371.908224069535,1,6000.0,6000.0,HiGHS LP
0.75,2025-09-28,71175.90344383768,838.4351064465988,4393.977815218574,44423.81417027426,3377.084045203331,47800.89821547759,1,6000.0,6000.0,HiGHS LP
0.75,2025-09-29,72059.51740703537,365.7184463155702,5522.911474542981,45060.37173251569,1411.4264433832072,46471.7981758989,1,6000.0,6000.0,HiGHS LP
0.75,2025-09-30,73467.04860775602,757.8179764246577,4652.30131046551,46046.95782639395,3510.6068258202695,49557.56465221422,1,6000.0,6000.0,HiGHS LP
0.75,2025-10-01,72721.58474918321,41.235676274138655,18943.45885379621,45460.861312055335,121.5471084769789,45582.408420532316,1,6000.0,6000.0,HiGHS LP
0.75,2025-10-02,70098.86828569992,289.7395001417116,14542.0411978216,43458.22869142399,699.7199981232127,44157.9486895472,1,6000.0,6000.0,HiGHS LP
0.75,2025-10-03,32668.815721345087,213.3145648532868,22024.976586198376,17707.25473297113,483.9796376814728,18191.234370652604,1,6000.0,6000.0,HiGHS LP
0.75,2025-10-04,33084.33595346396,305.62877840147326,17253.9822985321,17916.09307237582,992.8121549394428,18908.905227315263,1,6000.0,6000.0,HiGHS LP
0.75,2025-10-05,69162.50434688893,240.917460457424,10557.426787578586,42774.041688062294,520.7016975610552,43294.74338562335,1,6000.0,6000.0,HiGHS LP
0.75,2025-10-06,69633.27768280078,24.027860542371513,7816.975036499776,43067.33189655107,58.84782346805193,43126.17972001912,1,6000.0,6000.0,HiGHS LP
0.75,2025-10-07,68749.63753938845,93.30652720750709,6968.544995451465,42430.89429086579,201.15441354457676,42632.04870441037,1,6000.0,6000.0,HiGHS LP
0.75,2025-10-08,69090.233144382,88.61723423570993,8594.348933366331,42115.66763599859,289.26316855184183,42404.93080455043,1,6000.0,6000.0,HiGHS LP
0.75,2025-10-09,66923.34523005533,219.03531816129896,7300.408638262135,40701.546081323366,1007.4419949691139,41708.98807629248,1,6000.0,6000.0,HiGHS LP
0.75,2025-10-10,33202.75274202563,132.70929587872482,20941.71605065892,17459.10716646279,441.91752202268725,17901.024688485475,1,6000.0,6000.0,HiGHS LP
0.75,2025-10-11,33753.666893543195,58.27219075862263,16638.632591344358,17653.663962655228,332.331506115876,17985.995468771103,1,6000.0,6000.0,HiGHS LP
0.75,2025-10-12,66277.22484884033,720.5498233652074,4404.1865575580305,40393.86251895271,2918.090786663347,43311.95330561606,1,6000.0,6000.0,HiGHS LP
0.75,2025-10-13,65989.04966255918,372.01733068462573,5257.954622353426,40272.46775516603,1584.280675980694,41856.74843114672,1,6000.0,6000.0,HiGHS LP
0.75,2025-10-14,65715.2791134846,1267.4298324935967,2133.9585077875117,40088.512203525606,5314.5086657095335,45403.02086923514,1,6000.0,6000.0,HiGHS LP
0.75,2025-10-15,66580.39504727948,1676.5541794790558,2259.26907864205,40730.033095442035,6722.432514863339,47452.46561030537,1,6000.0,6000.0,HiGHS LP
0.75,2025-10-16,67209.5183196128,2311.022486160226,2469.893531758975,41184.65746557161,9854.210490097392,51038.867955669004,1,6000.0,6000.0,HiGHS LP
0.75,2025-10-17,33803.57601026156,491.5105042738093,15130.000552777754,17725.634693416454,2195.4749396311922,19921.109633047647,1,6000.0,6000.0,HiGHS LP
0.75,2025-10-18,33399.92146917279,781.8792805734308,14976.176921195074,17504.117406375575,3069.6710524151376,20573.788458790714,1,6000.0,6000.0,HiGHS LP
0.75,2025-10-19,68398.21723880662,2194.8310247389945,2592.3301124728823,41806.15393887887,9701.671272429858,51507.82521130873,1,6000.0,6000.0,HiGHS LP
0.75,2025-10-20,69227.81789894958,1778.5555363399628,2422.7509634667585,42488.736207554946,8119.3013519171545,50608.0375594721,1,6000.0,6000.0,HiGHS LP
0.75,2025-10-21,69739.12619821008,2681.829269275812,1802.7853812799385,42815.1760026158,10043.672042268225,52858.84804488403,1,6000.0,6000.0,HiGHS LP
0.75,2025-10-22,70142.63879186238,2186.374366341651,2596.884876837149,42875.634819037856,10086.515829814136,52962.150648851995,1,6000.0,6000.0,HiGHS LP
0.75,2025-10-23,71891.89106147317,332.8019242756609,4599.482682411924,44181.66712073743,1317.2991667979727,45498.966287535404,1,6000.0,6000.0,HiGHS LP
0.75,2025-10-24,33257.2065786739,735.4000247771605,12366.84932995804,17271.402877021297,3122.1793978116943,20393.582274832992,1,6000.0,6000.0,HiGHS LP
0.75,2025-10-25,33952.43494033246,393.85750247702697,11732.210223364393,17834.80802916704,1375.6188162739745,19210.426845441016,1,6000.0,6000.0,HiGHS LP
0.75,2025-10-26,72576.9594484549,386.0013433399106,4116.500988968095,44702.96388522821,1381.179374410191,46084.1432596384,1,6000.0,6000.0,HiGHS LP
0.75,2025-10-27,71923.61206796796,1154.467294259139,5217.759294941119,44102.42207302016,4586.1017980451215,48688.523871065285,1,6000.0,6000.0,HiGHS LP
0.75,2025-10-28,72363.33785277623,756.1894940913511,2824.872322540343,44517.08373923386,3005.663277145888,47522.74701637975,1,6000.0,6000.0,HiGHS LP
0.75,2025-10-29,73503.44165139717,2299.6790978442605,2088.931511032044,45307.12490481106,8759.721318157293,54066.84622296836,1,6000.0,6000.0,HiGHS LP
0.75,2025-10-30,74517.5604287882,346.3342111457023,5641.839738137962,46093.12548978709,1484.8615516622501,47577.98704144934,1,6000.0,6000.0,HiGHS LP
0.75,2025-10-31,35264.156901447626,867.3822008098844,8880.986376236538,18728.483546051062,2662.6427219578936,21391.126268008957,1,6000.0,6000.0,HiGHS LP
0.75,2025-11-01,35615.063190491855,150.30328625868196,9850.630337301012,18931.394973773877,387.1275165818356,19318.522490355714,1,6000.0,6000.0,HiGHS LP
0.75,2025-11-02,75259.9467983157,757.0571248330741,2751.343096614286,46424.00466159643,3384.397634004895,49808.40229560133,1,6000.0,6000.0,HiGHS LP
0.75,2025-11-03,75969.18739610397,1278.6239956903348,3261.6884759207715,47063.24969236071,3812.358707030724,50875.608399391436,1,6000.0,6000.0,HiGHS LP
0.75,2025-11-04,77814.54202240938,367.74611538676334,6160.606742203805,48349.641189626534,1450.2222323740114,49799.86342200055,1,6000.0,6000.0,HiGHS LP
0.75,2025-11-05,78380.79832444878,255.2534067398526,4514.880556035867,48890.75803805511,799.6584250256315,49690.41646308074,1,6000.0,6000.0,HiGHS LP
0.75,2025-11-06,75711.11704162243,2264.076621891313,2141.4734961973063,46742.738483439476,9670.267389731529,56413.005873171,1,6000.0,6000.0,HiGHS LP
0.75,2025-11-07,35123.49204401359,615.1256725015935,9031.755618935986,18576.0140543873,2638.2722990881466,21214.286353475443,1,6000.0,6000.0,HiGHS LP
0.75,2025-11-08,36142.650234895664,118.37072975217143,9045.176584930956,19229.802019240757,374.1690920324152,19603.97111127317,1,6000.0,6000.0,HiGHS LP
0.75,2025-11-09,77989.21957325003,785.2896735365122,3004.8080732904336,48453.88087172871,3114.2124511274124,51568.09332285612,1,6000.0,6000.0,HiGHS LP
0.75,2025-11-10,79689.00338050144,949.6793006893668,2361.381591509241,49788.382308798726,3400.2583014161073,53188.64061021483,1,6000.0,6000.0,HiGHS LP
0.75,2025-11-11,79539.04038239739,364.18624782856125,3921.4766997570414,49605.10287201885,1330.6789651042436,50935.78183712309,1,6000.0,6000.0,HiGHS LP
0.75,2025-11-12,80944.1811648251,126.37507192657313,5679.705685001248,50744.11345336438,464.46033904118826,51208.573792405565,1,6000.0,6000.0,HiGHS LP
0.75,2025-11-13,80331.33339083515,568.2076317077097,4078.868028358294,50366.98351174457,1929.6003174106513,52296.58382915522,1,6000.0,6000.0,HiGHS LP
0.75,2025-11-14,36306.746359697434,261.63109596326206,5495.071568658624,19349.45163904337,780.7021727669551,20130.153811810327,1,6000.0,6000.0,HiGHS LP
0.75,2025-11-15,36779.683435932006,232.06594435308585,5289.6062588242,19597.680626049103,870.2095376633147,20467.890163712418,1,6000.0,6000.0,HiGHS LP
0.75,2025-11-16,81085.09215680415,980.2751671194474,3182.5320671814106,50757.24137761659,3873.2133131277315,54630.45469074432,1,6000.0,6000.0,HiGHS LP
0.75,2025-11-17,83487.39934196405,173.85775307943607,6432.343534529002,52629.3798427566,401.68772274872606,53031.06756550533,1,6000.0,6000.0,HiGHS LP
0.75,2025-11-18,80006.93310349395,1452.6899945828236,2138.8838672951338,49878.49864494409,5337.036869715517,55215.53551465961,1,6000.0,6000.0,HiGHS LP
0.75,2025-11-19,81863.91440186948,639.0375784975959,2670.6599848338747,51303.93923621352,2392.448096824881,53696.3873330384,1,6000.0,6000.0,HiGHS LP
0.75,2025-11-20,82935.32971464531,477.2264027696524,4133.223008821422,52247.28969008555,1872.9093059987376,54120.198996084284,1,6000.0,6000.0,HiGHS LP
0.75,2025-11-21,37466.309298473076,327.8254993512383,5356.411466304156,19976.20978047693,858.620701682442,20834.83048215937,1,6000.0,6000.0,HiGHS LP
0.75,2025-11-22,36726.501968948774,521.5003016698945,3488.4260272343445,19476.31794513816,1855.2098209637534,21331.527766101914,1,6000.0,6000.0,HiGHS LP
0.75,2025-11-23,83281.84788930102,910.898003135284,4452.147856982821,52344.104518207336,3854.7836012193497,56198.88811942669,1,6000.0,6000.0,HiGHS LP
0.75,2025-11-24,83921.54801515627,400.75168497986914,5584.678111497794,52862.96761406789,1347.4505273020736,54210.41814136997,1,6000.0,6000.0,HiGHS LP
0.75,2025-11-25,84896.70136997031,275.63875629877043,4370.025516783885,53545.728363463946,942.3931907877549,54488.1215542517,1,6000.0,6000.0,HiGHS LP
0.75,2025-11-26,83800.44125525632,561.1032119320167,3028.3695324623227,52699.18624790195,2237.221226523691,54936.407474425636,1,6000.0,6000.0,HiGHS LP
0.75,2025-11-27,85284.93906105537,309.6587849034414,5168.385645616068,53892.525344614696,1259.4765018845746,55152.00184649927,1,6000.0,6000.0,HiGHS LP
0.75,2025-11-28,37387.51843683439,586.4437380730894,3471.743429463762,19843.590031865497,2440.0850988317306,22283.67513069723,1,6000.0,6000.0,HiGHS LP
0.75,2025-11-29,39449.93510581573,2036.568195486578,2889.9878847607497,21053.80111262513,6753.437656778602,27807.23876940373,1,6000.0,6000.0,HiGHS LP
0.75,2025-11-30,87668.6927671565,292.05485063677156,2997.5861677932853,55544.18531663366,1040.317579534644,56584.502896168306,1,6000.0,6000.0,HiGHS LP
0.75,2025-12-01,86734.63169565576,5337.336897631032,1083.5503130081688,54842.4423933541,19712.5349252546,74554.9773186087,1,6000.0,6000.0,HiGHS LP
0.75,2025-12-02,91878.03198045795,3413.632958376397,1899.2218720656022,59029.09857739852,11889.056767194836,70918.15534459335,1,6000.0,6000.0,HiGHS LP
0.75,2025-12-03,92520.02988567739,1924.8588388761264,2559.579092591105,58839.89178293426,6554.268117121246,65394.15990005551,1,6000.0,6000.0,HiGHS LP
0.75,2025-12-04,94214.55288857505,864.6910757185481,3547.572192018843,60218.36987584767,3341.8282485662503,63560.19812441392,1,6000.0,6000.0,HiGHS LP
0.75,2025-12-05,48532.579088730534,901.8321675451378,4060.8385546656696,25353.827453576912,3668.092181505535,29021.919635082446,1,6000.0,6000.0,HiGHS LP
0.75,2025-12-06,50403.82492827689,840.5049874259333,3509.1946942765367,26503.044645656468,2714.840422254397,29217.885067910865,1,6000.0,6000.0,HiGHS LP
0.75,2025-12-07,96443.35506279061,623.7051007630552,4615.005959465631,61799.75263124747,2406.102046534548,64205.85467778202,1,6000.0,6000.0,HiGHS LP
0.75,2025-12-08,93656.59165982876,2248.226339605987,3319.6500284582917,58956.59000461856,10084.742551622174,69041.33255624074,1,6000.0,6000.0,HiGHS LP
0.75,2025-12-09,97531.3592383097,442.812750292125,5759.403440159293,62417.65225710224,2118.2351321851174,64535.88738928736,1,6000.0,6000.0,HiGHS LP
0.75,2025-12-10,95302.0296347166,952.8933930415521,3068.5902016911177,60807.85766534004,3657.956271585218,64465.81393692525,1,6000.0,6000.0,HiGHS LP
0.75,2025-12-11,98371.824212887,153.31451588616596,7709.587437498305,63280.56923328005,518.6753371403063,63799.24457042036,1,6000.0,6000.0,HiGHS LP
0.75,2025-12-12,48692.361246147295,1434.5808042865367,2370.429840107623,25390.66289627555,4718.533985736831,30109.19688201238,1,6000.0,6000.0,HiGHS LP
0.75,2025-12-13,53693.45279246839,129.2299183373893,5923.77886880035,28417.53882243685,584.4683780022672,29002.00720043912,1,6000.0,6000.0,HiGHS LP
0.75,2025-12-14,97840.12257778576,298.6260679326154,4512.926053080806,62743.816200443616,1204.1883982908064,63948.00459873442,1,6000.0,6000.0,HiGHS LP
0.75,2025-12-15,98317.12506879074,456.166557546704,4448.3767756956895,63110.23135035085,1588.4802748859095,64698.711625236756,1,6000.0,6000.0,HiGHS LP
0.75,2025-12-16,97522.93617090388,348.9821398899892,3613.64346355299,62442.18920701368,1340.0110746134117,63782.20028162709,1,6000.0,6000.0,HiGHS LP
0.75,2025-12-17,99239.14245413041,208.55315141790095,6398.696621595362,63735.65598894161,771.9695789960933,64507.62556793771,1,6000.0,6000.0,HiGHS LP
0.75,2025-12-18,96962.90315229,594.6538896392362,5356.235406320622,62074.43831233196,1986.963765975996,64061.402078307954,1,6000.0,6000.0,HiGHS LP
0.75,2025-12-19,51796.127878587344,251.5690685351409,5059.898708185918,27118.93207039884,1147.9697000778558,28266.901770476696,1,6000.0,6000.0,HiGHS LP
0.75,2025-12-20,51845.01154981068,324.99288234445834,5227.96816855444,27154.02719836232,1185.9258204087664,28339.953018771088,1,6000.0,6000.0,HiGHS LP
0.75,2025-12-21,96483.34862034627,868.5252310596895,3479.2850805992316,61666.990897223885,2956.06170745244,64623.052604676326,1,6000.0,6000.0,HiGHS LP
0.75,2025-12-22,98965.7462309933,306.7976343045791,5473.065740133203,63481.063985241446,1069.2639203090448,64550.32790555049,1,6000.0,6000.0,HiGHS LP
0.75,2025-12-23,98776.70547675497,184.39168293515104,6842.958349218119,63322.14421021617,833.1192538595832,64155.26346407575,1,6000.0,6000.0,HiGHS LP
0.75,2025-12-24,97457.25503190595,250.41836342663896,5008.842503956429,62417.988661280244,719.4539015776469,63137.44256285789,1,6000.0,6000.0,HiGHS LP
0.75,2025-12-25,96999.0880357444,433.5038238401686,4779.457697688511,62138.04106107673,1567.2956808437666,63705.336741920495,1,6000.0,6000.0,HiGHS LP
0.75,2025-12-26,50852.84750804322,300.11165719060295,4064.8908992007227,26546.952545260698,1127.9323723174623,27674.88491757816,1,6000.0,6000.0,HiGHS LP
0.75,2025-12-27,52355.72785281885,200.06229383015437,5112.932025031892,27461.54667919226,821.133384915451,28282.68006410771,1,6000.0,6000.0,HiGHS LP
0.75,2025-12-28,96159.0201026673,527.8514734807538,5036.3054227676685,61420.181642497104,2072.364591760149,63492.54623425725,1,6000.0,6000.0,HiGHS LP
0.75,2025-12-29,96327.21310820879,390.9947965790169,4367.356739912274,61484.70459699187,1584.6357330829946,63069.34033007486,1,6000.0,6000.0,HiGHS LP
0.75,2025-12-30,98260.86317376277,83.40844524714237,7269.8421821694255,63058.7409182868,404.475679113317,63463.21659740012,1,6000.0,6000.0,HiGHS LP
0.75,2025-12-31,95597.49480078794,855.8106865273187,2995.2237293845087,60993.86136045675,3361.6594096668273,64355.52077012358,1,6000.0,6000.0,HiGHS LP
0.8,2025-02-01,46953.164506517336,70.94571328196756,8707.879590680423,24499.602780067256,295.63700259422757,24795.239782661483,1,6000.0,6000.0,HiGHS LP
0.8,2025-02-02,90577.97689017592,63.21876002983856,7596.144983327001,57084.27698191242,388.7761637648631,57473.05314567729,1,6000.0,6000.0,HiGHS LP
0.8,2025-02-03,90728.92444653783,154.71779869185096,5976.312859742918,57186.470756440336,561.2265970473823,57747.69735348772,1,6000.0,6000.0,HiGHS LP
0.8,2025-02-04,90682.36728081896,559.17787968229,5366.9409486441145,57159.18762395017,2338.6337140031774,59497.82133795335,1,6000.0,6000.0,HiGHS LP
0.8,2025-02-05,86237.58170505059,1354.6122597383023,2216.2494558031176,53702.30242868494,5438.060415179942,59140.36284386488,1,6000.0,6000.0,HiGHS LP
0.8,2025-02-06,92143.72436204753,27.963535945425008,7182.297347992955,58379.70229614104,97.49533289795173,58477.197629038994,1,6000.0,6000.0,HiGHS LP
0.8,2025-02-07,42926.234750157324,298.763859601895,7516.1451604722315,22225.92127694145,1426.1012534883487,23652.0225304298,1,6000.0,6000.0,HiGHS LP
0.8,2025-02-08,41596.39074244353,166.8210150576169,6367.962096436166,21519.316870215334,787.4623368628955,22306.77920707823,1,6000.0,6000.0,HiGHS LP
0.8,2025-02-09,84672.42706390719,1677.6683534469073,2190.4902142488536,52934.08988489963,5684.375393985868,58618.465278885495,1,6000.0,6000.0,HiGHS LP
0.8,2025-02-10,88241.06951374363,42.67467305113007,9304.262252185572,55461.68588272205,142.72275988146095,55604.408642603514,1,6000.0,6000.0,HiGHS LP
0.8,2025-02-11,88597.0069223535,6.9745770320151905,8710.017409473978,55809.362516225054,32.323564317027234,55841.68608054208,1,6000.0,6000.0,HiGHS LP
0.8,2025-02-12,84119.57676635227,421.6465515378769,4722.872271496,52348.315400710904,1905.5281075454945,54253.843508256396,1,6000.0,6000.0,HiGHS LP
0.8,2025-02-13,83946.7427215308,424.279680308239,8484.063004977535,52505.47000752852,1184.5588062993068,53690.02881382783,1,6000.0,6000.0,HiGHS LP
0.8,2025-02-14,39231.102454718784,410.64408053755517,6113.794842387249,20555.59377573734,1151.9253935378904,21707.51916927523,1,6000.0,6000.0,HiGHS LP
0.8,2025-02-15,37200.96326847325,626.8700522857375,4949.039903976911,19473.578434141265,2057.0168434415086,21530.595277582775,1,6000.0,6000.0,HiGHS LP
0.8,2025-02-16,80796.508666141,1280.72534928598,2295.610210111202,50109.56582768953,4697.6236049503605,54807.18943263989,1,6000.0,6000.0,HiGHS LP
0.8,2025-02-17,81033.90366090897,408.88431117200264,5847.826475028174,50159.69612045745,1518.653123454596,51678.349243912045,1,6000.0,6000.0,HiGHS LP
0.8,2025-02-18,81932.52062203902,200.00811047996683,5628.6369606606595,50928.211965380804,743.1318167037168,51671.34378208452,1,6000.0,6000.0,HiGHS LP
0.8,2025-02-19,80012.44787300043,1051.396661474545,3772.9722967627495,49525.68766034975,3597.6508729599223,53123.338533309674,1,6000.0,6000.0,HiGHS LP
0.8,2025-02-20,81067.72220155678,264.60199124296736,5936.317951874858,50217.04732454578,1065.5100374519236,51282.55736199771,1,6000.0,6000.0,HiGHS LP
0.8,2025-02-21,36233.903647700805,282.3027870651467,7485.3958055217745,18932.420329993533,790.2118584361763,19722.63218842971,1,6000.0,6000.0,HiGHS LP
0.8,2025-02-22,37588.34047451578,226.28043339349074,6445.706795090522,19843.352086407074,867.9838968912346,20711.335983298308,1,6000.0,6000.0,HiGHS LP
0.8,2025-02-23,79999.25278908745,699.0585928849548,4747.812784180343,49595.670274327385,1896.070780714412,51491.7410550418,1,6000.0,6000.0,HiGHS LP
0.8,2025-02-24,77671.27901793626,479.96022383937736,5563.65673973336,47663.57192278464,2061.5406367734113,49725.11255955805,1,6000.0,6000.0,HiGHS LP
0.8,2025-02-25,76403.23850054038,467.7731268118914,6688.325455304627,46863.35341559062,1517.393697895292,48380.747113485915,1,6000.0,6000.0,HiGHS LP
0.8,2025-02-26,75725.01404015897,1152.270661722447,3720.509091089809,46253.55313248341,4658.879342598643,50912.43247508205,1,6000.0,6000.0,HiGHS LP
0.8,2025-02-27,75821.98445078939,527.3607125842134,5045.741994954695,46437.24973378091,2542.093996629108,48979.34373041002,1,6000.0,6000.0,HiGHS LP
0.8,2025-02-28,34198.247328326215,980.6378164583975,8577.780108495477,17683.5265152839,3483.2737723940077,21166.800287677906,1,6000.0,6000.0,HiGHS LP
0.8,2025-03-01,35210.61185918241,299.6424165312824,8517.493984740975,18323.680741556505,989.4381775788008,19313.118919135308,1,6000.0,6000.0,HiGHS LP
0.8,2025-03-02,72596.34055247772,5470.448253473803,1383.4855385314268,44481.534448313716,20242.421529715695,64723.95597802941,1,6000.0,6000.0,HiGHS LP
0.8,2025-03-03,75282.7181333029,3431.8838367452195,2326.8463799752753,46485.28472661568,13359.28473154419,59844.56945815987,1,6000.0,6000.0,HiGHS LP
0.8,2025-03-04,76991.8339648979,579.2958869031493,3945.8568556383366,47564.17962210045,1680.6668108997378,49244.84643300019,1,6000.0,6000.0,HiGHS LP
0.8,2025-03-05,77115.58667223848,382.25891538620516,6951.291218905493,47480.7977827772,1631.6159209715618,49112.41370374876,1,6000.0,6000.0,HiGHS LP
0.8,2025-03-06,77004.82271498785,158.55494654431408,6799.287408080578,47552.344378195165,516.8287923424198,48069.173170537586,1,6000.0,6000.0,HiGHS LP
0.8,2025-03-07,33592.955906064104,793.547707038138,10283.730945414765,17716.843783704142,3132.271956349709,20849.11574005385,1,6000.0,6000.0,HiGHS LP
0.8,2025-03-08,32538.052016339127,502.6212134958429,10901.427361966375,17318.371067325053,1122.3130480405664,18440.68411536562,1,6000.0,6000.0,HiGHS LP
0.8,2025-03-09,72879.6577884974,350.93464196183004,5665.07483385275,44438.96903465988,1505.4485737842847,45944.417608444164,1,6000.0,6000.0,HiGHS LP
0.8,2025-03-10,72939.74121777235,2152.5465183249476,2808.742651655257,44525.08741432632,6639.549727759516,51164.637142085834,1,6000.0,6000.0,HiGHS LP
0.8,2025-03-11,73911.23509963257,340.76806658495246,6039.27065341389,45051.21182925043,1227.970636279182,46279.182465529615,1,6000.0,6000.0,HiGHS LP
0.8,2025-03-12,71225.83303764823,518.0805261325688,5127.220978344488,43073.843931405994,1862.7985747390412,44936.642506145035,1,6000.0,6000.0,HiGHS LP
0.8,2025-03-13,71743.11660009087,2915.4713432875133,2923.358948040155,43557.086169052716,10768.11929195283,54325.20546100555,1,6000.0,6000.0,HiGHS LP
0.8,2025-03-14,31931.31648967771,430.4381997068651,13292.328706051245,16759.60807862295,1617.2701889194257,18376.878267542375,1,6000.0,6000.0,HiGHS LP
0.8,2025-03-15,31267.713773846262,1232.8914420760752,8536.480065922338,16244.553030288984,3750.5415249235766,19995.09455521256,1,6000.0,6000.0,HiGHS LP
0.8,2025-03-16,71901.82939304867,895.398125156072,5255.101940483626,43668.11284588506,3642.0384644943883,47310.15131037945,1,6000.0,6000.0,HiGHS LP
0.8,2025-03-17,71976.34962842966,124.48258394694005,10054.583983474025,43521.15027472077,691.056267612307,44212.20654233308,1,6000.0,6000.0,HiGHS LP
0.8,2025-03-18,69155.03945155603,994.6622856807899,4900.397851282334,41497.26709124788,4890.65566262031,46387.92275386819,1,6000.0,6000.0,HiGHS LP
0.8,2025-03-19,70407.68020764185,348.19268022902685,7130.098220792673,42391.45089136496,1733.7837198987036,44125.234611263666,1,6000.0,6000.0,HiGHS LP
0.8,2025-03-20,68385.93432086764,1003.189379195954,3046.5529071663736,41046.724689007024,4406.108653984658,45452.83334299168,1,6000.0,6000.0,HiGHS LP
0.8,2025-03-21,31474.358030549272,186.2883923596262,16587.181906242233,16418.284839532105,659.8127886982838,17078.09762823039,1,6000.0,6000.0,HiGHS LP
0.8,2025-03-22,31097.930156324608,257.9641627629598,12434.69458575424,16072.05580976473,1017.4574192466529,17089.513229011383,1,6000.0,6000.0,HiGHS LP
0.8,2025-03-23,69999.68636388014,304.04116671006295,7369.074950232185,42128.825157389205,1250.2733580505578,43379.098515439764,1,6000.0,6000.0,HiGHS LP
0.8,2025-03-24,68497.45232037164,292.4442962597286,6667.005311537097,41152.57125809281,911.5369341614029,42064.108192254214,1,6000.0,6000.0,HiGHS LP
0.8,2025-03-25,69395.57689725174,737.4373975782759,5046.54418372785,41719.03878687247,3205.207979660087,44924.24676653256,1,6000.0,6000.0,HiGHS LP
0.8,2025-03-26,67906.02823243462,250.43508638728775,8440.641375521081,40631.06672903817,935.9502906028322,41567.017019641,1,6000.0,6000.0,HiGHS LP
0.8,2025-03-27,67213.71935271243,601.4212384972798,4990.442723755868,40209.574437058094,2223.1476930529248,42432.72213011102,1,6000.0,6000.0,HiGHS LP
0.8,2025-03-28,30526.99627927418,297.67571048196737,16962.79122308948,15651.710677775953,1144.2797290979975,16795.99040687395,1,6000.0,6000.0,HiGHS LP
0.8,2025-03-29,31282.69681437368,73.56888271672948,20609.056513757074,16114.785761887173,310.0203856489576,16424.806147536132,1,6000.0,6000.0,HiGHS LP
0.8,2025-03-30,64919.16885421457,464.32824318099324,5957.275642355566,38655.25537594718,1863.4420099119882,40518.69738585917,1,6000.0,6000.0,HiGHS LP
0.8,2025-03-31,66354.22225624791,883.8368256082819,6190.942636852418,39651.74429411217,3831.5885817652315,43483.3328758774,1,6000.0,6000.0,HiGHS LP
0.8,2025-04-01,64622.74873262752,2448.905386058522,2769.1292815275424,38447.37668129861,7183.567074540551,45630.94375583916,1,6000.0,6000.0,HiGHS LP
0.8,2025-04-02,64455.4687909301,3272.0035999175248,3194.109189495954,38389.11586900478,13175.414707819924,51564.530576824705,1,6000.0,6000.0,HiGHS LP
0.8,2025-04-03,65064.33485316971,551.8143262552828,5657.3796270670555,38703.95954818798,2526.6343339450004,41230.593882132984,1,6000.0,6000.0,HiGHS LP
0.8,2025-04-04,29239.98147931641,257.41051880282953,20026.58974811924,14688.128107433422,1082.6404022807828,15770.768509714206,1,6000.0,6000.0,HiGHS LP
0.8,2025-04-05,29249.297168861005,1438.1653103174572,15603.34749584513,14703.139532291503,6040.159288596792,20743.298820888296,1,6000.0,6000.0,HiGHS LP
0.8,2025-04-06,61926.74531853955,706.654129808386,4180.760974382778,36759.02346030957,2763.3445174352582,39522.36797774483,1,6000.0,6000.0,HiGHS LP
0.8,2025-04-07,62948.77939722761,530.6121161680637,6160.358087434485,37343.878844557184,1725.9131491033786,39069.79199366056,1,6000.0,6000.0,HiGHS LP
0.8,2025-04-08,63698.039797774494,650.0744403099688,5911.925436266645,37815.286407320076,2861.977170963682,40677.26357828376,1,6000.0,6000.0,HiGHS LP
0.8,2025-04-09,64502.17196569258,1701.9490043583853,2981.9004770249803,38430.644789967635,6164.783266475815,44595.42805644345,1,6000.0,6000.0,HiGHS LP
0.8,2025-04-10,64218.87450379165,652.1562024308182,6308.387027091988,38180.675701392494,2848.960926852209,41029.636628244705,1,6000.0,6000.0,HiGHS LP
0.8,2025-04-11,28887.32812933603,388.1505910663314,20918.828553735693,14436.623714561134,1560.436702401601,15997.060416962735,1,6000.0,6000.0,HiGHS LP
0.8,2025-04-12,29416.326591242083,326.30510762596396,17677.47114886805,14802.400271605567,1126.8370555052093,15929.237327110777,1,6000.0,6000.0,HiGHS LP
0.8,2025-04-13,60881.766676465035,917.8708246257341,3549.6707435367257,36142.64667659777,3818.8234949662697,39961.47017156404,1,6000.0,6000.0,HiGHS LP
0.8,2025-04-14,59879.58145147431,803.2719488677593,4227.395037336868,35484.0064136972,3008.4950511566344,38492.501464853834,1,6000.0,6000.0,HiGHS LP
0.8,2025-04-15,59815.46901442393,885.571363347249,6642.352426639035,35455.74594786845,4122.5103127381235,39578.25626060657,1,6000.0,6000.0,HiGHS LP
0.8,2025-04-16,59705.31732270859,1903.126224584182,1972.466649307622,35487.11945459086,6449.626478618774,41936.74593320963,1,6000.0,6000.0,HiGHS LP
0.8,2025-04-17,61730.38377788151,236.71844012468875,5130.514471334733,36702.99838158311,954.5714132311557,37657.56979481426,1,6000.0,6000.0,HiGHS LP
0.8,2025-04-18,27934.889117154322,280.1144839411843,18820.886417762173,13758.431090901431,1032.3745473772703,14790.805638278702,1,6000.0,6000.0,HiGHS LP
0.8,2025-04-19,28529.40246877911,164.313941686077,18869.03716046519,14188.701700976435,449.8938648238045,14638.595565800239,1,6000.0,6000.0,HiGHS LP
0.8,2025-04-20,61232.00069043713,438.9782098768507,5803.932501263743,36302.465109023215,2020.4405843737088,38322.905693396926,1,6000.0,6000.0,HiGHS LP
0.8,2025-04-21,62100.84070545164,131.32601533659818,9738.049063855,36735.671662220084,329.1253663311666,37064.79702855125,1,6000.0,6000.0,HiGHS LP
0.8,2025-04-22,58929.062354910726,1036.3022217710732,4013.035142924786,34909.92493868098,3731.164401276279,38641.08933995726,1,6000.0,6000.0,HiGHS LP
0.8,2025-04-23,62762.94866814993,106.10799016370572,7490.739229532235,37193.05073957514,279.61094001159154,37472.66167958673,1,6000.0,6000.0,HiGHS LP
0.8,2025-04-24,60495.15349505313,134.98724763734867,9687.236308609974,35803.59743095079,612.5905931895978,36416.188024140385,1,6000.0,6000.0,HiGHS LP
0.8,2025-04-25,27629.543846314617,145.71614565016856,22734.902341964786,13591.27501406169,549.028270054599,14140.30328411629,1,6000.0,6000.0,HiGHS LP
0.8,2025-04-26,27092.169393301177,689.6345744979117,24671.610334465757,13156.414668429865,3056.7490554402516,16213.163723870117,1,6000.0,6000.0,HiGHS LP
0.8,2025-04-27,57237.97867400125,1140.0447811898334,6040.101639344581,33673.83665335129,4915.391032530391,38589.22768588168,1,6000.0,6000.0,HiGHS LP
0.8,2025-04-28,58939.502681390404,3996.8258891486284,2578.2216747293787,35003.21918907761,15249.65045725452,50252.869646332125,1,6000.0,6000.0,HiGHS LP
0.8,2025-04-29,60167.282594292126,267.0218842936854,9200.973095706267,35624.59325247157,1169.220978596296,36793.81423106787,1,6000.0,6000.0,HiGHS LP
0.8,2025-04-30,57213.548898317335,858.9394025587046,6049.435949494662,33733.64090377466,3002.770932644536,36736.411836419196,1,6000.0,6000.0,HiGHS LP
0.8,2025-05-01,58358.003444213,2411.766719549117,6004.476465409107,34717.65892587579,11493.974669389356,46211.63359526514,1,6000.0,6000.0,HiGHS LP
0.8,2025-05-02,28816.411867463612,3380.0788458326083,14866.170629962882,14665.889114461934,13956.103447550951,28621.992562012885,1,6000.0,6000.0,HiGHS LP
0.8,2025-05-03,29955.153637089817,890.1799776743649,18938.161964764186,15564.991755036473,4368.498817270245,19933.49057230672,1,6000.0,6000.0,HiGHS LP
0.8,2025-05-04,60689.695897260055,1164.6920468086591,6382.11951831414,36750.57649217408,4242.884335272082,40993.46082744616,1,6000.0,6000.0,HiGHS LP
0.8,2025-05-05,59025.634495472135,3275.151729070448,3594.8895720886167,35762.26420463346,14707.344992128454,50469.609196761914,1,6000.0,6000.0,HiGHS LP
0.8,2025-05-06,61266.59572407503,1605.7560510997705,6371.447568369168,37177.727641252626,6947.818552482555,44125.54619373518,1,6000.0,6000.0,HiGHS LP
0.8,2025-05-07,62527.9056322782,1024.2469491965649,4863.144840783159,37970.114784061174,4764.461966076953,42734.57675013813,1,6000.0,6000.0,HiGHS LP
0.8,2025-05-08,61496.475241492546,1678.7113411319258,3681.3465613603767,37410.84116974428,6585.8774966194005,43996.71866636368,1,6000.0,6000.0,HiGHS LP
0.8,2025-05-09,30116.801806859672,253.85316230890254,18831.269119168577,15964.82388898631,977.3970543929898,16942.2209433793,1,6000.0,6000.0,HiGHS LP
0.8,2025-05-10,28370.60997919104,1828.8752195419818,15038.43991539969,14459.20260766824,7904.684269396013,22363.88687706425,1,6000.0,6000.0,HiGHS LP
0.8,2025-05-11,63748.53932618042,968.7277333505835,5523.546399692836,38827.19156003017,4079.6886198495595,42906.880179879736,1,6000.0,6000.0,HiGHS LP
0.8,2025-05-12,64595.52883655826,608.6588389023409,9534.484148591386,39391.04662649,1526.6973966002702,40917.74402309027,1,6000.0,6000.0,HiGHS LP
0.8,2025-05-13,59522.38314672515,1062.4736916670608,3872.4523910251137,35868.56602629399,4919.51238737677,40788.078413670766,1,6000.0,6000.0,HiGHS LP
0.8,2025-05-14,60806.45695814011,801.2439890887729,5044.471011818809,36640.31226774638,3140.24936090142,39780.5616286478,1,6000.0,6000.0,HiGHS LP
0.8,2025-05-15,62079.577433271385,657.4420126552304,6392.6735702128235,37726.44846216909,2556.817525396712,40283.26598756581,1,6000.0,6000.0,HiGHS LP
0.8,2025-05-16,30097.730647800483,188.74514212043783,24530.969256587585,16033.87919793251,543.3330412110549,16577.212239143566,1,6000.0,6000.0,HiGHS LP
0.8,2025-05-17,30030.657277062186,1236.5158297775574,17778.374023506403,15941.111933263419,5418.916384739583,21360.028318003002,1,6000.0,6000.0,HiGHS LP
0.8,2025-05-18,62927.59879677744,947.504224209731,6655.322985335903,38316.031420665255,3244.0910553507842,41560.12247601604,1,6000.0,6000.0,HiGHS LP
0.8,2025-05-19,62178.02197479387,277.0994125532585,11404.796091839402,37531.2323052217,1552.1666031434931,39083.3989083652,1,6000.0,6000.0,HiGHS LP
0.8,2025-05-20,61804.607806435524,796.1187702515736,4528.2162610796295,37416.68100898965,3489.82172675695,40906.5027357466,1,6000.0,6000.0,HiGHS LP
0.8,2025-05-21,61276.18422654382,1069.308613493982,7489.107325858604,37071.44177321118,4187.464114193515,41258.9058874047,1,6000.0,6000.0,HiGHS LP
0.8,2025-05-22,62441.742702520045,208.92594162647055,8294.932557290129,37887.66584493981,963.1708574213299,38850.836702361135,1,6000.0,6000.0,HiGHS LP
0.8,2025-05-23,28808.249469951497,310.8578115231499,19658.158398141313,15055.217645682453,1101.600968042193,16156.818613724645,1,6000.0,6000.0,HiGHS LP
0.8,2025-05-24,29043.876661069677,199.60677785473513,22448.982055591077,15160.949555084973,802.9032235514371,15963.85277863641,1,6000.0,6000.0,HiGHS LP
0.8,2025-05-25,60316.54009014153,449.7043875358961,8684.059864067902,36348.41617841013,1964.843477248076,38313.25965565821,1,6000.0,6000.0,HiGHS LP
0.8,2025-05-26,59685.20052364882,2257.8890819459634,3860.711321397659,35968.315693188335,9134.52406512473,45102.839758313065,1,6000.0,6000.0,HiGHS LP
0.8,2025-05-27,61008.7770526432,246.37859752613957,8319.208661924917,36961.42211668109,704.9845089928153,37666.4066256739,1,6000.0,6000.0,HiGHS LP
0.8,2025-05-28,61653.20254598658,1089.688983089483,6955.947612562466,37261.513351036294,4075.573989299302,41337.087340335594,1,6000.0,6000.0,HiGHS LP
0.8,2025-05-29,61531.397510963245,1172.014756023752,5035.067420387119,37235.41990781115,5056.071478477237,42291.491386288384,1,6000.0,6000.0,HiGHS LP
0.8,2025-05-30,28808.16731204345,740.9391927649132,19912.873238141696,15092.849062173162,2755.9355893990532,17848.784651572216,1,6000.0,6000.0,HiGHS LP
0.8,2025-05-31,29130.286686329528,627.6868947691935,18328.792031098717,15173.959910343288,2202.031551816989,17375.991462160277,1,6000.0,6000.0,HiGHS LP
0.8,2025-06-01,65940.79295898801,10216.838007757462,1102.0111991560032,39995.70902824502,38920.361169367534,78916.07019761256,1,6000.0,6000.0,HiGHS LP
0.8,2025-06-02,71404.58543158075,4967.186620286063,3837.5829670621247,44710.66976226793,19613.34253759515,64324.012299863076,1,6000.0,6000.0,HiGHS LP
0.8,2025-06-03,74850.13721030281,1341.5855233323282,3925.549458600925,46500.94564932475,5645.769474867334,52146.71512419208,1,6000.0,6000.0,HiGHS LP
0.8,2025-06-04,77874.87081987364,1563.3897402030655,5639.463850807756,48543.56037184463,4898.737712513848,53442.29808435848,1,6000.0,6000.0,HiGHS LP
0.8,2025-06-05,78807.211771565,1551.5099935217597,4983.851847513352,49170.64058127613,5923.102982052444,55093.74356332857,1,6000.0,6000.0,HiGHS LP
0.8,2025-06-06,37178.43756295617,2899.7083249485277,6183.150487904694,21598.364512547007,11570.749263593048,33169.11377614005,1,6000.0,6000.0,HiGHS LP
0.8,2025-06-07,38008.23716466663,802.8389318859373,4721.369110968717,21806.111218164497,3261.8393916248783,25067.950609789375,1,6000.0,6000.0,HiGHS LP
0.8,2025-06-08,89261.07504091861,2.0849428634199967,19419.130026053837,56474.25540214395,8.58697626936685,56482.84237841332,1,6000.0,6000.0,HiGHS LP
0.8,2025-06-09,80713.3975140005,1110.1721917063917,6602.529129599611,50139.064585822256,4585.0576393816755,54724.12222520393,1,6000.0,6000.0,HiGHS LP
0.8,2025-06-10,82528.12548825316,505.5404885318886,7049.307315948829,51374.3781644064,1761.911558249336,53136.28972265574,1,6000.0,6000.0,HiGHS LP
0.8,2025-06-11,82831.49308054862,1582.2383719381924,3955.6976155030993,51647.3712452169,7031.594786234723,58678.96603145162,1,6000.0,6000.0,HiGHS LP
0.8,2025-06-12,86925.02568736013,322.76327157871197,10147.244594797747,54836.79192825541,1307.448215108258,56144.24014336366,1,6000.0,6000.0,HiGHS LP
0.8,2025-06-13,37158.44551234653,629.7463190433773,6478.159188824043,21362.918908484942,2828.35333222563,24191.272240710572,1,6000.0,6000.0,HiGHS LP
0.8,2025-06-14,39162.83400407461,300.8400663800385,10588.79216348775,22284.44288025293,975.0977754370349,23259.540655689965,1,6000.0,6000.0,HiGHS LP
0.8,2025-06-15,81862.41027507713,389.9928377616868,7291.0886989636565,51136.77295310176,1389.5202679065753,52526.29322100834,1,6000.0,6000.0,HiGHS LP
0.8,2025-06-16,82982.85550361109,667.171917426891,6445.779964165826,51663.29958599875,2582.30898871062,54245.60857470937,1,6000.0,6000.0,HiGHS LP
0.8,2025-06-17,83930.98557996307,1348.4380442264383,6051.156977475304,52310.72445785555,5769.559137756265,58080.283595611814,1,6000.0,6000.0,HiGHS LP
0.8,2025-06-18,84646.84669138644,338.4011174132239,9470.050256475522,52839.46376070159,1549.0821430702804,54388.54590377187,1,6000.0,6000.0,HiGHS LP
0.8,2025-06-19,82496.95636514199,440.0790812849569,10267.647801497722,51649.577467109826,2086.7184666508583,53736.29593376069,1,6000.0,6000.0,HiGHS LP
0.8,2025-06-20,38358.60718554296,57.61315607924922,13253.757734226365,22001.015583095264,181.98627028241066,22183.001853377675,1,6000.0,6000.0,HiGHS LP
0.8,2025-06-21,37053.71608070804,176.8777099701397,14855.853390678187,21270.506879306748,755.6421268615956,22026.149006168343,1,6000.0,6000.0,HiGHS LP
0.8,2025-06-22,80681.29599748847,419.7894596428404,9293.41112475827,49987.62737398426,1637.7257703429623,51625.35314432722,1,6000.0,6000.0,HiGHS LP
0.8,2025-06-23,82163.42571235492,138.1071354673124,10846.8151191385,51236.44659889853,552.1692345124795,51788.615833411015,1,6000.0,6000.0,HiGHS LP
0.8,2025-06-24,77383.4232089291,4711.988269734867,1525.9931040579008,47657.22930299141,18364.60835028437,66021.83765327578,1,6000.0,6000.0,HiGHS LP
0.8,2025-06-25,85569.14285453004,474.960022926206,10965.85199079335,53633.54370435054,1464.2367558993612,55097.7804602499,1,6000.0,6000.0,HiGHS LP
0.8,2025-06-26,82794.6772453161,390.7826864393287,11101.391531347028,51538.45180047888,1903.7899993299047,53442.241799808784,1,6000.0,6000.0,HiGHS LP
0.8,2025-06-27,36501.59742016875,79.800294126155,13825.670194962666,20801.829375519446,328.3410862273846,21130.17046174683,1,6000.0,6000.0,HiGHS LP
0.8,2025-06-28,36675.601281652525,189.0259732030248,12088.843337749106,20906.949021584995,485.331888334017,21392.280909919013,1,6000.0,6000.0,HiGHS LP
0.8,2025-06-29,83450.0664117963,325.6905629912149,9948.971944433333,52060.185958660775,1065.2169888928156,53125.40294755359,1,6000.0,6000.0,HiGHS LP
0.8,2025-06-30,83009.61312078036,705.972248220867,9245.065890924825,51707.82466632251,2501.7027489827833,54209.52741530529,1,6000.0,6000.0,HiGHS LP
0.8,2025-07-01,88307.55635074356,4400.908555422813,9164.1742452342,55696.24086521628,14676.761673821704,70373.00253903799,1,6000.0,6000.0,HiGHS LP
0.8,2025-07-02,92107.17395246474,1337.2671011563561,15872.691299092949,58839.9505408079,3233.295712147816,62073.246252955716,1,6000.0,6000.0,HiGHS LP
0.8,2025-07-03,90925.66618492921,1316.9959180045116,7958.690917466505,58115.39827738122,4196.836798239439,62312.23507562066,1,6000.0,6000.0,HiGHS LP
0.8,2025-07-04,43965.93648219237,936.5716031758178,12981.640618701516,26472.421729596124,2709.2015078406025,29181.62323743673,1,6000.0,6000.0,HiGHS LP
0.8,2025-07-05,45711.643505227825,369.1185219834996,14250.682060544648,27464.717192793814,921.7336672985869,28386.450860092402,1,6000.0,6000.0,HiGHS LP
0.8,2025-07-06,88135.17013003587,1190.4210647194145,5203.897069602477,55706.84718408437,4887.225884574137,60594.07306865851,1,6000.0,6000.0,HiGHS LP
0.8,2025-07-07,91072.91031995873,300.3238799442877,13488.66238769591,57643.66890194531,701.8479792366968,58345.51688118201,1,6000.0,6000.0,HiGHS LP
0.8,2025-07-08,92660.71823657912,177.0410729095945,12855.19182302985,58652.9706488456,675.0067101167069,59327.97735896231,1,6000.0,6000.0,HiGHS LP
0.8,2025-07-09,86784.2409847842,282.92133047428104,8713.192161261919,54627.956769899814,1337.7618257297936,55965.71859562961,1,6000.0,6000.0,HiGHS LP
0.8,2025-07-10,85932.12311072963,424.1375270814921,9189.869343021623,54101.09602186004,1551.6449380047654,55652.7409598648,1,6000.0,6000.0,HiGHS LP
0.8,2025-07-11,44415.951589533885,1130.5865341028634,9987.760973636749,26326.274957557383,3616.9209965022715,29943.195954059654,1,6000.0,6000.0,HiGHS LP
0.8,2025-07-12,44999.14676485479,450.738337609978,11325.641769131435,26619.191775735453,1378.2177528141242,27997.40952854958,1,6000.0,6000.0,HiGHS LP
0.8,2025-07-13,83374.1522602757,448.1283730956109,10267.304604627083,52127.84295450153,2045.3380781575127,54173.18103265904,1,6000.0,6000.0,HiGHS LP
0.8,2025-07-14,77873.770312725,1545.6518198998933,3622.08192960842,48851.83938824703,6639.900586780253,55491.73997502728,1,6000.0,6000.0,HiGHS LP
0.8,2025-07-15,81794.6245147407,1727.992977369976,6659.518572222935,51338.011984095225,5149.055563616897,56487.067547712126,1,6000.0,6000.0,HiGHS LP
0.8,2025-07-16,81573.74366336723,1614.2792647222177,6833.189324899288,51079.11734641367,5844.775131000134,56923.8924774138,1,6000.0,6000.0,HiGHS LP
0.8,2025-07-17,81304.98548180913,1152.6820642974312,5637.354724291588,50943.36799827947,5034.890867403796,55978.25886568327,1,6000.0,6000.0,HiGHS LP
0.8,2025-07-18,43050.533966822135,1429.6056061595077,10165.891472981642,25288.096367048023,4859.807448082285,30147.90381513031,1,6000.0,6000.0,HiGHS LP
0.8,2025-07-19,43125.86344127968,753.7741485402651,13656.818539819957,25351.45179184677,2822.187599031923,28173.639390878696,1,6000.0,6000.0,HiGHS LP
0.8,2025-07-20,81705.62170936045,668.4073878091231,6183.620233768949,51261.960711172585,2279.750150286854,53541.71086145944,1,6000.0,6000.0,HiGHS LP
0.8,2025-07-21,79901.41766857081,2075.3899888700726,3930.696242745771,50029.321087741875,7774.63702632791,57803.958114069785,1,6000.0,6000.0,HiGHS LP
0.8,2025-07-22,83789.26301584335,931.3876363774197,6752.909141982572,52416.44825521355,3797.010490114449,56213.458745328004,1,6000.0,6000.0,HiGHS LP
0.8,2025-07-23,83874.41259651621,891.7303602074237,6374.025060837586,52575.16947469408,3739.775815400828,56314.9452900949,1,6000.0,6000.0,HiGHS LP
0.8,2025-07-24,82584.81053280554,1676.9337372162852,6465.747223799084,51673.847664205954,6963.217314214922,58637.06497842088,1,6000.0,6000.0,HiGHS LP
0.8,2025-07-25,44646.57914839805,157.8243843251077,15259.083966056494,26497.171660756132,799.3210295972972,27296.49269035343,1,6000.0,6000.0,HiGHS LP
0.8,2025-07-26,44765.724974575875,523.3972539680407,13780.030661877252,26439.51756647585,1589.723919952936,28029.241486428786,1,6000.0,6000.0,HiGHS LP
0.8,2025-07-27,83766.79763031314,900.7119625015248,6798.430212006084,52436.610692731105,3987.384307471592,56423.995000202696,1,6000.0,6000.0,HiGHS LP
0.8,2025-07-28,84446.88139763242,1995.2142367048161,4255.614468455107,52938.721992201274,7588.887068119944,60527.60906032122,1,6000.0,6000.0,HiGHS LP
0.8,2025-07-29,84603.59375888572,1366.4161573316942,5646.57408661324,52945.5838078968,5217.666260261891,58163.25006815869,1,6000.0,6000.0,HiGHS LP
0.8,2025-07-30,84388.00463294648,736.1394541178586,6792.275583079132,52788.456387493745,3569.316314329838,56357.77270182358,1,6000.0,6000.0,HiGHS LP
0.8,2025-07-31,82496.50387820888,962.1565163798319,4575.83278124313,51622.305523666015,4292.950000177882,55915.255523843894,1,6000.0,6000.0,HiGHS LP
0.8,2025-08-01,43063.57910132129,362.6637313964667,19134.883166051095,25395.206674242763,1294.9438817956157,26690.150556038378,1,6000.0,6000.0,HiGHS LP
0.8,2025-08-02,41275.90303428244,364.84826566468496,17673.7263666138,24029.230369331297,1657.8402740719307,25687.07064340323,1,6000.0,6000.0,HiGHS LP
0.8,2025-08-03,78571.08109226289,399.31746935801954,12160.685484369205,49400.266864915815,1624.9356997760005,51025.20256469182,1,6000.0,6000.0,HiGHS LP
0.8,2025-08-04,77412.73828973628,156.94750369070817,8261.610529725935,48823.02721253152,543.3024407469547,49366.32965327847,1,6000.0,6000.0,HiGHS LP
0.8,2025-08-05,76562.3879674372,270.3244599670934,7817.576589977663,48354.498844158654,1102.5782474281539,49457.077091586805,1,6000.0,6000.0,HiGHS LP
0.8,2025-08-06,73642.09004598085,2781.0828385596033,4558.523757084959,46555.283821294855,11742.766735796542,58298.050557091396,1,6000.0,6000.0,HiGHS LP
0.8,2025-08-07,80373.60774268635,136.64971840647542,13084.95221879514,50720.346492275115,375.519918471879,51095.866410746996,1,6000.0,6000.0,HiGHS LP
0.8,2025-08-08,41308.410771653565,297.4410131274468,22790.68053478101,24182.17224598807,1207.630740786065,25389.802986774135,1,6000.0,6000.0,HiGHS LP
0.8,2025-08-09,40472.42642042919,1145.9265062368063,19656.42392666599,23517.661306565446,4370.984724807673,27888.64603137312,1,6000.0,6000.0,HiGHS LP
0.8,2025-08-10,72420.69354439824,1523.1577552727358,4834.9149687546815,45835.815873997315,5438.565894173145,51274.38176817046,1,6000.0,6000.0,HiGHS LP
0.8,2025-08-11,76329.04463576706,538.1734436201505,8480.122343635918,48222.852974402966,2186.7600811408543,50409.61305554382,1,6000.0,6000.0,HiGHS LP
0.8,2025-08-12,74506.98716819081,1698.9484466747347,4667.224905366838,47139.95859796932,7177.176570472566,54317.13516844189,1,6000.0,6000.0,HiGHS LP
0.8,2025-08-13,74870.10073055282,1058.374265258865,5978.280811815435,47065.08829141358,4454.36618370311,51519.45447511669,1,6000.0,6000.0,HiGHS LP
0.8,2025-08-14,73299.34091520586,1330.8591537894272,4939.13869760768,46412.22613542068,5932.931406037973,52345.157541458655,1,6000.0,6000.0,HiGHS LP
0.8,2025-08-15,41899.25513752707,283.8367469987377,21983.365001192484,24643.04348143541,960.9885164149209,25604.03199785033,1,6000.0,6000.0,HiGHS LP
0.8,2025-08-16,42843.76541751949,168.487077430846,23042.97212828367,25241.106519972993,885.9307409487801,26127.037260921774,1,6000.0,6000.0,HiGHS LP
0.8,2025-08-17,71071.01346796141,1286.268431960451,5398.109757469569,44907.28961048392,5712.061623197604,50619.35123368152,1,6000.0,6000.0,HiGHS LP
0.8,2025-08-18,73377.64321612752,1031.0652560470694,6191.2667328213865,46633.19574387788,4997.5284919976675,51630.72423587555,1,6000.0,6000.0,HiGHS LP
0.8,2025-08-19,71161.16159980801,1153.2724823124581,4139.417092349885,45100.885333221595,4949.275623908845,50050.16095713044,1,6000.0,6000.0,HiGHS LP
0.8,2025-08-20,73331.86800591931,4334.767760430124,3213.4912517458733,46601.576811203646,17813.37214529721,64414.948956500855,1,6000.0,6000.0,HiGHS LP
0.8,2025-08-21,76007.41975163369,863.3822562363563,7091.310396079711,48047.69056045324,3570.0041104812963,51617.694670934536,1,6000.0,6000.0,HiGHS LP
0.8,2025-08-22,42624.23731544831,1224.7984754304207,19578.46639087873,25127.19572974444,4927.573775529969,30054.76950527441,1,6000.0,6000.0,HiGHS LP
0.8,2025-08-23,41754.78512174448,478.67660770576475,16663.455579450238,24482.417967301568,1894.832842637331,26377.250809938898,1,6000.0,6000.0,HiGHS LP
0.8,2025-08-24,73076.58354445011,1420.5878671695714,6988.8647974539,46069.31708671694,6190.526136432894,52259.84322314983,1,6000.0,6000.0,HiGHS LP
0.8,2025-08-25,73132.2353694544,4237.656928328608,2837.4550064776095,46411.50302285292,16633.27137557492,63044.77439842784,1,6000.0,6000.0,HiGHS LP
0.8,2025-08-26,74725.24958900345,966.2699138269373,6283.329945399431,46989.89870068274,4118.889384745867,51108.788085428605,1,6000.0,6000.0,HiGHS LP
0.8,2025-08-27,72608.52319153295,2386.5769581410755,3279.766221704982,45886.888339797486,10842.869589007927,56729.75792880541,1,6000.0,6000.0,HiGHS LP
0.8,2025-08-28,75639.98437936738,3196.8119250009545,4115.077120310682,47680.73892537764,12772.848887751818,60453.58781312946,1,6000.0,6000.0,HiGHS LP
0.8,2025-08-29,40214.569708746116,1460.8011430137572,16080.150501759874,23495.002727563966,6029.8754093238895,29524.878136887855,1,6000.0,6000.0,HiGHS LP
0.8,2025-08-30,41086.83282505335,927.4852140381472,20461.598205758168,24125.234511411058,3236.270781706657,27361.505293117716,1,6000.0,6000.0,HiGHS LP
0.8,2025-08-31,75535.27282172721,890.0527349854738,5863.253968770046,47859.150611329955,3485.4731863354245,51344.62379766538,1,6000.0,6000.0,HiGHS LP
0.8,2025-09-01,70571.57114692815,540.1559872151116,13789.41094867611,44628.353289319675,1912.0275871094532,46540.38087642913,1,6000.0,6000.0,HiGHS LP
0.8,2025-09-02,58457.800968595475,2807.858552384142,3559.950152078629,36519.15018547921,12279.49086263476,48798.64104811397,1,6000.0,6000.0,HiGHS LP
0.8,2025-09-03,61381.36187597498,1680.5498614247683,3664.8445388888035,38241.87846015184,6170.394629969475,44412.273090121314,1,6000.0,6000.0,HiGHS LP
0.8,2025-09-04,61784.732223010666,1563.857940230855,5571.3269495229315,38334.7120191279,6892.271359159931,45226.983378287834,1,6000.0,6000.0,HiGHS LP
0.8,2025-09-05,34629.35243894461,173.29178729045583,24938.382559568403,19441.64304256913,604.9768457741695,20046.6198883433,1,6000.0,6000.0,HiGHS LP
0.8,2025-09-06,35911.73593429961,54.9337878634635,25205.586022163076,20352.67595324649,180.71105698284146,20533.38701022933,1,6000.0,6000.0,HiGHS LP
0.8,2025-09-07,62010.82707797919,1377.8305141815842,4501.7216153536665,38421.88284093961,5210.500561642481,43632.38340258209,1,6000.0,6000.0,HiGHS LP
0.8,2025-09-08,53565.343668082474,10079.72358760751,408.61304201496733,32691.842026780352,39447.532211247424,72139.37423802778,1,6000.0,6000.0,HiGHS LP
0.8,2025-09-09,65292.95997551659,598.6053344013013,8878.030309152427,40331.42143079369,2560.808106260473,42892.22953705417,1,6000.0,6000.0,HiGHS LP
0.8,2025-09-10,64155.94622582808,3568.0173739557968,2523.4322044660194,39780.13740539279,15482.597584436271,55262.734989829056,1,6000.0,6000.0,HiGHS LP
0.8,2025-09-11,66444.5048609799,665.013653202892,9483.252180368085,40824.545500354434,2900.965416013547,43725.51091636798,1,6000.0,6000.0,HiGHS LP
0.8,2025-09-12,33425.40551146211,457.57271758801926,19291.322029050123,18520.770150530898,1538.6479590062113,20059.41810953711,1,6000.0,6000.0,HiGHS LP
0.8,2025-09-13,33407.50502893042,349.9061059645445,22710.309651561623,18482.62648733482,1252.5896282200165,19735.216115554835,1,6000.0,6000.0,HiGHS LP
0.8,2025-09-14,64870.07720591451,2251.9554641746463,2907.3594923185083,40163.749537857686,8098.389177676801,48262.138715534486,1,6000.0,6000.0,HiGHS LP
0.8,2025-09-15,69348.16202716541,201.3097158504832,10319.436388460097,43089.89115738879,750.4111378230122,43840.302295211804,1,6000.0,6000.0,HiGHS LP
0.8,2025-09-16,67016.55930904654,1537.4040959532813,4925.227331360879,41656.05753999726,4421.241257456391,46077.29879745365,1,6000.0,6000.0,HiGHS LP
0.8,2025-09-17,71872.12264329605,494.45407380306756,8218.914179040545,44988.757413182604,2109.907432194238,47098.66484537684,1,6000.0,6000.0,HiGHS LP
0.8,2025-09-18,69423.94902570389,382.2590522274727,6696.852737058951,43304.8213786665,1675.0641684837992,44979.8855471503,1,6000.0,6000.0,HiGHS LP
0.8,2025-09-19,34765.54136621853,466.7133054789813,16090.902355030848,19445.920416260473,1140.780075299892,20586.700491560365,1,6000.0,6000.0,HiGHS LP
0.8,2025-09-20,35807.02368539428,158.6871699824699,17280.27712204341,20146.359422346042,474.446578399282,20620.806000745324,1,6000.0,6000.0,HiGHS LP
0.8,2025-09-21,70391.4813885582,469.92520061054995,8423.196104708852,43923.70522332426,1444.019769218417,45367.72499254267,1,6000.0,6000.0,HiGHS LP
0.8,2025-09-22,68580.4625838098,844.5824266898701,4690.123753351447,42710.52452110438,2768.9103251265183,45479.4348462309,1,6000.0,6000.0,HiGHS LP
0.8,2025-09-23,69736.86626823299,991.9201577730369,4501.572970745068,43481.4019117976,4340.071894577921,47821.47380637552,1,6000.0,6000.0,HiGHS LP
0.8,2025-09-24,68555.17301098813,928.0971082843403,4295.481952362714,42659.609286959836,2631.947397069209,45291.55668402904,1,6000.0,6000.0,HiGHS LP
0.8,2025-09-25,70858.2192010768,436.9246461630848,6838.741105755375,44331.773594536004,1703.1113517619838,46034.884946297985,1,6000.0,6000.0,HiGHS LP
0.8,2025-09-26,36954.60026015117,32.28411061433451,16252.640870765506,20952.159318187398,87.44431504122772,21039.603633228624,1,6000.0,6000.0,HiGHS LP
0.8,2025-09-27,35745.43747518335,1163.1194392401535,16067.254664423514,19997.87734134941,4291.019908631097,24288.897249980506,1,6000.0,6000.0,HiGHS LP
0.8,2025-09-28,72473.46538814504,551.8372117478514,5381.745226381021,45283.18364493418,2196.3642847444426,47479.54792967862,1,6000.0,6000.0,HiGHS LP
0.8,2025-09-29,73234.55748632512,185.5179974654912,6492.692792831973,45835.12251500107,723.4909259272051,46558.613440928275,1,6000.0,6000.0,HiGHS LP
0.8,2025-09-30,74582.6888884193,502.77746024030614,5487.842762793771,46800.66851995291,2346.488344303471,49147.15686425638,1,6000.0,6000.0,HiGHS LP
0.8,2025-10-01,73797.84138162437,25.46099115349068,19980.640715619345,46182.71528725902,69.2706094979911,46251.98589675701,1,6000.0,6000.0,HiGHS LP
0.8,2025-10-02,71139.86351083212,211.99490413259105,15495.041882086396,44162.41318763016,510.0390523643799,44672.45223999454,1,6000.0,6000.0,HiGHS LP
0.8,2025-10-03,33192.92449347885,141.70375487516532,22477.474548354014,18073.249356663906,312.8722041989314,18386.121560862837,1,6000.0,6000.0,HiGHS LP
0.8,2025-10-04,33586.1635887068,221.74433105047322,17671.925486423934,18273.68419916371,723.5371883803216,18997.22138754403,1,6000.0,6000.0,HiGHS LP
0.8,2025-10-05,70245.61592709587,176.41509339829906,11563.27218167483,43510.59820275756,381.6664028997859,43892.26460565734,1,6000.0,6000.0,HiGHS LP
0.8,2025-10-06,70786.77579495532,11.606881550195908,8942.080051385226,43853.91232580012,25.169229885783487,43879.0815556859,1,6000.0,6000.0,HiGHS LP
0.8,2025-10-07,69917.66198945377,63.01848834301995,8092.581698308719,43219.45214254342,135.83198290209077,43355.28412544551,1,6000.0,6000.0,HiGHS LP
0.8,2025-10-08,70218.88433076558,39.586202467550834,9661.266397938743,42882.77692844134,162.46121706870807,43045.23814551005,1,6000.0,6000.0,HiGHS LP
0.8,2025-10-09,68040.94604825448,129.7729283807269,8323.332397988084,41461.062176911364,596.1076347625736,42057.169811673935,1,6000.0,6000.0,HiGHS LP
0.8,2025-10-10,33696.83857307483,69.13470530974278,21356.395095004915,17806.55828914323,221.1610913901216,18027.71938053335,1,6000.0,6000.0,HiGHS LP
0.8,2025-10-11,34257.195718737756,28.129217523438285,17096.349442244886,18001.632581492937,146.1138959460228,18147.74647743896,1,6000.0,6000.0,HiGHS LP
0.8,2025-10-12,67384.986396839,482.29303508293395,5269.476370713485,41129.63484548388,2030.092119430266,43159.726964914145,1,6000.0,6000.0,HiGHS LP
0.8,2025-10-13,67058.20486667707,203.18908325299424,6154.735824581461,41005.8037779449,872.4079389764677,41878.21171692137,1,6000.0,6000.0,HiGHS LP
0.8,2025-10-14,66762.7875912078,891.0993081212052,2800.442552492179,40806.918223311346,3726.4702451050243,44533.38846841637,1,6000.0,6000.0,HiGHS LP
0.8,2025-10-15,67625.46804723007,1316.8095611279082,2942.928503416345,41418.74552485127,5332.622882181959,46751.36840703323,1,6000.0,6000.0,HiGHS LP
0.8,2025-10-16,68232.86081027007,1901.0126575406912,3078.1614914953966,41855.34549338055,8095.291283186692,49950.63677656724,1,6000.0,6000.0,HiGHS LP
0.8,2025-10-17,34230.536222219955,341.84649338915756,15394.326221468864,18000.58587176285,1550.4566061341038,19551.042477896954,1,6000.0,6000.0,HiGHS LP
0.8,2025-10-18,33845.416395293985,580.3640988995717,15207.02772575177,17796.258706337554,2289.9639654896773,20086.222671827232,1,6000.0,6000.0,HiGHS LP
0.8,2025-10-19,69402.30339781847,1788.1330907373335,3165.7603049525032,42471.185695652064,7828.253321924854,50299.43901757692,1,6000.0,6000.0,HiGHS LP
0.8,2025-10-20,70300.6194491002,1446.8514459022394,3130.0530354271,43198.14742528397,6712.447846740757,49910.59527202473,1,6000.0,6000.0,HiGHS LP
0.8,2025-10-21,70740.31990860638,2116.332495429843,2207.20293612298,43482.20745273511,7703.795041233653,51186.00249396876,1,6000.0,6000.0,HiGHS LP
0.8,2025-10-22,71213.17235342521,1803.345422989988,3251.1611471015713,43591.0910223798,8470.422985705996,52061.5140080858,1,6000.0,6000.0,HiGHS LP
0.8,2025-10-23,72964.73159504133,194.62452470893572,5453.151995865475,44897.84190810418,763.5376431806912,45661.379551284874,1,6000.0,6000.0,HiGHS LP
0.8,2025-10-24,33641.87420007732,555.8084332869137,12556.354046515378,17526.179212209907,2344.2458062410515,19870.42501845096,1,6000.0,6000.0,HiGHS LP
0.8,2025-10-25,34329.11139096586,229.1001825746214,11928.354292191467,18080.18006609536,702.8780186762106,18783.05808477157,1,6000.0,6000.0,HiGHS LP
0.8,2025-10-26,73611.10541955763,282.4152122015879,4980.2594202530245,45390.979697699455,990.4338050033581,46381.41350270281,1,6000.0,6000.0,HiGHS LP
0.8,2025-10-27,72876.27496736735,930.0955268905163,5883.959225432559,44743.606263482594,3675.1677185261815,48418.77398200877,1,6000.0,6000.0,HiGHS LP
0.8,2025-10-28,73308.59626345299,551.2010627286595,3503.3574416473393,45138.342658692614,2206.745930207532,47345.088588900144,1,6000.0,6000.0,HiGHS LP
0.8,2025-10-29,74415.31892530445,1909.3471940754625,2584.778704890715,45925.290506500955,7189.607718811827,53114.89822531278,1,6000.0,6000.0,HiGHS LP
0.8,2025-10-30,75437.37385559262,263.38126229700924,6458.661518861889,46732.15599651319,1174.4442246439262,47906.60022115712,1,6000.0,6000.0,HiGHS LP
0.8,2025-10-31,35644.41577374305,725.3691176299512,9104.959273650584,18965.198128325574,2175.5809167912817,21140.779045116855,1,6000.0,6000.0,HiGHS LP
0.8,2025-11-01,36006.91674636896,120.13142102187152,10196.104607252653,19182.46537965574,288.0173344671099,19470.48271412285,1,6000.0,6000.0,HiGHS LP
0.8,2025-11-02,76235.91522999982,591.7240909692845,3553.425703872409,47113.0057067487,2647.355085495441,49760.360792244144,1,6000.0,6000.0,HiGHS LP
0.8,2025-11-03,76885.72506713898,869.6831771672603,3784.1516779939784,47735.90100579946,2465.8294230804718,50201.730428879935,1,6000.0,6000.0,HiGHS LP
0.8,2025-11-04,78707.96684181818,283.5142405046032,6975.832351916268,49004.800122445755,1081.8000452905212,50086.60016773627,1,6000.0,6000.0,HiGHS LP
0.8,2025-11-05,79281.8972726755,186.57803336127364,5360.821050182791,49547.623030302406,555.1990591930326,50102.822089495436,1,6000.0,6000.0,HiGHS LP
0.8,2025-11-06,76567.58004468316,1838.5714757215965,2588.78469711007,47366.556886804894,7919.715277574717,55286.27216437961,1,6000.0,6000.0,HiGHS LP
0.8,2025-11-07,35526.20712223204,490.28272307287324,9287.618551457188,18820.60159252445,2134.5950827838815,20955.196675308332,1,6000.0,6000.0,HiGHS LP
0.8,2025-11-08,36555.98422297805,92.57590170055698,9409.088857356393,19489.319451947093,296.6436371238283,19785.96308907092,1,6000.0,6000.0,HiGHS LP
0.8,2025-11-09,79004.31407337722,509.54763301974896,3754.6833882084657,49209.79749570792,2050.8304132349913,51260.627908942915,1,6000.0,6000.0,HiGHS LP
0.8,2025-11-10,80695.84105645618,664.3006892012504,3072.4988199870686,50511.7582225385,2405.069068662605,52916.8272912011,1,6000.0,6000.0,HiGHS LP
0.8,2025-11-11,80518.81091841073,261.5949843184825,4788.831066641593,50310.31566028064,944.5279923960693,51254.84365267671,1,6000.0,6000.0,HiGHS LP
0.8,2025-11-12,81859.66532447623,90.9281159297741,6545.249826188523,51409.70263012136,306.90728377352735,51716.60991389489,1,6000.0,6000.0,HiGHS LP
0.8,2025-11-13,81310.14792877491,419.0309135974909,4891.923273062367,51067.244689721556,1389.3224482836617,52456.567138005215,1,6000.0,6000.0,HiGHS LP
0.8,2025-11-14,36696.27806005841,153.7267097771426,5751.208534028781,19584.481375337265,449.40616598165735,20033.887541318923,1,6000.0,6000.0,HiGHS LP
0.8,2025-11-15,37165.08850994344,181.23738543550132,5596.291280328828,19826.807756631795,652.3764656898132,20479.184222321608,1,6000.0,6000.0,HiGHS LP
0.8,2025-11-16,81877.39598828251,743.2144928333332,3728.5473560910414,51330.970495121845,2928.2057752265664,54259.17627034841,1,6000.0,6000.0,HiGHS LP
0.8,2025-11-17,84351.93276680488,145.10286190623867,7201.520018816156,53220.51379977787,313.14615032130496,53533.65995009918,1,6000.0,6000.0,HiGHS LP
0.8,2025-11-18,80782.24007763423,1169.6572570953517,2622.7267197621136,50428.14575602764,4364.518584731297,54792.664340758936,1,6000.0,6000.0,HiGHS LP
0.8,2025-11-19,82635.91720949984,441.2363135474037,3226.2114466315224,51857.88948724086,1603.5358473604888,53461.42533460134,1,6000.0,6000.0,HiGHS LP
0.8,2025-11-20,83729.65377671154,352.1764705750355,4753.468827744784,52791.34088612461,1354.6161623941252,54145.957048518736,1,6000.0,6000.0,HiGHS LP
0.8,2025-11-21,38280.61004365899,236.4031136403906,6050.444230724284,20397.54902213179,591.0576440662844,20988.606666198073,1,6000.0,6000.0,HiGHS LP
0.8,2025-11-22,37543.817096612634,364.1056524713042,4120.1849159537705,19900.457486938765,1236.110497511042,21136.567984449808,1,6000.0,6000.0,HiGHS LP
0.8,2025-11-23,84119.36307880834,660.7739205688404,4986.096428572668,52915.08111463583,2771.0247447048605,55686.10585934069,1,6000.0,6000.0,HiGHS LP
0.8,2025-11-24,84743.9138016901,313.98026359158206,6281.666923899288,53433.25450203812,1041.709554984527,54474.96405702265,1,6000.0,6000.0,HiGHS LP
0.8,2025-11-25,85705.108031716,199.72266603739521,5074.2306502137435,54113.64108237303,659.8744946252191,54773.51557699825,1,6000.0,6000.0,HiGHS LP
0.8,2025-11-26,84628.08405791594,412.02203463349474,3654.611519024549,53261.27784267922,1658.974435143743,54920.25227782296,1,6000.0,6000.0,HiGHS LP
0.8,2025-11-27,86030.56005184582,240.52822763747886,5828.960164657457,54429.8810282741,974.0294086994714,55403.91043697357,1,6000.0,6000.0,HiGHS LP
0.8,2025-11-28,38154.69254670237,415.783849698436,4047.2140953121893,20247.542507392383,1797.0382216735225,22044.580729065907,1,6000.0,6000.0,HiGHS LP
0.8,2025-11-29,40178.20165616258,1699.562690268045,3262.134533937222,21441.182519460246,5634.502424601516,27075.684944061763,1,6000.0,6000.0,HiGHS LP
0.8,2025-11-30,88419.64728174105,143.57398384306384,3600.0598155841258,56108.594655786976,518.9453994898613,56627.54005527684,1,6000.0,6000.0,HiGHS LP
0.8,2025-12-01,87476.15440520723,4857.041049115711,1322.2535158714695,55385.556752982506,17753.597169834,73139.1539228165,1,6000.0,6000.0,HiGHS LP
0.8,2025-12-02,92605.25397116534,3012.262701092951,2214.5451040273774,59574.08842130831,10414.31186485507,69988.40028616338,1,6000.0,6000.0,HiGHS LP
0.8,2025-12-03,93258.64777935714,1611.7128424098341,2975.7580394093893,59391.88646191003,5458.084823668136,64849.97128557816,1,6000.0,6000.0,HiGHS LP
0.8,2025-12-04,94944.56985362495,663.4281476675553,4069.2732849437907,60765.82146568893,2512.479650068237,63278.30111575717,1,6000.0,6000.0,HiGHS LP
0.8,2025-12-05,49234.28293774581,741.5616875371777,4598.178239837511,25766.700162242738,3065.8102329509875,28832.510395193727,1,6000.0,6000.0,HiGHS LP
0.8,2025-12-06,51109.386134162734,660.6645331787363,4033.708035977205,26924.666195942486,2132.4514249857148,29057.1176209282,1,6000.0,6000.0,HiGHS LP
0.8,2025-12-07,97154.39245322553,505.1370344310256,5200.122749786863,62317.91719282945,1967.6343703965047,64285.551563225956,1,6000.0,6000.0,HiGHS LP
0.8,2025-12-08,94408.67013466527,1940.2016853689001,3755.5519444273714,59516.38058048074,8833.110131057503,68349.49071153824,1,6000.0,6000.0,HiGHS LP
0.8,2025-12-09,98310.1169493444,329.7269906087672,6416.561677959251,63002.08251332107,1581.4736506094798,64583.556163930545,1,6000.0,6000.0,HiGHS LP
0.8,2025-12-10,96083.9061959883,728.0774697919051,3616.6034436385785,61384.9467561225,2836.7179676059127,64221.66472372841,1,6000.0,6000.0,HiGHS LP
0.8,2025-12-11,99178.97800337203,117.34124330173267,8470.386143478041,63872.12793537253,401.4563809590837,64273.58431633162,1,6000.0,6000.0,HiGHS LP
0.8,2025-12-12,49540.55173721087,1115.9236926980318,2869.541626159964,25868.27098137277,3588.612663688479,29456.88364506125,1,6000.0,6000.0,HiGHS LP
0.8,2025-12-13,54535.90476963497,73.269296490631,6705.475702928527,28962.673991728196,343.6046084736452,29306.27860020184,1,6000.0,6000.0,HiGHS LP
0.8,2025-12-14,98664.292627117,218.77314892465853,5250.925163375862,63348.7730458587,883.2474767649301,64232.020522623636,1,6000.0,6000.0,HiGHS LP
0.8,2025-12-15,99152.34146015417,327.73408507173986,5148.720693923292,63713.51096416931,1136.888860455802,64850.399824625114,1,6000.0,6000.0,HiGHS LP
0.8,2025-12-16,98365.41251694623,224.93916494075705,4325.63683398525,63051.984859413344,909.9706777384699,63961.955537151814,1,6000.0,6000.0,HiGHS LP
0.8,2025-12-17,100044.95093364542,165.21878302643097,7154.628975809392,64322.54861460418,595.2165605418215,64917.765175146,1,6000.0,6000.0,HiGHS LP
0.8,2025-12-18,97768.46337354602,460.048351770856,6020.648332798741,62654.06718200952,1480.2068888064614,64134.27407081598,1,6000.0,6000.0,HiGHS LP
0.8,2025-12-19,52665.9812932021,156.8825690701311,5828.441277581822,27648.62846359536,735.8209214754601,28384.44938507082,1,6000.0,6000.0,HiGHS LP
0.8,2025-12-20,52714.69381510085,218.5345993203617,5983.735723861269,27691.19976532326,745.500004193102,28436.699769516363,1,6000.0,6000.0,HiGHS LP
0.8,2025-12-21,97383.63410074564,665.5598248055899,4165.877253567206,62328.64175221621,2227.3153828464865,64555.957135062694,1,6000.0,6000.0,HiGHS LP
0.8,2025-12-22,99805.02584035035,225.71187885658298,6220.531692864967,64101.159691809626,767.5056399903638,64868.66533179999,1,6000.0,6000.0,HiGHS LP
0.8,2025-12-23,99635.1413349773,134.4583447432102,7640.500011680475,63960.15911604666,601.8474733420036,64562.006589388664,1,6000.0,6000.0,HiGHS LP
0.8,2025-12-24,98373.07691244465,181.11334165604177,5844.398505156481,63099.60584970373,466.3138370440704,63565.9196867478,1,6000.0,6000.0,HiGHS LP
0.8,2025-12-25,97966.22349920127,326.1208985404537,5624.853005293022,62847.83481063126,1144.3093886871086,63992.14419931837,1,6000.0,6000.0,HiGHS LP
0.8,2025-12-26,51811.636972298584,173.2081194778297,4890.095175543103,27119.47505496425,642.080235906867,27761.555290871114,1,6000.0,6000.0,HiGHS LP
0.8,2025-12-27,53240.54230447422,130.8840644866076,5925.260331290342,28020.993829606305,530.4435555108714,28551.437385117177,1,6000.0,6000.0,HiGHS LP
0.8,2025-12-28,97031.40897274576,361.23855348634197,5730.262386949995,62063.04219287042,1490.625439554566,63553.66763242499,1,6000.0,6000.0,HiGHS LP
0.8,2025-12-29,97238.88761838502,291.1115163771195,5167.328983984922,62152.34906692887,1191.296840931116,63343.64590785999,1,6000.0,6000.0,HiGHS LP
0.8,2025-12-30,99107.92503762225,65.25858740431102,8086.225675140469,63675.57632840265,326.9179898452955,64002.49431824794,1,6000.0,6000.0,HiGHS LP
0.8,2025-12-31,96475.37482160071,651.0705878254807,3649.7641994620417,61624.49077518328,2495.0902301665546,64119.581005349835,1,6000.0,6000.0,HiGHS LP
0.85,2025-02-01,48141.001731548546,43.262576497642655,9829.227513040782,25177.64316455004,185.3942520955386,25363.03741664558,1,6000.0,6000.0,HiGHS LP
0.85,2025-02-02,91711.33179063546,46.783248513608214,8698.605553753898,57907.060782865694,293.24739856276085,58200.30818142845,1,6000.0,6000.0,HiGHS LP
0.85,2025-02-03,91842.07147126735,68.8383398742975,6988.957227711428,58012.13800145069,275.8531927029783,58287.99119415366,1,6000.0,6000.0,HiGHS LP
0.85,2025-02-04,91750.97485805996,382.19153515895994,6243.774603991254,57968.45762284016,1547.4686030146881,59515.92622585485,1,6000.0,6000.0,HiGHS LP
0.85,2025-02-05,87251.1624699889,981.2892669094011,2843.8006163743457,54467.870636155996,3882.135790785378,58350.00642694137,1,6000.0,6000.0,HiGHS LP
0.85,2025-02-06,93109.62166032617,5.34274808908998,8125.57385841525,59117.664282433834,19.98889205670355,59137.65317449054,1,6000.0,6000.0,HiGHS LP
0.85,2025-02-07,43938.37877573835,154.816493059986,8348.579863698662,22798.046905464398,779.2611751906645,23577.308080655064,1,6000.0,6000.0,HiGHS LP
0.85,2025-02-08,42635.03771622846,83.36525773827309,7282.997737786185,22096.152853816293,396.17847468258196,22492.331328498876,1,6000.0,6000.0,HiGHS LP
0.85,2025-02-09,85661.61926128247,1220.8905832168589,2709.495509089455,53686.12305603898,4030.9006114947533,57717.02366753374,1,6000.0,6000.0,HiGHS LP
0.85,2025-02-10,89211.19069963298,17.72596148783498,10238.02403632949,56191.3339514567,66.59651127146479,56257.93046272816,1,6000.0,6000.0,HiGHS LP
0.85,2025-02-11,89594.19862502109,0.0,9688.131559911668,56564.31612328239,0.0,56564.31612328239,0,6000.0,6000.0,HiGHS LP
0.85,2025-02-12,85186.79605251417,269.66831100505794,5585.348649555465,53118.58499355979,1233.8205883832543,54352.40558194304,1,6000.0,6000.0,HiGHS LP
0.85,2025-02-13,85088.32773193941,324.5510886182187,9480.144920268038,53341.91419355759,861.2691063072755,54203.18329986487,1,6000.0,6000.0,HiGHS LP
0.85,2025-02-14,40297.02794322117,264.43051910583455,6991.6740440512385,21093.1325589419,765.3096450592542,21858.442204001152,1,6000.0,6000.0,HiGHS LP
0.85,2025-02-15,37767.84408694663,466.70437685717616,5316.589582152321,19798.73331365783,1594.0140669892685,21392.7473806471,1,6000.0,6000.0,HiGHS LP
0.85,2025-02-16,81799.22939298136,917.4695424574574,2937.653168772144,50837.675100098466,3480.523009608332,54318.1981097068,1,6000.0,6000.0,HiGHS LP
0.85,2025-02-17,82035.48535635136,288.7796850057995,6738.735208023822,50918.62732936367,1041.1865618092575,51959.813891172926,1,6000.0,6000.0,HiGHS LP
0.85,2025-02-18,82945.44900587706,79.38852383818485,6531.7830797152465,51689.66605487239,271.18968314543446,51960.855738017824,1,6000.0,6000.0,HiGHS LP
0.85,2025-02-19,80984.73927645934,748.2613125898068,4452.006539049133,50247.329053856534,2451.0752783610747,52698.40433221761,1,6000.0,6000.0,HiGHS LP
0.85,2025-02-20,82057.57652753912,167.16578604164917,6829.941913580744,50941.1066639598,647.8239628334536,51588.930626793255,1,6000.0,6000.0,HiGHS LP
0.85,2025-02-21,36742.69851504458,192.57397418009376,7876.594081654551,19244.903806355105,534.0918998470434,19778.99570620215,1,6000.0,6000.0,HiGHS LP
0.85,2025-02-22,38095.04504641585,104.98666017446601,6805.005481411137,20173.7150913249,418.4743951997884,20592.189486524687,1,6000.0,6000.0,HiGHS LP
0.85,2025-02-23,81013.56711288253,506.4630691463084,5584.874956263613,50343.888180565285,1308.0598099419865,51651.94799050727,1,6000.0,6000.0,HiGHS LP
0.85,2025-02-24,78662.23029375618,357.9792159137751,6421.307474588495,48367.22094823863,1545.9582754074672,49913.1792236461,1,6000.0,6000.0,HiGHS LP
0.85,2025-02-25,77451.84400876178,324.1845518265068,7582.114358063013,47597.53928662729,1033.0419687099197,48630.58125533721,1,6000.0,6000.0,HiGHS LP
0.85,2025-02-26,76703.78669797996,860.310911971902,4397.119693656765,46911.04982885062,3551.2534466768116,50462.30327552743,1,6000.0,6000.0,HiGHS LP
0.85,2025-02-27,76764.42496593205,348.5577912110997,5799.094838713598,47082.135866287535,1689.47729612542,48771.613162412956,1,6000.0,6000.0,HiGHS LP
0.85,2025-02-28,34629.16036318384,720.9855258909515,8731.868415024059,17953.743152639276,2664.007345149403,20617.75049778868,1,6000.0,6000.0,HiGHS LP
0.85,2025-03-01,35622.09734774617,176.7835251820755,8789.393260456169,18582.30181639226,618.9159622918971,19201.217778684157,1,6000.0,6000.0,HiGHS LP
0.85,2025-03-02,73585.73417735353,4865.845533853212,1749.2967185985926,45169.191084190716,18080.42924749907,63249.62033168979,1,6000.0,6000.0,HiGHS LP
0.85,2025-03-03,76240.9504432866,2806.9729690358263,2654.254260948398,47153.7984329075,11161.213013071974,58315.01144597947,1,6000.0,6000.0,HiGHS LP
0.85,2025-03-04,77897.6459929972,404.31952507002336,4690.142027964631,48222.49418159628,1158.5729379590462,49381.06711955533,1,6000.0,6000.0,HiGHS LP
0.85,2025-03-05,78031.90174416557,290.5326540857902,7768.795512591303,48123.75691722194,1246.149965059437,49369.90688228137,1,6000.0,6000.0,HiGHS LP
0.85,2025-03-06,77951.85422293634,86.88151427860151,7688.1722436415075,48230.77605832995,263.15220536040476,48493.92826369036,1,6000.0,6000.0,HiGHS LP
0.85,2025-03-07,34017.976443735024,586.3575858558198,10488.145727747575,17988.679364945987,2420.8559348924528,20409.53529983844,1,6000.0,6000.0,HiGHS LP
0.85,2025-03-08,32953.329359052266,397.1948817121915,11196.249069272293,17581.16812882526,872.0168399694555,18453.184968794714,1,6000.0,6000.0,HiGHS LP
0.85,2025-03-09,73854.69439718472,261.7505443168086,6525.142386343541,45102.814886622,1186.4316562441963,46289.246542866196,1,6000.0,6000.0,HiGHS LP
0.85,2025-03-10,74000.65628972567,1707.9845513420046,3397.7515674639335,45237.9180716742,5145.397696511989,50383.315768186185,1,6000.0,6000.0,HiGHS LP
0.85,2025-03-11,74907.69083674572,221.35480633073004,6860.978598453745,45704.15590784982,795.6034449385611,46499.75935278838,1,6000.0,6000.0,HiGHS LP
0.85,2025-03-12,72180.42752691626,383.4568544232413,5930.497818798034,43717.58491841456,1337.0212575810756,45054.606175995636,1,6000.0,6000.0,HiGHS LP
0.85,2025-03-13,72697.07377731477,2473.143473935629,3420.720273515314,44214.795934242575,9213.242977199934,53428.038911442505,1,6000.0,6000.0,HiGHS LP
0.85,2025-03-14,32323.999009544023,335.58571734806264,13590.158743558753,17018.12108422106,1273.543684053369,18291.66476827443,1,6000.0,6000.0,HiGHS LP
0.85,2025-03-15,31660.639623474148,977.6985331595091,8674.213006633654,16504.518072377654,2850.6425588281763,19355.16063120583,1,6000.0,6000.0,HiGHS LP
0.85,2025-03-16,73128.18096869458,625.8164173139289,6197.50239411406,44486.980238769625,2532.9685751484517,47019.948813918076,1,6000.0,6000.0,HiGHS LP
0.85,2025-03-17,73220.74003589286,92.80674009327947,11244.220066904723,44359.41429962315,522.083451871973,44881.497751495124,1,6000.0,6000.0,HiGHS LP
0.85,2025-03-18,70370.74758964128,812.9554768537369,5912.713682644058,42291.244992644,4090.9533688595216,46382.19836150352,1,6000.0,6000.0,HiGHS LP
0.85,2025-03-19,71617.31871711485,247.77741383778508,8224.389106975805,43192.614792897,1236.1745235943683,44428.78931649137,1,6000.0,6000.0,HiGHS LP
0.85,2025-03-20,69577.66315889466,733.4838700583205,3956.376751222762,41825.19457068999,3279.977765269644,45105.172335959636,1,6000.0,6000.0,HiGHS LP
0.85,2025-03-21,31882.93760131464,132.32138928792358,16941.794473935894,16689.219179364274,476.8607406734357,17166.07992003771,1,6000.0,6000.0,HiGHS LP
0.85,2025-03-22,31529.19465850991,139.5230019779086,12747.517927154488,16353.453555499902,540.6330447402054,16894.08660024011,1,6000.0,6000.0,HiGHS LP
0.85,2025-03-23,71248.72678043491,194.6271283973452,8494.725287356712,42962.4676641589,834.2774487135326,43796.745112872435,1,6000.0,6000.0,HiGHS LP
0.85,2025-03-24,69655.0545001206,199.03377856707112,7720.382108713706,41904.13431737064,622.2169987209631,42526.351316091605,1,6000.0,6000.0,HiGHS LP
0.85,2025-03-25,70531.78052739231,520.5389850979063,5952.563483685115,42458.70318694216,2284.920131126081,44743.62331806825,1,6000.0,6000.0,HiGHS LP
0.85,2025-03-26,69065.32476755214,182.79918150068454,9521.455342877955,41375.96894964526,674.0490865653671,42050.01803621063,1,6000.0,6000.0,HiGHS LP
0.85,2025-03-27,68372.25865415102,428.41931168501185,5968.904833053558,40944.837847685056,1590.7892610240438,42535.6271087091,1,6000.0,6000.0,HiGHS LP
0.85,2025-03-28,30907.593062126576,230.07126258844258,17275.78355804835,15904.62471077596,900.3831858596817,16805.00789663564,1,6000.0,6000.0,HiGHS LP
0.85,2025-03-29,31679.18216463042,28.204941764626582,20960.17792306171,16373.256181565854,119.44508055609947,16492.701262121955,1,6000.0,6000.0,HiGHS LP
0.85,2025-03-30,66192.48127380884,325.6876360206862,7084.8721894608725,39427.03508615129,1292.8044680388193,40719.83955419011,1,6000.0,6000.0,HiGHS LP
0.85,2025-03-31,67523.76034463785,621.0378334487314,7089.791079140075,40387.66804487722,2804.309147267747,43191.977192144965,1,6000.0,6000.0,HiGHS LP
0.85,2025-04-01,65840.92601452183,1864.6079066705179,3395.784837702592,39209.80347863819,5301.295109254248,44511.09858789244,1,6000.0,6000.0,HiGHS LP
0.85,2025-04-02,65576.31773842013,2626.8261521427503,3662.5753370829925,39100.86851777094,10796.08189561993,49896.95041339087,1,6000.0,6000.0,HiGHS LP
0.85,2025-04-03,66479.38292570229,413.31236448783375,6926.720385703957,39540.14833642298,1945.306008963524,41485.454345386504,1,6000.0,6000.0,HiGHS LP
0.85,2025-04-04,29623.514450778777,197.28292083636924,20349.995121615146,14926.365399220851,853.6412897644552,15780.006688985306,1,6000.0,6000.0,HiGHS LP
0.85,2025-04-05,29659.499668161086,1203.1025746675373,15778.487259495287,14958.08207857603,5053.077041452301,20011.15912002833,1,6000.0,6000.0,HiGHS LP
0.85,2025-04-06,63663.788826950964,425.12324853638177,5601.815075985381,37721.69906270575,1778.5899186566155,39500.28898136237,1,6000.0,6000.0,HiGHS LP
0.85,2025-04-07,64549.828226462654,240.69837490377105,7468.645535215114,38268.54615644584,856.837748641125,39125.383905086965,1,6000.0,6000.0,HiGHS LP
0.85,2025-04-08,65123.945329860835,464.66983737455706,7149.363398390633,38676.32859511374,2023.6325822608565,40699.96117737459,1,6000.0,6000.0,HiGHS LP
0.85,2025-04-09,65943.68820283978,1110.278667172754,3827.126522307668,39314.40406142919,4093.508327615289,43407.912389044475,1,6000.0,6000.0,HiGHS LP
0.85,2025-04-10,65684.36088923835,442.58218667312275,7562.112839066953,39071.25342902243,1942.9459275198528,41014.19935654228,1,6000.0,6000.0,HiGHS LP
0.85,2025-04-11,29274.765477306497,297.20589486543025,21215.321205505265,14700.258078773833,1210.9241358834797,15911.182214657314,1,6000.0,6000.0,HiGHS LP
0.85,2025-04-12,29776.093797954745,245.70402311656886,17956.63727107131,15048.729239918635,746.1753164166394,15794.904556335274,1,6000.0,6000.0,HiGHS LP
0.85,2025-04-13,62065.89485879211,613.9787647994207,4371.038936825778,36812.68436771394,2596.179346019844,39408.86371373379,1,6000.0,6000.0,HiGHS LP
0.85,2025-04-14,61133.80705701551,583.6447897040171,5197.076229562205,36185.6574331139,2179.7159829053626,38365.37341601926,1,6000.0,6000.0,HiGHS LP
0.85,2025-04-15,61056.01190208469,616.8705348345145,7555.273562851128,36162.38206505315,2896.6371160304643,39059.01918108361,1,6000.0,6000.0,HiGHS LP
0.85,2025-04-16,60995.89367814887,1324.4664744708289,2622.7327988948446,36222.929660576534,4569.550836192904,40792.480496769436,1,6000.0,6000.0,HiGHS LP
0.85,2025-04-17,62895.33016015133,124.2815276614623,6135.612933189134,37384.21597801265,485.35005224039554,37869.566030253045,1,6000.0,6000.0,HiGHS LP
0.85,2025-04-18,28304.414106050994,201.22104792994364,19111.517970647605,14010.078534792196,765.2062603300741,14775.28479512227,1,6000.0,6000.0,HiGHS LP
0.85,2025-04-19,28899.63623936414,114.4963836780974,19189.453373042234,14441.38854783308,300.8008336328402,14742.18938146592,1,6000.0,6000.0,HiGHS LP
0.85,2025-04-20,62328.59908548933,311.74008953834107,6733.682198767834,36930.35082322322,1436.8513322314311,38367.20215545465,1,6000.0,6000.0,HiGHS LP
0.85,2025-04-21,63199.804165802554,99.06926433737988,10764.942495647625,37368.83916007723,235.2406335518864,37604.07979362912,1,6000.0,6000.0,HiGHS LP
0.85,2025-04-22,60007.89695328032,761.6770859450567,4789.029651911787,35519.31675307483,2782.38352237284,38301.70027544767,1,6000.0,6000.0,HiGHS LP
0.85,2025-04-23,63841.57420097959,65.99123367299399,8489.289987531032,37818.187933264504,158.6629668786933,37976.850900143196,1,6000.0,6000.0,HiGHS LP
0.85,2025-04-24,61537.36409306969,96.68006647182142,10657.69122248713,36399.36408744675,451.22791297740594,36850.592000424156,1,6000.0,6000.0,HiGHS LP
0.85,2025-04-25,27932.89308367555,101.89676475691135,22994.432198432463,13794.219625153746,372.214607612686,14166.434232766433,1,6000.0,6000.0,HiGHS LP
0.85,2025-04-26,27396.361832818875,514.4933724279294,24800.66157191347,13363.158592150652,2298.54327186556,15661.701864016213,1,6000.0,6000.0,HiGHS LP
0.85,2025-04-27,58177.96559750667,954.9512884980552,6875.155742827059,34277.801394902584,4104.506562534897,38382.30795743748,1,6000.0,6000.0,HiGHS LP
0.85,2025-04-28,59987.22048813048,3375.7023899752967,2995.7881317379406,35626.23075703526,12998.031293380249,48624.262050415506,1,6000.0,6000.0,HiGHS LP
0.85,2025-04-29,61318.408635675194,204.02979011051391,10247.163214540231,36292.18862101324,884.7849467952694,37176.97356780851,1,6000.0,6000.0,HiGHS LP
0.85,2025-04-30,58248.572385347725,538.2066737488583,6840.129897816907,34387.67670348051,1946.0484743707495,36333.72517785126,1,6000.0,6000.0,HiGHS LP
0.85,2025-05-01,59400.21804169188,2081.3648796276866,6785.335789674352,35377.935275177275,9921.361317855099,45299.29659303237,1,6000.0,6000.0,HiGHS LP
0.85,2025-05-02,29193.084991556767,2941.9278236721307,14804.692731895564,14944.274780473419,12087.132897800966,27031.407678274387,1,6000.0,6000.0,HiGHS LP
0.85,2025-05-03,30318.677098731394,735.1550486943667,19146.660497425764,15811.366129321957,3761.0331789814995,19572.39930830346,1,6000.0,6000.0,HiGHS LP
0.85,2025-05-04,61674.45619534062,879.9227665371711,7145.719573910234,37395.25706643223,3288.560115171463,40683.81718160369,1,6000.0,6000.0,HiGHS LP
0.85,2025-05-05,60079.8076808155,2780.658084097836,4124.192863350556,36383.82479367792,12490.23503069601,48874.05982437394,1,6000.0,6000.0,HiGHS LP
0.85,2025-05-06,62377.77198444148,1295.8625501508357,7176.1411604058385,37864.21118062323,5673.988096390288,43538.19927701352,1,6000.0,6000.0,HiGHS LP
0.85,2025-05-07,63739.749386121155,749.4179284831253,5754.320272652333,38694.55917400635,3514.8375504959463,42209.396724502294,1,6000.0,6000.0,HiGHS LP
0.85,2025-05-08,62845.3687238372,1195.496517698299,4503.6747351621725,38220.667501010335,4909.131094190089,43129.798595200424,1,6000.0,6000.0,HiGHS LP
0.85,2025-05-09,30697.897713412473,169.37459521704938,19327.886458629517,16392.856172929252,628.167377208498,17021.02355013775,1,6000.0,6000.0,HiGHS LP
0.85,2025-05-10,28949.547882185532,1440.8168716109944,15229.319470463188,14875.425564851374,6214.236912160808,21089.66247701218,1,6000.0,6000.0,HiGHS LP
0.85,2025-05-11,65250.77182780255,583.0307843190471,6571.84971599024,39771.49709827633,2568.3703489487125,42339.86744722504,1,6000.0,6000.0,HiGHS LP
0.85,2025-05-12,66079.82628907822,472.79296190329626,10806.04058895318,40340.04944073562,1168.1050512363702,41508.15449197199,1,6000.0,6000.0,HiGHS LP
0.85,2025-05-13,60857.78070278492,742.6644999539044,4902.759047883318,36760.29286937943,3362.7044820078772,40122.99735138731,1,6000.0,6000.0,HiGHS LP
0.85,2025-05-14,62238.88842013949,557.6868455309007,6165.752700342489,37565.65018516649,2147.7288506989366,39713.37903586542,1,6000.0,6000.0,HiGHS LP
0.85,2025-05-15,63673.76939217081,420.9977558925948,7659.7088441348615,38719.125729597145,1612.4365182487459,40331.56224784589,1,6000.0,6000.0,HiGHS LP
0.85,2025-05-16,30715.285258749598,126.41434909148819,25086.193074507748,16497.12160994141,351.6778193470936,16848.7994292885,1,6000.0,6000.0,HiGHS LP
0.85,2025-05-17,30609.420551684972,967.8017503622139,18088.423218713848,16361.512998459195,4194.193042813646,20555.70604127284,1,6000.0,6000.0,HiGHS LP
0.85,2025-05-18,64510.30735092245,645.8091633702263,7849.337059491197,39261.167003765004,2076.621099790126,41337.78810355513,1,6000.0,6000.0,HiGHS LP
0.85,2025-05-19,63728.2751618931,162.28612359995748,12759.711887097332,38457.52798682353,978.4958253843315,39436.02381220786,1,6000.0,6000.0,HiGHS LP
0.85,2025-05-20,63315.7337242126,531.310380848066,5694.155683141129,38316.17317028407,2376.369450407282,40692.542620691354,1,6000.0,6000.0,HiGHS LP
0.85,2025-05-21,62822.49812641024,765.1708052902796,8667.183936940397,38004.404117044585,2950.689054694075,40955.09317173866,1,6000.0,6000.0,HiGHS LP
0.85,2025-05-22,63920.66010671794,139.69206314187338,9624.537275350514,38766.145888848,695.9059563759852,39462.051845223985,1,6000.0,6000.0,HiGHS LP
0.85,2025-05-23,29342.73880199127,184.99155954041058,20066.781478198343,15444.036580984357,623.970352146328,16068.006933130684,1,6000.0,6000.0,HiGHS LP
0.85,2025-05-24,29581.749650574937,99.5111427257525,22886.75940996736,15546.106476687279,381.48266720323323,15927.589143890513,1,6000.0,6000.0,HiGHS LP
0.85,2025-05-25,61621.57010082648,281.2038727739305,9844.46939156943,37164.208403143464,1174.9521260395827,38339.16052918305,1,6000.0,6000.0,HiGHS LP
0.85,2025-05-26,60954.364205546655,1843.451695456206,4742.9118821886,36747.17938919579,7351.465590259464,44098.64497945526,1,6000.0,6000.0,HiGHS LP
0.85,2025-05-27,62354.12141485058,139.41293946617944,9520.666901761208,37748.78664491995,333.3260303929168,38082.11267531287,1,6000.0,6000.0,HiGHS LP
0.85,2025-05-28,63020.60911105152,758.781149495996,7923.069976982009,38043.90020493005,2821.892610536148,40865.79281546619,1,6000.0,6000.0,HiGHS LP
0.85,2025-05-29,62908.97390601212,801.6023355451466,5984.732382025079,38026.6019065572,3515.943210902483,41542.54511745969,1,6000.0,6000.0,HiGHS LP
0.85,2025-05-30,29281.827494370787,529.428396946515,20175.02262465064,15414.550419360634,1955.8321032311094,17370.382522591743,1,6000.0,6000.0,HiGHS LP
0.85,2025-05-31,29601.070914546115,480.65641275064735,18652.545777296757,15488.162702977303,1676.8820031089413,17165.044706086243,1,6000.0,6000.0,HiGHS LP
0.85,2025-06-01,67261.02575677985,9238.741595508749,1380.8980881138195,40769.562294883246,35245.71210071158,76015.27439559482,1,6000.0,6000.0,HiGHS LP
0.85,2025-06-02,72985.00430355594,4020.306939864861,4400.519597636848,45627.058148601085,15951.539192805565,61578.597341406654,1,6000.0,6000.0,HiGHS LP
0.85,2025-06-03,76562.22784906604,997.2584462113098,5202.920508973806,47654.68003294336,4167.853247538806,51822.53328048217,1,6000.0,6000.0,HiGHS LP
0.85,2025-06-04,79608.2767755862,1000.2124370880276,6716.080769583898,49764.99203615736,2857.5668149962676,52622.558851153626,1,6000.0,6000.0,HiGHS LP
0.85,2025-06-05,80289.12983516947,1170.2063735306624,6066.684858700126,50274.335552732446,4384.897209597566,54659.23276233001,1,6000.0,6000.0,HiGHS LP
0.85,2025-06-06,37869.62606355637,2167.553277617609,6142.183941173971,22089.546779734832,8639.176264857795,30728.723044592625,1,6000.0,6000.0,HiGHS LP
0.85,2025-06-07,39380.16812912049,458.4752047819776,5901.542252966034,22607.937038527525,1684.2295988442643,24292.16663737179,1,6000.0,6000.0,HiGHS LP
0.85,2025-06-08,90885.75749574811,0.0,21003.660995663253,57700.84633131069,0.0,57700.84633131069,0,6000.0,6000.0,HiGHS LP
0.85,2025-06-09,82465.07079590164,697.0274820312168,7898.094287023446,51423.6787596456,2882.499276122797,54306.1780357684,1,6000.0,6000.0,HiGHS LP
0.85,2025-06-10,84161.27150401886,279.0156144760316,8414.663695245887,52568.821674915635,839.9549674588902,53408.77664237453,1,6000.0,6000.0,HiGHS LP
0.85,2025-06-11,84401.4409476683,1087.296696548602,4942.783831359653,52749.90222392157,4872.525576572722,57622.42780049429,1,6000.0,6000.0,HiGHS LP
0.85,2025-06-12,88268.82259960439,234.93576971943486,11382.138929263809,55814.782789459656,984.7527401289583,56799.53552958861,1,6000.0,6000.0,HiGHS LP
0.85,2025-06-13,38340.305160309086,426.1701844585713,7568.947602619953,22059.45107776192,1958.5301424771699,24017.981220239093,1,6000.0,6000.0,HiGHS LP
0.85,2025-06-14,40406.92047858948,212.06963719224717,11810.377653974214,22988.850247183578,693.6302964808335,23682.480543664413,1,6000.0,6000.0,HiGHS LP
0.85,2025-06-15,83355.54059519418,218.0639347218069,8553.334119651747,52201.84613455112,727.1813609358562,52929.027495486975,1,6000.0,6000.0,HiGHS LP
0.85,2025-06-16,84509.6687550162,527.1031418733105,7739.666963274778,52725.14451307179,2043.339462364661,54768.48397543645,1,6000.0,6000.0,HiGHS LP
0.85,2025-06-17,85413.09858210705,1016.5674828223305,7159.296319514924,53386.54865858854,4398.198047417641,57784.746706006175,1,6000.0,6000.0,HiGHS LP
0.85,2025-06-18,86200.36573951234,209.23889267405292,10821.496109744647,53964.60994434533,990.476938844824,54955.08688319015,1,6000.0,6000.0,HiGHS LP
0.85,2025-06-19,84077.61824435307,319.3676535748138,11615.334545782476,52771.85229292802,1569.6051741123767,54341.457467040396,1,6000.0,6000.0,HiGHS LP
0.85,2025-06-20,39644.769131013556,29.249612094408008,14653.602057616645,22765.28157631687,100.53334201606398,22865.814918332933,1,6000.0,6000.0,HiGHS LP
0.85,2025-06-21,37712.65812113679,125.48612953656522,15463.403850673361,21749.106720218915,582.5120608247305,22331.618781043646,1,6000.0,6000.0,HiGHS LP
0.85,2025-06-22,82245.64486096051,244.0143236389688,10612.389666422461,51141.718066415604,836.0154797277853,51977.73354614339,1,6000.0,6000.0,HiGHS LP
0.85,2025-06-23,83756.6832048912,39.60135815409467,12233.225707608392,52369.9525226992,110.8816519958265,52480.834174695025,1,6000.0,6000.0,HiGHS LP
0.85,2025-06-24,78847.5271898713,3844.5543770383647,2084.9061004170826,48743.86054552336,14801.172356057516,63545.03290158088,1,6000.0,6000.0,HiGHS LP
0.85,2025-06-25,87116.25641363791,334.6047337284667,12345.435663656615,54769.42202812403,1049.9699300120012,55819.39195813603,1,6000.0,6000.0,HiGHS LP
0.85,2025-06-26,84579.31792862472,274.19537353401574,12660.1503312739,52798.442448525246,1357.3879891764514,54155.8304377017,1,6000.0,6000.0,HiGHS LP
0.85,2025-06-27,38071.04648794122,46.70143946632936,15537.6820282969,21723.031254891117,190.39359120407698,21913.424846095193,1,6000.0,6000.0,HiGHS LP
0.85,2025-06-28,38258.5664947633,88.2238531785313,13747.531312015195,21824.895088213394,208.55882663728715,22033.45391485068,1,6000.0,6000.0,HiGHS LP
0.85,2025-06-29,85299.08770620951,215.9838793304528,11616.860350957319,53418.1822523786,702.5426338880303,54120.72488626663,1,6000.0,6000.0,HiGHS LP
0.85,2025-06-30,84501.60105674504,572.1993814479139,10571.010239620278,52842.09139171097,1916.384053533199,54758.47544524417,1,6000.0,6000.0,HiGHS LP
0.85,2025-07-01,89682.21177174448,4041.0322687845573,10142.41631351874,56730.60419385856,13411.415510797218,70142.01970465577,1,6000.0,6000.0,HiGHS LP
0.85,2025-07-02,93609.88670559504,1166.0345642451025,17153.60793146647,59953.796201938385,2763.2984448710795,62717.09464680946,1,6000.0,6000.0,HiGHS LP
0.85,2025-07-03,92505.74755970963,1090.286931663174,9211.04520902886,59257.59970271721,3439.9178430682414,62697.51754578546,1,6000.0,6000.0,HiGHS LP
0.85,2025-07-04,44935.39975411429,741.4373076040642,13818.045865779539,27069.443229581047,2136.1381101192837,29205.58133970033,1,6000.0,6000.0,HiGHS LP
0.85,2025-07-05,46435.50893439334,304.2023228021958,14909.631290528872,27960.404821786244,749.1976678703381,28709.602489656583,1,6000.0,6000.0,HiGHS LP
0.85,2025-07-06,89720.6795355758,727.3673272375369,6307.262729605623,56849.98163744905,2987.370484019051,59837.352121468095,1,6000.0,6000.0,HiGHS LP
0.85,2025-07-07,92672.64322016438,213.28195357604307,14905.410880573283,58728.00893234872,505.76975868916224,59233.77869103788,1,6000.0,6000.0,HiGHS LP
0.85,2025-07-08,94344.76647367065,88.32000376241638,14354.52258854509,59806.15227113792,314.91469436279124,60121.066965500715,1,6000.0,6000.0,HiGHS LP
0.85,2025-07-09,88359.35565414763,165.33241390929902,10159.892279494237,55728.96689132291,919.0730029826329,56648.03989430554,1,6000.0,6000.0,HiGHS LP
0.85,2025-07-10,87622.6425682746,306.61221121318533,10773.95127206513,55294.28314751478,1100.082484773931,56394.36563228871,1,6000.0,6000.0,HiGHS LP
0.85,2025-07-11,45197.71520784395,782.5868448946842,10421.524902738634,26837.559906984447,2477.8153758153035,29315.37528279975,1,6000.0,6000.0,HiGHS LP
0.85,2025-07-12,45798.177819324526,241.02486122042845,11914.959347211628,27125.534760327188,752.2819643722914,27877.816724699478,1,6000.0,6000.0,HiGHS LP
0.85,2025-07-13,85080.52142492731,330.4256692257417,11872.815140974915,53270.23390157557,1562.8467701985783,54833.08067177415,1,6000.0,6000.0,HiGHS LP
0.85,2025-07-14,79809.19674723028,907.1931624326162,4831.588835652183,49971.883250017534,4044.6513740965866,54016.53462411412,1,6000.0,6000.0,HiGHS LP
0.85,2025-07-15,83741.57660860321,1232.516231881872,8023.939822563876,52546.7290958204,3509.6646099344366,56056.39370575484,1,6000.0,6000.0,HiGHS LP
0.85,2025-07-16,83426.26952413755,1165.0251311600787,8210.930391287256,52275.3108713657,4371.658300686816,56646.969172052515,1,6000.0,6000.0,HiGHS LP
0.85,2025-07-17,83182.32133364599,850.2824841584994,7101.99135666305,52079.74095046294,3698.3005785933738,55778.04152905631,1,6000.0,6000.0,HiGHS LP
0.85,2025-07-18,43784.616861206945,1097.5456868493352,10567.914448056279,25761.9451904019,3658.902242479164,29420.847432881066,1,6000.0,6000.0,HiGHS LP
0.85,2025-07-19,43897.25835899025,495.77455660175,14170.213865592003,25864.77362678881,1737.683151200633,27602.456777989442,1,6000.0,6000.0,HiGHS LP
0.85,2025-07-20,83597.77415103986,425.06505318206825,7784.082380387377,52423.9310789382,1438.273319841518,53862.204398779715,1,6000.0,6000.0,HiGHS LP
0.85,2025-07-21,81831.84689143211,1411.6130922224802,5158.461021968984,51186.19666062886,5341.786138146026,56527.98279877489,1,6000.0,6000.0,HiGHS LP
0.85,2025-07-22,85574.0403631693,541.9330637625809,8158.086532936658,53606.37619468768,2260.1227257747905,55866.498920462465,1,6000.0,6000.0,HiGHS LP
0.85,2025-07-23,85533.96766095725,566.9907516848043,7699.759682536879,53674.32807502986,2371.1123738611204,56045.44044889098,1,6000.0,6000.0,HiGHS LP
0.85,2025-07-24,84191.03625193826,1126.528456603786,7514.619064193448,52733.65797639674,4879.729082556563,57613.3870589533,1,6000.0,6000.0,HiGHS LP
0.85,2025-07-25,45347.611294066766,158.14841913540667,15960.44014653551,26963.37450862684,771.4024648916275,27734.776973518467,1,6000.0,6000.0,HiGHS LP
0.85,2025-07-26,45513.44133114137,452.8382120467885,14457.187976521482,26955.517487521305,1217.7683236913326,28173.285811212638,1,6000.0,6000.0,HiGHS LP
0.85,2025-07-27,85464.98404849516,661.2620681721711,8210.938041117708,53578.675401987086,2988.058836859028,56566.73423884611,1,6000.0,6000.0,HiGHS LP
0.85,2025-07-28,86226.58255503743,1460.3210540383247,5457.938180514953,54128.92994759283,5679.4090834488015,59808.33903104163,1,6000.0,6000.0,HiGHS LP
0.85,2025-07-29,86374.84998501034,1014.1146844240268,7053.115180516492,54164.81383616295,3873.1376850123884,58037.95152117534,1,6000.0,6000.0,HiGHS LP
0.85,2025-07-30,86067.4685486799,462.12686930057043,8170.324041316778,53968.54571504236,2306.1707619853923,56274.71647702775,1,6000.0,6000.0,HiGHS LP
0.85,2025-07-31,84105.93486131015,602.047677220326,5790.406390721804,52725.03818976182,2678.758967048083,55403.7971568099,1,6000.0,6000.0,HiGHS LP
0.85,2025-08-01,43650.542189350774,264.28762946941,19623.470152153517,25807.328106982943,960.3299936700029,26767.658100652945,1,6000.0,6000.0,HiGHS LP
0.85,2025-08-02,41843.83267126794,260.87682976875305,18137.684567703356,24425.8576387683,1155.1228715359155,25580.980510304213,1,6000.0,6000.0,HiGHS LP
0.85,2025-08-03,80065.1670800701,318.51573885453615,13510.59124804365,50273.12715594914,1293.4742962175233,51566.601452166666,1,6000.0,6000.0,HiGHS LP
0.85,2025-08-04,78988.38806354237,113.54465906410769,9735.36929472152,49750.22021162411,394.6028158221642,50144.82302744628,1,6000.0,6000.0,HiGHS LP
0.85,2025-08-05,78102.96350467237,163.56249081709706,9193.85749427968,49267.11202825379,652.6918399960936,49919.80386824988,1,6000.0,6000.0,HiGHS LP
0.85,2025-08-06,75199.46664666347,2296.4808732236106,5574.440420799587,47464.876864086815,9641.941403550172,57106.81826763699,1,6000.0,6000.0,HiGHS LP
0.85,2025-08-07,81920.87565372486,99.63082042009916,14531.9779066294,51659.09664449104,243.10524116310785,51902.20188565415,1,6000.0,6000.0,HiGHS LP
0.85,2025-08-08,41899.05394891127,196.25292548790492,23280.13562439917,24604.218611204487,779.7469288838387,25383.965540088328,1,6000.0,6000.0,HiGHS LP
0.85,2025-08-09,41037.093005866125,863.0644270780444,19938.228432944168,23917.62525805495,3377.473252085652,27295.098510140604,1,6000.0,6000.0,HiGHS LP
0.85,2025-08-10,73912.14148893504,974.4470839129222,5823.190471834684,46735.94304857886,3443.6993335001534,50179.642382079015,1,6000.0,6000.0,HiGHS LP
0.85,2025-08-11,77851.33421111348,368.4526628353774,9767.282257015733,49111.05056598041,1392.4018908940122,50503.452456874424,1,6000.0,6000.0,HiGHS LP
0.85,2025-08-12,76153.53646026885,1184.549800181186,5738.682699444293,48089.5391734964,4940.219714708557,53029.75888820496,1,6000.0,6000.0,HiGHS LP
0.85,2025-08-13,76331.68369701548,754.1204505672906,7078.93322664171,47911.10821708541,3223.5049275831843,51134.6131446686,1,6000.0,6000.0,HiGHS LP
0.85,2025-08-14,74598.28457081,998.0685862724583,5847.809497614457,47151.255671659135,4604.399510952122,51755.655182611255,1,6000.0,6000.0,HiGHS LP
0.85,2025-08-15,42504.372295016714,185.48851349994348,22490.133925183334,25048.687394613655,671.645423772527,25720.33281838618,1,6000.0,6000.0,HiGHS LP
0.85,2025-08-16,43445.892817435786,84.44226809497802,23561.0547188641,25656.152532839966,482.1540187330047,26138.30655157297,1,6000.0,6000.0,HiGHS LP
0.85,2025-08-17,72364.48969676958,958.3820907991434,6421.769816275972,45728.015263111694,4324.875545611942,50052.890808723634,1,6000.0,6000.0,HiGHS LP
0.85,2025-08-18,74677.1533229967,777.0635952925361,7271.517148935529,47445.66974571924,3774.6140937106397,51220.28383942988,1,6000.0,6000.0,HiGHS LP
0.85,2025-08-19,72439.31508150887,848.1584342798401,5181.814648952692,45924.69815438972,3659.0534632990516,49583.75161768877,1,6000.0,6000.0,HiGHS LP
0.85,2025-08-20,74720.92527666122,3545.334644692088,3783.1638755658046,47426.067422363805,14517.414230137765,61943.48165250157,1,6000.0,6000.0,HiGHS LP
0.85,2025-08-21,77462.83448175373,585.9859651882575,8201.88781488013,48915.677403878566,2450.4316579265574,51366.109061805124,1,6000.0,6000.0,HiGHS LP
0.85,2025-08-22,43243.484410888515,881.9136616708622,19854.82867255937,25561.618063094495,3487.066708335484,29048.68477142998,1,6000.0,6000.0,HiGHS LP
0.85,2025-08-23,42352.1861613915,280.5833305931115,17062.76334198461,24890.665633673274,1092.06063776461,25982.726271437885,1,6000.0,6000.0,HiGHS LP
0.85,2025-08-24,74601.99284464748,994.2530560620703,8030.361839426265,46942.5986482458,4344.786685961224,51287.38533420703,1,6000.0,6000.0,HiGHS LP
0.85,2025-08-25,74709.27657142843,3373.8300983585555,3484.154984256906,47303.02067391773,13330.993491517474,60634.014165435205,1,6000.0,6000.0,HiGHS LP
0.85,2025-08-26,76329.30996156546,732.733041790362,7578.943372578251,47930.234796652745,3125.8066262789985,51056.04142293175,1,6000.0,6000.0,HiGHS LP
0.85,2025-08-27,74180.18885533273,1784.0954893260985,4162.795114906459,46787.255156605686,8166.3386253491135,54953.5937819548,1,6000.0,6000.0,HiGHS LP
0.85,2025-08-28,77299.92573810086,2665.9716828128126,5145.358669736901,48660.49032928364,10709.215996428276,59369.706325711915,1,6000.0,6000.0,HiGHS LP
0.85,2025-08-29,40777.33550591692,1035.2401137027487,16217.35526961967,23885.39617809479,4358.622790265525,28244.018968360317,1,6000.0,6000.0,HiGHS LP
0.85,2025-08-30,41628.341777159716,662.5735673867036,20738.19551121308,24496.487753163587,2258.2125327692806,26754.700285932868,1,6000.0,6000.0,HiGHS LP
0.85,2025-08-31,77177.08191330938,636.4889657590285,7143.862587826257,48807.65579242871,2485.7997493500807,51293.45554177879,1,6000.0,6000.0,HiGHS LP
0.85,2025-09-01,72220.8688318283,360.1006842729487,15162.340210740607,45564.91057248032,1272.287542912825,46837.19811539315,1,6000.0,6000.0,HiGHS LP
0.85,2025-09-02,60023.93907399062,2069.661980304462,4322.101901546672,37364.02802254483,8936.714411752058,46300.74243429689,1,6000.0,6000.0,HiGHS LP
0.85,2025-09-03,62888.17165764824,1232.4781556500325,4646.714135423646,39082.17712711141,4333.005618498451,43415.18274560986,1,6000.0,6000.0,HiGHS LP
0.85,2025-09-04,63157.714086890555,1277.1431325178523,6659.412703955615,39135.074742754805,5656.910869122587,44791.98561187739,1,6000.0,6000.0,HiGHS LP
0.85,2025-09-05,35191.278111553846,113.67259412520605,25440.689039012388,19818.409195833825,387.5092061063878,20205.918401940213,1,6000.0,6000.0,HiGHS LP
0.85,2025-09-06,36466.16860088127,26.786863693217335,25731.871764574484,20731.09409991965,80.14764645655063,20811.2417463762,1,6000.0,6000.0,HiGHS LP
0.85,2025-09-07,63306.454539367616,1107.0811713444768,5580.070921377583,39233.87354286701,4126.552275175633,43360.42581804265,1,6000.0,6000.0,HiGHS LP
0.85,2025-09-08,55044.327072365275,9028.168230319327,755.9000078551447,33500.63411634923,35423.475824400884,68924.10994075012,1,6000.0,6000.0,HiGHS LP
0.85,2025-09-09,66917.29406898045,323.2388491443598,10130.578343727753,41271.401137390145,1496.1166128754335,42767.51775026558,1,6000.0,6000.0,HiGHS LP
0.85,2025-09-10,65824.83466581065,2653.1729476469964,3187.7136688870955,40757.532788560304,11453.240592983106,52210.77338154341,1,6000.0,6000.0,HiGHS LP
0.85,2025-09-11,67989.1358399365,418.286202869534,10756.212311433957,41802.29692557273,1861.261415911932,43663.55834148466,1,6000.0,6000.0,HiGHS LP
0.85,2025-09-12,34076.146525235265,342.4629305548974,19826.953255790162,18972.365430271973,1157.8059550439007,20130.171385315873,1,6000.0,6000.0,HiGHS LP
0.85,2025-09-13,34083.639936486514,227.95785915818493,23264.496312311363,18941.516916683315,817.3712962752759,19758.88821295859,1,6000.0,6000.0,HiGHS LP
0.85,2025-09-14,66342.46590391782,1734.5496622616981,3856.63078414785,41131.68606197809,6065.491852515941,47197.17791449404,1,6000.0,6000.0,HiGHS LP
0.85,2025-09-15,70999.80019859833,88.06900020523858,11850.996402127967,44162.80177477635,267.2368119538245,44430.038586730174,1,6000.0,6000.0,HiGHS LP
0.85,2025-09-16,68653.00120453566,1110.1535342008838,6127.581222977804,42704.31850497634,3202.3761803797543,45906.694685356095,1,6000.0,6000.0,HiGHS LP
0.85,2025-09-17,73515.52474194275,284.5638150826076,9645.035153206682,46068.51930344524,1196.5332638150066,47265.052567260245,1,6000.0,6000.0,HiGHS LP
0.85,2025-09-18,71019.25697586017,165.79092162381085,8064.28176744651,44331.81647320949,703.5420747250856,45035.35854793457,1,6000.0,6000.0,HiGHS LP
0.85,2025-09-19,35429.80992374395,342.48458580509555,16630.942192882383,19888.14467495975,838.8721420338136,20727.016816993564,1,6000.0,6000.0,HiGHS LP
0.85,2025-09-20,36456.744068406435,85.4655371245816,17856.775872197686,20582.82723251194,224.20966177619042,20807.03689428813,1,6000.0,6000.0,HiGHS LP
0.85,2025-09-21,71935.36049971466,240.9417302248876,9719.702429718447,44917.747652089616,691.6545846675165,45609.40223675713,1,6000.0,6000.0,HiGHS LP
0.85,2025-09-22,70093.10663338703,564.8141310461076,5903.814030752259,43677.604229748424,1963.610066097412,45641.214295845835,1,6000.0,6000.0,HiGHS LP
0.85,2025-09-23,71192.02737051432,631.4243387415993,5564.89346250393,44435.396712234695,2679.2817403638146,47114.67845259851,1,6000.0,6000.0,HiGHS LP
0.85,2025-09-24,69935.37747766101,621.999974092075,5351.212061930236,43554.395305959326,1785.4823833809987,45339.87768934033,1,6000.0,6000.0,HiGHS LP
0.85,2025-09-25,72241.73537631804,306.27253718022774,8066.568289413747,45246.608668231755,1232.7498273702427,46479.358495602,1,6000.0,6000.0,HiGHS LP
0.85,2025-09-26,37561.76673313785,4.819742074265719,16825.223261048835,21359.59668194785,16.336423126912393,21375.93310507476,1,6000.0,6000.0,HiGHS LP
0.85,2025-09-27,36319.926732729975,718.0952535281066,16196.719736258085,20396.66405920266,2496.9983765797288,22893.66243578239,1,6000.0,6000.0,HiGHS LP
0.85,2025-09-28,73756.60906881592,387.8628718131847,6482.122687264456,46137.6702378072,1579.3172654719783,47716.987503279175,1,6000.0,6000.0,HiGHS LP
0.85,2025-09-29,74589.91382640501,111.6460244393336,7753.982753438304,46764.38092723878,403.41661309430003,47167.79754033308,1,6000.0,6000.0,HiGHS LP
0.85,2025-09-30,75905.36724762776,236.99416926828675,6522.3196271630295,47719.94837266536,1122.9929353386156,48842.94130800398,1,6000.0,6000.0,HiGHS LP
0.85,2025-10-01,75087.44009377026,17.319643182725144,21236.878118933808,47059.85691725111,37.79146142470626,47097.64837867582,1,6000.0,6000.0,HiGHS LP
0.85,2025-10-02,72476.64339830138,153.6303460043838,16747.037237799683,45073.827020182915,351.3176802139028,45425.14470039682,1,6000.0,6000.0,HiGHS LP
0.85,2025-10-03,33770.36893806594,87.288774891853,23000.504012957797,18466.932310508186,190.2174840664679,18657.149794574652,1,6000.0,6000.0,HiGHS LP
0.85,2025-10-04,34165.56733842292,143.6741139528159,18173.25901904241,18668.634958954033,465.40640217580136,19134.041361129835,1,6000.0,6000.0,HiGHS LP
0.85,2025-10-05,71559.67294227339,100.27127055339133,12774.059481945009,44377.60052668693,216.62362301972075,44594.22414970665,1,6000.0,6000.0,HiGHS LP
0.85,2025-10-06,72010.32280544125,8.49027892270783,10135.176502775721,44679.88412916286,18.430812235424646,44698.31494139829,1,6000.0,6000.0,HiGHS LP
0.85,2025-10-07,71057.27348576392,39.0474380793753,9194.04969353753,44003.31278864715,84.20427649926239,44087.517065146414,1,6000.0,6000.0,HiGHS LP
0.85,2025-10-08,71456.61841277289,17.125092024554306,10854.053269751766,43732.61421772408,90.44265754642242,43823.05687527051,1,6000.0,6000.0,HiGHS LP
0.85,2025-10-09,69192.70353771413,78.04688552343816,9414.25905496018,42260.10975049567,344.1717745775228,42604.281525073195,1,6000.0,6000.0,HiGHS LP
0.85,2025-10-10,34243.6048944888,34.02562152747177,21850.470155661926,18188.687933712725,104.02007733073972,18292.708011043465,1,6000.0,6000.0,HiGHS LP
0.85,2025-10-11,34812.440957329,11.334101088949865,17618.40035657961,18389.026179757042,48.64146091445452,18437.667640671498,1,6000.0,6000.0,HiGHS LP
0.85,2025-10-12,68571.73755787134,303.97238091103014,6268.802087943656,41921.66358839334,1282.0760720576177,43203.739660450956,1,6000.0,6000.0,HiGHS LP
0.85,2025-10-13,68232.31758693508,89.32093663220746,7207.802121359637,41787.74596997982,391.5031988182766,42179.249168798095,1,6000.0,6000.0,HiGHS LP
0.85,2025-10-14,67931.16694761455,575.9054143065871,3647.549426174108,41588.77191798707,2395.305219178446,43984.077137165514,1,6000.0,6000.0,HiGHS LP
0.85,2025-10-15,68666.59075945601,1095.700497773612,3757.026768133708,42149.73746016294,4467.8603764185045,46617.597836581444,1,6000.0,6000.0,HiGHS LP
0.85,2025-10-16,69315.20167936973,1532.8783268279103,3780.013368678946,42594.59988331054,6539.469078090953,49134.06896140149,1,6000.0,6000.0,HiGHS LP
0.85,2025-10-17,34754.95811215308,215.11272029600582,15773.383119971182,18348.212920766553,977.0562395073954,19325.269160273947,1,6000.0,6000.0,HiGHS LP
0.85,2025-10-18,34329.39678983962,303.56630988285144,15396.246196726403,18105.625061707455,1114.6812822556972,19220.30634396315,1,6000.0,6000.0,HiGHS LP
0.85,2025-10-19,70574.5921588869,1308.7749553358292,3827.8705758053507,43239.208475406886,5707.122093251602,48946.330568658486,1,6000.0,6000.0,HiGHS LP
0.85,2025-10-20,71448.45611004948,1182.3551407299078,3989.393508846344,43977.85487091466,5472.144576043389,49449.999446958056,1,6000.0,6000.0,HiGHS LP
0.85,2025-10-21,71982.40023702724,1461.4317485906436,2758.8430161165206,44325.14024103007,5216.079316787552,49541.219557817625,1,6000.0,6000.0,HiGHS LP
0.85,2025-10-22,72338.89409248311,1408.000220494749,3920.6842195008962,44331.804972626334,6691.596756336956,51023.40172896329,1,6000.0,6000.0,HiGHS LP
0.85,2025-10-23,74231.21662842248,65.40600799668897,6520.86093919941,45743.16883398357,280.43605950232575,46023.60489348589,1,6000.0,6000.0,HiGHS LP
0.85,2025-10-24,34070.70684449647,384.753627770647,12800.434902299354,17808.6737472371,1622.3182455645574,19430.991992801657,1,6000.0,6000.0,HiGHS LP
0.85,2025-10-25,34773.759183149436,159.70412493060564,12288.990517300903,18378.144944727333,445.66809032381104,18823.813035051146,1,6000.0,6000.0,HiGHS LP
0.85,2025-10-26,74658.11313078579,211.57492270217708,5900.621702249076,46102.31722208809,717.5967076525551,46819.913929740644,1,6000.0,6000.0,HiGHS LP
0.85,2025-10-27,74000.52798778153,755.1712937833706,6779.228442332222,45504.235424807244,2977.1571887958567,48481.3926136031,1,6000.0,6000.0,HiGHS LP
0.85,2025-10-28,74413.3904926178,340.48890905716723,4348.77573223569,45886.834480195845,1425.7801416663378,47312.61462186218,1,6000.0,6000.0,HiGHS LP
0.85,2025-10-29,75468.94854004681,1492.7437928756576,3198.1891150084343,46676.682525093034,5451.242049426566,52127.9245745196,1,6000.0,6000.0,HiGHS LP
0.85,2025-10-30,76652.47765325503,194.78878420815226,7583.876925166055,47598.38393295364,891.3118991144192,48489.695832068064,1,6000.0,6000.0,HiGHS LP
0.85,2025-10-31,36084.26243670923,510.5121302551072,9312.611396206916,19249.745948520263,1523.316311835091,20773.062260355353,1,6000.0,6000.0,HiGHS LP
0.85,2025-11-01,36479.316816474355,100.97943708063252,10629.553116411105,19474.876981022266,241.2552560468171,19716.132237069083,1,6000.0,6000.0,HiGHS LP
0.85,2025-11-02,77327.88080353242,408.38380559145793,4480.219797694304,47929.60678041999,1847.2471153835932,49776.853895803586,1,6000.0,6000.0,HiGHS LP
0.85,2025-11-03,77965.5850227136,601.5075232682707,4613.4602881718165,48540.603331706436,1675.1558120494194,50215.75914375586,1,6000.0,6000.0,HiGHS LP
0.85,2025-11-04,79812.1585958387,208.69817125355485,7998.305487753555,49807.228048879406,790.7382821798291,50597.96633105924,1,6000.0,6000.0,HiGHS LP
0.85,2025-11-05,80360.46167201489,128.81545558053898,6376.719287096345,50338.83428893292,390.7800841550754,50729.614373088,1,6000.0,6000.0,HiGHS LP
0.85,2025-11-06,77641.18599203267,1303.2143964468125,3149.9307980665058,48155.1009428772,5686.559532659005,53841.660475536206,1,6000.0,6000.0,HiGHS LP
0.85,2025-11-07,36020.05317012737,371.39082078787806,9639.259064292077,19129.61825247035,1648.362266175966,20777.980518646316,1,6000.0,6000.0,HiGHS LP
0.85,2025-11-08,37049.502969363704,63.912008864505424,9850.317161393234,19800.07345394368,199.1790020558883,19999.25245599957,1,6000.0,6000.0,HiGHS LP
0.85,2025-11-09,80049.24672685264,366.99773393495866,4663.042617204445,49986.71235925864,1514.0440700568015,51500.75642931544,1,6000.0,6000.0,HiGHS LP
0.85,2025-11-10,81803.53133735477,433.51821005022515,3929.426314328429,51326.508693580654,1630.1118206063816,52956.62051418704,1,6000.0,6000.0,HiGHS LP
0.85,2025-11-11,81616.44332237115,194.00427432414597,5799.384585122842,51121.0792353842,669.1405920755618,51790.21982745976,1,6000.0,6000.0,HiGHS LP
0.85,2025-11-12,83002.73003964774,47.51851446417368,7622.1385988273105,52253.19713622812,150.26817335459958,52403.465309582716,1,6000.0,6000.0,HiGHS LP
0.85,2025-11-13,82350.53112910847,285.04671490123627,5777.841446620422,51836.7699197889,938.1893875365049,52774.95930732541,1,6000.0,6000.0,HiGHS LP
0.85,2025-11-14,37242.03688388328,99.75416895969988,6211.3096965932855,19914.505864811526,261.92850209229954,20176.434366903824,1,6000.0,6000.0,HiGHS LP
0.85,2025-11-15,37698.49776510625,136.12546008953166,6052.114190759661,20149.042104077518,483.01458157047625,20632.056685647993,1,6000.0,6000.0,HiGHS LP
0.85,2025-11-16,82903.68899613798,511.8225925861055,4460.878683326411,52057.891152232776,2014.9785833899164,54072.86973562269,1,6000.0,6000.0,HiGHS LP
0.85,2025-11-17,85279.48432549323,117.615271434654,8076.176968653672,53898.30171377443,253.08595134601592,54151.38766512045,1,6000.0,6000.0,HiGHS LP
0.85,2025-11-18,81715.37383012194,900.5543623928444,3266.0890159837472,51111.58009751623,3386.15105227378,54497.73114979001,1,6000.0,6000.0,HiGHS LP
0.85,2025-11-19,83483.13916873068,279.6830490405502,3865.4020909935416,52438.83417202636,1021.1310279142217,53459.96519994058,1,6000.0,6000.0,HiGHS LP
0.85,2025-11-20,84576.96135172778,226.56286255784678,5429.30555380521,53363.22890566281,851.4079884080844,54214.63689407089,1,6000.0,6000.0,HiGHS LP
0.85,2025-11-21,39110.79438286588,191.56919425007663,6803.910259800231,20819.984016572907,450.3130106515421,21270.29702722445,1,6000.0,6000.0,HiGHS LP
0.85,2025-11-22,38365.52976280838,235.74097601149614,4786.290092053211,20315.04130792399,792.6918304815069,21107.7331384055,1,6000.0,6000.0,HiGHS LP
0.85,2025-11-23,84944.0032449688,458.85840949068023,5560.270493704595,53463.47520946672,1927.714387475407,55391.189596942124,1,6000.0,6000.0,HiGHS LP
0.85,2025-11-24,85537.19872141824,241.36213365998742,6987.380951911095,53990.26124833958,765.7227986209532,54755.98404696053,1,6000.0,6000.0,HiGHS LP
0.85,2025-11-25,86538.40611132828,135.3799167029866,5825.107447401306,54703.18781653562,439.3704384499341,55142.55825498555,1,6000.0,6000.0,HiGHS LP
0.85,2025-11-26,85451.37672559243,270.77918601765134,4315.420531877817,53842.5515264836,1071.6113665826235,54914.16289306623,1,6000.0,6000.0,HiGHS LP
0.85,2025-11-27,86913.89795129119,167.0431220963219,6619.091492503714,55060.50088288545,680.1625031126459,55740.663385998094,1,6000.0,6000.0,HiGHS LP
0.85,2025-11-28,39043.93841855916,310.04030997813106,4797.668294833152,20700.98543829394,1398.797642989899,22099.78308128384,1,6000.0,6000.0,HiGHS LP
0.85,2025-11-29,41073.48198590667,1362.7699277819393,3782.7567544481226,21903.05744285923,4430.6974960923435,26333.754938951573,1,6000.0,6000.0,HiGHS LP
0.85,2025-11-30,89294.35491411325,71.38524266114331,4402.57870677439,56742.707166646054,247.03939023796755,56989.74655688402,1,6000.0,6000.0,HiGHS LP
0.85,2025-12-01,88321.44713640198,4339.596539576142,1643.7826093114684,55992.83238855428,15697.084083390233,71689.91647194451,1,6000.0,6000.0,HiGHS LP
0.85,2025-12-02,93450.42189299627,2595.598488470342,2632.9751292081514,60210.039987368495,8910.135353745296,69120.17534111379,1,6000.0,6000.0,HiGHS LP
0.85,2025-12-03,94115.20166583222,1268.0322407664937,3479.1275016803925,60043.760841099065,4288.154014622822,64331.91485572189,1,6000.0,6000.0,HiGHS LP
0.85,2025-12-04,95884.42922214096,496.68555752312204,4831.478499235687,61462.56024066819,1855.6279293266466,63318.188169994835,1,6000.0,6000.0,HiGHS LP
0.85,2025-12-05,50150.73764689785,551.8961545182319,5323.5703589244695,26332.208233919926,2325.35133526583,28657.559569185756,1,6000.0,6000.0,HiGHS LP
0.85,2025-12-06,52034.88713575702,480.4813559053629,4774.712584910302,27520.1459430527,1502.9638359766,29023.1097790293,1,6000.0,6000.0,HiGHS LP
0.85,2025-12-07,98056.79532164337,359.0891162226538,5947.788160520215,62994.7356770944,1388.800116488314,64383.53579358272,1,6000.0,6000.0,HiGHS LP
0.85,2025-12-08,95330.14239382108,1616.6466271391118,4345.609897972166,60201.041148511315,7493.783744837584,67694.8248933489,1,6000.0,6000.0,HiGHS LP
0.85,2025-12-09,99179.65727071874,227.715986471049,7177.650659825368,63633.65349186148,1129.8823073072856,64763.53579916876,1,6000.0,6000.0,HiGHS LP
0.85,2025-12-10,96943.79658499271,472.5055146489858,4213.982563945951,62010.87423219938,1917.7023002200226,63928.5765324194,1,6000.0,6000.0,HiGHS LP
0.85,2025-12-11,100037.124254681,88.99463318028904,9294.68577776591,64507.43310138106,317.53277389908254,64824.96587528014,1,6000.0,6000.0,HiGHS LP
0.85,2025-12-12,50425.18373649601,812.0292256623302,3445.7012368312116,26407.67081105783,2569.85751829008,28977.528329347908,1,6000.0,6000.0,HiGHS LP
0.85,2025-12-13,55428.493859072245,56.66118056158814,7575.65885358083,29546.682279705397,271.9924869404019,29818.6747666458,1,6000.0,6000.0,HiGHS LP
0.85,2025-12-14,99612.94487063814,121.84349989224398,6094.613365567906,64050.95317801169,478.7212968490205,64529.67447486071,1,6000.0,6000.0,HiGHS LP
0.85,2025-12-15,100099.08437375099,223.47953592358414,5983.693125183021,64412.82809844664,748.578709995998,65161.40680844264,1,6000.0,6000.0,HiGHS LP
0.85,2025-12-16,99292.20437777191,130.94780582937148,5150.921402510616,63736.6440712044,563.5409333367029,64300.185004541105,1,6000.0,6000.0,HiGHS LP
0.85,2025-12-17,101039.45695602812,110.50474095815991,8085.805122429585,65055.6506735306,387.4706723468845,65443.12134587749,1,6000.0,6000.0,HiGHS LP
0.85,2025-12-18,98837.83408899105,285.56443061664066,6906.919293395318,63438.91473722662,847.7447535557208,64286.659490782346,1,6000.0,6000.0,HiGHS LP
0.85,2025-12-19,53730.22496590071,81.57193653119691,6812.427939935411,28327.130709942576,407.86752506253066,28734.998235005107,1,6000.0,6000.0,HiGHS LP
0.85,2025-12-20,53767.386414331064,140.85476848950677,6952.889453935433,28365.854753414635,436.43221966566534,28802.2869730803,1,6000.0,6000.0,HiGHS LP
0.85,2025-12-21,98422.42100383429,513.5332349273328,5043.530220816494,63093.9655377821,1650.4340779190038,64744.3996157011,1,6000.0,6000.0,HiGHS LP
0.85,2025-12-22,100853.26409118224,131.5276784346362,7170.698019616886,64862.06771609582,419.92370756524184,65281.991423661064,1,6000.0,6000.0,HiGHS LP
0.85,2025-12-23,100685.91497910467,82.03124692845222,8633.18702603312,64724.911312897864,389.16942394770365,65114.080736845564,1,6000.0,6000.0,HiGHS LP
0.85,2025-12-24,99418.45896687687,117.88433839033723,6817.444210361891,63852.18007453665,297.31126727054766,64149.491341807196,1,6000.0,6000.0,HiGHS LP
0.85,2025-12-25,99024.84687181696,222.01486289266754,6568.951622881979,63607.46139007936,760.5245334167712,64367.98592349613,1,6000.0,6000.0,HiGHS LP
0.85,2025-12-26,52893.80785638695,95.00670598593047,5889.097771733125,27791.690506594998,367.7580549952865,28159.448561590285,1,6000.0,6000.0,HiGHS LP
0.85,2025-12-27,54414.58936478305,75.69084339476854,7032.87788197424,28751.622454383236,316.44590929559536,29068.06836367883,1,6000.0,6000.0,HiGHS LP
0.85,2025-12-28,98125.83320699114,234.3903845122535,6683.54991591046,62858.264455990146,1043.642978058092,63901.90743404824,1,6000.0,6000.0,HiGHS LP
0.85,2025-12-29,98379.200577312,202.33126660064465,6204.573156824594,62984.23360128768,847.2773191952309,63831.510920482906,1,6000.0,6000.0,HiGHS LP
0.85,2025-12-30,100086.52939833776,42.77824783151186,9028.23837950261,64401.31205512693,214.4069569844726,64615.7190121114,1,6000.0,6000.0,HiGHS LP
0.85,2025-12-31,97450.32072172512,478.727564618016,4435.540157073145,62353.756695213684,1812.3686917353562,64166.12538694904,1,6000.0,6000.0,HiGHS LP
0.9,2025-02-01,49441.99569768937,18.07855933892455,11064.566312161121,25933.224868136218,73.69734321920191,26006.92221135542,1,6000.0,6000.0,HiGHS LP
0.9,2025-02-02,93052.25205405435,32.43558285162476,10010.076353572636,58862.92763109223,203.3434360611156,59066.27106715334,1,6000.0,6000.0,HiGHS LP
0.9,2025-02-03,93267.81995643649,27.563204894766244,8360.133327997926,59033.87434519697,121.48901176774532,59155.36335696471,1,6000.0,6000.0,HiGHS LP
0.9,2025-02-04,93209.56888164769,242.9832768079299,7544.952613988438,59014.69812398999,951.3928914498866,59966.09101543988,1,6000.0,6000.0,HiGHS LP
0.9,2025-02-05,88690.79586425875,667.3102218885092,3950.8343981034723,55479.17680834414,2617.454447517263,58096.63125586141,1,6000.0,6000.0,HiGHS LP
0.9,2025-02-06,94474.89935108722,0.0,9485.508801087226,60095.756685902015,0.0,60095.756685902015,0,6000.0,6000.0,HiGHS LP
0.9,2025-02-07,45269.78173896442,30.918767556893926,9586.979711420832,23586.801005461813,126.10510259398467,23712.9061080558,1,6000.0,6000.0,HiGHS LP
0.9,2025-02-08,43958.54049286428,31.34538913667093,8519.912157864655,22826.926888826303,141.05057219951166,22967.977461025814,1,6000.0,6000.0,HiGHS LP
0.9,2025-02-09,86963.52904757709,820.8114719092266,3595.8884133038737,54600.27386823403,2675.8166849982363,57276.090553232265,1,6000.0,6000.0,HiGHS LP
0.9,2025-02-10,90458.18183349729,2.069734141664071,11457.149159850853,57089.14028555872,13.935519975824192,57103.07580553454,1,6000.0,6000.0,HiGHS LP
0.9,2025-02-11,90840.55113049172,0.0,10921.9829772876,57467.3457737368,0.0,57467.3457737368,0,6000.0,6000.0,HiGHS LP
0.9,2025-02-12,86438.77927219494,145.09837687063416,6696.508231266185,54024.94814367968,630.8877512648648,54655.83589494454,1,6000.0,6000.0,HiGHS LP
0.9,2025-02-13,86311.57269683611,212.82577272965386,10579.824448731973,54204.238452753605,544.2351472533924,54748.473600007,1,6000.0,6000.0,HiGHS LP
0.9,2025-02-14,41634.46495164058,143.1727859239797,8175.523323917849,21847.001137915464,418.51824521522343,22265.519383130686,1,6000.0,6000.0,HiGHS LP
0.9,2025-02-15,38480.47280365207,250.63939416611933,5781.832907687918,20270.183094731452,945.084098863533,21215.267193594984,1,6000.0,6000.0,HiGHS LP
0.9,2025-02-16,83069.47323527017,598.5107553241323,3885.1490568437434,51763.36303027746,2257.5822962615184,54020.94532653898,1,6000.0,6000.0,HiGHS LP
0.9,2025-02-17,83312.41341058482,164.24274048845882,7884.628801072462,51844.05343379752,616.6166688239198,52460.670102621436,1,6000.0,6000.0,HiGHS LP
0.9,2025-02-18,84248.94338088462,27.26671387562679,7766.921116191412,52644.898096351186,84.25521152660839,52729.153307877794,1,6000.0,6000.0,HiGHS LP
0.9,2025-02-19,82240.61344160544,474.36021691713563,5433.979608522568,51172.17640644242,1501.2229015068026,52673.39930794922,1,6000.0,6000.0,HiGHS LP
0.9,2025-02-20,83263.37475147174,91.4840576386938,7960.05840911043,51813.451693083145,352.04101810140565,52165.49271118455,1,6000.0,6000.0,HiGHS LP
0.9,2025-02-21,37323.81367786035,107.43254792125214,8349.898777092447,19616.056401732774,261.6980182231863,19877.75441995596,1,6000.0,6000.0,HiGHS LP
0.9,2025-02-22,38696.06252148774,26.92943569894203,7301.202922724172,20553.55532404503,121.36713321807436,20674.922457263106,1,6000.0,6000.0,HiGHS LP
0.9,2025-02-23,82006.44350762921,376.01951640684536,6448.942674036069,51066.85010218632,902.3799894345991,51969.23009162092,1,6000.0,6000.0,HiGHS LP
0.9,2025-02-24,79704.89340267715,225.9698217311693,7323.573231623796,49096.784929717265,987.5505648396525,50084.335494556915,1,6000.0,6000.0,HiGHS LP
0.9,2025-02-25,78499.14378979837,190.5725175262811,8487.961932662682,48338.526034449365,579.0170791307763,48917.54311358014,1,6000.0,6000.0,HiGHS LP
0.9,2025-02-26,77870.1947259043,629.9018435109904,5322.145388099096,47729.628521286504,2557.1715200771296,50286.80004136363,1,6000.0,6000.0,HiGHS LP
0.9,2025-02-27,77908.54699399188,223.6755465707922,6810.95068963259,47871.79322759005,1086.6098861466169,48958.40311373667,1,6000.0,6000.0,HiGHS LP
0.9,2025-02-28,35160.98428478344,521.957983976852,9045.81663341968,18286.808776379963,2013.1230737550595,20299.93185013502,1,6000.0,6000.0,HiGHS LP
0.9,2025-03-01,36204.86630096298,144.92501962880834,9317.492647257195,18945.515702660563,462.9282050886935,19408.443907749257,1,6000.0,6000.0,HiGHS LP
0.9,2025-03-02,74788.36923500441,4287.268925929877,2367.839956635411,45990.16230204454,16068.702142098824,62058.864444143364,1,6000.0,6000.0,HiGHS LP
0.9,2025-03-03,77369.30172328124,2264.0590843434957,3231.7951835962886,47931.05178456259,9173.463844645607,57104.515629208196,1,6000.0,6000.0,HiGHS LP
0.9,2025-03-04,79053.97285486499,216.5723364425493,5668.052579186813,49049.65169538399,590.8130089142235,49640.46470429821,1,6000.0,6000.0,HiGHS LP
0.9,2025-03-05,79147.10384619949,182.35183450508094,8787.454641177423,48927.763760304486,786.6507217766857,49714.41448208117,1,6000.0,6000.0,HiGHS LP
0.9,2025-03-06,79093.15680708959,32.229456904096764,8782.295958227085,49049.69444056827,68.3481827156391,49118.04262328391,1,6000.0,6000.0,HiGHS LP
0.9,2025-03-07,34520.774756782914,385.83573518071563,10772.097733280703,18317.090123648093,1685.3350164456817,20002.425140093776,1,6000.0,6000.0,HiGHS LP
0.9,2025-03-08,33452.618067475356,282.2517877578616,11562.222166448491,17900.962801495632,618.7168675728398,18519.67966906847,1,6000.0,6000.0,HiGHS LP
0.9,2025-03-09,75128.14079634556,162.42763247326565,7612.09731289141,45947.23582113609,815.4986166637696,46762.73443779986,1,6000.0,6000.0,HiGHS LP
0.9,2025-03-10,75288.49395831829,1357.1641659728116,4238.4698767269,46100.6430862007,3974.0335766330795,50074.67666283378,1,6000.0,6000.0,HiGHS LP
0.9,2025-03-11,76327.83832355557,103.42567630311197,8073.355800476881,46656.41357316807,347.82569757982174,47004.239270747894,1,6000.0,6000.0,HiGHS LP
0.9,2025-03-12,73528.44860584341,242.4645507398576,7105.294252767947,44638.957041086556,815.387902033963,45454.34494312052,1,6000.0,6000.0,HiGHS LP
0.9,2025-03-13,74076.68646651717,1843.9361724475334,4129.043741674105,45139.256671886025,7047.162623640952,52186.419295526975,1,6000.0,6000.0,HiGHS LP
0.9,2025-03-14,32820.861469157186,156.14669292941264,13907.582178753264,17332.28014177148,550.7993807036006,17883.07952247508,1,6000.0,6000.0,HiGHS LP
0.9,2025-03-15,32136.536505059332,593.3685653293651,8765.77992038869,16806.336768197492,1741.0788756343204,18547.415643831813,1,6000.0,6000.0,HiGHS LP
0.9,2025-03-16,74555.49072213868,406.6769721232645,7369.860000534595,45462.989286744276,1640.430903754403,47103.42019049868,1,6000.0,6000.0,HiGHS LP
0.9,2025-03-17,74642.65258817024,73.52144337884454,12613.52399448595,45319.60403658467,420.6334948570658,45740.23753144174,1,6000.0,6000.0,HiGHS LP
0.9,2025-03-18,71826.15090176242,661.1720047072201,7185.552550669236,43269.278090343956,3406.050043372177,46675.32813371613,1,6000.0,6000.0,HiGHS LP
0.9,2025-03-19,73040.24088123666,160.9839355985804,9532.164446731465,44157.323143700705,829.2040940695263,44986.527237770235,1,6000.0,6000.0,HiGHS LP
0.9,2025-03-20,71033.945750641,534.1768626717615,5191.895128600601,42800.21616222935,2418.045805166761,45218.26196739611,1,6000.0,6000.0,HiGHS LP
0.9,2025-03-21,32387.132791544303,60.314764296050726,17373.983039173683,17026.261076747265,193.05545813735904,17219.316534884623,1,6000.0,6000.0,HiGHS LP
0.9,2025-03-22,32037.45599050657,36.30199362166266,13152.558250794897,16693.403286440745,131.63608467283265,16825.039371113577,1,6000.0,6000.0,HiGHS LP
0.9,2025-03-23,72681.74693104057,114.53369489958277,9822.090444856967,43946.128934323,438.105967678183,44384.23490200118,1,6000.0,6000.0,HiGHS LP
0.9,2025-03-24,71131.2107404625,113.46408487598893,9093.498135671492,42908.31621472132,332.79947778900635,43241.11569251033,1,6000.0,6000.0,HiGHS LP
0.9,2025-03-25,72011.05242237622,283.0645987123752,7178.325802959334,43479.9364325551,1301.348029016075,44781.28446157117,1,6000.0,6000.0,HiGHS LP
0.9,2025-03-26,70572.44907645659,122.1351824001639,10954.754807094452,42409.49938631581,409.38264113843826,42818.882027454245,1,6000.0,6000.0,HiGHS LP
0.9,2025-03-27,69869.69338789106,274.6552776043444,7300.214779629869,41966.19411745164,982.0967179274426,42948.290835379084,1,6000.0,6000.0,HiGHS LP
0.9,2025-03-28,31384.278510615546,179.98642736103358,17702.384171309917,16227.58027069748,696.0712172529168,16923.651487950396,1,6000.0,6000.0,HiGHS LP
0.9,2025-03-29,32183.682412793183,7.1057676479957195,21443.57899710784,16717.11368392571,30.267017296637768,16747.380701222348,1,6000.0,6000.0,HiGHS LP
0.9,2025-03-30,67703.03854428619,226.00983065089912,8487.226688659714,40403.823633034255,861.3580946620532,41265.18172769631,1,6000.0,6000.0,HiGHS LP
0.9,2025-03-31,69078.8437074784,404.31836498053474,8418.53221572292,41386.36502925758,1873.591761841375,43259.95679109895,1,6000.0,6000.0,HiGHS LP
0.9,2025-04-01,67191.52354819597,1303.2484664258382,4179.651620321452,40062.00645613561,3621.807553373846,43683.81400950946,1,6000.0,6000.0,HiGHS LP
0.9,2025-04-02,67271.9542034532,1546.8273060962392,4274.540275946946,40103.405978152776,7320.251581446613,47423.65755959939,1,6000.0,6000.0,HiGHS LP
0.9,2025-04-03,68109.71664331178,243.4797687700945,8383.5488274731,40585.689543799155,1171.878799515701,41757.56834331486,1,6000.0,6000.0,HiGHS LP
0.9,2025-04-04,30094.251962805545,128.56813490040432,20752.017847705945,15233.335379171076,565.8648445786963,15799.200223749773,1,6000.0,6000.0,HiGHS LP
0.9,2025-04-05,30091.716804706924,970.9715364879291,15978.57335786152,15242.512041399414,4099.24318430701,19341.755225706424,1,6000.0,6000.0,HiGHS LP
0.9,2025-04-06,64937.127941950384,310.4529380316159,6756.834153707815,38490.13570811435,1337.3391341793272,39827.474842293675,1,6000.0,6000.0,HiGHS LP
0.9,2025-04-07,65869.96171085336,106.9887024371703,8651.133177853993,39098.03987949398,393.45820414359036,39491.498083637576,1,6000.0,6000.0,HiGHS LP
0.9,2025-04-08,66703.11344178767,331.0309917666863,8591.088450766438,39653.36132395164,1422.5612941293452,41075.922618080986,1,6000.0,6000.0,HiGHS LP
0.9,2025-04-09,67528.79290849181,563.5997490758737,4861.748095919653,40307.68565357561,2194.7887479921533,42502.474401567764,1,6000.0,6000.0,HiGHS LP
0.9,2025-04-10,67037.03420530076,303.2518308140417,8766.5998910255,39948.91210514968,1345.7579031750345,41294.67000832471,1,6000.0,6000.0,HiGHS LP
0.9,2025-04-11,29694.733283251568,223.6520845627594,21561.735201147665,14984.42582539202,896.5195041380457,15880.945329530066,1,6000.0,6000.0,HiGHS LP
0.9,2025-04-12,30258.09120813514,205.65785381810684,18398.588511953243,15379.04619857754,563.1561028783659,15942.202301455905,1,6000.0,6000.0,HiGHS LP
0.9,2025-04-13,63525.986792835036,343.55636757477,5513.403904411696,37676.09034460223,1469.6172622326362,39145.70760683486,1,6000.0,6000.0,HiGHS LP
0.9,2025-04-14,62489.90233452284,383.4538638981652,6314.876873248031,36997.81085280568,1473.000453705827,38470.8113065115,1,6000.0,6000.0,HiGHS LP
0.9,2025-04-15,62408.33704007247,360.31304489376066,8612.462932077482,36965.1309178964,1720.988087407858,38686.11900530426,1,6000.0,6000.0,HiGHS LP
0.9,2025-04-16,62352.720314218925,821.3146197979701,3425.9013076390793,37018.02731236214,2863.1446005401135,39881.17191290225,1,6000.0,6000.0,HiGHS LP
0.9,2025-04-17,64298.15051176018,58.024825010530634,7410.087924218515,38221.96479961461,201.12419564454154,38423.08899525915,1,6000.0,6000.0,HiGHS LP
0.9,2025-04-18,28761.662708047836,135.41944934380788,19502.96497405831,14322.127298262172,522.2707454988509,14844.398043761023,1,6000.0,6000.0,HiGHS LP
0.9,2025-04-19,29363.624589515897,83.13963303108346,19622.08497254698,14769.611744107577,203.14906235578508,14972.760806463362,1,6000.0,6000.0,HiGHS LP
0.9,2025-04-20,63683.28757912145,200.08423907926294,7930.027507822204,37742.30772603121,923.4220510634483,38665.72977709466,1,6000.0,6000.0,HiGHS LP
0.9,2025-04-21,64518.42594378342,64.46229693255884,12005.379962898318,38159.58236444098,141.31247638489234,38300.89484082587,1,6000.0,6000.0,HiGHS LP
0.9,2025-04-22,61344.909187896366,483.196966840705,5805.667624819242,36297.64911536571,1832.721993697525,38130.371109063235,1,6000.0,6000.0,HiGHS LP
0.9,2025-04-23,65155.27532007759,48.42111415812872,9727.080267879119,38616.780012596195,103.46105997714301,38720.241072573335,1,6000.0,6000.0,HiGHS LP
0.9,2025-04-24,62860.75517003689,52.79394510268253,11883.477597164427,37188.12909252171,266.3416238882313,37454.470716409945,1,6000.0,6000.0,HiGHS LP
0.9,2025-04-25,28387.642456011126,54.96233776501248,23402.247143776138,14110.406868382008,160.830108530522,14271.236976912529,1,6000.0,6000.0,HiGHS LP
0.9,2025-04-26,27859.11019117532,291.1203732134653,25040.036931055456,13673.489515554262,1287.0984492334471,14960.587964787708,1,6000.0,6000.0,HiGHS LP
0.9,2025-04-27,59484.16466147706,768.4605768577353,7979.053722521213,35052.394086904154,3286.4209578865734,38338.815044790725,1,6000.0,6000.0,HiGHS LP
0.9,2025-04-28,61335.1300595576,2631.58569164761,3550.4922706925067,36405.23076638885,10105.880645330075,46511.11141171893,1,6000.0,6000.0,HiGHS LP
0.9,2025-04-29,62712.01173978168,153.37633892993193,11526.873690815995,37100.62463758178,658.5326627506643,37759.157300332445,1,6000.0,6000.0,HiGHS LP
0.9,2025-04-30,59675.15065848335,305.40617443319746,8012.772828314548,35220.91357060317,1121.9253926233207,36342.83896322649,1,6000.0,6000.0,HiGHS LP
0.9,2025-05-01,60606.798808223175,1771.6720702423327,7680.052134779056,36101.53900233032,8518.904482376623,44620.44348470694,1,6000.0,6000.0,HiGHS LP
0.9,2025-05-02,29649.388918278928,2423.7610161336574,14742.829851079248,15254.214934425112,9872.961241768518,25127.17617619363,1,6000.0,6000.0,HiGHS LP
0.9,2025-05-03,30862.116989499533,560.6784165509026,19515.62375605043,16207.907307224363,2922.872173121047,19130.77948034541,1,6000.0,6000.0,HiGHS LP
0.9,2025-05-04,62949.50993937327,628.9909188689055,8120.6133643927205,38156.56636958601,2378.2135529103534,40534.77992249637,1,6000.0,6000.0,HiGHS LP
0.9,2025-05-05,61348.56812347694,2187.732745298918,4846.692093966943,37179.94095271065,9885.939879059872,47065.88083177052,1,6000.0,6000.0,HiGHS LP
0.9,2025-05-06,63938.57254424519,918.8014376557924,8290.980411384757,38781.23990373482,4050.885915991025,42832.12581972585,1,6000.0,6000.0,HiGHS LP
0.9,2025-05-07,65363.014218676835,404.02569508007605,6954.202366577656,39668.645881671866,1884.1892473906773,41552.83512906254,1,6000.0,6000.0,HiGHS LP
0.9,2025-05-08,64387.10264828461,777.4605067007487,5557.050447998384,39168.6637883002,3337.592705810396,42506.256494110596,1,6000.0,6000.0,HiGHS LP
0.9,2025-05-09,31340.141889238075,86.90976420230663,19887.665803440384,16879.199547004304,293.715353544102,17172.914900548407,1,6000.0,6000.0,HiGHS LP
0.9,2025-05-10,29550.639350281916,1022.7961458302748,15412.390212778857,15326.121979694428,4328.127834011715,19654.24981370614,1,6000.0,6000.0,HiGHS LP
0.9,2025-05-11,66871.21580897778,300.95543362159816,7805.111479780043,40745.811986586894,1378.66105971883,42124.47304630572,1,6000.0,6000.0,HiGHS LP
0.9,2025-05-12,67665.347440117,384.3547187713789,12202.041433792834,41307.10903918318,918.7789139287293,42225.88795311191,1,6000.0,6000.0,HiGHS LP
0.9,2025-05-13,62458.43257024017,381.82161080507535,6110.060633872009,37752.94660461115,1622.1376140411523,39375.0842186523,1,6000.0,6000.0,HiGHS LP
0.9,2025-05-14,63859.765379233766,331.2948489082696,7477.594106028389,38551.8724516792,1302.372684121811,39854.24513580101,1,6000.0,6000.0,HiGHS LP
0.9,2025-05-15,65230.68741814389,273.0357531047656,8993.803792451432,39680.559125440755,1038.1877380802337,40718.74686352099,1,6000.0,6000.0,HiGHS LP
0.9,2025-05-16,31381.041750317618,88.3576269214604,25713.892843905738,16994.552590746123,250.12584685956347,17244.678437605686,1,6000.0,6000.0,HiGHS LP
0.9,2025-05-17,31276.30079971563,638.309793116339,18425.81150949863,16879.090217621593,2745.7351844650334,19624.825402086626,1,6000.0,6000.0,HiGHS LP
0.9,2025-05-18,66031.70274097116,419.02574626426906,9067.366062044957,40220.47477107417,1221.0977052113517,41441.572476285524,1,6000.0,6000.0,HiGHS LP
0.9,2025-05-19,65283.48591881457,107.52663707477882,14183.34519196542,39431.07875522997,703.8078718188445,40134.88662704882,1,6000.0,6000.0,HiGHS LP
0.9,2025-05-20,64867.45468446755,281.87872913719303,6921.860850750081,39284.015209050456,1268.2550887018438,40552.2702977523,1,6000.0,6000.0,HiGHS LP
0.9,2025-05-21,64329.73179002246,569.6446269511796,9900.426641642684,38933.717259639176,2156.2162200548314,41089.93347969401,1,6000.0,6000.0,HiGHS LP
0.9,2025-05-22,65439.72353787462,82.39654352571519,11006.26919051047,39703.79389371275,418.91588898756294,40122.70978270031,1,6000.0,6000.0,HiGHS LP
0.9,2025-05-23,30004.875091257352,107.90442183968182,20651.8306297637,15934.89328087874,353.81163484982574,16288.704915728566,1,6000.0,6000.0,HiGHS LP
0.9,2025-05-24,30201.42732952832,48.12665608284749,23455.052602277836,16011.105211054508,186.8466695898718,16197.95188064438,1,6000.0,6000.0,HiGHS LP
0.9,2025-05-25,63085.980301152056,148.97882238282682,11114.206664225738,38076.45755146153,627.7442337358074,38704.201785197336,1,6000.0,6000.0,HiGHS LP
0.9,2025-05-26,62437.33867511171,1552.6522509001977,5895.643652830594,37710.9858564037,6117.862862609646,43828.848719013346,1,6000.0,6000.0,HiGHS LP
0.9,2025-05-27,63823.98638098202,60.4993189134949,10854.214039331868,38690.853814450194,130.84198035787918,38821.695794808074,1,6000.0,6000.0,HiGHS LP
0.9,2025-05-28,64455.15531756003,499.09237499929816,9039.443359485022,38973.30603469086,1858.9348073323304,40832.24084202319,1,6000.0,6000.0,HiGHS LP
0.9,2025-05-29,64362.72646542774,462.1535738908701,7044.979873771511,38957.83826688405,1989.339196265661,40947.17746314971,1,6000.0,6000.0,HiGHS LP
0.9,2025-05-30,29844.441154863693,355.0888166301723,20563.296704827197,15837.75806955071,1289.618303378692,17127.3763729294,1,6000.0,6000.0,HiGHS LP
0.9,2025-05-31,30146.596186407423,310.9830248748541,19028.397661282277,15879.352690069914,1047.2246891834598,16926.577379253373,1,6000.0,6000.0,HiGHS LP
0.9,2025-06-01,68795.32046329055,8041.634436835335,1648.67193762259,41691.97477135096,30365.394941025028,72057.36971237598,1,6000.0,6000.0,HiGHS LP
0.9,2025-06-02,74608.36299546892,3205.6093031347605,5155.466593135485,46721.81483949713,12572.463173498625,59294.278012995754,1,6000.0,6000.0,HiGHS LP
0.9,2025-06-03,78208.6719988605,662.9878781134757,6468.363145552403,48834.438871682105,2752.3955868463986,51586.8344585285,1,6000.0,6000.0,HiGHS LP
0.9,2025-06-04,81321.23239446024,654.565254355559,8087.203498815794,51066.21189713567,1769.031416174436,52835.24331331011,1,6000.0,6000.0,HiGHS LP
0.9,2025-06-05,82126.5186130941,740.6715391916641,7466.345938207326,51641.753212211894,2645.431515191918,54287.184727403815,1,6000.0,6000.0,HiGHS LP
0.9,2025-06-06,38702.835730267616,1582.369586507034,6390.20991677465,22682.710508479933,6398.265473845954,29080.975982325886,1,6000.0,6000.0,HiGHS LP
0.9,2025-06-07,41110.46049487521,252.73119291546575,7584.597193788983,23660.6332829034,788.697581910322,24449.33086481372,1,6000.0,6000.0,HiGHS LP
0.9,2025-06-08,92716.390619629,0.0,22813.134019629004,59037.440774125906,0.0,59037.440774125906,0,6000.0,6000.0,HiGHS LP
0.9,2025-06-09,84336.32594477135,416.4471161779633,9460.694836117633,52776.15673959537,1706.820660310402,54482.97739990577,1,6000.0,6000.0,HiGHS LP
0.9,2025-06-10,86022.79929804927,139.51606105008213,10108.617701928071,53918.72044137922,355.75016631173526,54274.47060769096,1,6000.0,6000.0,HiGHS LP
0.9,2025-06-11,86372.33210425463,761.6794139874108,6494.152911516447,54136.50129437755,3494.1231751598166,57630.62446953737,1,6000.0,6000.0,HiGHS LP
0.9,2025-06-12,90277.227877788,161.17747839444957,13289.297407887163,57252.651544634304,742.4975003327875,57995.14904496709,1,6000.0,6000.0,HiGHS LP
0.9,2025-06-13,40217.59383482229,207.86884525769216,9420.958512369492,23180.517282104556,952.3226032880456,24132.8398853926,1,6000.0,6000.0,HiGHS LP
0.9,2025-06-14,42492.40430214734,132.43105533163958,13788.108431890818,24166.020958717847,405.1651164814788,24571.186075199326,1,6000.0,6000.0,HiGHS LP
0.9,2025-06-15,85488.66215953711,64.32956394534344,10422.138164868484,53727.533488520436,205.5535099941932,53933.08699851463,1,6000.0,6000.0,HiGHS LP
0.9,2025-06-16,86515.95101071251,328.9615179610546,9518.00410962351,54226.32958471929,1241.3090494820156,55467.63863420131,1,6000.0,6000.0,HiGHS LP
0.9,2025-06-17,87385.88317260356,663.2366366998041,8752.079849206864,54840.90052951986,2992.4363141883987,57833.33684370825,1,6000.0,6000.0,HiGHS LP
0.9,2025-06-18,88249.69483960271,101.24323110089142,12730.33567115676,55455.68848299346,505.45563010611374,55961.14411309957,1,6000.0,6000.0,HiGHS LP
0.9,2025-06-19,86269.89280784281,209.15593174112627,13605.056713534681,54325.51720369707,1009.2294214801764,55334.74662517724,1,6000.0,6000.0,HiGHS LP
0.9,2025-06-20,41771.6476028642,8.088257461094543,16770.279862607036,23976.700686171967,39.964667871415564,24016.665354043384,1,6000.0,6000.0,HiGHS LP
0.9,2025-06-21,39037.708227635885,58.27176288585605,16757.41590740334,22663.646478528273,316.4687801448525,22980.115258673126,1,6000.0,6000.0,HiGHS LP
0.9,2025-06-22,84430.2364966739,117.18683920478304,12557.501651249586,52683.53055714225,384.600075288393,53068.13063243064,1,6000.0,6000.0,HiGHS LP
0.9,2025-06-23,85909.70731205367,11.876134841311568,14251.11768649016,53896.00034661132,25.925636024509956,53921.92598263583,1,6000.0,6000.0,HiGHS LP
0.9,2025-06-24,80938.86280165172,2807.380959442731,3108.492132040091,50259.38707973019,10800.343439186638,61059.73051891683,1,6000.0,6000.0,HiGHS LP
0.9,2025-06-25,89265.99882004647,176.62795256006945,14307.81615233997,56348.04516808509,544.7393133710925,56892.78448145618,1,6000.0,6000.0,HiGHS LP
0.9,2025-06-26,86700.59577233542,143.55943317956076,14621.407098073349,54361.77309715662,773.3165598139929,55135.08965697061,1,6000.0,6000.0,HiGHS LP
0.9,2025-06-27,39941.9209917659,22.863400221511483,17579.480477761826,22830.90874870846,114.10132785187852,22945.010076560342,1,6000.0,6000.0,HiGHS LP
0.9,2025-06-28,40159.86548557377,35.29247243735597,15794.525102471851,22972.537110948477,84.0618264952854,23056.598937443763,1,6000.0,6000.0,HiGHS LP
0.9,2025-06-29,87466.64942079288,111.08938779716914,13650.717202318936,55036.376733726654,317.65464036664855,55354.031374093305,1,6000.0,6000.0,HiGHS LP
0.9,2025-06-30,86563.32432907153,419.5020657124512,12454.671131134739,54368.5856471837,1433.5238396093769,55802.10948679308,1,6000.0,6000.0,HiGHS LP
0.9,2025-07-01,91634.19185635768,3524.9362456948916,11574.250735385906,58200.927888423015,11648.403477186763,69849.33136560977,1,6000.0,6000.0,HiGHS LP
0.9,2025-07-02,95581.91277393009,978.5963056943848,18937.409379624478,61422.9086414358,2312.4454062639625,63735.354047699766,1,6000.0,6000.0,HiGHS LP
0.9,2025-07-03,94619.74281637763,793.9675500630807,10979.930435844331,60773.1604549156,2537.5576958698325,63310.71815078543,1,6000.0,6000.0,HiGHS LP
0.9,2025-07-04,46872.283656085056,502.93357846242986,15701.972510759788,28196.480564715504,1414.6111066882422,29611.091671403745,1,6000.0,6000.0,HiGHS LP
0.9,2025-07-05,48003.32853458562,200.75332729305723,16468.9524552888,28916.357283964546,490.0123011888493,29406.369585153396,1,6000.0,6000.0,HiGHS LP
0.9,2025-07-06,92154.9327542012,375.4726478167988,8275.255830858128,58525.34748774113,1682.8813249340108,60208.22881267514,1,6000.0,6000.0,HiGHS LP
0.9,2025-07-07,94919.42785951201,133.61516849790894,17040.897110158607,60350.47819040215,284.11149263386926,60634.58968303602,1,6000.0,6000.0,HiGHS LP
0.9,2025-07-08,96551.37515013851,34.03537609382579,16452.10247157758,61343.77720993146,131.51848177412057,61475.29569170558,1,6000.0,6000.0,HiGHS LP
0.9,2025-07-09,90609.10533529932,109.21741792178375,12318.669563701209,57314.749438053164,641.1909950545496,57955.94043310772,1,6000.0,6000.0,HiGHS LP
0.9,2025-07-10,89641.77390644567,181.60265722236107,12649.621732213694,56687.85742756253,711.9015251481006,57399.75895271063,1,6000.0,6000.0,HiGHS LP
0.9,2025-07-11,46201.879500091636,431.9535504759703,11075.055900567599,27496.985678088953,1529.821287107378,29026.80696519633,1,6000.0,6000.0,HiGHS LP
0.9,2025-07-12,46829.202927667764,89.34607213169319,12794.30566646612,27811.93322013986,247.3054242126987,28059.23864435256,1,6000.0,6000.0,HiGHS LP
0.9,2025-07-13,87027.45124284136,219.3176863118547,13701.84838293627,54619.30595292085,1035.074533958096,55654.380486878945,1,6000.0,6000.0,HiGHS LP
0.9,2025-07-14,81883.12818333879,449.98113600028177,6398.937519232255,51263.02830559491,2218.2992457093533,53481.32755130426,1,6000.0,6000.0,HiGHS LP
0.9,2025-07-15,85666.72029508946,888.2028938268589,9560.403892086744,53842.402235387824,2380.9740708858562,56223.37630627368,1,6000.0,6000.0,HiGHS LP
0.9,2025-07-16,85423.35448890491,759.1298350075289,9796.95649138795,53677.042985045744,2984.920546589865,56661.96353163561,1,6000.0,6000.0,HiGHS LP
0.9,2025-07-17,85337.40249894821,554.652846133908,8931.181981526184,53543.6795694092,2352.7352518314647,55896.414821240665,1,6000.0,6000.0,HiGHS LP
0.9,2025-07-18,44855.55520064843,722.5088603229794,11263.81596097141,26495.49485579432,2147.524438941577,28643.0192947359,1,6000.0,6000.0,HiGHS LP
0.9,2025-07-19,44912.13976609264,250.58422411442666,14939.90494020707,26556.680041278014,820.3954780795084,27377.075519357524,1,6000.0,6000.0,HiGHS LP
0.9,2025-07-20,85603.96229944674,233.0143732548517,9508.670217024373,53698.17443224329,786.8940883704676,54485.068520613764,1,6000.0,6000.0,HiGHS LP
0.9,2025-07-21,83939.75845963747,807.8300591316611,6550.25422755686,52497.06963197822,3152.631044382225,55649.700676360444,1,6000.0,6000.0,HiGHS LP
0.9,2025-07-22,87683.5200389672,285.5684999043308,9933.75356185617,55031.780261970736,1180.8049512657976,56212.58521323653,1,6000.0,6000.0,HiGHS LP
0.9,2025-07-23,87520.3100965993,306.57685858909224,9392.024473176789,55008.59525500909,1316.1455435581822,56324.74079856727,1,6000.0,6000.0,HiGHS LP
0.9,2025-07-24,86113.5974338729,712.3409255468424,8983.53384830147,54017.1339418385,3172.0472545684215,57189.18119640693,1,6000.0,6000.0,HiGHS LP
0.9,2025-07-25,46250.648764028316,112.00753301882462,16817.33673038047,27565.19355119768,526.5520282542802,28091.745579451963,1,6000.0,6000.0,HiGHS LP
0.9,2025-07-26,46396.21934151207,271.18214589039735,15158.309920735795,27535.072675383155,694.3459410199432,28229.418616403098,1,6000.0,6000.0,HiGHS LP
0.9,2025-07-27,87190.69533500395,451.9709621258762,9709.084853365053,54771.44222142773,2040.5977231251832,56812.03994455291,1,6000.0,6000.0,HiGHS LP
0.9,2025-07-28,87945.97621917658,990.5885062010165,6725.754397764438,55353.07463599648,3841.154106787455,59194.22874278394,1,6000.0,6000.0,HiGHS LP
0.9,2025-07-29,88019.83119227906,724.7891121116877,8424.211218255798,55358.608333219956,2673.5407156629817,58032.14904888294,1,6000.0,6000.0,HiGHS LP
0.9,2025-07-30,87592.81789194411,250.06101937247888,9492.586945236246,55073.20359084348,1226.2133283761718,56299.41691921965,1,6000.0,6000.0,HiGHS LP
0.9,2025-07-31,85615.61283959489,382.770285016738,7058.191473461069,53787.27020451351,1707.9221502408668,55495.19235475438,1,6000.0,6000.0,HiGHS LP
0.9,2025-08-01,44402.53471707483,183.55859105068208,20294.73364145885,26325.87507321998,652.2895202280179,26978.164593447997,1,6000.0,6000.0,HiGHS LP
0.9,2025-08-02,42533.63451878345,159.1777483532291,18725.787333803353,24915.426435345824,678.2495332359047,25593.675968581727,1,6000.0,6000.0,HiGHS LP
0.9,2025-08-03,81588.53991767482,198.3262977657297,14860.386293025258,51218.56805594267,768.1056614102467,51986.67371735292,1,6000.0,6000.0,HiGHS LP
0.9,2025-08-04,80570.1419362983,62.5873016329424,11189.648797450489,50682.011458267414,198.22314587826963,50880.234604145684,1,6000.0,6000.0,HiGHS LP
0.9,2025-08-05,79670.25483000866,69.30467793383333,10593.550900712782,50178.056311329885,281.04098908741827,50459.09730041731,1,6000.0,6000.0,HiGHS LP
0.9,2025-08-06,76733.95609559,1922.1504224377072,6671.976452557214,48344.624674991035,8049.34627207044,56393.970947061476,1,6000.0,6000.0,HiGHS LP
0.9,2025-08-07,83422.3270095145,67.65957738015248,15963.709218620817,52614.864611066245,165.46354143118063,52780.32815249742,1,6000.0,6000.0,HiGHS LP
0.9,2025-08-08,42551.94399347407,115.88343283799509,23852.656176312066,25062.789714447492,485.1657489928549,25547.955463440347,1,6000.0,6000.0,HiGHS LP
0.9,2025-08-09,41634.57267366946,534.5455554676815,20207.189229137144,24339.928932760602,2119.3077748487167,26459.236707609318,1,6000.0,6000.0,HiGHS LP
0.9,2025-08-10,75496.28074395529,528.7824490564267,6895.708222650774,47648.43021292562,1781.4656545738167,49429.895867499436,1,6000.0,6000.0,HiGHS LP
0.9,2025-08-11,79456.35829393205,201.39945340142486,11128.763075773924,50050.7921468712,687.5123602437535,50738.30450711495,1,6000.0,6000.0,HiGHS LP
0.9,2025-08-12,77801.77021919328,868.5826073619371,6990.701444721689,49033.064967023856,3587.260620692842,52620.325587716696,1,6000.0,6000.0,HiGHS LP
0.9,2025-08-13,78205.70134463586,547.252671819607,8648.089359668946,48988.952525908986,2377.642671244344,51366.59519715333,1,6000.0,6000.0,HiGHS LP
0.9,2025-08-14,76628.84954494903,689.6241423313593,7473.328704628886,48294.11919559806,3363.9770023528395,51658.0961979509,1,6000.0,6000.0,HiGHS LP
0.9,2025-08-15,43118.02878374717,122.66908929242707,23040.970989706268,25481.04361140001,445.29886169743986,25926.34247309745,1,6000.0,6000.0,HiGHS LP
0.9,2025-08-16,44094.46223190565,43.04790714505597,24168.22977238404,26120.055892628334,261.407629874397,26381.46352250273,1,6000.0,6000.0,HiGHS LP
0.9,2025-08-17,74188.19765974434,681.2357044912213,7931.650905550146,46797.35357133935,3191.24846805141,49988.60203939076,1,6000.0,6000.0,HiGHS LP
0.9,2025-08-18,76550.569788366,407.28279748273235,8690.71628409321,48497.715254291325,1942.4036797449583,50440.11893403628,1,6000.0,6000.0,HiGHS LP
0.9,2025-08-19,74283.20363190655,566.0839205403946,6692.56870921474,46992.561355177626,2646.426766497536,49638.98812167516,1,6000.0,6000.0,HiGHS LP
0.9,2025-08-20,76598.20365314432,2688.2113307103427,4728.096012513261,48518.82100179556,11161.362375105553,59680.183376901114,1,6000.0,6000.0,HiGHS LP
0.9,2025-08-21,79559.13949100145,203.55018236267497,9815.908099618977,50136.24856662705,916.231101751068,51052.47966837812,1,6000.0,6000.0,HiGHS LP
0.9,2025-08-22,43928.187594690564,612.260504818688,20269.878699509252,26028.58394089267,2400.2914620683478,28428.875402961017,1,6000.0,6000.0,HiGHS LP
0.9,2025-08-23,43015.43247966945,118.49571613111846,17563.922045800566,25341.181280308687,465.1950207369692,25806.376301045657,1,6000.0,6000.0,HiGHS LP
0.9,2025-08-24,76473.74212649718,560.1622063960568,9349.159345782058,48029.19754139022,2501.023324655551,50530.22086604577,1,6000.0,6000.0,HiGHS LP
0.9,2025-08-25,76492.90952829472,2568.9372289167754,4362.819946308135,48335.85548200496,10267.615017816497,58603.47049982146,1,6000.0,6000.0,HiGHS LP
0.9,2025-08-26,78153.47511187187,474.78298129778733,9035.017079869482,49003.32794812973,2016.5482456611405,51019.87619379087,1,6000.0,6000.0,HiGHS LP
0.9,2025-08-27,76053.8914754068,1180.2663185655342,5341.178698967718,47876.899672941756,5411.322232838699,53288.221905780454,1,6000.0,6000.0,HiGHS LP
0.9,2025-08-28,79269.16897929925,2052.775349887869,6415.850090480173,49855.44586033914,8165.381812039146,58020.827672378284,1,6000.0,6000.0,HiGHS LP
0.9,2025-08-29,41525.90380794582,807.918540920122,16738.601998865943,24412.355372515187,3451.7502309544543,27864.10560346964,1,6000.0,6000.0,HiGHS LP
0.9,2025-08-30,42339.40240849633,363.37016668668724,21150.052741849686,25017.15820061963,1121.363801724042,26138.52200234367,1,6000.0,6000.0,HiGHS LP
0.9,2025-08-31,78998.32007337626,335.36533565912146,8574.340469872388,49891.941354874274,1298.7148858381015,51190.65624071238,1,6000.0,6000.0,HiGHS LP
0.9,2025-09-01,73999.85220845873,233.9302343224657,16722.772147169933,46609.554937498724,762.1597431967349,47371.71468069546,1,6000.0,6000.0,HiGHS LP
0.9,2025-09-02,61838.285717880986,1400.8751529449105,5392.670568767725,38385.532641623984,5914.1699991579935,44299.70264078198,1,6000.0,6000.0,HiGHS LP
0.9,2025-09-03,64603.4337061828,825.3038867831185,5999.306904315028,40128.29262990431,2938.9464409060806,43067.23907081039,1,6000.0,6000.0,HiGHS LP
0.9,2025-09-04,64914.89707216289,988.5354429426764,8099.545582059359,40164.90092286396,4334.74143447331,44499.642357337274,1,6000.0,6000.0,HiGHS LP
0.9,2025-09-05,35937.14393777971,55.635000937247185,26128.517272050285,20340.955762371428,189.61907092380113,20530.574833295228,1,6000.0,6000.0,HiGHS LP
0.9,2025-09-06,37219.08098691379,16.917090202401027,26474.91437711619,21246.34283055606,49.82601311265252,21296.16884366871,1,6000.0,6000.0,HiGHS LP
0.9,2025-09-07,65069.794433627176,757.3144262266214,6890.836373507231,40263.800669980505,2689.2396684031,42953.0403383836,1,6000.0,6000.0,HiGHS LP
0.9,2025-09-08,56825.07556102377,7746.428286400298,1174.0669206217958,34526.66981835272,30837.71546820716,65364.385286559875,1,6000.0,6000.0,HiGHS LP
0.9,2025-09-09,68888.65902417367,121.82799915545871,11804.588589129638,42484.19010373779,612.9947190916073,43097.1848228294,1,6000.0,6000.0,HiGHS LP
0.9,2025-09-10,67744.90010305826,1859.312896319354,4222.228033863463,41915.422371420515,7905.2202135686075,49820.642584989124,1,6000.0,6000.0,HiGHS LP
0.9,2025-09-11,69949.86440449106,247.62814458092402,12521.318876270221,43125.00308900353,1225.6635070365041,44350.66659604003,1,6000.0,6000.0,HiGHS LP
0.9,2025-09-12,34937.69853647668,223.11173560370355,20569.15407208038,19602.703432520164,801.0273971289478,20403.73082964911,1,6000.0,6000.0,HiGHS LP
0.9,2025-09-13,34916.14373803879,123.17099303318359,23992.21324773864,19552.72393067668,398.58911392289247,19951.31304459957,1,6000.0,6000.0,HiGHS LP
0.9,2025-09-14,68261.44127535482,1031.5681394421456,5050.2237182827885,42399.080584010604,3510.6291250733757,45909.70970908398,1,6000.0,6000.0,HiGHS LP
0.9,2025-09-15,72780.61443360243,36.44616258668282,13555.22385808381,45392.554783310065,95.39459893608458,45487.94938224615,1,6000.0,6000.0,HiGHS LP
0.9,2025-09-16,70443.50264482363,762.0290833143739,7544.994270949564,43920.26408259278,2163.1024950234178,46083.3665776162,1,6000.0,6000.0,HiGHS LP
0.9,2025-09-17,75270.59650429564,163.08219001627037,11252.885702828713,47259.56020195597,691.1235698400714,47950.68377179604,1,6000.0,6000.0,HiGHS LP
0.9,2025-09-18,72944.94553783129,101.77545089928083,9900.972653943754,45626.89078696031,416.65639068158123,46043.54717764189,1,6000.0,6000.0,HiGHS LP
0.9,2025-09-19,36290.58443481469,226.37895875682784,17375.611076904846,20486.813724451615,563.1625534867277,21049.97627793834,1,6000.0,6000.0,HiGHS LP
0.9,2025-09-20,37330.314259710365,48.837984166915646,18693.718510543946,21185.30319726499,131.62832895643587,21316.931526221426,1,6000.0,6000.0,HiGHS LP
0.9,2025-09-21,73961.04191702552,120.72008598545384,11595.917045957893,46268.58197348275,344.0853169076463,46612.6672903904,1,6000.0,6000.0,HiGHS LP
0.9,2025-09-22,72065.26032649647,331.2690282751142,7617.131604991281,44968.25290118,1228.2312470856705,46196.48414826567,1,6000.0,6000.0,HiGHS LP
0.9,2025-09-23,73026.49210234612,342.4840537831017,7096.149216449916,45651.66182018748,1372.2131757852126,47023.87499597269,1,6000.0,6000.0,HiGHS LP
0.9,2025-09-24,71737.60626171809,307.1860344138557,6828.097462965727,44745.92025697793,803.0518329605883,45548.97208993852,1,6000.0,6000.0,HiGHS LP
0.9,2025-09-25,74080.45139731612,171.51484967724798,9753.79138414724,46491.333818575105,753.0641156949221,47244.397934270026,1,6000.0,6000.0,HiGHS LP
0.9,2025-09-26,38480.75728163285,0.0,17704.8288206801,21976.741327482305,0.0,21976.741327482305,0,6000.0,6000.0,HiGHS LP
0.9,2025-09-27,37240.18325006933,315.51875693541604,16690.311871768532,21018.53103700927,1100.771331986809,22119.30236899608,1,6000.0,6000.0,HiGHS LP
0.9,2025-09-28,75543.02836496991,185.44623161936983,8047.738332440189,47389.56636826035,754.2931337352636,48143.85950199561,1,6000.0,6000.0,HiGHS LP
0.9,2025-09-29,76312.52429497059,72.39069427091572,9418.95088105101,47978.368345149196,205.9407757767098,48184.30912092591,1,6000.0,6000.0,HiGHS LP
0.9,2025-09-30,77662.49952584432,91.43950979777955,8113.486113933598,48950.13742182878,436.51409400656695,49386.65151583535,1,6000.0,6000.0,HiGHS LP
0.9,2025-10-01,76793.95240356465,15.024929359876865,22922.73479390886,48251.079033835995,32.78439586325132,48283.863429699246,1,6000.0,6000.0,HiGHS LP
0.9,2025-10-02,74167.82362347803,85.50236867555918,18343.818503128197,46239.043276750206,187.2283855719263,46426.271662322135,1,6000.0,6000.0,HiGHS LP
0.9,2025-10-03,34618.45223472572,35.923909868229316,23786.068976124847,19029.47720687691,77.87506658869086,19107.3522734656,1,6000.0,6000.0,HiGHS LP
0.9,2025-10-04,34990.76440727031,93.04980178798195,18938.87059174243,19219.841504697513,334.22845610599717,19554.06996080351,1,6000.0,6000.0,HiGHS LP
0.9,2025-10-05,73257.22772643628,64.42167450712861,14411.678443786732,45538.99427019649,139.14954209221372,45678.143812288705,1,6000.0,6000.0,HiGHS LP
0.9,2025-10-06,73747.71280140744,0.0,11838.969480660844,45863.09746233934,0.0,45863.09746233934,0,6000.0,6000.0,HiGHS LP
0.9,2025-10-07,72650.12052003606,3.398284847894729,10718.38005970447,45073.41259828814,7.403163541138666,45080.815761829275,1,6000.0,6000.0,HiGHS LP
0.9,2025-10-08,73025.53185560735,4.416553771746976,12379.067460751638,44810.87086164429,27.738165963456883,44838.609027607745,1,6000.0,6000.0,HiGHS LP
0.9,2025-10-09,70738.50297337741,43.16250373725552,10903.421047018146,43305.74701327113,206.07229263672997,43511.81930590786,1,6000.0,6000.0,HiGHS LP
0.9,2025-10-10,34928.862101102764,15.34969295696962,22500.69087543124,18667.485485245692,49.716721691294495,18717.202206936985,1,6000.0,6000.0,HiGHS LP
0.9,2025-10-11,35477.519398021104,0.12805603343178973,18254.259968955572,18849.071062175193,0.27346365939358697,18849.344525834586,1,6000.0,6000.0,HiGHS LP
0.9,2025-10-12,70068.74852050895,184.2026974897858,7625.051258682915,42924.34956500459,803.6588542967056,43728.008419301295,1,6000.0,6000.0,HiGHS LP
0.9,2025-10-13,69642.76369330977,22.281087634169808,8528.246707157256,42761.79534191382,90.58994403980068,42852.38528595362,1,6000.0,6000.0,HiGHS LP
0.9,2025-10-14,69268.00892586703,353.58421626642155,4741.025432995932,42499.46355801672,1460.503756841823,43959.96731485854,1,6000.0,6000.0,HiGHS LP
0.9,2025-10-15,70018.14667360514,775.0378449563734,4770.835825513263,43066.34192567814,3188.6538059130035,46254.995731591145,1,6000.0,6000.0,HiGHS LP
0.9,2025-10-16,70782.03710366965,1043.3130104813736,4730.695839159752,43586.71815476797,4389.088948410167,47975.80710317814,1,6000.0,6000.0,HiGHS LP
0.9,2025-10-17,35369.14803135155,85.48263658510018,16238.966009830598,18782.76574168066,377.5259099828651,19160.291651663527,1,6000.0,6000.0,HiGHS LP
0.9,2025-10-18,34972.78416326741,77.39879925996229,15797.860821281141,18578.96327099155,243.7369538620154,18822.700224853565,1,6000.0,6000.0,HiGHS LP
0.9,2025-10-19,71890.35059621511,913.7532187851267,4727.77590133332,44168.946389542645,3888.068912069522,48057.01530161217,1,6000.0,6000.0,HiGHS LP
0.9,2025-10-20,72770.47139350575,825.5909901364978,4937.318793361377,44894.110265297146,3844.280387460592,48738.390652757735,1,6000.0,6000.0,HiGHS LP
0.9,2025-10-21,73397.14179366731,996.3543396266929,3637.1223579145426,45265.33167368472,3492.2941148861914,48757.62578857091,1,6000.0,6000.0,HiGHS LP
0.9,2025-10-22,73743.48965231366,983.4534625148643,4816.175432357831,45284.630844877014,4637.344132628167,49921.97497750518,1,6000.0,6000.0,HiGHS LP
0.9,2025-10-23,75533.75360392359,27.726056090200586,7764.641262796397,46675.70776090304,152.4685433671263,46828.176304270164,1,6000.0,6000.0,HiGHS LP
0.9,2025-10-24,34733.7382924258,260.30832671542265,13318.749270859025,18249.38030088069,1021.9696859395779,19271.349986820267,1,6000.0,6000.0,HiGHS LP
0.9,2025-10-25,35399.77407318851,81.23078337598986,12818.312231688615,18797.36526527535,250.01867595485075,19047.383941230204,1,6000.0,6000.0,HiGHS LP
0.9,2025-10-26,75909.34353440245,127.08580479872515,7052.041596440104,46972.441256799764,465.11799712404365,47437.559253923806,1,6000.0,6000.0,HiGHS LP
0.9,2025-10-27,75268.7637936259,513.9682946093747,7790.939857480417,46382.74300191329,2017.8717286728374,48400.61473058612,1,6000.0,6000.0,HiGHS LP
0.9,2025-10-28,75812.43388380589,193.27831123074776,5586.394033560133,46864.01617190636,864.4446044131807,47728.460776319545,1,6000.0,6000.0,HiGHS LP
0.9,2025-10-29,76898.50252971737,882.4283958439928,3992.335249897189,47681.19765178293,3013.6531301399273,50694.85078192286,1,6000.0,6000.0,HiGHS LP
0.9,2025-10-30,77898.84601835322,129.0820044777431,8782.657730952915,48495.242948581676,603.7786521402661,49099.02160072194,1,6000.0,6000.0,HiGHS LP
0.9,2025-10-31,36737.195982898535,329.7384677963502,9758.293490236065,19667.76211911942,976.4237876607608,20644.18590678018,1,6000.0,6000.0,HiGHS LP
0.9,2025-11-01,37083.86016140834,76.26474750152147,11183.642036533003,19865.102711443236,181.9872387866705,20047.089950229907,1,6000.0,6000.0,HiGHS LP
0.9,2025-11-02,78642.94965605864,254.24527042836814,5651.6391532048365,48883.70849488674,1139.6803560306362,50023.38885091738,1,6000.0,6000.0,HiGHS LP
0.9,2025-11-03,79285.96118552431,296.1850030972,5613.915938093207,49496.91552928608,854.7573040136709,50351.67283329975,1,6000.0,6000.0,HiGHS LP
0.9,2025-11-04,81044.517050872,140.84251852546186,9137.263006891726,50721.28819720183,509.9277772269563,51231.215974428786,1,6000.0,6000.0,HiGHS LP
0.9,2025-11-05,81605.93470609211,85.74607217065898,7553.500003888239,51255.42386277273,275.5637441276799,51530.98760690041,1,6000.0,6000.0,HiGHS LP
0.9,2025-11-06,78866.17433972142,847.1156671278819,3918.777820266012,49069.29952085203,3766.548299897141,52835.84782074917,1,6000.0,6000.0,HiGHS LP
0.9,2025-11-07,36592.38631521672,259.3624042769227,10073.115524476922,19488.226664564958,1180.771728834277,20668.998393399233,1,6000.0,6000.0,HiGHS LP
0.9,2025-11-08,37672.40004899906,49.576132829709366,10427.629909041101,20185.173613089028,147.02397784070496,20332.197590929733,1,6000.0,6000.0,HiGHS LP
0.9,2025-11-09,81126.79230524147,176.7135300231003,5523.944189028415,50767.721099358794,745.4661652219294,51513.18726458072,1,6000.0,6000.0,HiGHS LP
0.9,2025-11-10,82874.63207893466,232.39303563406276,4773.649356362652,52102.59530013265,883.786702558071,52986.38200269072,1,6000.0,6000.0,HiGHS LP
0.9,2025-11-11,82624.52253070092,112.88928785457267,6700.5962818535245,51863.686936046215,370.46486665437004,52234.15180270059,1,6000.0,6000.0,HiGHS LP
0.9,2025-11-12,84122.99018539404,28.525502009375828,8650.97573813087,53049.77180442271,80.05682610412934,53129.828630526834,1,6000.0,6000.0,HiGHS LP
0.9,2025-11-13,83616.17218712147,185.81193642741363,6864.214076646136,52733.036204083604,601.1907291950581,53334.22693327866,1,6000.0,6000.0,HiGHS LP
0.9,2025-11-14,37867.23641489016,54.08941623903331,6753.957208165311,20302.930007044273,137.1911142250988,20440.12112126937,1,6000.0,6000.0,HiGHS LP
0.9,2025-11-15,38716.861574957526,56.63267886806864,6954.519185982457,20705.009688292557,167.65545998599623,20872.665148278553,1,6000.0,6000.0,HiGHS LP
0.9,2025-11-16,84106.14723496762,351.90489149015275,5431.726912694617,52895.50968732789,1402.0935079304577,54297.60319525834,1,6000.0,6000.0,HiGHS LP
0.9,2025-11-17,86237.39487886633,89.62139214328454,8990.916103697899,54595.44871364089,192.7353391130335,54788.184052753924,1,6000.0,6000.0,HiGHS LP
0.9,2025-11-18,82830.2995456134,624.2405166365876,4027.497319306911,51883.71699573662,2343.719661685781,54227.436657422404,1,6000.0,6000.0,HiGHS LP
0.9,2025-11-19,84714.20743837308,159.09095240578324,4875.790370539665,53311.718718861826,549.9124708396687,53861.6311897015,1,6000.0,6000.0,HiGHS LP
0.9,2025-11-20,85647.38149911904,153.39907358440516,6364.666872479021,54132.782836578066,562.7119037169481,54695.49474029501,1,6000.0,6000.0,HiGHS LP
0.9,2025-11-21,40158.25055486878,133.3522150606733,7749.926956067329,21367.58998665439,292.7888472847976,21660.37883393919,1,6000.0,6000.0,HiGHS LP
0.9,2025-11-22,39421.09608355001,145.44801352787442,5704.554334122509,20865.150086950034,489.4816078359927,21354.631694786025,1,6000.0,6000.0,HiGHS LP
0.9,2025-11-23,85978.28821538598,239.7137171641842,6323.79683126286,54206.54647348417,963.046549482514,55169.593022966685,1,6000.0,6000.0,HiGHS LP
0.9,2025-11-24,86507.85374420296,152.36902240779898,7852.048833456587,54708.02999802795,435.86735795105324,55143.897355979,1,6000.0,6000.0,HiGHS LP
0.9,2025-11-25,87473.76008163078,83.78038359024322,6691.265191925208,55392.96830151505,257.96157956509245,55650.92988108014,1,6000.0,6000.0,HiGHS LP
0.9,2025-11-26,86434.64808259101,152.55890018951897,5164.192692473786,54569.020846422194,588.2645009257931,55157.285347347984,1,6000.0,6000.0,HiGHS LP
0.9,2025-11-27,87891.50639792792,127.67864070456187,7539.261223241458,55776.8999685132,522.7874302372107,56299.68739875041,1,6000.0,6000.0,HiGHS LP
0.9,2025-11-28,40039.97200065104,196.93253355382555,5633.751192352147,21224.95698309555,910.0290939770991,22134.986077072652,1,6000.0,6000.0,HiGHS LP
0.9,2025-11-29,42073.92449499089,998.9097632260205,4373.037106895003,22448.288103744264,3312.0540299809563,25760.342133725222,1,6000.0,6000.0,HiGHS LP
0.9,2025-11-30,90269.45334186743,37.53352786574686,5339.636233672267,57470.888075518036,129.87014659190706,57600.758222109944,1,6000.0,6000.0,HiGHS LP
0.9,2025-12-01,89297.85278018471,3782.997153480761,2063.588866998808,56708.86666696688,13474.588887211892,70183.45555417877,1,6000.0,6000.0,HiGHS LP
0.9,2025-12-02,94528.70600959606,2193.819959498187,3299.9045110849484,60992.49185124667,7429.320108707503,68421.81195995417,1,6000.0,6000.0,HiGHS LP
0.9,2025-12-03,95290.82284629715,850.1217478344878,4227.581643799968,60907.21568566721,2916.1415664912056,63823.357252158414,1,6000.0,6000.0,HiGHS LP
0.9,2025-12-04,97070.98444545889,332.83238987161974,5841.6762019797625,62342.348602126425,1273.257433701558,63615.60603582799,1,6000.0,6000.0,HiGHS LP
0.9,2025-12-05,51246.121653542396,388.164534653216,6247.136263788162,26999.06953923963,1635.985856573583,28635.055395813215,1,6000.0,6000.0,HiGHS LP
0.9,2025-12-06,53174.561621562534,309.2100857464702,5732.059936038137,28222.24345902852,907.2580246170398,29129.50148364556,1,6000.0,6000.0,HiGHS LP
0.9,2025-12-07,99240.63703485245,251.32611512999028,7006.249208590274,63826.92805686822,1000.6104495802681,64827.53850644849,1,6000.0,6000.0,HiGHS LP
0.9,2025-12-08,96516.83998040124,1276.100902226078,5182.850306472685,61028.47727200468,6151.960208960149,67180.43748096483,1,6000.0,6000.0,HiGHS LP
0.9,2025-12-09,100530.50210270213,139.66789233754457,8427.275549707188,64606.55907926266,716.864972074708,65323.424051337366,1,6000.0,6000.0,HiGHS LP
0.9,2025-12-10,98306.27846972164,233.9329754355493,5323.669122389532,62991.191449977545,980.0377140622111,63971.22916403975,1,6000.0,6000.0,HiGHS LP
0.9,2025-12-11,101350.89206194392,70.90154803648443,10583.872243313723,65470.751079797046,249.1314318212688,65719.88251161831,1,6000.0,6000.0,HiGHS LP
0.9,2025-12-12,51715.03449509004,487.5832406018448,4403.007251065764,27183.512792620033,1505.2212106982167,28688.734003318248,1,6000.0,6000.0,HiGHS LP
0.9,2025-12-13,56750.26640951874,24.75024612507451,8851.420106150523,30400.418688994207,128.16268652858943,30528.581375522797,1,6000.0,6000.0,HiGHS LP
0.9,2025-12-14,100925.84005072895,64.5062807207658,7334.957864783037,65001.52015678331,289.77666231286173,65291.29681909617,1,6000.0,6000.0,HiGHS LP
0.9,2025-12-15,101405.88130873271,128.85051684525018,7188.507192244626,65385.171900154375,416.5913962908761,65801.76329644525,1,6000.0,6000.0,HiGHS LP
0.9,2025-12-16,100607.2441443149,41.4016924479435,6358.283633992392,64708.88907936141,163.9783463807174,64872.86742574213,1,6000.0,6000.0,HiGHS LP
0.9,2025-12-17,102258.53524371756,64.49696710113926,9254.518477485362,65965.22923194387,247.27157956893353,66212.5008115128,1,6000.0,6000.0,HiGHS LP
0.9,2025-12-18,100070.43260720486,162.1289921248532,8001.240119300632,64351.19774406109,444.8750742175773,64796.07281827867,1,6000.0,6000.0,HiGHS LP
0.9,2025-12-19,54961.30709253474,37.74236628197506,7988.960021903742,29128.251228604226,221.10905515586353,29349.36028376009,1,6000.0,6000.0,HiGHS LP
0.9,2025-12-20,54975.075843529,86.80945006195273,8094.912605264098,29143.672219007793,259.24996847881306,29402.922187486605,1,6000.0,6000.0,HiGHS LP
0.9,2025-12-21,99665.01394689854,344.79967712221014,6101.171239632797,63988.242146096236,1145.4369296043394,65133.67907570057,1,6000.0,6000.0,HiGHS LP
0.9,2025-12-22,102087.19695995102,60.02352736863588,8333.126737319657,65756.94744152007,201.47879977279763,65958.42624129287,1,6000.0,6000.0,HiGHS LP
0.9,2025-12-23,101934.35780188565,38.44386376219995,9838.042465647854,65636.93415601912,184.67807741702333,65821.61223343614,1,6000.0,6000.0,HiGHS LP
0.9,2025-12-24,100699.18970498328,80.27520371727746,8048.238925367216,64781.4525382588,212.7658265321951,64994.218364791,1,6000.0,6000.0,HiGHS LP
0.9,2025-12-25,100328.67228545637,85.00407088474117,7724.561156341102,64550.22573436303,257.6179129729178,64807.843647335954,1,6000.0,6000.0,HiGHS LP
0.9,2025-12-26,54117.44004896386,19.73498211797216,7025.83728100036,28571.790712971917,59.37085761283726,28631.161570584754,1,6000.0,6000.0,HiGHS LP
0.9,2025-12-27,55625.27643898388,46.83090374149799,8208.63262619594,29539.18829342464,221.37109548546812,29760.559388910107,1,6000.0,6000.0,HiGHS LP
0.9,2025-12-28,99503.33681731054,134.10026913371814,7951.5156697775965,63849.866732091,620.030224698045,64469.896956789045,1,6000.0,6000.0,HiGHS LP
0.9,2025-12-29,99725.38727398016,114.28058304000035,7449.652897701017,63954.06246442333,524.8393334707006,64478.90179789403,1,6000.0,6000.0,HiGHS LP
0.9,2025-12-30,101440.16754627886,25.25775713369785,10364.356036745889,65365.01793890151,126.53375020548216,65491.55168910699,1,6000.0,6000.0,HiGHS LP
0.9,2025-12-31,98723.75983712845,287.77590059402263,5509.265786351225,63248.39541069055,1041.7590493340338,64290.15446002458,1,6000.0,6000.0,HiGHS LP
0.95,2025-02-01,50868.1410666787,2.15996187207719,12438.58232934443,26792.401414445572,9.910521968070515,26802.311936413644,1,6000.0,6000.0,HiGHS LP
0.95,2025-02-02,94476.49663262579,7.993899460529633,11409.879248752983,59911.00912189847,50.14173436617212,59961.15085626464,1,6000.0,6000.0,HiGHS LP
0.95,2025-02-03,94717.29388194266,14.319945920166504,9796.3639945295,60085.470488286934,66.12160623800092,60151.59209452494,1,6000.0,6000.0,HiGHS LP
0.95,2025-02-04,94705.4481360944,174.2516400227569,8966.50249278382,60089.84441951948,664.4403097397153,60754.2847292592,1,6000.0,6000.0,HiGHS LP
0.95,2025-02-05,90297.35333625844,414.44136664804967,5287.81150807098,56614.10035487119,1644.1815761967116,58258.2819310679,1,6000.0,6000.0,HiGHS LP
0.95,2025-02-06,96101.91189160367,0.0,11112.521341603668,61279.54111626909,0.0,61279.54111626909,0,6000.0,6000.0,HiGHS LP
0.95,2025-02-07,46954.23397305728,10.42643608267133,11250.90842240761,24572.69502228564,50.71220299703293,24623.407225282674,1,6000.0,6000.0,HiGHS LP
0.95,2025-02-08,45637.87979146433,0.2607919805321899,10199.420822522485,23814.9127871592,1.763344976368402,23816.676132135566,1,6000.0,6000.0,HiGHS LP
0.95,2025-02-09,88710.69187968856,502.0848091093819,5006.58561144693,55825.235703329774,1550.2415431964982,57375.47724652627,1,6000.0,6000.0,HiGHS LP
0.95,2025-02-10,92185.51217979673,0.0,13165.081011760809,58297.52654848452,0.0,58297.52654848452,0,6000.0,6000.0,HiGHS LP
0.95,2025-02-11,92609.4854209547,0.0,12673.309990518326,58702.732627149744,0.0,58702.732627149744,0,6000.0,6000.0,HiGHS LP
0.95,2025-02-12,88253.01353308294,61.28948600532652,8409.04780707217,55279.54841844029,271.4721191007333,55551.02053754102,1,6000.0,6000.0,HiGHS LP
0.95,2025-02-13,88163.14492929641,109.54593891253819,12311.07146489045,55481.42035782381,268.64148140877364,55750.061839232585,1,6000.0,6000.0,HiGHS LP
0.95,2025-02-14,43400.38300002272,64.03339784496512,9821.45374249667,22792.749030814084,208.60466399810926,23001.353694812195,1,6000.0,6000.0,HiGHS LP
0.95,2025-02-15,40152.81576533387,115.2571394677515,7278.526889749696,21157.20241070414,499.6582632124523,21656.86067391659,1,6000.0,6000.0,HiGHS LP
0.95,2025-02-16,84836.96274917168,294.3815287188362,5280.222309293239,52938.941312693954,1092.1337516378885,54031.075064331846,1,6000.0,6000.0,HiGHS LP
0.95,2025-02-17,85034.86974799712,74.69141024557109,9450.163373071942,52975.88271927419,274.1394039357635,53250.02212320995,1,6000.0,6000.0,HiGHS LP
0.95,2025-02-18,85991.25817214315,2.3202697776439294,9411.626694942337,53789.77704662786,9.240586657389706,53799.01763328525,1,6000.0,6000.0,HiGHS LP
0.95,2025-02-19,83926.2295072462,248.67293634026933,6893.908393586471,52329.79681823772,782.6358210778028,53112.43263931553,1,6000.0,6000.0,HiGHS LP
0.95,2025-02-20,84912.97609661169,49.223376188341945,9567.399072800039,52948.38861686933,211.46587688850235,53159.85449375783,1,6000.0,6000.0,HiGHS LP
0.95,2025-02-21,38137.05185978109,45.09400207400245,9061.67373174299,20133.298106428716,101.47156618910289,20234.76967261782,1,6000.0,6000.0,HiGHS LP
0.95,2025-02-22,39526.44895526716,1.8783920372027865,8064.586811635899,21076.372875142708,9.734766844061733,21086.10764198677,1,6000.0,6000.0,HiGHS LP
0.95,2025-02-23,83569.40077323088,195.07396957542852,7830.954392806316,52170.41886297382,466.14231390360004,52636.56117687742,1,6000.0,6000.0,HiGHS LP
0.95,2025-02-24,81270.67760391641,78.57966093395456,8739.784839520298,50211.28639743749,338.25977432917404,50549.54617176667,1,6000.0,6000.0,HiGHS LP
0.95,2025-02-25,80047.77898091098,112.61298318018476,9943.495099830587,49412.35605697619,347.8973532471556,49760.25341022335,1,6000.0,6000.0,HiGHS LP
0.95,2025-02-26,79227.7542462427,381.85215600199365,6424.270811361095,48681.503779269784,1605.762831296919,50287.2666105667,1,6000.0,6000.0,HiGHS LP
0.95,2025-02-27,79221.04076784302,161.69991721923307,8051.654355772258,48788.56494322533,796.0906169264565,49584.65556015178,1,6000.0,6000.0,HiGHS LP
0.95,2025-02-28,35874.18949227491,306.6227733284564,9519.635374455193,18735.403727819197,1215.5641548774456,19950.96788269664,1,6000.0,6000.0,HiGHS LP
0.95,2025-03-01,36900.44334107328,84.75200627223701,9930.974415936707,19412.377428449992,262.4873140698747,19674.86474251987,1,6000.0,6000.0,HiGHS LP
0.95,2025-03-02,76099.01909977414,3811.8137454609205,3194.515197655983,46924.969741475375,14425.972388156737,61350.94212963211,1,6000.0,6000.0,HiGHS LP
0.95,2025-03-03,78911.79355780533,1614.538577112405,4099.583046982324,48992.620424768276,6836.35478680133,55828.9752115696,1,6000.0,6000.0,HiGHS LP
0.95,2025-03-04,80883.88495504277,106.68475884472491,7381.619941650191,50405.85917011487,287.977970820871,50693.83714093574,1,6000.0,6000.0,HiGHS LP
0.95,2025-03-05,81000.74209152436,79.0358124031497,10544.72147216271,50312.78563989283,340.8530112873965,50653.63865118023,1,6000.0,6000.0,HiGHS LP
0.95,2025-03-06,80926.27127754973,19.542617741479035,10592.99499584062,50408.53716658626,41.43122308856157,50449.968389674825,1,6000.0,6000.0,HiGHS LP
0.95,2025-03-07,35223.15814145128,108.58332330781866,11175.215769827413,18802.12767139629,446.5348883370156,19248.662559733308,1,6000.0,6000.0,HiGHS LP
0.95,2025-03-08,34156.14380208152,159.11900119353623,12120.06975535788,18376.534137699717,344.92425714993465,18721.45839484965,1,6000.0,6000.0,HiGHS LP
0.95,2025-03-09,76989.56651918154,77.39348584550135,9323.765722282284,47256.943358344426,441.9622844695588,47698.90564281399,1,6000.0,6000.0,HiGHS LP
0.95,2025-03-10,77147.37641366203,864.5801346320932,5552.641486071223,47415.08522980399,2398.9661634314534,49814.051393235444,1,6000.0,6000.0,HiGHS LP
0.95,2025-03-11,78343.79612021557,26.96483547371986,10022.518244486177,48078.64222124131,83.77566725389738,48162.417888495205,1,6000.0,6000.0,HiGHS LP
0.95,2025-03-12,75618.97878686382,143.65409442085115,8998.754649122882,46016.66189174773,489.09078213195045,46505.75267387968,1,6000.0,6000.0,HiGHS LP
0.95,2025-03-13,76182.22197219115,1133.7860757520712,5407.85139105225,46525.03842149777,4731.431351204741,51256.469772702505,1,6000.0,6000.0,HiGHS LP
0.95,2025-03-14,33501.704473985345,32.593829002303465,14442.652818474884,17795.61544817611,76.58152923306402,17872.196977409174,1,6000.0,6000.0,HiGHS LP
0.95,2025-03-15,32781.5466670706,343.0386955293037,9160.460212599906,17249.764814276714,1018.0385054373847,18267.803319714098,1,6000.0,6000.0,HiGHS LP
0.95,2025-03-16,76695.34838342125,249.57325091733142,9210.682599681611,46911.20758866516,1021.9911162222446,47933.1987048874,1,6000.0,6000.0,HiGHS LP
0.95,2025-03-17,76837.10872048239,37.232877954586456,14624.629765275502,46796.56423719308,213.05166992965985,47009.61590712274,1,6000.0,6000.0,HiGHS LP
0.95,2025-03-18,73979.66677814427,532.4525492518768,9137.70753694152,44747.83972201542,2788.9515176335135,47536.791239648934,1,6000.0,6000.0,HiGHS LP
0.95,2025-03-19,75277.07432990707,65.90315095320952,11587.585293421631,45709.10001985748,355.1894292381113,46064.28944909559,1,6000.0,6000.0,HiGHS LP
0.95,2025-03-20,73228.30648874879,318.53428344770384,7104.685369115026,44301.82213552425,1430.346848919449,45732.1689844437,1,6000.0,6000.0,HiGHS LP
0.95,2025-03-21,33055.7561696597,20.56813437710008,18002.859787370122,17490.93218310199,57.94318368278711,17548.875366784778,1,6000.0,6000.0,HiGHS LP
0.95,2025-03-22,32672.386445974727,0.0,13751.186712641389,17128.17220470632,0.0,17128.17220470632,0,6000.0,6000.0,HiGHS LP
0.95,2025-03-23,74869.31491669889,67.04815083560266,11859.720311646088,45435.586907115896,231.73098116478968,45667.31788828068,1,6000.0,6000.0,HiGHS LP
0.95,2025-03-24,73303.33679757352,36.98533470864544,11130.582731755952,44387.26653153597,96.23082973853649,44483.49736127451,1,6000.0,6000.0,HiGHS LP
0.95,2025-03-25,74184.99983968084,46.57901322681642,9053.936027473166,44981.17359874012,230.94899668234268,45212.122595422465,1,6000.0,6000.0,HiGHS LP
0.95,2025-03-26,72590.60514292016,65.61269764402806,12858.429058240561,43787.81879707174,169.78350675279478,43957.60230382453,1,6000.0,6000.0,HiGHS LP
0.95,2025-03-27,71944.57682503501,152.38323162416748,9195.094280197047,43387.86565281318,552.9482501303178,43940.813902943504,1,6000.0,6000.0,HiGHS LP
0.95,2025-03-28,31987.221413197523,128.6018641857674,18253.94251071662,16661.04070862406,510.15317500084325,17171.193883624903,1,6000.0,6000.0,HiGHS LP
0.95,2025-03-29,32871.761541393,0.0,22124.552358059675,17202.56314741353,0.0,17202.56314741353,0,6000.0,6000.0,HiGHS LP
0.95,2025-03-30,69929.12668875697,88.70022727295705,10526.03138463771,41886.28042908189,257.9078969994518,42144.18832608134,1,6000.0,6000.0,HiGHS LP
0.95,2025-03-31,71049.20787142083,226.5696541195138,10189.24750438462,42756.34403961344,1083.612851392536,43839.956891005975,1,6000.0,6000.0,HiGHS LP
0.95,2025-04-01,69358.14186750291,621.6732786097581,5647.876306403291,41487.61266072905,1656.4913864928271,43144.104047221874,1,6000.0,6000.0,HiGHS LP
0.95,2025-04-02,69354.9927167217,762.9366755612348,5558.1157499963265,41453.06241081469,3868.1953317617263,45321.25774257642,1,6000.0,6000.0,HiGHS LP
0.95,2025-04-03,69955.45110187796,132.78265936509837,10103.26098313211,41859.679112323436,662.2465353585275,42521.925647681965,1,6000.0,6000.0,HiGHS LP
0.95,2025-04-04,30694.112224866767,88.26842285065396,21311.578397717425,15638.785164676005,409.6185062382442,16048.40367091425,1,6000.0,6000.0,HiGHS LP
0.95,2025-04-05,30693.57429105074,738.3099407661578,16347.76924848357,15657.578385751198,3139.8732955522096,18797.451681303406,1,6000.0,6000.0,HiGHS LP
0.95,2025-04-06,66899.04716582828,140.23725258275553,8527.277027029246,39803.101625557276,579.8616732251973,40382.96329878247,1,6000.0,6000.0,HiGHS LP
0.95,2025-04-07,67775.77754908914,43.12447158991699,10471.824120134934,40375.85250067168,150.3712220617695,40526.22372273345,1,6000.0,6000.0,HiGHS LP
0.95,2025-04-08,68466.12035136318,191.8350640151412,10193.86360280354,40875.051509731275,815.021338266713,41690.07284799799,1,6000.0,6000.0,HiGHS LP
0.95,2025-04-09,69297.6995950183,264.72719342169273,6310.74639700509,41532.51553753803,1041.9308002462797,42574.446337784306,1,6000.0,6000.0,HiGHS LP
0.95,2025-04-10,68765.79658752197,182.97220281511665,10353.43624623544,41152.0141502412,829.0931614038434,41981.10731164504,1,6000.0,6000.0,HiGHS LP
0.95,2025-04-11,30355.27715345456,128.1021015613664,22126.72908834926,15423.897884606522,518.5389356361203,15942.436820242643,1,6000.0,6000.0,HiGHS LP
0.95,2025-04-12,30885.40246426662,115.8384535810693,18936.080367847688,15808.595837975152,265.79453138303785,16074.39036935819,1,6000.0,6000.0,HiGHS LP
0.95,2025-04-13,65356.91779207499,194.0783476220609,7173.545620851728,38822.500721600925,800.0850799532686,39622.585801554196,1,6000.0,6000.0,HiGHS LP
0.95,2025-04-14,64333.55470880854,202.22677374047146,7919.405371503533,38093.137241774246,860.1412064485646,38953.27844822281,1,6000.0,6000.0,HiGHS LP
0.95,2025-04-15,64214.65572968193,229.46015428665334,10221.281889978698,38032.18872495419,1084.6368199522117,39116.8255449064,1,6000.0,6000.0,HiGHS LP
0.95,2025-04-16,64025.432556099,325.7309784612845,4538.097031182072,37990.10878824319,1143.4579569137354,39133.566745156924,1,6000.0,6000.0,HiGHS LP
0.95,2025-04-17,65839.01115112004,11.376525734537267,8880.4332749092,39166.548834769404,44.99301354105372,39211.54184831046,1,6000.0,6000.0,HiGHS LP
0.95,2025-04-18,29380.618258516028,77.03922988053327,20063.54030506323,14728.26484934456,316.99171447016033,15045.25656381472,1,6000.0,6000.0,HiGHS LP
0.95,2025-04-19,29985.44824470709,60.04473397495508,20220.813728682046,15180.708238609493,124.7583268505476,15305.466565460041,1,6000.0,6000.0,HiGHS LP
0.95,2025-04-20,65339.29580274387,124.63407366336094,9438.67970008333,38732.7804586274,592.1450702854842,39324.925528912885,1,6000.0,6000.0,HiGHS LP
0.95,2025-04-21,66163.23596293063,33.892276916407354,13583.923938852518,39188.448864003796,71.52420268383013,39259.97306668763,1,6000.0,6000.0,HiGHS LP
0.95,2025-04-22,63000.60839933698,265.723091762501,7166.944772937732,37277.45949195161,979.4309363487998,38256.89042830041,1,6000.0,6000.0,HiGHS LP
0.95,2025-04-23,66824.98186818554,36.29514386444691,11347.41672077616,39661.92909484528,77.57275689733407,39739.501851742614,1,6000.0,6000.0,HiGHS LP
0.95,2025-04-24,64550.00830078026,16.119643645306724,13457.990075037804,38195.815848110906,79.4196159922399,38275.23546410315,1,6000.0,6000.0,HiGHS LP
0.95,2025-04-25,29016.17021698125,22.824576894738072,23998.637143875978,14532.347380165882,49.91284570347395,14582.260225869355,1,6000.0,6000.0,HiGHS LP
0.95,2025-04-26,28469.24562787677,117.18157042601726,25476.23356496945,14071.499479081185,574.271411184321,14645.770890265507,1,6000.0,6000.0,HiGHS LP
0.95,2025-04-27,61146.72557289599,569.3140816096778,9375.698361963772,36001.435654449386,2441.7754985295883,38443.211152978976,1,6000.0,6000.0,HiGHS LP
0.95,2025-04-28,63099.5351287947,1866.9155732087502,4463.828825178406,37404.022364167344,7114.480365403419,44518.50272957076,1,6000.0,6000.0,HiGHS LP
0.95,2025-04-29,64817.72533008466,93.35392356385154,13448.577290229518,38300.684597138286,387.7408145030202,38688.42541164131,1,6000.0,6000.0,HiGHS LP
0.95,2025-04-30,61680.27634609524,181.004108897324,9780.0802807911,36343.832973653174,633.0738507122976,36976.90682436547,1,6000.0,6000.0,HiGHS LP
0.95,2025-05-01,62462.776921344994,1490.9008378959265,9180.227551423022,37147.34349074631,7264.492034906396,44411.83552565271,1,6000.0,6000.0,HiGHS LP
0.95,2025-05-02,30413.815538108065,1775.6018556023798,14859.097310377107,15794.362662002277,7142.453183029482,22936.815845031757,1,6000.0,6000.0,HiGHS LP
0.95,2025-05-03,31779.345618378236,404.406872505277,20276.580840883507,16878.075929956674,2217.5667545634096,19095.642684520084,1,6000.0,6000.0,HiGHS LP
0.95,2025-05-04,65136.040091351766,261.63573699446295,9848.434976082284,39517.477945736,1044.7856831826,40562.2636289186,1,6000.0,6000.0,HiGHS LP
0.95,2025-05-05,63400.91477558648,1487.6186281809628,6171.70436575581,38472.750421039804,6722.076730953742,45194.827151993544,1,6000.0,6000.0,HiGHS LP
0.95,2025-05-06,66068.8432682762,563.2897852943087,9958.56696109233,40137.2022403656,2462.547575923172,42599.74981628877,1,6000.0,6000.0,HiGHS LP
0.95,2025-05-07,67574.2778645207,116.5546987437082,8745.61206809536,41070.65520313876,530.9926771424055,41601.64788028117,1,6000.0,6000.0,HiGHS LP
0.95,2025-05-08,66677.77867841665,432.03820918819616,7381.000820581903,40575.0227664684,2044.8449660843023,42619.8677325527,1,6000.0,6000.0,HiGHS LP
0.95,2025-05-09,32256.896606716426,26.505063043766224,20744.015819760192,17569.66295183306,76.66694872316829,17646.329900556226,1,6000.0,6000.0,HiGHS LP
0.95,2025-05-10,30467.03492097505,633.8474141956927,15939.837051837409,16020.498478695377,2623.8709689929265,18644.369447688303,1,6000.0,6000.0,HiGHS LP
0.95,2025-05-11,69217.17116998092,139.81954891024702,9838.340717917079,42211.773649747,735.8230807503126,42947.59673049732,1,6000.0,6000.0,HiGHS LP
0.95,2025-05-12,69952.78771823327,256.296316192717,14213.255994843128,42747.45200379059,588.1475306334665,43335.59953442406,1,6000.0,6000.0,HiGHS LP
0.95,2025-05-13,64777.04359412633,140.1787026210978,8046.11712507556,39172.23153853573,566.3021967298735,39738.5337352656,1,6000.0,6000.0,HiGHS LP
0.95,2025-05-14,66130.37171676393,224.64886895702378,9504.04988214355,39938.89826308088,850.1375059000013,40789.03576898088,1,6000.0,6000.0,HiGHS LP
0.95,2025-05-15,67482.13050409408,129.56070412466443,10963.713299068444,41062.91462492253,489.3854290059837,41552.30005392851,1,6000.0,6000.0,HiGHS LP
0.95,2025-05-16,32286.578662176795,64.21084856393549,26595.28297740739,17663.965724453767,192.34490404150984,17856.310628495277,1,6000.0,6000.0,HiGHS LP
0.95,2025-05-17,32196.071263715196,413.82542419216503,19121.097604574024,17558.89852371451,1738.1624247209097,19297.06094843542,1,6000.0,6000.0,HiGHS LP
0.95,2025-05-18,68419.87960614431,137.37780444718442,11028.729082869035,41674.36515125197,303.3238527687117,41977.689004020685,1,6000.0,6000.0,HiGHS LP
0.95,2025-05-19,67592.8169925463,65.55724900809139,16325.232045167651,40843.229121053795,437.7841490500647,41281.01327010386,1,6000.0,6000.0,HiGHS LP
0.95,2025-05-20,67184.37562906154,113.34318025415966,8946.154292227824,40700.48488201417,546.3460472724348,41246.8309292866,1,6000.0,6000.0,HiGHS LP
0.95,2025-05-21,66604.13129995248,372.10667552709936,11856.703207177296,40332.17650323651,1391.5907489959036,41723.767252232414,1,6000.0,6000.0,HiGHS LP
0.95,2025-05-22,67755.36379294208,12.203363768318468,13119.189801836452,41131.492842326465,59.54521099654079,41191.038053323005,1,6000.0,6000.0,HiGHS LP
0.95,2025-05-23,30881.95651505409,51.32661954210927,21472.334251262862,16589.02453392896,173.16563318555475,16762.190167114517,1,6000.0,6000.0,HiGHS LP
0.95,2025-05-24,31102.12968509321,8.41821272499817,24316.04651448488,16675.174501748566,34.77742609085874,16709.951927839425,1,6000.0,6000.0,HiGHS LP
0.95,2025-05-25,65360.36492116007,51.224533442325765,13180.006062586092,39459.23731502099,212.94176552037783,39672.17908054137,1,6000.0,6000.0,HiGHS LP
0.95,2025-05-26,64681.68493044027,1180.4607457709576,7659.405150544242,39053.578475128765,4551.708674063653,43605.287149192416,1,6000.0,6000.0,HiGHS LP
0.95,2025-05-27,66004.91803624948,24.743914176325347,12887.709259280506,40009.10775754682,53.687104068319705,40062.79486161514,1,6000.0,6000.0,HiGHS LP
0.95,2025-05-28,66654.87564233693,228.3989318962951,10855.901891467194,40311.71756604205,866.9400605641608,41178.65762660621,1,6000.0,6000.0,HiGHS LP
0.95,2025-05-29,66544.48848176019,211.38594890655833,8863.169891566497,40292.07187042698,885.5319357807344,41177.60380620771,1,6000.0,6000.0,HiGHS LP
0.95,2025-05-30,30691.4159851089,204.90612918831485,21260.088847630548,16467.061858225934,746.5684569690061,17213.63031519494,1,6000.0,6000.0,HiGHS LP
0.95,2025-05-31,30976.89491160784,187.54855499404857,19735.261916601892,16507.531435079603,535.2557028978168,17042.78713797742,1,6000.0,6000.0,HiGHS LP
0.95,2025-06-01,70744.60927788133,6715.352188396466,2199.8072119017256,42985.52993367789,25004.830082584318,67990.36001626222,1,6000.0,6000.0,HiGHS LP
0.95,2025-06-02,77583.4410456187,2210.1127176313094,7021.468443188351,48710.14582362167,8758.31667451937,57468.462498141045,1,6000.0,6000.0,HiGHS LP
0.95,2025-06-03,81353.37058857782,278.07248340853516,9195.742905319685,51107.99156986599,1148.4795505070192,52256.47112037301,1,6000.0,6000.0,HiGHS LP
0.95,2025-06-04,84465.67764678296,271.13452841047035,10778.297488894455,53353.27653768503,592.7060283129588,53945.98256599799,1,6000.0,6000.0,HiGHS LP
0.95,2025-06-05,85140.29900998303,422.39742893853594,10113.86118765056,53853.76224198159,1511.2000089181302,55364.96225089972,1,6000.0,6000.0,HiGHS LP
0.95,2025-06-06,41155.449802767755,835.2672914976367,8352.394188385846,24137.67022497605,3509.122044539602,27646.792269515652,1,6000.0,6000.0,HiGHS LP
0.95,2025-06-07,44098.036979419165,133.39987502592692,10438.108915315071,25305.558297943222,404.4705576324809,25710.028855575703,1,6000.0,6000.0,HiGHS LP
0.95,2025-06-08,95749.77399008593,0.0,25846.517390085915,61297.913369495815,0.0,61297.913369495815,0,6000.0,6000.0,HiGHS LP
0.95,2025-06-09,87461.39145486166,232.88398546132498,12319.418981926761,55000.9114886452,899.7674288513654,55900.67891749657,1,6000.0,6000.0,HiGHS LP
0.95,2025-06-10,89287.82058151574,52.39340275968732,13095.758542863743,56163.224670700845,113.77090664900659,56276.99557734985,1,6000.0,6000.0,HiGHS LP
0.95,2025-06-11,89524.31799406049,360.9122474708393,9152.512812585835,56372.13492326404,1706.1206365352423,58078.25555979928,1,6000.0,6000.0,HiGHS LP
0.95,2025-06-12,93381.99396628296,54.3519744588001,16265.621174075084,59543.85086833994,299.3775292718941,59843.228397611834,1,6000.0,6000.0,HiGHS LP
0.95,2025-06-13,43300.18454989305,67.6419962660275,12357.375799733214,24879.264115456666,289.3615493531549,25168.62566480982,1,6000.0,6000.0,HiGHS LP
0.95,2025-06-14,45514.078631939556,70.19915178149824,16708.55339561814,25857.232249153385,154.8642652577043,26012.09651441109,1,6000.0,6000.0,HiGHS LP
0.95,2025-06-15,88584.59383807579,17.34534934353163,13365.140200483118,55932.254648581256,41.86300064061359,55974.11764922187,1,6000.0,6000.0,HiGHS LP
0.95,2025-06-16,89470.467918467,219.55487232776466,12320.621629693296,56390.82127201358,810.5718529874705,57201.39312500105,1,6000.0,6000.0,HiGHS LP
0.95,2025-06-17,90304.13123089555,375.8592472970925,11340.457776044736,56954.84493360657,1794.4531298313655,58749.298063437935,1,6000.0,6000.0,HiGHS LP
0.95,2025-06-18,91170.71318368631,36.874437451228346,15560.86338780422,57616.18093190915,181.91836930218716,57798.09930121133,1,6000.0,6000.0,HiGHS LP
0.95,2025-06-19,89208.60267408717,73.7793791224309,16368.400607382544,56485.67802305844,359.0792999721971,56844.75732303064,1,6000.0,6000.0,HiGHS LP
0.95,2025-06-20,44673.10297156884,0.0,19627.902361385815,25585.14184965841,0.0,25585.14184965841,0,6000.0,6000.0,HiGHS LP
0.95,2025-06-21,41638.38755236774,36.00828676988897,19631.745993963763,24177.060191653018,211.84325957011623,24388.903451223134,1,6000.0,6000.0,HiGHS LP
0.95,2025-06-22,87457.90616546253,33.17364851047148,15404.536566062157,54879.28712614629,76.72916619853679,54956.01629234483,1,6000.0,6000.0,HiGHS LP
0.95,2025-06-23,88842.96806242509,2.0078257030314717,17135.882184766422,56066.098084849145,4.381075684014671,56070.47916053316,1,6000.0,6000.0,HiGHS LP
0.95,2025-06-24,83683.01339228463,1704.4964168140882,4587.617759254262,52204.79573690358,6477.808732584151,58682.60446948773,1,6000.0,6000.0,HiGHS LP
0.95,2025-06-25,92205.82017813832,34.17440277200524,17084.23988091033,58523.41620617326,130.7184285651284,58654.13463473839,1,6000.0,6000.0,HiGHS LP
0.95,2025-06-26,89743.76757578201,48.74825054455107,17531.139775928063,56593.77688566694,274.0115885640415,56867.78847423098,1,6000.0,6000.0,HiGHS LP
0.95,2025-06-27,42997.672292710864,5.156100910401847,20623.91347702052,24504.15149909993,34.75727623701885,24538.90877533695,1,6000.0,6000.0,HiGHS LP
0.95,2025-06-28,43231.22991474772,16.94893090614977,18883.233753793837,24666.515144152705,37.47408623349714,24703.989230386203,1,6000.0,6000.0,HiGHS LP
0.95,2025-06-29,90572.9154726929,4.636493758309712,16610.30489680767,57336.75280661548,10.132890209943495,57346.88569682542,1,6000.0,6000.0,HiGHS LP
0.95,2025-06-30,89219.79555837422,307.80773679849773,14963.493593594214,56371.91674228821,1043.3497819032,57415.26652419141,1,6000.0,6000.0,HiGHS LP
0.95,2025-07-01,94130.78199430215,2943.309261307652,13489.21388894313,60102.03865711742,9465.23245486528,69567.2711119827,1,6000.0,6000.0,HiGHS LP
0.95,2025-07-02,98473.95202731485,695.257265129619,21546.10959244447,63589.99706503801,1630.1074613269889,65220.104526365,1,6000.0,6000.0,HiGHS LP
0.95,2025-07-03,97753.55961294929,452.4219098362512,13728.854960882563,63049.95381507047,1546.9708481732994,64596.924663243764,1,6000.0,6000.0,HiGHS LP
0.95,2025-07-04,49845.84619908881,148.61362347997908,18415.248344617743,29846.500533932347,348.7541596146435,30195.25469354699,1,6000.0,6000.0,HiGHS LP
0.95,2025-07-05,50708.431763055225,58.662489239733276,19253.15527435519,30433.307406980588,147.28601710003295,30580.59342408062,1,6000.0,6000.0,HiGHS LP
0.95,2025-07-06,95315.88118176427,155.412014266084,11099.332825475532,60801.130246115645,709.1808850582205,61510.31113117387,1,6000.0,6000.0,HiGHS LP
0.95,2025-07-07,97940.88225780378,82.47679619737482,19963.45843371563,62587.46027239691,175.35086283186973,62762.811135228774,1,6000.0,6000.0,HiGHS LP
0.95,2025-07-08,99713.74556378079,5.0539846415151715,19537.73679133332,63686.78770265317,11.501869579164422,63698.28957223234,1,6000.0,6000.0,HiGHS LP
0.95,2025-07-09,94031.90760722096,62.96433227048317,15488.51084521671,59717.97739222356,388.4551620589316,60106.432554282495,1,6000.0,6000.0,HiGHS LP
0.95,2025-07-10,92706.04895326009,86.14129899503234,15491.776960330377,58850.32527390005,321.2656718328935,59171.59094573295,1,6000.0,6000.0,HiGHS LP
0.95,2025-07-11,47642.288861519104,235.75129347713911,12319.263004996239,28502.18633889874,839.0807799223082,29341.267118821048,1,6000.0,6000.0,HiGHS LP
0.95,2025-07-12,48246.54824958661,23.90403735395057,14146.208953607229,28793.50724006103,50.30604661138897,28843.81328667242,1,6000.0,6000.0,HiGHS LP
0.95,2025-07-13,89751.06750570225,72.8187525546661,16234.974437804736,56580.40104379045,309.31018274426054,56889.71122653471,1,6000.0,6000.0,HiGHS LP
0.95,2025-07-14,84833.63184230396,220.22894379702086,9008.19917513934,53165.10345181306,1205.8695645294144,54370.973016342476,1,6000.0,6000.0,HiGHS LP
0.95,2025-07-15,88552.54266825298,533.1385480798438,12081.100409727926,55851.25905772312,1356.6470656476395,57207.906123370754,1,6000.0,6000.0,HiGHS LP
0.95,2025-07-16,88354.05770713717,306.6967751957046,12254.831396075782,55688.3114843958,1420.0168605700455,57108.32834496585,1,6000.0,6000.0,HiGHS LP
0.95,2025-07-17,88184.99633447247,332.1614273394447,11536.933778414026,55516.85118604786,1411.271697962733,56928.12288401059,1,6000.0,6000.0,HiGHS LP
0.95,2025-07-18,46180.38014796224,308.9214406204153,12175.05348858266,27446.04136976604,818.3292260673675,28264.370595833407,1,6000.0,6000.0,HiGHS LP
0.95,2025-07-19,46211.76376970002,138.8856608043219,16127.830380504342,27482.81720310346,387.77137895023384,27870.588582053693,1,6000.0,6000.0,HiGHS LP
0.95,2025-07-20,88472.20046047439,91.32860777146462,12235.209450102688,55666.95274517372,349.5270445174805,56016.479789691206,1,6000.0,6000.0,HiGHS LP
0.95,2025-07-21,86811.4785889182,341.82691564452927,8949.779989924416,54476.08024487826,1440.221466870688,55916.30171174895,1,6000.0,6000.0,HiGHS LP
0.95,2025-07-22,90473.6853022107,175.00702255120393,12610.214374761901,57055.46469945016,747.6338361660049,57803.09853561616,1,6000.0,6000.0,HiGHS LP
0.95,2025-07-23,89848.41735884672,130.87341631191774,11516.89871776618,56678.704298343,513.2316167688545,57191.935915111855,1,6000.0,6000.0,HiGHS LP
0.95,2025-07-24,88411.22283310982,435.7061903554235,10977.839797552377,55642.06456058973,1915.6939159222848,57557.75847651201,1,6000.0,6000.0,HiGHS LP
0.95,2025-07-25,47591.82231578539,24.879777370858747,18071.382526489582,28491.04908409394,101.31054908251406,28592.359633176453,1,6000.0,6000.0,HiGHS LP
0.95,2025-07-26,47673.24503042862,178.77620805765076,16342.929671819604,28411.1737006186,431.5509879427201,28842.72468856132,1,6000.0,6000.0,HiGHS LP
0.95,2025-07-27,89512.46445454692,273.8898272808842,11855.02473213197,56440.64369517725,1178.6475388705226,57619.29123404777,1,6000.0,6000.0,HiGHS LP
0.95,2025-07-28,90347.04354904499,540.5537595405051,8672.112942898173,57068.984299253454,2110.8955131430766,59179.87981239653,1,6000.0,6000.0,HiGHS LP
0.95,2025-07-29,90487.90665322129,489.099972278089,10633.241548287968,57099.82022081845,1736.4606275924493,58836.280848410905,1,6000.0,6000.0,HiGHS LP
0.95,2025-07-30,89865.03111351842,143.49121330157902,11642.291061584272,56671.33480683519,710.8206487963082,57382.1554556315,1,6000.0,6000.0,HiGHS LP
0.95,2025-07-31,87809.01146884044,186.487926889913,9048.358219058038,55339.53705988503,944.8865649755687,56284.423624860596,1,6000.0,6000.0,HiGHS LP
0.95,2025-08-01,45351.78041669667,143.22874234980463,21203.6494923798,26990.845373145523,470.2153953687539,27461.060768514275,1,6000.0,6000.0,HiGHS LP
0.95,2025-08-02,43431.40730754919,88.38277981593944,19552.765154031797,25556.17795233409,351.36175076283234,25907.53970309692,1,6000.0,6000.0,HiGHS LP
0.95,2025-08-03,83771.7150535628,110.87217504504684,16858.444743353888,52591.01665956009,425.97397800878684,53016.99063756887,1,6000.0,6000.0,HiGHS LP
0.95,2025-08-04,82758.14213702263,37.2125523312377,13269.54694450028,52015.878457501574,109.70368085304993,52125.58213835462,1,6000.0,6000.0,HiGHS LP
0.95,2025-08-05,81910.83930346605,6.714385264001635,12662.751963149847,51515.37224469955,18.627857324378663,51534.00010202393,1,6000.0,6000.0,HiGHS LP
0.95,2025-08-06,78942.91663903117,1488.9086236540295,8351.715144111446,49648.79516928748,6153.7842596146365,55802.579428902114,1,6000.0,6000.0,HiGHS LP
0.95,2025-08-07,85720.04498274128,40.82155822904804,18151.065024389634,54101.356254757105,97.281015932521,54198.63727068963,1,6000.0,6000.0,HiGHS LP
0.95,2025-08-08,43466.50005327006,62.162660005845964,24713.4914632759,25710.776120860348,267.5158960796545,25978.292016940002,1,6000.0,6000.0,HiGHS LP
0.95,2025-08-09,42549.27527651316,330.1263285367054,20917.47260504986,24989.005473001584,1341.3763589649097,26330.381831966493,1,6000.0,6000.0,HiGHS LP
0.95,2025-08-10,77909.9608553759,153.16872809108688,8829.54483374342,49059.604364580606,542.6861686375244,49602.29053321813,1,6000.0,6000.0,HiGHS LP
0.95,2025-08-11,81699.82384751854,77.10930603546501,13130.308001210913,51402.590521976046,202.02454618010498,51604.61506815615,1,6000.0,6000.0,HiGHS LP
0.95,2025-08-12,79915.67439546344,467.4423927278145,8604.979671524294,50283.410401204645,1879.64132037058,52163.051721575226,1,6000.0,6000.0,HiGHS LP
0.95,2025-08-13,80392.68131400696,352.88805583764895,10538.334531259752,50275.09580584636,1556.7841873055731,51831.87999315193,1,6000.0,6000.0,HiGHS LP
0.95,2025-08-14,78800.74738030408,414.6358014486007,9277.580428190431,49565.10251310073,2018.8074974439687,51583.9100105447,1,6000.0,6000.0,HiGHS LP
0.95,2025-08-15,43977.531704741836,60.8533720444583,23838.658193452957,26066.461307687554,216.04879216637778,26282.51009985393,1,6000.0,6000.0,HiGHS LP
0.95,2025-08-16,44946.58751484892,13.639510728053096,24990.94665891031,26701.27388692314,91.99168010535412,26793.265567028495,1,6000.0,6000.0,HiGHS LP
0.95,2025-08-17,76434.97505597479,442.3304756464705,9836.94125861636,48081.74625270926,2257.1872351686397,50338.9334878779,1,6000.0,6000.0,HiGHS LP
0.95,2025-08-18,78835.72856502252,200.4766219856672,10656.645117618396,49827.92782918495,893.2587375935964,50721.186566778546,1,6000.0,6000.0,HiGHS LP
0.95,2025-08-19,76621.21112410988,326.2103849967229,8681.813592817974,48336.24521385799,1702.4465777583137,50038.69179161631,1,6000.0,6000.0,HiGHS LP
0.95,2025-08-20,78976.19921417898,1698.7904117674107,6004.978485927427,49926.954720758775,7106.241987205339,57033.19670796411,1,6000.0,6000.0,HiGHS LP
0.95,2025-08-21,81958.88771674216,107.27279908311284,12065.263296001114,51716.138804648974,558.7705480478867,52274.90935269686,1,6000.0,6000.0,HiGHS LP
0.95,2025-08-22,44903.9142839767,237.5944943631672,20870.939378339866,26714.209459950536,824.7568238352346,27538.966283785772,1,6000.0,6000.0,HiGHS LP
0.95,2025-08-23,43979.930075376185,78.79699882699043,18488.72092420318,26020.045132767038,299.93818087093337,26319.98331363797,1,6000.0,6000.0,HiGHS LP
0.95,2025-08-24,78958.51207488461,266.0097829871118,11396.870679164662,49525.32715380188,1220.8279422465255,50746.15509604841,1,6000.0,6000.0,HiGHS LP
0.95,2025-08-25,78960.62198391363,1726.2481811900273,5841.056654706709,49801.9034735982,7023.5956133150385,56825.49908691324,1,6000.0,6000.0,HiGHS LP
0.95,2025-08-26,80876.9325584473,239.17337649056674,11403.953647031503,50773.93463056332,1043.7534841761853,51817.68811473951,1,6000.0,6000.0,HiGHS LP
0.95,2025-08-27,78805.26235783976,533.0100933565934,7286.577566088804,49589.07498431828,2386.208459872932,51975.28344419121,1,6000.0,6000.0,HiGHS LP
0.95,2025-08-28,81868.59953282675,1543.960790027408,8404.554569985967,51568.31754309078,6091.649668205069,57659.96721129585,1,6000.0,6000.0,HiGHS LP
0.95,2025-08-29,42545.04454869288,583.2535065466113,17533.0777052395,25147.660092783808,2467.716273770736,27615.376366554545,1,6000.0,6000.0,HiGHS LP
0.95,2025-08-30,43407.28721208552,132.90793886242625,21987.47531761461,25784.083332948816,313.2469881487442,26097.33032109756,1,6000.0,6000.0,HiGHS LP
0.95,2025-08-31,81644.37675355711,153.28859099820878,10942.108420266984,51600.52758929388,555.5554448604529,52156.08303415433,1,6000.0,6000.0,HiGHS LP
0.95,2025-09-01,76628.7760551795,56.53045199129768,19025.845181622113,48207.320150908505,155.0229119243174,48362.34306283282,1,6000.0,6000.0,HiGHS LP
0.95,2025-09-02,64271.46438275227,734.6212894537583,7130.625908522788,39887.12480285403,2890.629398084178,42777.75420093821,1,6000.0,6000.0,HiGHS LP
0.95,2025-09-03,67060.51359989593,297.59810737652765,7816.689882477514,41623.40590941964,1049.404940281858,42672.8108497015,1,6000.0,6000.0,HiGHS LP
0.95,2025-09-04,67165.5260399066,577.5077641516048,9837.59084081023,41510.714659930956,2503.726178658851,44014.440838589806,1,6000.0,6000.0,HiGHS LP
0.95,2025-09-05,36884.43499887107,15.633294938424115,27035.806627142825,20996.18874335165,47.53916340863606,21043.727906760287,1,6000.0,6000.0,HiGHS LP
0.95,2025-09-06,38138.62152014066,2.593849999999975,27380.131670140658,21882.619786834526,8.947485574999913,21891.567272409528,1,6000.0,6000.0,HiGHS LP
0.95,2025-09-07,67266.01145100844,291.19597774269255,8541.622766671542,41557.58373112326,967.2595101587917,42524.843241282055,1,6000.0,6000.0,HiGHS LP
0.95,2025-09-08,58765.42065968078,6273.383920417931,1721.0337055037087,35754.03028883379,25274.3969405646,61028.42722939839,1,6000.0,6000.0,HiGHS LP
0.95,2025-09-09,71474.34540673177,28.626834803768247,14249.50882435545,44179.20597986001,144.0694863461045,44323.27546620611,1,6000.0,6000.0,HiGHS LP
0.95,2025-09-10,70332.68818472934,1001.1785687513882,5873.844098646373,43557.26593103298,4225.136012245976,47782.40194327895,1,6000.0,6000.0,HiGHS LP
0.95,2025-09-11,72527.59302446264,120.90227417418379,14916.71977921485,44872.52512772147,710.1035765531167,45582.62870427459,1,6000.0,6000.0,HiGHS LP
0.95,2025-09-12,36066.43459352471,129.47855486502394,21604.256948389735,20414.162500163093,501.65684050494605,20915.81934066804,1,6000.0,6000.0,HiGHS LP
0.95,2025-09-13,36066.928743690834,69.815336200984,25089.642596558486,20390.2801942402,198.63705912735162,20588.917253367552,1,6000.0,6000.0,HiGHS LP
0.95,2025-09-14,70831.29358086298,562.8562108116436,7113.371103053686,44119.523604052796,1862.1580303741491,45981.68163442695,1,6000.0,6000.0,HiGHS LP
0.95,2025-09-15,75348.79014319781,1.0192841593219555,16024.15111461898,47162.31000748606,2.909036990704861,47165.21904447677,1,6000.0,6000.0,HiGHS LP
0.95,2025-09-16,72991.77174128285,430.73466856919873,9712.492140457158,45642.723368785344,1144.7168931038136,46787.440261889154,1,6000.0,6000.0,HiGHS LP
0.95,2025-09-17,77809.12174959718,38.953493831726746,13598.926393072357,49025.85647510631,147.6603198110549,49173.51679491736,1,6000.0,6000.0,HiGHS LP
0.95,2025-09-18,75335.73506846203,53.98040219369079,12182.929267842068,47302.079527097536,184.8265071785627,47486.9060342761,1,6000.0,6000.0,HiGHS LP
0.95,2025-09-19,37450.12785874796,136.5665393394844,18445.34208142078,21320.984049704864,320.1844281264948,21641.168477831357,1,6000.0,6000.0,HiGHS LP
0.95,2025-09-20,38521.593970985545,22.963838389711782,19859.12407604192,22045.028698945032,50.09881870523928,22095.12751765027,1,6000.0,6000.0,HiGHS LP
0.95,2025-09-21,76493.35019500062,19.45327327388108,13955.149297325395,48050.0935771411,82.50987100101544,48132.603448142116,1,6000.0,6000.0,HiGHS LP
0.95,2025-09-22,74587.89315546246,109.1675321854865,9859.786877329148,46727.753973349296,424.80145320257316,47152.555426551866,1,6000.0,6000.0,HiGHS LP
0.95,2025-09-23,75654.29717337515,139.47851554131472,9464.10878390884,47461.177640577036,520.6926067076971,47981.870247284736,1,6000.0,6000.0,HiGHS LP
0.95,2025-09-24,74356.44881820981,119.48458993517096,9203.323195279438,46539.02721456807,260.764678487703,46799.79189305577,1,6000.0,6000.0,HiGHS LP
0.95,2025-09-25,76685.0794264357,76.29294589135145,12196.856956019348,48297.896117861485,374.7394262893023,48672.635544150784,1,6000.0,6000.0,HiGHS LP
0.95,2025-09-26,39672.70221644221,0.0,18869.481870357507,22816.512284716355,0.0,22816.512284716355,0,6000.0,6000.0,HiGHS LP
0.95,2025-09-27,38470.44567574321,92.00153806954431,17664.22185581268,21871.897753059362,281.6289506119007,22153.52670367126,1,6000.0,6000.0,HiGHS LP
0.95,2025-09-28,78033.86842526369,66.77868478835164,10345.365868130164,49144.81715602176,307.3978648885613,49452.21502091032,1,6000.0,6000.0,HiGHS LP
0.95,2025-09-29,78788.60289044118,29.26300778850225,11761.642941198099,49732.27823239482,63.34114396546812,49795.619376360286,1,6000.0,6000.0,HiGHS LP
0.95,2025-09-30,80201.52154479321,17.656428703434244,10429.958476426762,50728.519709165164,115.57813549064873,50844.097844655815,1,6000.0,6000.0,HiGHS LP
0.95,2025-10-01,79356.37525124403,6.666583618848222,25322.79768517923,50059.07151129095,14.546485456326819,50073.61799674728,1,6000.0,6000.0,HiGHS LP
0.95,2025-10-02,76795.10362109069,40.708037278649726,20773.735022035537,48085.07013627473,88.1131751727868,48173.183311447516,1,6000.0,6000.0,HiGHS LP
0.95,2025-10-03,35717.51499993143,2.266675278604737,24823.667128378427,19805.0640458633,4.913018666375767,19809.977064529674,1,6000.0,6000.0,HiGHS LP
0.95,2025-10-04,36070.79473244629,57.18085674094641,19955.41569295247,19990.165258829904,200.29714251271164,20190.462401342615,1,6000.0,6000.0,HiGHS LP
0.95,2025-10-05,75656.33739081974,12.015999128202907,16668.46016551178,47236.06028957525,26.090551687951795,47262.1508412632,1,6000.0,6000.0,HiGHS LP
0.95,2025-10-06,76215.58337843441,0.0,14216.70642332001,47602.417896576626,0.0,47602.417896576626,0,6000.0,6000.0,HiGHS LP
0.95,2025-10-07,74525.80073529025,0.3194795349842252,12533.302946767224,46382.64141993981,0.6959861669631345,46383.33740610677,1,6000.0,6000.0,HiGHS LP
0.95,2025-10-08,74984.78469889941,1.3473304729789106,14253.405304828371,46170.29939858575,8.461909035544048,46178.76130762129,1,6000.0,6000.0,HiGHS LP
0.95,2025-10-09,72634.02147820627,16.400909933048865,12737.587497939272,44601.04798755284,74.60569688710055,44675.65368443994,1,6000.0,6000.0,HiGHS LP
0.95,2025-10-10,35836.00647760689,0.0,23363.535952840044,19268.846373128774,0.0,19268.846373128774,0,6000.0,6000.0,HiGHS LP
0.95,2025-10-11,36375.15673492648,0.0,19128.88316279123,19454.37077953092,0.0,19454.37077953092,0,6000.0,6000.0,HiGHS LP
0.95,2025-10-12,71957.94799147613,86.50780845546024,9385.087948970748,44208.388971651264,374.52864344803095,44582.91761509929,1,6000.0,6000.0,HiGHS LP
0.95,2025-10-13,71493.32942414333,13.067732011211547,10339.566142216154,44013.02800146347,59.8698142093657,44072.89781567283,1,6000.0,6000.0,HiGHS LP
0.95,2025-10-14,71167.73477162152,218.70004319752167,6476.81002994262,43786.86388483089,906.5113680944936,44693.37525292538,1,6000.0,6000.0,HiGHS LP
0.95,2025-10-15,71996.55034377419,401.67769045381283,6330.168416514265,44408.57765004658,1654.0988328609906,46062.67648290757,1,6000.0,6000.0,HiGHS LP
0.95,2025-10-16,72657.03846269945,565.7207731828896,6076.632381089856,44859.30855841096,2294.8727824160137,47154.18134082697,1,6000.0,6000.0,HiGHS LP
0.95,2025-10-17,36265.71763495309,13.054297986566382,17036.390828360454,19401.98097423007,66.48980513953843,19468.47077936961,1,6000.0,6000.0,HiGHS LP
0.95,2025-10-18,35847.635293582964,13.426256969159567,16580.229269485546,19179.500447752303,32.960308088403266,19212.460755840708,1,6000.0,6000.0,HiGHS LP
0.95,2025-10-19,73566.39525314615,574.4215480459706,6050.4835043191615,45359.62106630977,2491.1169218810355,47850.73798819081,1,6000.0,6000.0,HiGHS LP
0.95,2025-10-20,74450.57294643528,456.45108131816147,6164.168615876938,46057.74919136628,2124.4459935514337,48182.19518491771,1,6000.0,6000.0,HiGHS LP
0.95,2025-10-21,75014.19463677585,569.4791423913573,4733.972324828608,46396.91832577778,1778.1771368013474,48175.09546257913,1,6000.0,6000.0,HiGHS LP
0.95,2025-10-22,75432.30644679398,603.1097112917221,6045.845332884587,46449.69738879948,2907.2326596730863,49356.93004847257,1,6000.0,6000.0,HiGHS LP
0.95,2025-10-23,77182.61549041313,11.651856824429842,9367.039912133245,47867.98773163422,78.49273349777162,47946.48046513199,1,6000.0,6000.0,HiGHS LP
0.95,2025-10-24,35448.65122424815,177.8404356794772,13921.540211431678,18700.095117827696,649.082082493431,19349.177200321126,1,6000.0,6000.0,HiGHS LP
0.95,2025-10-25,36124.00107186269,33.43108093920716,13464.16048599148,19269.202880073408,118.11761398333934,19387.32049405675,1,6000.0,6000.0,HiGHS LP
0.95,2025-10-26,77614.67067024269,73.8161064333988,8668.273959920021,48211.12206426525,277.52993397289225,48488.65199823814,1,6000.0,6000.0,HiGHS LP
0.95,2025-10-27,77015.08789067206,162.52176515350976,9149.525435252497,47659.656095213504,697.2366903667989,48356.892785580305,1,6000.0,6000.0,HiGHS LP
0.95,2025-10-28,77500.56615029283,128.09781271936285,7183.870104265535,48098.536614651355,575.854191454726,48674.39080610608,1,6000.0,6000.0,HiGHS LP
0.95,2025-10-29,78638.96626284381,476.4522639285235,5353.973704861662,48991.672701428375,1446.4015636241618,50438.074265052535,1,6000.0,6000.0,HiGHS LP
0.95,2025-10-30,79608.89010773887,50.681891383713264,10433.673496661206,49767.39841420857,246.06399394573234,50013.4624081543,1,6000.0,6000.0,HiGHS LP
0.95,2025-10-31,37514.04415006998,77.32054355197619,10251.931086157392,20185.839382675724,172.45565949041378,20358.295042166137,1,6000.0,6000.0,HiGHS LP
0.95,2025-11-01,37881.052926256576,47.702452105022985,11920.105052561594,20390.900154730632,105.49014873128674,20496.390303461918,1,6000.0,6000.0,HiGHS LP
0.95,2025-11-02,80264.43565028673,132.3111663628282,7138.482816946024,50083.69837039833,588.1258680750578,50671.82423847338,1,6000.0,6000.0,HiGHS LP
0.95,2025-11-03,80881.33606628753,147.2764481100437,7039.184245347275,50663.41547444626,416.55632195860574,51079.97179640486,1,6000.0,6000.0,HiGHS LP
0.95,2025-11-04,82623.2575758489,79.83492204310699,10625.784802927126,51879.868379189604,262.2540756907912,52142.122454880395,1,6000.0,6000.0,HiGHS LP
0.95,2025-11-05,83185.06346024651,37.49779008416135,9054.891028943148,52411.56559236664,135.4527484073564,52547.018340774,1,6000.0,6000.0,HiGHS LP
0.95,2025-11-06,80436.29211780243,586.4213972292105,5200.58640861828,50218.65288735466,2668.9590285257614,52887.61191588042,1,6000.0,6000.0,HiGHS LP
0.95,2025-11-07,37483.51711109908,145.60584515610566,10804.140850141312,20025.55786070494,703.7619587896411,20729.31981949458,1,6000.0,6000.0,HiGHS LP
0.95,2025-11-08,38561.29665372472,39.28529619984039,11259.093408680885,20739.02023733788,120.44668457584734,20859.46692191373,1,6000.0,6000.0,HiGHS LP
0.95,2025-11-09,82730.3685984105,34.73649965442564,6954.307508072778,51944.9962884416,152.83123848554249,52097.82752692715,1,6000.0,6000.0,HiGHS LP
0.95,2025-11-10,84429.31361429981,81.74355074914111,6114.2740502819515,53222.03032283888,246.73126816313476,53468.76159100202,1,6000.0,6000.0,HiGHS LP
0.95,2025-11-11,84167.32900289688,53.94131095769001,8104.88531130737,52961.17189511858,156.88466881564457,53118.05656393423,1,6000.0,6000.0,HiGHS LP
0.95,2025-11-12,85645.58577553357,3.008827715290522,10048.833670693723,54128.36517323172,6.432873655291136,54134.798046887016,1,6000.0,6000.0,HiGHS LP
0.95,2025-11-13,85060.8288078247,127.13113230250823,8147.653776471741,53763.10847154674,364.6170230616332,54127.72549460837,1,6000.0,6000.0,HiGHS LP
0.95,2025-11-14,39140.508786721824,26.744586185549394,7945.044666777917,20999.70036443103,60.29039583496268,21059.990760265995,1,6000.0,6000.0,HiGHS LP
0.95,2025-11-15,40233.96888985614,15.31481809468761,8374.991055214763,21512.041439939672,38.76185350707872,21550.803293446752,1,6000.0,6000.0,HiGHS LP
0.95,2025-11-16,85694.76181473592,223.54699480081757,6815.989869564866,54053.04943346651,899.9603083766591,54953.00974184317,1,6000.0,6000.0,HiGHS LP
0.95,2025-11-17,87713.40819241609,69.03737215763044,10413.658228290384,55698.20503689887,148.45922271294927,55846.66425961182,1,6000.0,6000.0,HiGHS LP
0.95,2025-11-18,84292.16224115729,308.05883805408484,5087.41299224137,52910.689501347784,1092.1946262002425,54002.88412754803,1,6000.0,6000.0,HiGHS LP
0.95,2025-11-19,86080.86307045705,83.34402185365491,6137.938047275895,54313.666237669204,287.55006744451805,54601.216305113725,1,6000.0,6000.0,HiGHS LP
0.95,2025-11-20,87092.28063422095,57.06559879183102,7684.471507992753,55202.263356253025,216.92450315979724,55419.18785941282,1,6000.0,6000.0,HiGHS LP
0.95,2025-11-21,41633.00524043194,100.13944224112356,9131.428897649124,22142.27348949953,217.59525581131913,22359.86874531085,1,6000.0,6000.0,HiGHS LP
0.95,2025-11-22,40911.03902476693,90.54465626504953,7078.405648112335,21642.801308843264,294.65845604342644,21937.45976488669,1,6000.0,6000.0,HiGHS LP
0.95,2025-11-23,87430.36201968761,96.67768629091609,7604.5649315365845,55299.82244122143,328.0477022385275,55627.87014345996,1,6000.0,6000.0,HiGHS LP
0.95,2025-11-24,87928.93373261974,78.47100970021211,9170.961136011138,55768.100805340815,176.91712870768953,55945.017934048505,1,6000.0,6000.0,HiGHS LP
0.95,2025-11-25,88883.44892548777,20.101735274792873,8016.556860762566,56435.53200876109,52.45481596469363,56487.986824725784,1,6000.0,6000.0,HiGHS LP
0.95,2025-11-26,87800.45579565565,76.76522176885678,6426.861857828077,55556.39499333252,309.6956564949397,55866.09064982746,1,6000.0,6000.0,HiGHS LP
0.95,2025-11-27,89167.19000963615,88.31365658765287,8756.27759955714,56692.74854338539,363.9580076023717,57056.70655098776,1,6000.0,6000.0,HiGHS LP
0.95,2025-11-28,41369.904641172696,112.13263584892505,6825.376212765545,21924.475227434683,551.5680210259824,22476.043248460664,1,6000.0,6000.0,HiGHS LP
0.95,2025-11-29,43398.58333186632,609.0434246113032,5260.214698591131,23174.141852924487,2057.588033945574,25231.72988687006,1,6000.0,6000.0,HiGHS LP
0.95,2025-11-30,91459.6074168859,6.47675571608022,6477.271627802242,58364.97351322769,29.519523123540832,58394.49303635123,1,6000.0,6000.0,HiGHS LP
0.95,2025-12-01,90467.88942218633,3158.170482998078,2608.798838517747,57600.09325914315,11031.87997768316,68631.9732368263,1,6000.0,6000.0,HiGHS LP
0.95,2025-12-02,96131.66692834269,1575.5424812030708,4264.962372939105,62191.25014546296,5118.8548004567665,67310.10494591972,1,6000.0,6000.0,HiGHS LP
0.95,2025-12-03,97381.9854322057,435.9550177687513,5884.951921045446,62381.82368671232,1526.2539769788668,63908.07766369118,1,6000.0,6000.0,HiGHS LP
0.95,2025-12-04,99182.6001203977,154.5874635600053,7751.992560256402,63834.83797375002,688.2393026515806,64523.0772764016,1,6000.0,6000.0,HiGHS LP
0.95,2025-12-05,53385.90837427147,196.53969957738389,8182.723719909894,28286.402197244304,887.9876686080169,29174.38986585232,1,6000.0,6000.0,HiGHS LP
0.95,2025-12-06,55358.54484682868,163.8665624533107,7759.096053752796,29579.28025232846,489.3715475957421,30068.651799924202,1,6000.0,6000.0,HiGHS LP
0.95,2025-12-07,101374.0275330462,127.85393200127874,8993.201360335763,65371.09483423573,568.6752221577095,65939.77005639343,1,6000.0,6000.0,HiGHS LP
0.95,2025-12-08,98658.11055017766,766.954201691686,6791.019241170675,62582.91173031823,3948.0436320810013,66530.95536239923,1,6000.0,6000.0,HiGHS LP
0.95,2025-12-09,102698.80469200842,59.230593943494114,10493.338478447371,66206.7573497585,294.06862076479894,66500.82597052329,1,6000.0,6000.0,HiGHS LP
0.95,2025-12-10,100471.58884968239,81.84435794104809,7317.516007300605,64589.46078056405,350.6735327383085,64940.134313302355,1,6000.0,6000.0,HiGHS LP
0.95,2025-12-11,103416.21020558954,50.37142783658112,12628.660266759454,67005.29193769791,188.31332395230285,67193.60526165021,1,6000.0,6000.0,HiGHS LP
0.95,2025-12-12,53839.3032914856,220.56368478628826,6252.409199196469,28507.25183894582,677.2198888512576,29184.471727797078,1,6000.0,6000.0,HiGHS LP
0.95,2025-12-13,58741.803340623286,3.463061235310988,10857.75407414654,31758.236163353846,21.627763969036756,31779.863927322884,1,6000.0,6000.0,HiGHS LP
0.95,2025-12-14,102963.00420733291,22.08838471635329,9329.704125382601,66511.75394939419,126.3238914712418,66638.07784086543,1,6000.0,6000.0,HiGHS LP
0.95,2025-12-15,103478.72931043012,48.44065506569257,9180.945332162479,66918.3096289825,119.65282961015345,67037.96245859266,1,6000.0,6000.0,HiGHS LP
0.95,2025-12-16,102660.9864023281,2.4166606951205267,8368.64506302321,66221.02313091859,12.917549564463407,66233.94068048305,1,6000.0,6000.0,HiGHS LP
0.95,2025-12-17,104312.79122099713,27.497203666692144,11271.774691330482,67469.64454919094,102.16878358177912,67571.81333277271,1,6000.0,6000.0,HiGHS LP
0.95,2025-12-18,102154.01556742779,57.4049158686978,9968.486849963152,65865.87817269257,121.05209898863062,65986.9302716812,1,6000.0,6000.0,HiGHS LP
0.95,2025-12-19,56982.350631657566,18.48914027804463,9998.45206399864,30440.771274922852,114.93901505810054,30555.710289980954,1,6000.0,6000.0,HiGHS LP
0.95,2025-12-20,57020.766074939,33.61215311628658,10113.07628152502,30494.67274994866,109.18064205635272,30603.85339200501,1,6000.0,6000.0,HiGHS LP
0.95,2025-12-21,101754.02769693878,214.48253698096494,8054.061700586419,65505.995900177666,754.6350239570677,66260.63092413473,1,6000.0,6000.0,HiGHS LP
0.95,2025-12-22,104291.96523113045,1.0382864428992207,10478.909767573354,67396.87486616951,2.2369546351223106,67399.11182080464,1,6000.0,6000.0,HiGHS LP
0.95,2025-12-23,104105.09592814896,1.6572623107433628,11971.993990459709,67251.48358314515,4.124069114807602,67255.60765225996,1,6000.0,6000.0,HiGHS LP
0.95,2025-12-24,102847.320062303,24.463550703300825,10140.55762967297,66370.37475026902,69.93043437246212,66440.30518464149,1,6000.0,6000.0,HiGHS LP
0.95,2025-12-25,102503.26459056378,39.874324566359405,9854.023715130137,66164.50275547098,88.72686920029452,66253.22962467128,1,6000.0,6000.0,HiGHS LP
0.95,2025-12-26,56279.19022387218,2.1242639990894645,9182.286475736964,29977.924324598378,4.446084550094249,29982.370409148472,1,6000.0,6000.0,HiGHS LP
0.95,2025-12-27,57758.3060725626,24.479243754851154,10364.246398588191,30987.370166956505,95.97353720654543,31083.34370416305,1,6000.0,6000.0,HiGHS LP
0.95,2025-12-28,101667.4000308429,65.25233555509283,10046.730949731322,65465.533486532564,333.04404816602585,65798.57753469859,1,6000.0,6000.0,HiGHS LP
0.95,2025-12-29,101924.77792863923,46.76453884835723,9571.109534154264,65582.31986091606,207.4421705615838,65789.76203147764,1,6000.0,6000.0,HiGHS LP
0.95,2025-12-30,103005.34241860053,2.0080033861374886,11906.28115531999,66536.77793492744,9.961704798628082,66546.73963972606,1,6000.0,6000.0,HiGHS LP
0.95,2025-12-31,100318.27187184789,143.0454397648354,6939.356971422474,64403.45752122083,502.8492841438371,64906.306805364664,1,6000.0,6000.0,HiGHS LP
