date,00:00-00:10,00:10-00:20,00:20-00:30,00:30-00:40,00:40-00:50,00:50-01:00,01:00-01:10,01:10-01:20,01:20-01:30,01:30-01:40,01:40-01:50,01:50-02:00,02:00-02:10,02:10-02:20,02:20-02:30,02:30-02:40,02:40-02:50,02:50-03:00,03:00-03:10,03:10-03:20,03:20-03:30,03:30-03:40,03:40-03:50,03:50-04:00,04:00-04:10,04:10-04:20,04:20-04:30,04:30-04:40,04:40-04:50,04:50-05:00,05:00-05:10,05:10-05:20,05:20-05:30,05:30-05:40,05:40-05:50,05:50-06:00,06:00-06:10,06:10-06:20,06:20-06:30,06:30-06:40,06:40-06:50,06:50-07:00,07:00-07:10,07:10-07:20,07:20-07:30,07:30-07:40,07:40-07:50,07:50-08:00,08:00-08:10,08:10-08:20,08:20-08:30,08:30-08:40,08:40-08:50,08:50-09:00,09:00-09:10,09:10-09:20,09:20-09:30,09:30-09:40,09:40-09:50,09:50-10:00,10:00-10:10,10:10-10:20,10:20-10:30,10:30-10:40,10:40-10:50,10:50-11:00,11:00-11:10,11:10-11:20,11:20-11:30,11:30-11:40,11:40-11:50,11:50-12:00,12:00-12:10,12:10-12:20,12:20-12:30,12:30-12:40,12:40-12:50,12:50-13:00,13:00-13:10,13:10-13:20,13:20-13:30,13:30-13:40,13:40-13:50,13:50-14:00,14:00-14:10,14:10-14:20,14:20-14:30,14:30-14:40,14:40-14:50,14:50-15:00,15:00-15:10,15:10-15:20,15:20-15:30,15:30-15:40,15:40-15:50,15:50-16:00,16:00-16:10,16:10-16:20,16:20-16:30,16:30-16:40,16:40-16:50,16:50-17:00,17:00-17:10,17:10-17:20,17:20-17:30,17:30-17:40,17:40-17:50,17:50-18:00,18:00-18:10,18:10-18:20,18:20-18:30,18:30-18:40,18:40-18:50,18:50-19:00,19:00-19:10,19:10-19:20,19:20-19:30,19:30-19:40,19:40-19:50,19:50-20:00,20:00-20:10,20:10-20:20,20:20-20:30,20:30-20:40,20:40-20:50,20:50-21:00,21:00-21:10,21:10-21:20,21:20-21:30,21:30-21:40,21:40-21:50,21:50-22:00,22:00-22:10,22:10-22:20,22:20-22:30,22:30-22:40,22:40-22:50,22:50-23:00,23:00-23:10,23:10-23:20,23:20-23:30,23:30-23:40,23:40-23:50,23:50-24:00,全天计划购电量_kWh,全天计划购电费_元
2025-02-01,616.3293166666666,622.4207333333333,624.24,620.6631,629.0592166666667,638.5166666666667,657.8858333333334,652.1511333333333,653.825,649.6088833333332,651.8044166666666,667.4083333333333,670.6950166666667,677.4254666666667,677.03,672.16295,689.0236833333333,692.2783333333333,679.2211666666667,684.30345,704.8883333333334,688.0935833333333,690.7420999999999,710.3466666666667,706.5813833333334,708.5874000000001,709.3433333333335,711.9625,715.4342166666665,715.3016666666667,719.9364166666667,730.7606333333333,726.175,700.3429500000001,787.3742666666668,920.0716666666667,250.79471666666666,905.84575,929.7216666666667,923.5810166666668,910.9672833333333,894.3908333333334,862.6494500000001,837.0216166666665,781.3483333333334,1529.1565833333334,776.2352166666666,120.53874999999994,84.76721666666685,0.0,0.0,0.0,0.0,0.0,0.0,0.0,0.0,484.8989833333333,436.9225666666648,0.0,0.0,0.0,313.2395833333333,0.0,258.86628333333346,1077.8375,1087.1588333333334,1072.83095,1028.9879166666667,1026.11375,997.9863333333335,944.6937500000001,951.24895,954.8821,926.7475,925.2922333333333,978.5598,209.65916666666666,212.69488333333342,200.96546666666669,240.75458333333336,282.74928333333327,308.99251666666663,0.0,0.0,0.0,0.0,0.0,0.0,1361.2725,1402.5782333333334,1426.4861333333333,1466.5829166666667,1136.7883174897115,746.5944833333332,777.0133333333334,829.0708166666666,879.5995333333334,918.8924999999999,960.3294666666667,999.5001166666667,1046.7291666666667,1056.33155,1040.43285,1052.6433333333332,1080.3028,946.9503666666667,737.3799999999999,717.00585,745.8739166666667,749.3350000000002,748.7216166666668,292.4618833333326,0.0,0.0,0.0,0.0,0.0,0.0,0.0,0.0,0.0,0.0,0.0,751.1731833333334,756.2033333333334,762.9402666666666,748.1819833333334,755.8199999999999,786.3264666666668,711.90145,1413.6483333333335,1397.7669500000002,588.02055,1410.9116666666666,1414.7342166666667,582.4459666666667,1425.475,592.1239833333333,930.9783833333333,1440.565,616.1648666666666,607.8704,610.64,90923.86486748971,59253.99683460841
2025-02-02,616.3293166666666,622.4207333333333,624.24,620.6631,629.0592166666667,638.5166666666667,657.8858333333334,652.1511333333333,653.825,649.6088833333332,651.8044166666666,667.4083333333333,670.6950166666667,677.4254666666667,677.03,672.16295,689.0236833333333,692.2783333333333,679.2211666666667,684.30345,704.8883333333334,688.0935833333333,690.7420999999999,710.3466666666667,706.5813833333334,708.5874000000001,709.3433333333335,711.9625,715.4342166666665,715.3016666666667,719.9364166666667,730.7606333333333,726.175,700.3429500000001,787.3742666666668,920.0716666666667,250.79471666666666,905.84575,929.7216666666667,923.5810166666668,910.9672833333333,894.3908333333334,862.6494500000001,837.0216166666665,781.3483333333334,1529.1565833333334,776.2352166666666,120.53874999999994,84.76721666666685,0.0,0.0,0.0,0.0,0.0,0.0,0.0,0.0,484.8989833333333,436.9225666666648,0.0,0.0,0.0,313.2395833333333,0.0,258.86628333333346,1077.8375,1087.1588333333334,1072.83095,1028.9879166666667,1026.11375,997.9863333333335,944.6937500000001,951.24895,954.8821,926.7475,925.2922333333333,978.5598,209.65916666666666,212.69488333333342,200.96546666666669,240.75458333333336,282.74928333333327,308.99251666666663,0.0,0.0,0.0,0.0,0.0,0.0,1361.2725,1402.5782333333334,1426.4861333333333,1466.5829166666667,1136.7883174897115,746.5944833333332,777.0133333333334,829.0708166666666,879.5995333333334,918.8924999999999,960.3294666666667,999.5001166666667,1046.7291666666667,1056.33155,1040.43285,1052.6433333333332,1080.3028,946.9503666666667,737.3799999999999,717.00585,745.8739166666667,749.3350000000002,748.7216166666668,292.4618833333326,0.0,0.0,0.0,0.0,0.0,0.0,0.0,0.0,0.0,0.0,0.0,751.1731833333334,756.2033333333334,762.9402666666666,748.1819833333334,755.8199999999999,786.3264666666668,711.90145,1413.6483333333335,1397.7669500000002,588.02055,1410.9116666666666,1414.7342166666667,582.4459666666667,1425.475,592.1239833333333,930.9783833333333,1440.565,616.1648666666666,607.8704,610.64,90923.86486748971,59253.99683460841
2025-02-03,1449.3001333333334,1451.8306333333335,1453.2183333333332,693.3215222222229,1462.39255,638.5166666666667,657.8858333333334,649.754,653.825,649.6088833333332,651.8044166666666,667.4083333333333,668.8418999999999,675.2263166666667,675.1283333333333,672.0840166666666,675.8074166666667,692.2783333333333,679.2211666666667,684.30345,704.8883333333334,688.0935833333333,690.7420999999999,709.425,705.8111833333334,708.5874000000001,709.3433333333335,711.9625,714.2354666666666,714.8266666666666,719.9364166666667,730.7606333333333,726.175,1533.6762833333335,787.3742666666668,917.0466666666666,246.3626333333334,903.82985,929.7216666666667,923.5810166666668,910.9672833333333,894.3908333333334,858.8959166666667,832.58945,781.3483333333334,1519.1405166666666,762.8221166666665,119.5141666666666,71.36008333333325,0.0,0.0,0.0,0.0,0.0,0.0,0.0,0.0,484.8989833333333,378.4125166666661,0.0,0.0,0.0,307.24875000000003,0.0,250.68411666666665,1073.7904166666667,1086.86885,1042.9108,1027.9129166666667,1026.11375,997.9863333333335,944.6937500000001,951.24895,954.8821,926.7475,925.2922333333333,978.5598,209.65916666666666,212.69488333333342,200.96546666666669,240.75458333333336,282.74928333333327,308.99251666666663,0.0,0.0,0.0,0.0,0.0,0.0,1361.2725,1393.9081666666666,1424.91955,1465.6416666666667,1061.2035259259253,731.1157666666669,762.7475000000001,819.1695666666667,878.1949666666667,918.8924999999999,954.8000499999999,999.10655,1043.2362500000002,1054.6549833333333,1040.4118166666667,1052.6433333333332,1079.4260166666668,945.4252166666666,737.3799999999999,714.5036333333333,745.4868,749.3350000000002,750.15395,276.26468333333423,0.0,0.0,0.0,0.0,0.0,0.0,0.0,0.0,0.0,0.0,0.0,751.1731833333334,756.2033333333334,762.9402666666666,747.7405999999999,749.1466666666668,781.5158833333334,711.90145,1413.6483333333335,1397.7669500000002,588.02055,1410.9116666666666,1413.21155,582.4459666666667,1425.475,591.6654333333333,597.3510333333335,1440.565,949.4982,607.5746999999999,610.64,94792.52336481481,60717.52991031759
2025-02-04,1449.3001333333334,1451.8306333333335,1453.2183333333332,926.3222674897117,1462.39255,637.4766666666667,657.8858333333334,649.754,645.8683333333333,649.6088833333332,651.8044166666666,660.4033333333333,664.1026666666668,674.4617999999999,674.1283333333333,672.0840166666666,675.8074166666667,692.2783333333333,672.9660833333332,683.0043999999999,704.8883333333334,685.7917000000001,681.7737166666667,709.425,705.1456333333334,706.6536333333333,709.3433333333335,711.9625,714.2354666666666,714.8266666666666,718.7302166666667,730.7606333333333,726.175,1533.6762833333335,787.3742666666668,917.0466666666666,246.3626333333334,903.82985,929.7216666666667,923.5810166666668,909.1203166666667,894.3908333333334,858.8959166666667,832.58945,781.3483333333334,1519.1405166666666,762.7604499999999,114.01208333333341,57.44756666666672,0.0,0.0,0.0,0.0,0.0,0.0,0.0,0.0,477.70449999999994,305.38344999999913,0.0,0.0,0.0,306.1654166666667,0.0,235.369,1062.0225,1059.3604666666668,1031.8308166666666,1022.2175000000001,1020.9773833333333,988.4371333333333,942.8329166666667,933.1773333333334,954.8821,926.7475,925.2922333333333,978.5598,209.65916666666666,212.69488333333342,200.96546666666669,231.6545833333333,282.74928333333327,308.99251666666663,0.0,0.0,0.0,0.0,0.0,0.0,1361.2725,1393.5233666666668,1418.7488833333334,1465.6416666666667,1061.2035259259253,731.1157666666669,762.7475000000001,817.7988833333334,876.9392666666666,917.6245833333331,948.2034166666666,998.2101333333334,1032.6029166666665,1054.3022666666668,1040.4118166666667,1052.6433333333332,1079.4260166666668,943.0608833333334,737.0799999999999,714.5036333333333,745.4868,749.3350000000002,748.7216166666668,254.71415000000172,0.0,0.0,0.0,0.0,0.0,0.0,0.0,0.0,0.0,0.0,0.0,745.2908333333332,755.175,754.8644499999999,747.7405999999999,749.1466666666668,781.5158833333334,706.8324666666667,1408.93,1397.7669500000002,588.02055,1410.9116666666666,1414.7342166666667,582.4459666666667,1425.475,583.5299333333334,594.66525,1440.565,949.4982,607.5746999999999,610.64,94674.02532674898,60549.94393619253
2025-02-05,1444.1371,1451.3896166666668,1453.2183333333332,776.7196263374449,1461.0429333333334,634.9216666666667,649.0018333333334,649.754,645.8683333333333,649.6088833333332,651.8044166666666,659.4066666666666,661.5856,673.1993500000001,669.565,667.8490999999999,675.8074166666667,692.2783333333333,672.9660833333332,683.0043999999999,704.8883333333334,685.7917000000001,681.7737166666667,709.425,705.1456333333334,706.6536333333333,709.3433333333335,711.9625,712.7656999999999,714.3799999999999,716.6586166666665,730.7606333333333,726.175,1533.6762833333335,784.2034166666667,917.0466666666666,246.3626333333334,903.82985,925.4716666666667,919.2638833333333,900.1931500000002,891.1112499999999,858.5330833333334,827.1202,779.2016666666666,1514.8098833333333,756.7576833333334,112.56291666666675,51.4001833333333,0.0,0.0,0.0,0.0,0.0,0.0,0.0,0.0,470.51213333333334,252.07351666666543,0.0,0.0,0.0,306.1654166666667,0.0,230.60883333333337,1052.125,1043.4598166666667,1029.7341166666668,1015.0929166666667,1007.7061166666667,984.5696666666666,941.2966666666669,923.3232166666667,954.5589833333332,911.5225,919.8049833333333,974.7062666666666,202.2191666666666,205.72770000000006,197.40111666666658,229.09916666666672,257.2402666666667,298.8480499999999,0.0,0.0,0.0,0.0,0.0,0.0,1356.7225,1377.7977500000002,1415.4652166666667,1459.8600000000001,981.620449794239,726.144,753.3883333333334,812.4919666666666,869.73705,915.7154166666666,946.4847166666666,991.6005833333334,1032.4629166666666,1054.3022666666668,1040.4118166666667,1051.5483333333334,1075.9327333333335,940.8711833333333,737.3799999999999,714.5036333333333,745.4868,749.3350000000002,747.1676000000001,248.54800000000103,0.0,0.0,0.0,0.0,0.0,0.0,0.0,0.0,0.0,0.0,0.0,745.2908333333332,755.175,754.8644499999999,747.7405999999999,749.1466666666668,779.7671833333334,706.2948333333334,1408.93,1397.7669500000002,589.6589333333334,1414.9,1414.7342166666667,582.4459666666667,1425.475,582.3246333333334,593.2026000000001,1440.565,949.4982,607.5746999999999,610.64,94069.16655946503,60147.64878220467
2025-02-06,1439.5541333333333,1451.3896166666668,1449.7783333333332,885.5031393004087,1461.0429333333334,634.9216666666667,649.0018333333334,649.754,645.8683333333333,648.7732500000001,647.7895333333333,659.4066666666666,661.4266666666666,664.7372833333334,669.565,666.99085,673.3498166666667,692.2783333333333,672.9660833333332,680.1285666666666,704.6949999999999,682.9182833333332,680.6562833333334,703.4549999999999,705.1456333333334,706.4074,709.3433333333335,710.3667166666668,703.71945,714.3799999999999,716.6586166666665,730.7606333333333,726.175,1533.4222,774.0208166666666,912.8583333333333,246.3626333333334,903.1746166666667,917.6949999999999,919.2638833333333,900.1931500000002,890.2041666666665,847.6667833333335,824.5651,773.9183333333334,1512.2817166666666,754.4558666666666,105.43624999999997,45.93696666666665,0.0,0.0,0.0,0.0,0.0,0.0,0.0,0.0,470.51213333333334,173.11791666666477,0.0,0.0,0.0,290.4875,0.0,229.73199999999997,1047.0995833333334,1025.1543166666668,1029.7341166666668,1015.0929166666667,1007.7061166666667,984.5696666666666,939.1041666666667,923.3232166666667,954.5589833333332,911.5225,919.8049833333333,974.7062666666666,202.2191666666666,205.72770000000006,197.40111666666658,227.96458333333325,257.2402666666667,298.8480499999999,0.0,0.0,0.0,0.0,0.0,0.0,1349.0191666666667,1377.3752833333333,1414.3402166666667,1456.9866666666667,957.7544065843609,721.2502999999999,750.8995833333333,805.5946500000001,869.73705,915.7154166666666,946.2958833333333,986.72905,1032.4629166666666,1040.6582166666667,1039.3981833333335,1051.5483333333334,1075.9327333333335,940.8711833333333,737.3799999999999,717.00585,745.4868,749.3350000000002,747.1676000000001,233.28046666666796,0.0,0.0,0.0,0.0,0.0,0.0,0.0,0.0,0.0,0.0,0.0,742.1596666666666,750.6916666666667,742.9281666666667,746.1933333333333,749.1466666666668,779.7671833333334,706.2948333333334,1408.93,1397.7669500000002,589.6589333333334,1414.9,1414.7342166666667,582.4459666666667,1425.475,582.3246333333334,593.2026000000001,1440.565,949.4982,607.48365,609.115,93841.49709588477,59923.69480049979
2025-02-07,1439.5541333333333,1451.3896166666668,1445.2083333333335,832.0427456790064,1455.7035,634.9216666666667,646.2420166666667,646.8283333333333,645.6816666666667,648.7732500000001,647.7761666666667,658.8316666666666,654.6027833333334,664.7372833333334,663.7716666666668,666.99085,673.3498166666667,691.0883333333333,672.5245666666667,679.3531166666667,704.6949999999999,682.9182833333332,680.6562833333334,703.4549999999999,705.1456333333334,706.4074,709.3433333333335,710.3667166666668,703.71945,710.7800000000001,716.4424166666666,728.5850666666666,726.175,1533.4222,774.0208166666666,910.935,245.15041666666673,903.1746166666667,917.6949999999999,919.2638833333333,900.1931500000002,882.5633333333332,845.6997499999999,822.50705,773.2091666666668,1501.9265833333334,754.3712,92.20083333333332,45.93696666666665,0.0,0.0,0.0,0.0,0.0,0.0,0.0,0.0,454.0724166666667,126.3971499999983,0.0,0.0,0.0,289.38124999999985,0.0,229.73199999999997,1047.0995833333334,1016.3574833333334,1000.2685,1015.0929166666667,1007.7061166666667,974.9834500000001,915.5804166666667,923.3232166666667,925.07755,909.8270833333333,919.1258000000001,967.9290333333333,179.27083333333334,201.86938333333333,196.88856666666666,222.1916666666666,244.64009999999993,269.72384999999986,0.0,0.0,0.0,0.0,0.0,0.0,1337.6879166666668,1374.4835666666668,1408.3240666666668,1454.4724999999999,860.6113660493825,717.6913333333334,746.3591666666666,800.57315,864.6681500000001,911.68625,941.6988333333334,979.9314,1026.40125,1039.0203,1032.8423,1049.5233333333333,1075.9327333333335,940.8711833333333,737.3799999999999,717.00585,745.4169166666667,732.48,747.1676000000001,228.02845000000013,0.0,0.0,0.0,0.0,0.0,0.0,0.0,0.0,0.0,0.0,0.0,742.1596666666666,746.0766666666666,742.83965,744.7547833333333,749.1466666666668,778.4101333333333,701.5676666666666,1408.93,1397.7669500000002,589.6589333333334,1414.9,1413.21155,581.6968333333333,1418.7333333333333,582.3246333333334,593.2026000000001,1433.0466666666666,941.0920166666667,607.48365,609.115,93233.24444506172,59488.34337627734
2025-02-08,606.2207999999999,618.0562833333333,611.875,616.2570833333334,622.3701666666667,634.9216666666667,646.2420166666667,646.8283333333333,645.6816666666667,648.7732500000001,647.7761666666667,658.8316666666666,654.6027833333334,664.7372833333334,663.7716666666668,666.99085,673.3498166666667,691.0883333333333,672.5245666666667,679.3531166666667,704.6949999999999,682.9182833333332,680.6562833333334,703.4549999999999,705.1456333333334,706.4074,709.3433333333335,710.3667166666668,703.71945,710.7800000000001,716.4424166666666,728.5850666666666,726.175,700.0888666666666,774.0208166666666,910.935,245.15041666666673,903.1746166666667,917.6949999999999,919.2638833333333,900.1931500000002,882.5633333333332,845.6997499999999,822.50705,773.2091666666668,1501.9265833333334,754.3712,92.20083333333332,45.93696666666665,0.0,0.0,0.0,0.0,0.0,0.0,0.0,0.0,454.0724166666667,126.3971499999983,0.0,0.0,0.0,289.38124999999985,0.0,229.73199999999997,1047.0995833333334,1016.3574833333334,1000.2685,1015.0929166666667,1007.7061166666667,974.9834500000001,915.5804166666667,923.3232166666667,925.07755,909.8270833333333,919.1258000000001,967.9290333333333,179.27083333333334,201.86938333333333,196.88856666666666,222.1916666666666,244.64009999999993,269.72384999999986,0.0,0.0,0.0,0.0,0.0,0.0,1337.6879166666668,1374.4835666666668,1408.3240666666668,1454.4724999999999,860.6113660493825,717.6913333333334,746.3591666666666,800.57315,864.6681500000001,911.68625,941.6988333333334,979.9314,1026.40125,1039.0203,1032.8423,1049.5233333333333,1075.9327333333335,940.8711833333333,737.3799999999999,717.00585,745.4169166666667,732.48,747.1676000000001,228.02845000000013,0.0,0.0,0.0,0.0,0.0,0.0,0.0,0.0,0.0,0.0,0.0,742.1596666666666,746.0766666666666,742.83965,744.7547833333333,749.1466666666668,778.4101333333333,701.5676666666666,1408.93,1397.7669500000002,589.6589333333334,1414.9,1413.21155,581.6968333333333,1418.7333333333333,582.3246333333334,926.5359333333333,1433.0466666666666,607.7586833333334,607.48365,609.115,88850.79211604939,57667.32640798994
2025-02-09,606.2207999999999,618.0562833333333,611.875,616.2570833333334,622.3701666666667,634.9216666666667,646.2420166666667,646.8283333333333,645.6816666666667,648.7732500000001,647.7761666666667,658.8316666666666,654.6027833333334,664.7372833333334,663.7716666666668,666.99085,673.3498166666667,691.0883333333333,672.5245666666667,679.3531166666667,704.6949999999999,682.9182833333332,680.6562833333334,703.4549999999999,705.1456333333334,706.4074,709.3433333333335,710.3667166666668,703.71945,710.7800000000001,716.4424166666666,728.5850666666666,726.175,700.0888666666666,774.0208166666666,910.935,245.15041666666673,903.1746166666667,917.6949999999999,919.2638833333333,900.1931500000002,882.5633333333332,845.6997499999999,822.50705,773.2091666666668,1501.9265833333334,754.3712,92.20083333333332,45.93696666666665,0.0,0.0,0.0,0.0,0.0,0.0,0.0,0.0,454.0724166666667,126.3971499999983,0.0,0.0,0.0,289.38124999999985,0.0,229.73199999999997,1047.0995833333334,1016.3574833333334,1000.2685,1015.0929166666667,1007.7061166666667,974.9834500000001,915.5804166666667,923.3232166666667,925.07755,909.8270833333333,919.1258000000001,967.9290333333333,179.27083333333334,201.86938333333333,196.88856666666666,222.1916666666666,244.64009999999993,269.72384999999986,0.0,0.0,0.0,0.0,0.0,0.0,1337.6879166666668,1374.4835666666668,1408.3240666666668,1454.4724999999999,860.6113660493825,717.6913333333334,746.3591666666666,800.57315,864.6681500000001,911.68625,941.6988333333334,979.9314,1026.40125,1039.0203,1032.8423,1049.5233333333333,1075.9327333333335,940.8711833333333,737.3799999999999,717.00585,745.4169166666667,732.48,747.1676000000001,228.02845000000013,0.0,0.0,0.0,0.0,0.0,0.0,0.0,0.0,0.0,0.0,0.0,742.1596666666666,746.0766666666666,742.83965,744.7547833333333,749.1466666666668,778.4101333333333,701.5676666666666,1408.93,1397.7669500000002,589.6589333333334,1414.9,1413.21155,581.6968333333333,1418.7333333333333,582.3246333333334,926.5359333333333,1433.0466666666666,607.7586833333334,607.48365,601.1333333333333,88842.81044938271,57663.91344732327
2025-02-10,1436.7730999999999,1442.5375833333333,1445.2083333333335,933.2213098765408,1448.4490666666666,634.9216666666667,646.2420166666667,646.8283333333333,643.575,645.8091833333333,647.7761666666667,658.8316666666666,654.6027833333334,664.7372833333334,663.7716666666668,659.7484499999999,671.5074333333334,687.5566666666667,672.5245666666667,679.3531166666667,704.6949999999999,682.9182833333332,680.6562833333334,703.4549999999999,705.1456333333334,699.3288166666666,709.3433333333335,710.3667166666668,703.71945,710.7800000000001,716.4424166666666,728.5850666666666,724.77,1533.4222,774.0208166666666,910.935,243.81504999999993,900.6529833333333,917.6949999999999,919.2638833333333,900.1931500000002,882.5633333333332,845.6997499999999,822.4861999999999,766.99625,1500.3517000000002,751.9714333333334,92.20083333333332,43.88526666666678,0.0,0.0,0.0,0.0,0.0,0.0,0.0,0.0,450.9583333333333,19.761483333332535,0.0,0.0,0.0,285.80041666666665,0.0,226.64168333333328,1047.0995833333334,1016.3574833333334,999.3932666666667,1010.2962499999999,1002.2631000000001,974.5319333333334,903.0341666666667,883.7207666666667,899.84725,901.71875,886.7705500000001,955.2866666666667,178.44875000000002,175.81811666666667,181.69485,217.64750000000004,235.65156666666675,265.69946666666664,0.0,0.0,0.0,0.0,0.0,0.0,1337.6879166666668,1369.7734833333334,1406.1625,1452.4366666666667,832.7410942386834,709.7944000000001,744.8620833333333,798.7338166666667,862.2803,906.1454166666667,941.2160333333334,979.9023166666667,1023.3849999999999,1037.5177666666666,1032.1796,1048.165,1075.9327333333335,939.3711833333333,737.0799999999999,717.00585,745.4169166666667,732.48,740.7306833333332,220.41046666666693,0.0,0.0,0.0,0.0,0.0,0.0,0.0,0.0,0.0,0.0,0.0,737.5447166666667,743.8433333333335,742.83965,744.7547833333333,749.1466666666668,778.4101333333333,701.5676666666666,1408.93,1397.7669500000002,589.6589333333334,1414.9,1410.3372,580.7904333333333,1418.7333333333333,580.0948166666666,592.0573833333333,1433.0466666666666,941.0920166666667,606.2679,601.1333333333333,92853.1033207819,59187.90261631701
2025-02-11,1436.3569833333333,1441.0584,1445.2083333333335,1175.3264514403272,1448.4490666666666,634.9216666666667,641.1512666666666,644.9927,643.575,645.8091833333333,647.7761666666667,658.8316666666666,654.6027833333334,664.7372833333334,663.7716666666668,656.5923,659.4606333333334,682.7416666666667,670.5565333333333,679.3531166666667,704.6949999999999,682.9182833333332,675.7256666666667,698.7583333333333,705.1456333333334,699.3288166666666,709.3433333333335,708.3796666666666,698.3776999999999,705.1800000000001,713.5248833333334,727.3844833333334,724.77,1533.4222,774.0208166666666,910.935,243.81504999999993,900.6529833333333,917.6949999999999,916.3925333333333,898.0450500000001,882.5633333333332,842.4733,805.4529666666666,766.99625,1500.3517000000002,751.9714333333334,92.20083333333332,43.88526666666678,0.0,0.0,0.0,0.0,0.0,0.0,0.0,0.0,450.9583333333333,0.0,0.0,0.0,0.0,229.9442166666652,0.0,226.64168333333328,1045.9145833333334,1012.6532166666668,994.0803166666667,1010.2962499999999,998.8169166666667,962.4742166666667,903.0341666666667,883.7207666666667,899.84725,901.71875,886.7705500000001,955.2866666666667,178.44875000000002,175.81811666666667,181.69485,214.08333333333334,235.65156666666675,265.69946666666664,0.0,0.0,0.0,0.0,0.0,0.0,1333.9754166666667,1369.7734833333334,1406.1625,1445.0766666666668,783.0981386831288,709.7944000000001,744.8620833333333,795.8285833333333,854.2386166666669,901.1329166666668,932.2814666666667,978.2072000000001,1023.3849999999999,1037.5177666666666,1032.1796,1046.0266666666666,1075.9327333333335,939.3711833333333,736.2666666666667,714.5036333333333,745.0290499999999,732.225,740.7306833333332,223.68588333333423,0.0,0.0,0.0,0.0,0.0,0.0,0.0,0.0,0.0,0.0,0.0,737.5447166666667,743.8433333333335,742.54675,744.6625166666666,748.6116666666666,772.3453166666666,695.1605500000001,1409.265,1395.7472833333334,589.6589333333334,1414.9,1410.3372,576.81875,1411.26,580.0948166666666,592.0573833333333,1432.075,937.1537833333332,601.5159166666667,601.1333333333333,92781.24994012345,59065.453400519174
2025-02-12,1435.7096000000001,1439.6030500000002,1443.3966666666668,1187.7853561728389,1442.5961166666666,634.9216666666667,637.8859166666666,640.8743499999999,643.575,639.2107166666666,645.6600500000001,642.42,649.2637666666667,663.2285666666667,663.7716666666668,652.3050833333333,654.3948333333334,682.7416666666667,664.1129999999999,678.1066833333333,700.0100000000001,678.3172166666666,674.5888,696.9616666666667,702.4732666666666,699.3288166666666,709.3433333333335,708.3796666666666,697.1437333333332,699.5266666666666,713.5248833333334,727.3844833333334,724.77,1533.4222,774.0208166666666,904.4050000000001,243.81504999999993,900.6529833333333,917.6949999999999,911.3681666666666,892.0871333333332,876.4462499999998,829.4675666666665,801.1017166666666,761.6574999999999,1490.4022166666668,737.5052166666666,90.96041666666679,31.255600000000186,0.0,0.0,0.0,0.0,0.0,0.0,0.0,0.0,446.5704333333333,0.0,0.0,0.0,0.0,68.86623333333225,0.0,226.64168333333328,1045.6358333333335,1004.8134,991.8996000000001,999.0204166666666,997.3795333333335,962.4742166666667,903.0341666666667,872.0979333333333,896.4562833333334,901.71875,886.7705500000001,955.2866666666667,178.44875000000002,175.81811666666667,181.69485,214.08333333333334,216.01755000000003,250.85983333333328,0.0,0.0,0.0,0.0,0.0,0.0,1311.8670833333333,1356.5527333333334,1394.5983166666665,1444.5670833333334,672.6377888888888,704.3929333333332,741.9774999999998,789.2962333333332,844.1805999999999,890.6279166666667,932.2814666666667,978.2072000000001,1005.3475,1032.08595,1030.1220333333333,1046.0266666666666,1075.9327333333335,939.0254833333333,736.2666666666667,714.5036333333333,745.0290499999999,731.0016666666668,726.7883333333334,202.64049999999952,0.0,0.0,0.0,0.0,0.0,0.0,0.0,0.0,0.0,0.0,0.0,735.4934166666667,743.8433333333335,742.54675,744.6625166666666,749.1466666666668,772.3453166666666,695.1605500000001,1409.265,1393.52875,588.02055,1414.9,1410.3372,572.0588166666665,1405.6183333333333,577.0157333333334,591.0186666666667,1422.8816666666667,937.1257333333333,598.04145,596.7483333333332,92090.8831117284,58520.23424740759
2025-02-13,1431.9973833333333,1437.8045333333334,1443.12,1178.94075596708,1442.5961166666666,634.9216666666667,636.3726833333334,636.64795,643.0850000000002,639.2107166666666,645.6600500000001,642.145,646.8180833333333,663.2285666666667,663.7716666666668,650.8473166666666,654.3948333333334,682.7416666666667,664.0779500000001,673.5268666666667,688.785,671.02305,672.6969833333334,695.69,699.7870166666667,699.3288166666666,709.3433333333335,708.3796666666666,696.5888833333333,691.0516666666667,708.3519833333334,726.1529999999999,712.0850000000002,1533.4222,774.0208166666666,901.8566666666667,243.81504999999993,900.6529833333333,915.7416666666667,902.0970333333333,892.0871333333332,876.4462499999998,826.8589666666667,800.11105,761.6574999999999,1490.4022166666668,737.5052166666666,77.34375,23.73749999999984,0.0,0.0,0.0,0.0,0.0,0.0,0.0,0.0,444.52705,0.0,0.0,0.0,0.0,0.0,0.0,220.49041666666668,1023.0125000000002,987.9455166666667,980.7640000000001,978.6670833333333,987.8367166666667,953.8429833333333,902.7691666666667,867.0646666666667,882.5394333333332,899.8329166666666,886.7705500000001,955.2866666666667,178.44875000000002,152.66394999999997,168.85704999999993,212.65166666666664,207.37828333333331,200.54563333333348,0.0,0.0,0.0,0.0,0.0,0.0,1310.3504166666667,1356.5527333333334,1394.5983166666665,1441.5645833333333,669.8192166666666,703.9437833333335,737.2854166666667,785.6890666666665,831.0545500000001,882.3866666666667,924.4958833333333,965.9303666666668,1000.0879166666666,1022.1089166666666,1027.26935,1043.5283333333332,1072.5637666666667,937.7246833333334,736.2666666666667,714.5036333333333,745.0290499999999,731.0016666666668,728.3651166666666,180.88730000000044,0.0,0.0,0.0,0.0,0.0,0.0,0.0,0.0,0.0,0.0,0.0,734.74755,742.3483333333334,739.4905333333334,744.6625166666666,749.1466666666668,775.8579333333333,695.1605500000001,1408.93,1392.6049166666667,580.6007833333333,1410.9116666666666,1410.3372,572.0588166666665,1405.6183333333333,577.0157333333334,591.0186666666667,1421.9016666666666,926.8514166666666,598.04145,596.7483333333332,91557.88467263375,58123.685884570805
2025-02-14,1431.9973833333333,1437.5054666666667,1443.12,1060.744699382717,1454.5386166666667,634.9216666666667,633.7338833333332,636.5256833333334,643.0850000000002,637.4048166666666,643.3305833333333,642.145,646.8180833333333,660.8845333333334,662.8716666666667,648.1416333333333,652.9966000000001,674.2066666666666,664.0779500000001,673.5268666666667,683.5083333333333,671.02305,674.5888,695.69,699.7870166666667,699.3288166666666,704.41,708.3796666666666,687.3669666666666,688.285,702.3887500000001,726.1529999999999,712.0850000000002,1529.2092,766.9097333333334,893.8133333333334,234.12133333333327,899.1023499999999,913.7266666666667,902.0970333333333,892.0867333333334,871.3375,826.6531833333333,788.9384000000001,726.8362500000001,1482.4206666666669,730.3301666666666,70.16791666666654,23.651666666666642,0.0,0.0,0.0,0.0,0.0,0.0,0.0,0.0,209.01494999999974,0.0,0.0,0.0,0.0,0.0,0.0,215.63874999999993,997.7625,982.6723000000001,976.2019666666667,970.4795833333333,979.2775833333334,951.2507666666666,884.4095833333334,858.60445,882.5394333333332,885.9766666666668,880.11725,955.2866666666667,178.44875000000002,152.66394999999997,168.85704999999993,212.65166666666664,203.26781666666662,200.54563333333348,0.0,0.0,0.0,0.0,0.0,0.0,1310.3504166666667,1351.6409333333334,1390.4117666666666,1440.6412500000001,669.10455,703.9303333333335,717.0929166666666,778.2879499999999,828.4558833333334,863.3854166666666,916.1442166666665,958.6430333333335,1000.0483333333334,1022.1089166666666,1027.26935,1040.5366666666666,1070.7109333333333,937.7246833333334,736.2666666666667,714.5036333333333,745.0290499999999,727.5983333333334,726.7883333333334,175.29059999999913,0.0,0.0,0.0,0.0,0.0,0.0,0.0,0.0,0.0,0.0,0.0,733.9936333333334,739.3449999999999,739.1151000000001,744.6625166666666,748.6116666666666,772.3453166666666,695.1605500000001,1408.93,1385.5240833333332,574.9994833333333,1409.1533333333332,1410.3372,572.0588166666665,1405.5566666666668,577.0157333333334,591.0186666666667,1415.6633333333334,926.8105833333334,598.04145,596.7483333333332,90829.69628271605,57596.89053408463
2025-02-15,598.66405,604.1721333333334,609.7866666666666,606.2387,621.2052833333332,634.9216666666667,633.7338833333332,636.5256833333334,643.0850000000002,637.4048166666666,643.3305833333333,642.145,646.8180833333333,660.8845333333334,662.8716666666667,648.1416333333333,652.9966000000001,674.2066666666666,664.0779500000001,673.5268666666667,683.5083333333333,671.02305,674.5888,695.69,699.7870166666667,699.3288166666666,704.41,708.3796666666666,687.3669666666666,688.285,702.3887500000001,726.1529999999999,712.0850000000002,695.8758666666666,766.9097333333334,893.8133333333334,234.12133333333327,899.1023499999999,913.7266666666667,902.0970333333333,892.0867333333334,871.3375,826.6531833333333,788.9384000000001,726.8362500000001,1482.4206666666669,730.3301666666666,70.16791666666654,23.651666666666642,0.0,0.0,0.0,0.0,0.0,0.0,0.0,0.0,209.01494999999974,0.0,0.0,0.0,0.0,0.0,0.0,215.63874999999993,997.7625,982.6723000000001,976.2019666666667,970.4795833333333,979.2775833333334,951.2507666666666,884.4095833333334,858.60445,882.5394333333332,885.9766666666668,880.11725,955.2866666666667,178.44875000000002,152.66394999999997,168.85704999999993,212.65166666666664,203.26781666666662,200.54563333333348,0.0,0.0,0.0,0.0,0.0,0.0,1310.3504166666667,1351.6409333333334,1390.4117666666666,1440.6412500000001,669.10455,703.9303333333335,717.0929166666666,778.2879499999999,828.4558833333334,863.3854166666666,916.1442166666665,958.6430333333335,1000.0483333333334,1022.1089166666666,1027.26935,1040.5366666666666,1070.7109333333333,937.7246833333334,736.2666666666667,714.5036333333333,745.0290499999999,727.5983333333334,726.7883333333334,175.29059999999913,0.0,0.0,0.0,0.0,0.0,0.0,0.0,0.0,0.0,0.0,0.0,733.9936333333334,739.3449999999999,739.1151000000001,744.6625166666666,748.6116666666666,772.3453166666666,695.1605500000001,1408.93,1385.5240833333332,574.9994833333333,1409.1533333333332,1410.3372,572.0588166666665,1405.5566666666668,577.0157333333334,924.3520000000001,1415.6633333333334,593.47725,598.04145,596.7483333333332,86208.52361666667,55673.892237815
2025-02-16,598.66405,604.1721333333334,609.7866666666666,606.2387,621.2052833333332,634.9216666666667,633.7338833333332,636.5256833333334,643.0850000000002,637.4048166666666,643.3305833333333,642.145,646.8180833333333,660.8845333333334,662.8716666666667,648.1416333333333,652.9966000000001,674.2066666666666,664.0779500000001,673.5268666666667,683.5083333333333,671.02305,674.5888,695.69,699.7870166666667,699.3288166666666,704.41,708.3796666666666,687.3669666666666,688.285,702.3887500000001,726.1529999999999,712.0850000000002,695.8758666666666,766.9097333333334,893.8133333333334,234.12133333333327,899.1023499999999,913.7266666666667,902.0970333333333,892.0867333333334,871.3375,826.6531833333333,788.9384000000001,726.8362500000001,1482.4206666666669,730.3301666666666,70.16791666666654,23.651666666666642,0.0,0.0,0.0,0.0,0.0,0.0,0.0,0.0,209.01494999999974,0.0,0.0,0.0,0.0,0.0,0.0,215.63874999999993,997.7625,982.6723000000001,976.2019666666667,970.4795833333333,979.2775833333334,951.2507666666666,884.4095833333334,858.60445,882.5394333333332,885.9766666666668,880.11725,955.2866666666667,178.44875000000002,152.66394999999997,168.85704999999993,212.65166666666664,203.26781666666662,200.54563333333348,0.0,0.0,0.0,0.0,0.0,0.0,1310.3504166666667,1351.6409333333334,1390.4117666666666,1440.6412500000001,669.10455,703.9303333333335,717.0929166666666,778.2879499999999,828.4558833333334,863.3854166666666,916.1442166666665,958.6430333333335,1000.0483333333334,1022.1089166666666,1027.26935,1040.5366666666666,1070.7109333333333,937.7246833333334,736.2666666666667,714.5036333333333,745.0290499999999,727.5983333333334,726.7883333333334,175.29059999999913,0.0,0.0,0.0,0.0,0.0,0.0,0.0,0.0,0.0,0.0,0.0,733.9936333333334,739.3449999999999,739.1151000000001,744.6625166666666,748.6116666666666,772.3453166666666,695.1605500000001,1408.93,1385.5240833333332,574.9994833333333,1409.1533333333332,1410.3372,572.0588166666665,1405.5566666666668,577.0157333333334,924.3520000000001,1415.6633333333334,593.47725,598.04145,594.95,86206.72528333333,55673.123270481665
2025-02-17,1430.3103833333334,1437.5054666666667,1443.12,1191.7690160493835,1454.5386166666667,634.9216666666667,626.4330833333333,636.0457333333333,640.7666666666667,630.7460333333333,638.20605,638.3183333333333,641.8874833333334,642.9325166666666,662.5366666666666,648.1416333333333,652.9966000000001,674.2066666666666,661.0659166666667,666.2313333333333,683.5083333333333,671.02305,674.5888,695.69,699.7870166666667,699.3288166666666,704.41,708.3796666666666,687.3669666666666,691.0516666666667,701.7058666666667,724.1948166666666,712.0850000000002,1529.2092,766.9097333333334,893.8133333333334,234.12133333333327,899.1023499999999,908.4583333333334,899.8708166666668,890.5204333333332,856.83,807.52335,788.9384000000001,726.8362500000001,1482.4206666666669,727.8198666666667,49.52875000000006,21.052866666666773,0.0,0.0,0.0,0.0,0.0,0.0,0.0,0.0,77.44318333333331,0.0,0.0,0.0,0.0,0.0,0.0,174.552,968.7237500000001,972.2832166666667,971.5710000000001,964.4816666666666,979.2775833333334,951.2507666666666,864.8554166666667,856.5923000000001,882.5394333333332,871.98,877.9207833333334,912.3246166666668,124.77250000000004,145.95578333333333,125.32768333333327,143.5645833333333,189.45691666666667,57.64476666666579,0.0,0.0,0.0,0.0,0.0,0.0,1294.1575,1331.89725,1388.5446499999998,1397.184166666667,653.7632666666666,693.6763833333334,711.1320833333333,770.8521333333333,818.8074333333333,855.0579166666666,909.8339500000001,948.5710833333334,1000.0483333333334,1022.1089166666666,1026.2390833333334,1040.5366666666666,1062.3500166666665,937.7246833333334,734.1883333333334,712.9574333333333,743.5872333333333,727.5983333333334,726.7883333333334,161.90980000000002,0.0,0.0,0.0,0.0,0.0,0.0,0.0,0.0,0.0,0.0,0.0,733.9936333333334,739.3449999999999,739.0307833333333,734.4167833333333,748.6116666666666,772.3453166666666,694.9440166666667,1408.93,1385.5240833333332,561.8911166666668,1397.1566666666668,1409.8750666666667,569.9477,1402.79,575.5155333333333,589.59335,1415.6633333333334,926.8105833333334,598.04145,594.895,89970.10956604939,56876.55954825796
2025-02-18,1427.0188166666667,1431.8011999999999,1442.9533333333334,1426.7771333333333,1442.5961166666666,629.2333333333333,624.7802166666667,632.3933,683.9914473250989,630.7460333333333,632.09725,628.8883333333334,640.9774166666667,642.9325166666666,662.5366666666666,648.1416333333333,650.8556666666666,674.2066666666666,661.0659166666667,666.2313333333333,683.5083333333333,671.02305,674.5888,695.69,698.9714499999999,699.2788,702.2,708.3796666666666,687.3669666666666,688.285,697.7861833333334,714.9564000000001,712.0850000000002,1529.2092,758.35335,887.1733333333334,140.84923333333336,899.1023499999999,903.015,898.4479500000001,884.6330333333334,847.8524999999998,805.3323333333334,772.5030166666668,726.4774999999998,1469.4298,711.4966833333333,38.42916666666679,20.364899999999807,0.0,0.0,0.0,0.0,0.0,0.0,0.0,0.0,0.0,0.0,0.0,0.0,0.0,0.0,0.0,163.51271666666662,966.3854166666667,971.7177666666666,968.9758666666667,961.3954166666666,973.8082666666667,951.2507666666666,864.8554166666667,848.9718500000001,851.28395,839.9754166666667,877.9207833333334,912.3246166666668,124.33249999999998,145.95578333333333,120.64761666666664,143.5645833333333,170.44433333333336,0.0,0.0,0.0,0.0,0.0,0.0,0.0,1279.01,1324.5259833333334,1352.58575,1378.1199176954765,628.6346833333333,693.6752333333334,700.2725000000002,765.1823500000002,802.8052333333333,849.5704166666668,884.2523166666666,947.22725,985.2358333333334,1020.1125166666666,1025.3728833333332,1040.5366666666666,1062.0898166666666,937.7246833333334,734.1883333333334,712.3956666666667,740.3571333333333,727.5983333333334,727.3584166666666,155.940833333334,0.0,0.0,0.0,0.0,0.0,0.0,0.0,0.0,0.0,0.0,0.0,728.3908833333334,739.3449999999999,737.5014666666666,733.7204666666668,748.6116666666666,770.18815,694.9440166666667,1408.93,1385.5240833333332,561.1682333333333,1395.855,1409.8750666666667,569.9477,1402.79,577.0157333333334,591.0186666666667,1418.0816666666665,925.7147666666667,594.3999666666666,592.2033333333333,89524.33501502058,56432.29246397226
2025-02-19,1425.18625,1427.4149833333333,1437.2516666666668,1193.5771469135789,1442.5961166666666,629.2333333333333,624.7802166666667,626.0349333333335,639.97,629.4381500000001,632.09725,628.6649999999998,632.6434333333333,640.0752166666666,647.1383333333334,638.1556833333333,647.6905666666667,674.2066666666666,661.0659166666667,658.8305,668.3533333333332,671.02305,672.6969833333334,694.66,693.5300166666665,696.4243166666668,698.0116666666667,708.3796666666666,687.3669666666666,687.0933333333335,692.2970833333334,713.2004166666667,703.2716666666668,1522.9254500000002,757.6160833333332,885.2833333333333,91.39941666666618,899.1023499999999,886.1233333333332,896.70865,883.6352166666668,842.7766666666666,795.9794333333333,772.5030166666668,708.5904166666666,1466.8769499999999,702.2794,33.71416666666664,13.421349999999848,0.0,0.0,0.0,0.0,0.0,0.0,0.0,0.0,0.0,0.0,0.0,0.0,0.0,0.0,0.0,163.51271666666662,966.3854166666667,971.7177666666666,968.9758666666667,961.3954166666666,973.8082666666667,951.2507666666666,864.8554166666667,848.9718500000001,851.28395,839.9754166666667,877.9207833333334,912.3246166666668,124.33249999999998,145.95578333333333,120.64761666666664,143.5645833333333,170.44433333333336,0.0,0.0,0.0,0.0,0.0,0.0,0.0,1279.01,1321.6808,1329.0783999999999,1318.6106378600844,595.36485,638.18165,700.0891666666666,733.7836333333332,799.8099,843.8325000000002,883.9213833333332,935.1254833333332,973.2495833333335,1011.3014166666666,1024.6589166666665,1040.5366666666666,1062.0898166666666,933.7647166666667,733.6383333333334,709.9442833333335,740.3571333333333,727.5983333333334,728.3651166666666,165.39398333333304,0.0,0.0,0.0,0.0,0.0,0.0,0.0,0.0,0.0,0.0,0.0,727.9196333333333,734.775,734.1329000000001,732.4464833333333,748.6116666666666,770.18815,694.9440166666667,1408.93,1385.5240833333332,561.1682333333333,1392.9433333333334,1408.3940833333336,569.9477,1402.79,575.5155333333333,589.59335,1418.0816666666665,923.4193833333334,579.5267,592.2033333333333,88719.060118107,55937.249878412964
2025-02-20,1425.18625,1427.4149833333333,1437.2516666666668,1425.7509666666665,1442.5961166666666,625.58,619.4419666666668,624.5142166666667,867.794235596707,629.4381500000001,632.09725,628.6649999999998,632.6434333333333,640.0752166666666,645.6183333333333,634.6239833333333,650.4518499999999,674.2066666666666,653.14355,654.6401833333333,666.0816666666666,667.2369666666667,669.9153833333332,692.7033333333334,693.0588333333333,688.7317166666667,692.6733333333334,702.4039333333334,696.5888833333333,688.285,691.0207666666666,700.1964833333333,700.0516666666667,1517.8923166666668,755.688,678.401866666665,64.06281666666666,882.1516499999999,908.4583333333334,895.5289666666666,877.5176666666666,837.51875,788.4368000000001,747.8808333333333,695.7733333333332,1462.8896833333333,702.2794,33.71416666666664,2.9426833333333207,0.0,0.0,0.0,0.0,0.0,0.0,0.0,0.0,0.0,0.0,0.0,0.0,0.0,0.0,0.0,161.657,961.8000000000001,963.8187333333333,965.9649833333335,943.8733333333333,922.9855166666669,898.4160666666667,843.2904166666667,827.8343166666667,828.1955666666667,827.2541666666666,845.0455666666667,889.0237999999999,106.66416666666676,135.18375,104.9705666666667,133.89291666666668,154.64831666666655,0.0,0.0,0.0,0.0,0.0,0.0,0.0,1275.2754166666668,1318.21135,1327.70695,1190.1428343621428,594.7374833333332,632.2835666666666,680.8254166666667,728.8617666666665,791.9949833333334,838.5712499999998,879.4610666666667,921.2696666666668,971.8520833333333,1001.50165,1021.4821666666667,1037.3566666666668,1062.0898166666666,930.6285833333333,733.6383333333334,709.9442833333335,740.3571333333333,727.5983333333334,727.3584166666666,155.4296333333334,0.0,0.0,0.0,0.0,0.0,0.0,0.0,0.0,0.0,0.0,0.0,727.9196333333333,734.775,734.1329000000001,732.4464833333333,748.6116666666666,765.7176999999999,690.8066,1404.225,1382.4351666666666,558.1720499999999,1392.9433333333334,1408.59075,569.9477,1402.79,572.8506166666667,578.3718666666667,1418.0816666666665,925.7147666666667,594.3999666666666,591.3766666666668,88218.62681995885,55448.721416503686
2025-02-21,1424.9085666666665,1423.9997333333333,1436.8333333333335,1160.8423308642004,1440.0880499999998,625.58,619.4419666666668,620.7288333333333,619.7216666666667,627.1383166666667,628.5016666666668,628.6649999999998,630.6108833333333,640.0752166666666,645.6183333333333,634.6239833333333,641.8340000000001,673.0266666666666,650.2912666666667,650.1690833333334,663.7216666666667,663.7731499999999,669.9153833333332,692.4316666666667,691.2898666666666,688.7317166666667,692.6733333333334,697.6260000000001,687.3669666666666,687.0933333333335,689.59165,686.6046833333334,693.4,1506.9857000000002,751.7438666666666,511.73973333333197,59.13919999999996,879.4447833333335,881.5083333333333,891.6064666666666,861.5348666666667,824.4149999999998,778.0820499999999,745.6746999999998,684.5525000000001,1448.3643666666667,698.8805333333332,31.898750000000064,0.0,0.0,0.0,0.0,0.0,0.0,0.0,0.0,0.0,0.0,0.0,0.0,0.0,0.0,0.0,0.0,157.03795000000005,958.6500000000001,963.3560500000001,963.6061166666667,932.6045833333333,918.0363833333334,893.1647,843.2516666666668,818.3897666666667,821.40835,815.32375,835.4254333333333,872.2235166666667,83.33416666666653,78.84148333333344,104.5936,104.20583333333327,119.7509500000001,0.0,0.0,0.0,0.0,0.0,0.0,0.0,1254.3225000000002,1284.0283333333332,1306.3244333333334,976.2871759259227,584.0246166666668,631.8305499999999,673.6683333333334,726.6349499999999,776.6155666666667,835.4508333333334,869.2574333333333,912.3491666666667,963.0183333333333,1000.4264333333334,1017.4597833333333,1032.79,1055.51365,927.1008833333333,733.6383333333334,709.4541166666666,740.0553999999998,731.0016666666668,728.3651166666666,147.30938333333256,0.0,0.0,0.0,0.0,0.0,0.0,0.0,0.0,0.0,0.0,0.0,726.6821166666667,734.775,734.1329000000001,731.4303666666667,743.825,765.7176999999999,690.8066,1402.2616666666668,1381.1031333333335,558.1720499999999,1390.8633333333332,1408.3940833333336,569.9477,1402.79,575.5155333333333,578.3718666666667,1415.6633333333334,923.4193833333334,594.3999666666666,591.3766666666668,86702.26885679012,54472.492007848516
2025-02-22,591.5752333333332,590.6664,603.5,592.1088833333332,606.7547166666666,625.58,619.4419666666668,620.7288333333333,619.7216666666667,627.1383166666667,628.5016666666668,628.6649999999998,630.6108833333333,640.0752166666666,645.6183333333333,634.6239833333333,641.8340000000001,673.0266666666666,650.2912666666667,650.1690833333334,663.7216666666667,663.7731499999999,669.9153833333332,692.4316666666667,691.2898666666666,688.7317166666667,692.6733333333334,697.6260000000001,687.3669666666666,687.0933333333335,689.59165,686.6046833333334,693.4,673.6523666666667,751.7438666666666,511.73973333333197,59.13919999999996,879.4447833333335,881.5083333333333,891.6064666666666,861.5348666666667,824.4149999999998,778.0820499999999,745.6746999999998,684.5525000000001,1448.3643666666667,698.8805333333332,31.898750000000064,0.0,0.0,0.0,0.0,0.0,0.0,0.0,0.0,0.0,0.0,0.0,0.0,0.0,0.0,0.0,0.0,157.03795000000005,958.6500000000001,963.3560500000001,963.6061166666667,932.6045833333333,918.0363833333334,893.1647,843.2516666666668,818.3897666666667,821.40835,815.32375,835.4254333333333,872.2235166666667,83.33416666666653,78.84148333333344,104.5936,104.20583333333327,119.7509500000001,0.0,0.0,0.0,0.0,0.0,0.0,0.0,1254.3225000000002,1284.0283333333332,1306.3244333333334,976.2871759259227,584.0246166666668,631.8305499999999,673.6683333333334,726.6349499999999,776.6155666666667,835.4508333333334,869.2574333333333,912.3491666666667,963.0183333333333,1000.4264333333334,1017.4597833333333,1032.79,1055.51365,927.1008833333333,733.6383333333334,709.4541166666666,740.0553999999998,731.0016666666668,728.3651166666666,147.30938333333256,0.0,0.0,0.0,0.0,0.0,0.0,0.0,0.0,0.0,0.0,0.0,726.6821166666667,734.775,734.1329000000001,731.4303666666667,743.825,765.7176999999999,690.8066,1402.2616666666668,1381.1031333333335,558.1720499999999,1390.8633333333332,1408.3940833333336,569.9477,1402.79,575.5155333333333,911.7052000000001,1415.6633333333334,590.08605,594.3999666666666,591.3766666666668,81966.86874259259,52500.695745729994
2025-02-23,591.5752333333332,590.6664,603.5,592.1088833333332,606.7547166666666,625.58,619.4419666666668,620.7288333333333,619.7216666666667,627.1383166666667,628.5016666666668,628.6649999999998,630.6108833333333,640.0752166666666,645.6183333333333,634.6239833333333,641.8340000000001,673.0266666666666,650.2912666666667,650.1690833333334,663.7216666666667,663.7731499999999,669.9153833333332,692.4316666666667,691.2898666666666,688.7317166666667,692.6733333333334,697.6260000000001,687.3669666666666,687.0933333333335,689.59165,686.6046833333334,693.4,673.6523666666667,751.7438666666666,511.73973333333197,59.13919999999996,879.4447833333335,881.5083333333333,891.6064666666666,861.5348666666667,824.4149999999998,778.0820499999999,745.6746999999998,684.5525000000001,1448.3643666666667,698.8805333333332,31.898750000000064,0.0,0.0,0.0,0.0,0.0,0.0,0.0,0.0,0.0,0.0,0.0,0.0,0.0,0.0,0.0,0.0,157.03795000000005,958.6500000000001,963.3560500000001,963.6061166666667,932.6045833333333,918.0363833333334,893.1647,843.2516666666668,818.3897666666667,821.40835,815.32375,835.4254333333333,872.2235166666667,83.33416666666653,78.84148333333344,104.5936,104.20583333333327,119.7509500000001,0.0,0.0,0.0,0.0,0.0,0.0,0.0,1254.3225000000002,1284.0283333333332,1306.3244333333334,976.2871759259227,584.0246166666668,631.8305499999999,673.6683333333334,726.6349499999999,776.6155666666667,835.4508333333334,869.2574333333333,912.3491666666667,963.0183333333333,1000.4264333333334,1017.4597833333333,1032.79,1055.51365,927.1008833333333,733.6383333333334,709.4541166666666,740.0553999999998,731.0016666666668,728.3651166666666,147.30938333333256,0.0,0.0,0.0,0.0,0.0,0.0,0.0,0.0,0.0,0.0,0.0,726.6821166666667,734.775,734.1329000000001,731.4303666666667,743.825,765.7176999999999,690.8066,1402.2616666666668,1381.1031333333335,558.1720499999999,1390.8633333333332,1408.3940833333336,569.9477,1402.79,575.5155333333333,911.7052000000001,1415.6633333333334,590.08605,594.3999666666666,591.3766666666668,81966.86874259259,52500.695745729994
2025-02-24,1424.9085666666665,1422.0403999999999,1436.8333333333335,1402.2748164609065,1440.0880499999998,616.1083333333333,617.1881333333333,615.2073833333333,615.8633333333332,627.1383166666667,628.5016666666668,628.6649999999998,625.2820166666667,639.1942,640.8966666666668,633.8403500000001,641.8340000000001,673.0266666666666,650.2912666666667,650.1690833333334,659.62,657.8822,665.0650499999999,679.9033333333333,689.4757833333333,687.8081000000001,692.6733333333334,695.3498500000001,686.9377333333334,681.0333333333333,686.9556666666666,686.6046833333334,693.4,1504.6068166666666,749.895,318.5239499999983,58.4861833333332,877.5651333333334,879.6,891.6064666666666,849.9143000000001,799.82875,775.7558333333333,745.4446166666665,683.22375,1432.3798833333335,678.0596499999999,26.479583333333494,0.0,0.0,0.0,0.0,0.0,0.0,0.0,0.0,0.0,0.0,0.0,0.0,0.0,0.0,0.0,0.0,145.2892166666667,956.6641666666667,953.81345,956.8165666666667,925.4383333333334,903.8698499999999,890.1501166666667,823.09375,815.6608166666667,811.4390000000001,815.0141666666667,818.6105666666666,835.1168,64.98499999999997,74.72346666666665,92.45193333333327,87.87124999999999,110.01498333333332,0.0,0.0,0.0,0.0,0.0,0.0,0.0,1249.6025,1263.3207833333333,1295.2988833333334,842.7749588477354,577.8078,629.5068500000001,667.3691666666667,724.79565,776.3204166666667,835.0466666666666,864.9576500000001,906.7374,957.6937499999999,997.8056833333334,1011.1476833333332,1030.9183333333335,1050.4096166666666,923.1554833333333,733.6383333333334,707.6487166666667,737.1997166666666,731.0016666666668,727.3584166666666,134.35831666666695,0.0,0.0,0.0,0.0,0.0,0.0,0.0,0.0,0.0,0.0,0.0,723.9305833333333,734.775,735.8803333333333,732.4464833333333,743.825,765.7176999999999,690.8066,1402.2616666666668,1381.1031333333335,556.3187333333334,1390.8633333333332,1405.4894833333333,568.07885,1399.4683333333332,575.5155333333333,572.2638833333333,1415.6633333333334,919.7203833333333,579.5267,583.6283333333333,86097.6118419753,53955.75982911469
2025-02-25,1424.9085666666665,1422.0403999999999,1429.5933333333332,1425.7509666666665,1440.0880499999998,616.1083333333333,614.9688333333335,614.3556666666666,664.5246074074072,622.0757833333333,624.2957,622.8133333333334,623.9174666666667,639.1942,639.8083333333333,633.07355,637.2846000000001,672.3216666666666,645.95815,650.1690833333334,659.62,657.8822,658.5555,673.1366666666668,683.0139333333333,687.1350833333332,688.02,689.98605,686.8416166666666,680.2516666666668,678.3741333333334,682.3488666666667,682.2866666666666,1500.5378833333334,738.0853166666668,301.7531999999983,51.5230499999999,876.7075833333333,878.4899999999999,876.0123666666666,845.0800166666668,791.3220833333332,770.49855,735.5124333333333,665.1129166666667,1419.99035,668.6475666666666,0.0,0.0,0.0,0.0,0.0,0.0,0.0,0.0,0.0,0.0,0.0,0.0,0.0,0.0,0.0,0.0,0.0,145.2892166666667,946.9704166666668,949.6859333333334,927.57485,919.8429166666668,901.1566166666667,890.1501166666667,823.09375,815.6608166666667,811.4390000000001,808.92625,816.6470833333333,832.98155,36.87958333333336,68.87806666666665,80.84813333333341,80.23708333333343,109.1868833333333,0.0,0.0,0.0,0.0,0.0,0.0,0.0,1216.42375,1244.1021166666667,1289.4448,714.6432407407393,575.3468166666665,624.5989833333333,666.8466666666667,717.0832833333334,775.6201000000001,815.2254166666667,860.0473833333333,901.8712833333334,956.4387499999999,997.8056833333334,1011.1476833333332,1030.9183333333335,1050.4096166666666,920.9243,722.7600000000001,707.6100666666666,737.1997166666666,731.0016666666668,727.3584166666666,133.18138333333445,0.0,0.0,0.0,0.0,0.0,0.0,0.0,0.0,0.0,0.0,0.0,726.6821166666667,736.73,734.1329000000001,731.4303666666667,737.0733333333333,765.7176999999999,690.8066,1401.7116666666666,1379.5539833333332,556.1250500000001,1390.8216666666667,1405.1962333333333,567.9212833333333,1399.4683333333332,572.8506166666667,572.2638833333333,1415.6633333333334,918.5776000000001,576.0653500000001,583.6283333333333,85545.85439814815,53542.118153066294
2025-02-26,1424.9085666666665,1419.6490666666668,1429.5933333333332,1425.7509666666665,1440.0331,615.2616666666668,614.9688333333335,609.5935666666667,717.0712561728387,621.6929500000001,623.3894,620.8583333333333,620.4228166666667,640.0752166666666,637.6,631.59305,636.7103666666667,646.3266666666666,644.1121333333333,643.71345,655.56,652.0708833333333,658.0166,673.1366666666668,681.51175,678.8283166666666,678.7983333333334,677.7324333333332,683.7846666666667,678.4149999999998,675.7371166666667,679.2199666666667,680.6616666666666,1497.5100666666667,749.895,93.97056666666617,51.44281666666666,874.1390333333334,878.4899999999999,872.9123833333334,838.8749333333333,785.1545833333334,754.2662166666668,728.7084666666667,663.3929166666668,1417.2928666666667,651.8657499999998,0.0,0.0,0.0,0.0,0.0,0.0,0.0,0.0,0.0,0.0,0.0,0.0,0.0,0.0,0.0,0.0,0.0,131.06406666666666,946.9704166666668,923.8763666666667,911.7991333333334,917.4891666666666,890.6335666666668,877.5309666666666,797.7058333333333,799.9168000000002,796.0554333333334,800.5895833333334,800.6206166666666,831.9325166666666,27.367083333333238,56.33936666666674,69.90753333333335,79.92416666666668,91.88196666666666,0.0,0.0,0.0,0.0,0.0,0.0,0.0,1213.2075,1238.5647000000001,1284.11095,544.1341100823084,567.6109833333335,620.7588333333333,657.9145833333333,712.8784833333334,775.6201000000001,813.0133333333334,858.1289166666667,901.2223666666667,951.1995833333334,992.80905,1006.7836666666667,1029.7483333333332,1050.2641833333334,920.9243,722.7600000000001,706.2322666666666,734.1779,731.0016666666668,727.3584166666666,108.66758333333462,0.0,0.0,0.0,0.0,0.0,0.0,0.0,0.0,0.0,0.0,0.0,727.9196333333333,736.73,734.1329000000001,732.4464833333333,737.0733333333333,764.8464833333334,690.7555666666667,1401.7116666666666,1381.1031333333335,556.3187333333334,1390.8216666666667,1402.71685,563.4827,1395.7366666666667,572.1929166666666,572.2638833333333,1415.6633333333334,917.3473333333332,569.0824333333333,580.8233333333334,84738.57918292182,52943.16792573951
2025-02-27,1424.9085666666665,1415.0678166666667,1419.8600000000001,1423.1696499999998,1431.9516,602.6516666666666,612.0548166666666,608.4053,629.7802339506143,621.6929500000001,623.3894,613.9616666666666,619.7156333333334,639.1942,634.5133333333334,630.2638333333333,634.6073833333334,645.0166666666667,642.9226833333333,643.71345,655.56,651.5094166666667,653.9355833333334,670.9483333333334,672.92455,674.8428,671.8566666666667,671.1028166666667,681.35335,672.6766666666666,674.2257333333332,677.65805,679.3216666666666,1489.25065,738.0853166666668,37.25333333333333,51.44281666666666,874.1390333333334,876.4433333333333,867.3155,834.7533333333333,774.47375,746.4905666666667,716.3666833333334,658.0708333333333,1403.2807833333331,638.30075,0.0,0.0,0.0,0.0,0.0,0.0,0.0,0.0,0.0,0.0,0.0,0.0,0.0,0.0,0.0,0.0,0.0,131.06406666666666,932.9933333333333,918.4660833333332,911.7991333333334,917.4891666666666,889.2000666666668,826.3062833333333,780.8391666666666,760.5133666666666,796.0554333333334,800.5895833333334,769.3469166666667,776.3872166666667,19.462499999999938,45.46983333333325,37.91798333333342,72.09208333333329,80.01983333333344,0.0,0.0,0.0,0.0,0.0,0.0,0.0,1206.4945833333334,1238.5647000000001,1243.8294862139896,484.3141666666667,538.89955,603.6051166666667,647.2666666666667,688.4401833333335,754.7610333333334,812.6970833333336,858.1289166666667,893.2150333333333,941.5670833333334,985.6362666666665,1005.3769,1029.7483333333332,1050.2641833333334,920.9243,721.675,706.2322666666666,734.1779,731.9833333333333,727.3584166666666,127.06863333333388,0.0,0.0,0.0,0.0,0.0,0.0,0.0,0.0,0.0,0.0,0.0,727.9196333333333,732.0966666666667,734.1329000000001,732.4464833333333,737.0733333333333,764.73485,688.86955,1400.085,1379.5539833333332,556.3187333333334,1390.8633333333332,1402.71685,562.0598166666666,1395.155,571.3184666666667,572.2638833333333,1415.6633333333334,915.8871333333334,568.3777166666666,575.9866666666666,83872.18768683127,52403.91015229811
2025-02-28,1424.9085666666665,1415.0678166666667,1417.9266666666667,1294.2617137860036,1431.9516,602.6516666666666,612.0548166666666,608.4053,603.145,615.1679833333333,621.3904,612.87,619.4151666666668,630.3895833333333,634.33,630.2638333333333,633.1347999999999,644.9433333333333,640.1230333333333,641.2507333333332,654.9766666666667,651.5094166666667,651.5422166666666,663.4966666666667,669.5620333333333,674.0950666666666,667.8350000000002,670.2346999999999,678.10865,672.6766666666666,666.4693,672.5996,677.9833333333333,1488.9176499999999,736.7808166666667,36.59999999999991,47.173566666666716,874.0730000000001,873.5016666666668,862.1464666666667,827.3222333333334,772.9274999999999,741.3137999999999,711.1342500000002,656.85625,1402.7351333333334,636.4327499999999,0.0,0.0,0.0,0.0,0.0,0.0,0.0,0.0,0.0,0.0,0.0,0.0,0.0,0.0,0.0,0.0,0.0,99.80024999999993,918.7970833333334,893.8542500000001,876.0747,873.1808333333333,888.3790166666668,820.7159999999999,764.9279166666668,746.6966000000001,788.4668333333333,793.7945833333333,769.3469166666667,776.3872166666667,19.462499999999938,11.464050000000043,35.41435000000001,48.52541666666669,78.46208333333334,0.0,0.0,0.0,0.0,0.0,0.0,0.0,1183.6670833333335,1220.0934000000002,715.4021930041157,479.63375,533.0666833333333,602.33825,641.2724999999999,686.4489833333333,738.1862,777.3837499999998,838.3327166666666,881.5883333333333,930.43375,976.4483666666667,1003.5894666666667,1027.33,1050.2641833333334,920.9243,715.8516666666667,698.3290000000001,734.1779,731.9833333333333,727.3584166666666,101.31333333333532,0.0,0.0,0.0,0.0,0.0,0.0,0.0,0.0,0.0,0.0,0.0,727.9196333333333,731.8216666666667,734.1329000000001,733.7204666666668,743.825,762.7153166666667,687.3082833333333,1390.9433333333334,1375.6900500000002,556.1250500000001,1390.8633333333332,1393.25055,562.0598166666666,1395.155,564.1715,568.3421833333334,1412.7666666666667,914.5320833333333,568.3777166666666,575.9866666666666,82581.53179012345,51536.33091810045
2025-03-01,591.5752333333332,581.7344833333334,584.5933333333334,588.4876500000001,598.6182666666667,602.6516666666666,612.0548166666666,608.4053,603.145,615.1679833333333,621.3904,612.87,619.4151666666668,630.3895833333333,634.33,630.2638333333333,633.1347999999999,644.9433333333333,640.1230333333333,641.2507333333332,654.9766666666667,651.5094166666667,651.5422166666666,663.4966666666667,669.5620333333333,674.0950666666666,667.8350000000002,670.2346999999999,678.10865,672.6766666666666,666.4693,672.5996,677.9833333333333,655.5843166666666,736.7808166666667,36.59999999999991,47.173566666666716,874.0730000000001,873.5016666666668,862.1464666666667,827.3222333333334,772.9274999999999,741.3137999999999,711.1342500000002,656.85625,1402.7351333333334,636.4327499999999,0.0,0.0,0.0,0.0,0.0,0.0,0.0,0.0,0.0,0.0,0.0,0.0,0.0,0.0,0.0,0.0,0.0,99.80024999999993,918.7970833333334,893.8542500000001,876.0747,873.1808333333333,888.3790166666668,820.7159999999999,764.9279166666668,746.6966000000001,788.4668333333333,793.7945833333333,769.3469166666667,776.3872166666667,19.462499999999938,11.464050000000043,35.41435000000001,48.52541666666669,78.46208333333334,0.0,0.0,0.0,0.0,0.0,0.0,0.0,1183.6670833333335,1220.0934000000002,715.4021930041157,479.63375,533.0666833333333,602.33825,641.2724999999999,686.4489833333333,738.1862,777.3837499999998,838.3327166666666,881.5883333333333,930.43375,976.4483666666667,1003.5894666666667,1027.33,1050.2641833333334,920.9243,715.8516666666667,698.3290000000001,734.1779,731.9833333333333,727.3584166666666,101.31333333333532,0.0,0.0,0.0,0.0,0.0,0.0,0.0,0.0,0.0,0.0,0.0,727.9196333333333,731.8216666666667,734.1329000000001,733.7204666666668,743.825,762.7153166666667,687.3082833333333,1390.9433333333334,1375.6900500000002,556.1250500000001,1390.8633333333332,1393.25055,562.0598166666666,1395.155,564.1715,901.6755166666667,1412.7666666666667,581.19875,568.3777166666666,575.9866666666666,77709.09105967078,49505.99090471774
2025-03-02,591.5752333333332,581.7344833333334,584.5933333333334,588.4876500000001,598.6182666666667,602.6516666666666,612.0548166666666,608.4053,603.145,615.1679833333333,621.3904,612.87,619.4151666666668,630.3895833333333,634.33,630.2638333333333,633.1347999999999,644.9433333333333,640.1230333333333,641.2507333333332,654.9766666666667,651.5094166666667,651.5422166666666,663.4966666666667,669.5620333333333,674.0950666666666,667.8350000000002,670.2346999999999,678.10865,672.6766666666666,666.4693,672.5996,677.9833333333333,655.5843166666666,736.7808166666667,36.59999999999991,47.173566666666716,874.0730000000001,873.5016666666668,862.1464666666667,827.3222333333334,772.9274999999999,741.3137999999999,711.1342500000002,656.85625,1402.7351333333334,636.4327499999999,0.0,0.0,0.0,0.0,0.0,0.0,0.0,0.0,0.0,0.0,0.0,0.0,0.0,0.0,0.0,0.0,0.0,99.80024999999993,918.7970833333334,893.8542500000001,876.0747,873.1808333333333,888.3790166666668,820.7159999999999,764.9279166666668,746.6966000000001,788.4668333333333,793.7945833333333,769.3469166666667,776.3872166666667,19.462499999999938,11.464050000000043,35.41435000000001,48.52541666666669,78.46208333333334,0.0,0.0,0.0,0.0,0.0,0.0,0.0,1183.6670833333335,1220.0934000000002,715.4021930041157,479.63375,533.0666833333333,602.33825,641.2724999999999,686.4489833333333,738.1862,777.3837499999998,838.3327166666666,881.5883333333333,930.43375,976.4483666666667,1003.5894666666667,1027.33,1050.2641833333334,920.9243,715.8516666666667,698.3290000000001,734.1779,731.9833333333333,727.3584166666666,101.31333333333532,0.0,0.0,0.0,0.0,0.0,0.0,0.0,0.0,0.0,0.0,0.0,727.9196333333333,731.8216666666667,734.1329000000001,733.7204666666668,743.825,762.7153166666667,687.3082833333333,1390.9433333333334,1375.6900500000002,556.1250500000001,1390.8633333333332,1393.25055,562.0598166666666,1395.155,564.1715,901.6755166666667,1412.7666666666667,581.19875,568.3777166666666,572.1583333333333,77705.26272633745,49504.35390938441
2025-03-03,1416.32015,1411.63375,1409.9433333333334,1421.8209833333335,1431.9516,602.6516666666666,611.7367166666667,608.4053,897.005215226337,615.1679833333333,618.7933333333334,611.7116666666666,619.4151666666668,630.3895833333333,633.575,630.2638333333333,633.1347999999999,641.3166666666667,639.0568,641.2507333333332,654.9766666666667,649.5567666666667,647.1126,663.4966666666667,669.5620333333333,674.0950666666666,667.8350000000002,670.2346999999999,678.10865,669.0,663.6863500000001,671.8712666666667,677.9833333333333,1488.9176499999999,736.7808166666667,36.59999999999991,47.173566666666716,874.0730000000001,872.2049999999999,856.497,825.4488,772.9274999999999,741.3137999999999,711.1342500000002,656.85625,1399.33225,623.9453833333333,0.0,0.0,0.0,0.0,0.0,0.0,0.0,0.0,0.0,0.0,0.0,0.0,0.0,0.0,0.0,0.0,0.0,86.82064999999996,879.5012500000001,881.6895666666667,876.0747,873.1808333333333,882.9533500000001,826.3062833333333,780.8391666666666,760.5133666666666,788.4668333333333,800.5895833333334,800.6206166666666,831.9325166666666,27.367083333333238,11.464050000000043,37.91798333333342,72.09208333333329,80.01983333333344,0.0,0.0,0.0,0.0,0.0,0.0,0.0,1162.73125,1218.7875166666668,697.8764390946507,477.8204166666667,530.30445,574.1394666666666,605.79375,685.1834333333333,737.11515,769.4245833333334,824.0496499999998,876.6921333333335,924.46625,970.1318666666667,1000.92535,1027.33,1050.4096166666666,921.21825,721.675,706.2322666666666,734.1779,731.0016666666668,726.2669333333334,123.29525000000137,0.0,0.0,0.0,0.0,0.0,0.0,0.0,0.0,0.0,0.0,0.0,727.9196333333333,731.8216666666667,735.8803333333333,738.1636833333334,749.7333333333333,763.3181666666666,687.3082833333333,1386.3783333333333,1375.6900500000002,556.1250500000001,1390.8633333333332,1393.25055,562.0598166666666,1395.155,571.3184666666667,572.2638833333333,1412.7666666666667,915.8871333333334,569.0824333333333,567.5683333333333,82924.22113765433,51665.658726411624
2025-03-04,1416.32015,1411.63375,1409.2316666666666,1421.8209833333335,1431.9516,602.6516666666666,611.7367166666667,608.4053,889.6000736625514,615.1679833333333,618.7933333333334,611.7116666666666,619.2623333333333,630.1474,633.575,630.2638333333333,633.1347999999999,641.3166666666667,638.6626333333334,640.8629166666666,651.9866666666666,649.5567666666667,644.0988833333333,657.095,661.1745833333333,672.3099666666666,667.4866666666666,669.3978000000001,678.10865,669.0,663.6863500000001,671.8712666666667,677.9833333333333,1488.6973333333335,734.4314666666668,36.59999999999991,47.173566666666716,871.9984333333334,716.2230166666646,850.2577000000001,818.4205,766.13625,727.9458,691.8978833333332,654.9424999999999,1387.8463000000002,622.2803499999999,0.0,0.0,0.0,0.0,0.0,0.0,0.0,0.0,0.0,0.0,0.0,0.0,0.0,0.0,0.0,0.0,0.0,57.976649999999914,861.8641666666666,881.6895666666667,828.3778333333333,865.0295833333333,822.0464000000001,826.3062833333333,764.9279166666668,735.00585,779.0914499999999,781.1175000000001,769.3469166666667,776.3872166666667,0.0,1.8113333333333987,35.41435000000001,48.52541666666669,52.83358333333323,0.0,0.0,0.0,0.0,0.0,0.0,0.0,1162.73125,1218.7875166666668,648.4323444444434,477.8204166666667,518.5433333333334,564.9601333333334,604.7183333333331,681.2751666666666,718.5681833333333,763.9600000000002,809.76575,868.58405,912.9370833333335,965.3435833333333,998.0969,1026.4333333333334,1050.4096166666666,921.21825,715.8516666666667,698.3290000000001,731.5067333333333,727.5983333333334,726.2669333333334,127.31995000000006,0.0,0.0,0.0,0.0,0.0,0.0,0.0,0.0,0.0,0.0,0.0,730.0326499999999,732.0966666666667,736.6065666666667,740.53855,751.675,764.73485,687.8966666666668,1386.3783333333333,1375.6900500000002,556.3187333333334,1390.8633333333332,1393.25055,561.4317666666667,1395.155,564.1715,572.2638833333333,1412.7666666666667,915.8871333333334,569.0824333333333,567.5683333333333,82096.47605144033,51087.13336521743
2025-03-05,1416.32015,1411.63375,1409.2316666666666,1421.8209833333335,1431.9516,602.6516666666666,612.7309499999999,608.4053,804.3918549382713,613.65545,618.7933333333334,611.7116666666666,619.2623333333333,630.1474,630.4333333333333,629.4307,628.9928333333334,638.7816666666666,638.6626333333334,640.8629166666666,650.3933333333333,648.9820166666667,644.0988833333333,657.095,661.1745833333333,672.3099666666666,667.4866666666666,664.26825,678.10865,669.0,663.6863500000001,671.8712666666667,667.0483333333334,1479.64585,734.4314666666668,36.59999999999991,47.173566666666716,862.1697166666667,419.3868749999998,845.8151999999999,814.0829166666667,763.35625,719.4405333333333,678.3573333333334,622.1320833333333,1376.68,612.1740166666666,0.0,0.0,0.0,0.0,0.0,0.0,0.0,0.0,0.0,0.0,0.0,0.0,0.0,0.0,0.0,0.0,0.0,46.74598333333324,849.2316666666666,823.5615000000001,828.3778333333333,861.7966666666669,822.0464000000001,788.704,744.6558333333335,726.2109,766.9993333333334,745.70625,752.2274666666667,773.3156666666667,0.0,0.0,26.065833333333405,20.963750000000044,32.317633333333255,0.0,0.0,0.0,0.0,0.0,0.0,0.0,1160.8333333333335,1209.4291833333334,518.0100611111103,453.25499999999994,499.0090333333334,555.7826333333335,588.5083333333333,657.8626666666667,704.1341333333332,762.4754166666667,809.3515333333334,863.1910833333333,911.1045833333333,961.1334666666667,998.0596666666667,1026.4333333333334,1050.4096166666666,920.9243,713.7199999999999,698.3290000000001,731.5067333333333,727.5983333333334,725.3531833333334,135.41166666666743,0.0,0.0,0.0,0.0,0.0,0.0,0.0,0.0,0.0,0.0,0.0,730.4388333333334,736.73,737.7289333333333,740.53855,751.675,764.73485,687.8966666666668,1386.3783333333333,1370.2013833333333,556.1250500000001,1390.8633333333332,1389.0687166666667,561.4317666666667,1395.155,571.3184666666667,578.3718666666667,1413.7083333333335,916.9683500000001,576.0653500000001,567.5683333333333,81060.56142438271,50360.85967942614
2025-03-06,1408.3911333333335,1410.7919833333335,1408.496666666667,1421.8209833333335,1431.9516,603.115,611.7367166666667,608.3252833333333,739.4043376543164,613.4457166666667,618.64805,611.7116666666666,619.2623333333333,624.9974833333333,625.5483333333334,624.6563833333333,628.7941333333333,637.1633333333334,638.6626333333334,640.8629166666666,650.3933333333333,648.9820166666667,643.3920333333333,654.5466666666667,660.1163166666666,658.1719833333334,667.4866666666666,664.26825,678.10865,666.5916666666667,663.6863500000001,671.8712666666667,665.6949999999999,1477.1396166666668,729.9441166666668,36.59999999999991,46.54451666666671,860.6066333333333,173.06349233333424,843.9825833333332,803.05955,763.2570833333334,710.6547333333333,664.4666999999998,613.0370833333333,1375.5081500000001,603.5028666666666,0.0,0.0,0.0,0.0,0.0,0.0,0.0,0.0,0.0,0.0,0.0,0.0,0.0,0.0,0.0,0.0,0.0,33.435366666666745,846.9416666666666,816.0477833333333,822.6562833333332,799.5829166666666,803.4893666666667,771.8665666666668,736.7325,711.1296666666667,731.2647,741.4708333333333,724.7606666666666,767.4589166666667,0.0,0.0,2.417350000000018,20.963750000000044,32.317633333333255,0.0,0.0,0.0,0.0,0.0,0.0,0.0,1156.00375,1203.6412666666668,451.1712746913601,452.59125000000006,498.54625000000004,538.3006333333333,588.22,645.547,704.0351666666667,755.5454166666667,805.8518666666665,854.3435166666667,909.5708333333332,959.4695333333332,987.7126833333333,1022.7049999999999,1047.8633833333333,920.9243,713.7199999999999,697.6077,731.1435166666668,727.5983333333334,727.3584166666666,154.43319999999846,0.0,0.0,0.0,0.0,0.0,0.0,0.0,0.0,0.0,0.0,0.0,730.4881,736.73,737.7289333333333,740.53855,751.675,764.73485,687.8966666666668,1386.3783333333333,1370.2013833333333,555.9024833333334,1390.8216666666667,1389.0687166666667,561.3980666666666,1395.155,571.3184666666667,578.3718666666667,1413.7083333333335,916.9683500000001,576.0653500000001,570.0183333333333,80264.07272134567,49828.038834650135
2025-03-07,1406.3475666666668,1409.2353833333334,1408.496666666667,1303.595096090539,1425.6968666666667,602.6516666666666,608.5961333333332,608.3252833333333,601.2833333333333,609.9253333333334,614.3981499999999,611.7116666666666,619.2623333333333,624.9974833333333,625.5483333333334,624.6563833333333,628.57945,633.8066666666667,638.6626333333334,640.8629166666666,650.3933333333333,643.0380333333334,642.10765,652.1266666666668,657.09455,658.1719833333334,667.4866666666666,662.7628666666667,678.10865,666.5916666666667,663.6863500000001,664.3941666666666,665.6033333333332,1477.1396166666668,729.9441166666668,34.20666666666648,45.76021666666668,667.8696323333329,32.493333333333226,837.6251333333333,796.6792499999999,763.2045833333334,701.8485833333335,658.1533000000001,596.7416666666667,1365.6633500000003,602.58395,0.0,0.0,0.0,0.0,0.0,0.0,0.0,0.0,0.0,0.0,0.0,0.0,0.0,0.0,0.0,0.0,0.0,31.641566666666677,839.5754166666668,811.9708333333333,790.3895666666667,777.2654166666666,798.9206666666666,770.9238166666667,736.2029166666669,706.4456666666667,717.9499500000001,735.8633333333335,710.0238166666667,762.6384666666667,0.0,0.0,0.0,16.28208333333335,23.075883333333422,0.0,0.0,0.0,0.0,0.0,0.0,0.0,1148.8250000000003,1184.651,394.1705333333333,421.67958333333326,495.19620000000003,534.6744,585.70625,641.79555,702.0045166666666,755.46875,801.9358666666666,849.6980833333333,906.7770833333333,958.2379000000001,977.3703833333333,1018.9183333333334,1050.4096166666666,921.21825,713.7199999999999,697.6077,731.1435166666668,727.5983333333334,727.3584166666666,151.72333333333188,0.0,0.0,0.0,0.0,0.0,0.0,0.0,0.0,0.0,0.0,0.0,732.5018333333334,739.6649999999998,737.7289333333333,739.4212000000001,751.675,764.73485,683.2621666666668,1385.9616666666666,1367.8268666666668,555.9024833333334,1392.4866666666667,1389.0687166666667,561.3980666666666,1395.7366666666667,571.6267499999999,578.3718666666667,1413.7083333333335,915.8871333333334,576.0653500000001,570.0183333333333,79278.22454509053,49170.66887391741
2025-03-08,573.0142333333333,575.90205,575.1633333333334,588.4876500000001,592.3635333333333,602.6516666666666,608.5961333333332,608.3252833333333,601.2833333333333,609.9253333333334,614.3981499999999,611.7116666666666,619.2623333333333,624.9974833333333,625.5483333333334,624.6563833333333,628.57945,633.8066666666667,638.6626333333334,640.8629166666666,650.3933333333333,643.0380333333334,642.10765,652.1266666666668,657.09455,658.1719833333334,667.4866666666666,662.7628666666667,678.10865,666.5916666666667,663.6863500000001,664.3941666666666,665.6033333333332,643.8062833333333,729.9441166666668,34.20666666666648,45.76021666666668,667.8696323333329,32.493333333333226,837.6251333333333,796.6792499999999,763.2045833333334,701.8485833333335,658.1533000000001,596.7416666666667,1365.6633500000003,602.58395,0.0,0.0,0.0,0.0,0.0,0.0,0.0,0.0,0.0,0.0,0.0,0.0,0.0,0.0,0.0,0.0,0.0,31.641566666666677,839.5754166666668,811.9708333333333,790.3895666666667,777.2654166666666,798.9206666666666,770.9238166666667,736.2029166666669,706.4456666666667,717.9499500000001,735.8633333333335,710.0238166666667,762.6384666666667,0.0,0.0,0.0,16.28208333333335,23.075883333333422,0.0,0.0,0.0,0.0,0.0,0.0,0.0,1148.8250000000003,1184.651,394.1705333333333,421.67958333333326,495.19620000000003,534.6744,585.70625,641.79555,702.0045166666666,755.46875,801.9358666666666,849.6980833333333,906.7770833333333,958.2379000000001,977.3703833333333,1018.9183333333334,1050.4096166666666,921.21825,713.7199999999999,697.6077,731.1435166666668,727.5983333333334,727.3584166666666,151.72333333333188,0.0,0.0,0.0,0.0,0.0,0.0,0.0,0.0,0.0,0.0,0.0,732.5018333333334,739.6649999999998,737.7289333333333,739.4212000000001,751.675,764.73485,683.2621666666668,1385.9616666666666,1367.8268666666668,555.9024833333334,1392.4866666666667,1389.0687166666667,561.3980666666666,1395.7366666666667,571.6267499999999,911.7052000000001,1413.7083333333335,582.5538,576.0653500000001,570.0183333333333,74396.45043233334,47136.3416396142
2025-03-09,573.0142333333333,575.90205,575.1633333333334,588.4876500000001,592.3635333333333,602.6516666666666,608.5961333333332,608.3252833333333,601.2833333333333,609.9253333333334,614.3981499999999,611.7116666666666,619.2623333333333,624.9974833333333,625.5483333333334,624.6563833333333,628.57945,633.8066666666667,638.6626333333334,640.8629166666666,650.3933333333333,643.0380333333334,642.10765,652.1266666666668,657.09455,658.1719833333334,667.4866666666666,662.7628666666667,678.10865,666.5916666666667,663.6863500000001,664.3941666666666,665.6033333333332,643.8062833333333,729.9441166666668,34.20666666666648,45.76021666666668,667.8696323333329,32.493333333333226,837.6251333333333,796.6792499999999,763.2045833333334,701.8485833333335,658.1533000000001,596.7416666666667,1365.6633500000003,602.58395,0.0,0.0,0.0,0.0,0.0,0.0,0.0,0.0,0.0,0.0,0.0,0.0,0.0,0.0,0.0,0.0,0.0,31.641566666666677,839.5754166666668,811.9708333333333,790.3895666666667,777.2654166666666,798.9206666666666,770.9238166666667,736.2029166666669,706.4456666666667,717.9499500000001,735.8633333333335,710.0238166666667,762.6384666666667,0.0,0.0,0.0,16.28208333333335,23.075883333333422,0.0,0.0,0.0,0.0,0.0,0.0,0.0,1148.8250000000003,1184.651,394.1705333333333,421.67958333333326,495.19620000000003,534.6744,585.70625,641.79555,702.0045166666666,755.46875,801.9358666666666,849.6980833333333,906.7770833333333,958.2379000000001,977.3703833333333,1018.9183333333334,1050.4096166666666,921.21825,713.7199999999999,697.6077,731.1435166666668,727.5983333333334,727.3584166666666,151.72333333333188,0.0,0.0,0.0,0.0,0.0,0.0,0.0,0.0,0.0,0.0,0.0,732.5018333333334,739.6649999999998,737.7289333333333,739.4212000000001,751.675,764.73485,683.2621666666668,1385.9616666666666,1367.8268666666668,555.9024833333334,1392.4866666666667,1389.0687166666667,561.3980666666666,1395.7366666666667,571.6267499999999,911.7052000000001,1413.7083333333335,582.5538,576.0653500000001,570.0183333333333,74396.45043233334,47136.3416396142
2025-03-10,1406.3475666666668,1409.2353833333334,1408.15,1416.6623166666668,1422.0395,600.9216666666667,608.5961333333332,608.3252833333333,661.4144080246936,606.8774666666667,614.3981499999999,611.7116666666666,617.5140833333334,621.1896,625.5483333333334,624.6563833333333,628.57945,633.8066666666667,638.6626333333334,640.8629166666666,650.2899999999998,643.0380333333334,642.10765,652.1266666666668,655.5692833333334,658.1719833333334,667.4866666666666,662.7628666666667,673.2004000000001,666.105,658.6180166666667,662.0903166666667,665.6033333333332,1477.1396166666668,728.9001666666666,34.20666666666648,45.76021666666668,377.85997316666544,31.094999999999914,837.6251333333333,796.6792499999999,763.2045833333334,697.9296166666667,657.4793166666666,581.1166666666667,1359.2279166666667,584.3835166666667,0.0,0.0,0.0,0.0,0.0,0.0,0.0,0.0,0.0,0.0,0.0,0.0,0.0,0.0,0.0,0.0,0.0,0.0,823.3420833333333,808.1975333333334,784.29025,741.7045833333334,766.16195,740.5827333333334,688.76625,699.7948,709.3728333333333,708.6145833333334,698.4133,737.9139333333333,0.0,0.0,0.0,11.88041666666671,22.476599999999962,0.0,0.0,0.0,0.0,0.0,0.0,0.0,1147.6933333333334,1171.6146666666668,371.4523,420.46333333333325,484.9449666666667,532.5555333333334,583.7995833333333,641.4190999999998,685.2317166666666,746.9779166666667,793.9822333333333,848.0052166666668,906.7770833333333,949.6900166666667,976.6402666666667,1018.9183333333334,1050.4096166666666,921.21825,713.465,695.9239333333334,730.3533666666667,727.5983333333334,728.3651166666666,145.9389833333322,0.0,0.0,0.0,0.0,0.0,0.0,0.0,0.0,0.0,0.0,0.0,732.5018333333334,742.3483333333334,737.7289333333333,739.4212000000001,751.675,764.73485,687.8966666666668,1386.3783333333333,1367.8268666666668,554.26675,1392.4866666666667,1389.0687166666667,561.3980666666666,1395.7366666666667,571.6267499999999,578.3718666666667,1413.7083333333335,915.8871333333334,574.3658333333334,567.5683333333333,78695.22464785802,48709.30227880313
2025-03-11,1408.3911333333335,1410.7919833333335,1408.15,1416.6623166666668,1422.6959000000002,602.6516666666666,611.7367166666667,605.79935,798.355290123457,606.8774666666667,614.3981499999999,611.7116666666666,617.5140833333334,621.1896,625.19,622.57905,620.5430166666666,622.3566666666667,638.6626333333334,640.8629166666666,650.2899999999998,643.0380333333334,640.02175,641.275,651.5078666666667,653.7343833333333,664.4066666666666,662.4300666666666,668.1975666666666,665.9083333333333,657.1179666666667,659.7777166666667,665.6033333333332,1477.0516333333335,717.4585000000001,27.0,45.76021666666668,198.46669016666988,27.68666666666661,829.0638,793.6283000000001,753.5008333333334,691.408,637.8093333333333,579.3695833333334,1330.6554666666668,574.1717833333333,0.0,0.0,0.0,0.0,0.0,0.0,0.0,0.0,0.0,0.0,0.0,0.0,0.0,0.0,0.0,0.0,0.0,0.0,823.3420833333333,808.1975333333334,790.3895666666667,777.2654166666666,766.16195,740.5827333333334,736.2029166666669,706.4456666666667,717.9499500000001,735.8633333333335,710.0238166666667,737.9139333333333,0.0,0.0,0.0,11.88041666666671,22.476599999999962,0.0,0.0,0.0,0.0,0.0,0.0,0.0,1138.0958333333333,1157.7916500000001,368.7101,420.295,478.6627000000001,528.7314499999999,572.24625,641.0537499999999,677.5716833333333,743.0308333333331,777.7623999999998,841.0004166666665,897.7970833333333,949.6900166666667,971.21525,1013.2199999999999,1050.4096166666666,921.21825,711.7616666666667,695.9239333333334,730.3533666666667,729.0166666666667,728.3651166666666,154.52661666666643,0.0,0.0,0.0,0.0,0.0,0.0,0.0,0.0,0.0,0.0,0.0,733.7396333333332,742.3483333333334,737.7289333333333,740.53855,751.7049999999999,764.73485,683.2621666666668,1386.3783333333333,1367.8268666666668,554.26675,1393.3566666666666,1403.5067333333332,561.4317666666667,1395.7366666666667,571.6267499999999,578.3718666666667,1413.7083333333335,914.5320833333333,569.0824333333333,567.5683333333333,78548.05571362346,48497.37625514346
2025-03-12,1414.7775166666665,1411.5865166666667,1408.496666666667,1248.6140483539084,1422.6959000000002,602.6516666666666,611.7367166666667,608.3252833333333,599.1433333333333,605.4709,605.2592833333333,606.3166666666667,616.1558333333334,616.6999500000001,622.5683333333333,619.5121999999999,615.1447499999999,619.3316666666666,633.6451666666667,640.8629166666666,650.2899999999998,640.3439,637.42015,641.275,651.5078666666667,653.7343833333333,659.8933333333333,659.8709833333335,658.2845,660.5616666666666,657.1179666666667,659.7777166666667,665.6033333333332,1476.2277,717.4585000000001,27.0,43.13760000000002,19.184516666666696,27.68666666666661,686.8870043333305,780.1118000000001,716.6966666666667,680.8327666666667,617.9648166666667,564.4025,1322.91215,552.0633,0.0,0.0,0.0,0.0,0.0,0.0,0.0,0.0,0.0,0.0,0.0,0.0,0.0,0.0,0.0,0.0,0.0,0.0,823.3420833333333,804.4002666666668,790.3895666666667,741.7045833333334,758.6970166666667,736.9861666666668,688.76625,699.7948,709.3728333333333,708.6145833333334,690.6274333333334,728.9084833333334,0.0,0.0,0.0,0.0,0.0,0.0,0.0,0.0,0.0,0.0,0.0,0.0,1137.2220833333333,1153.4217166666667,362.3315000000001,418.37041666666664,477.6497666666666,520.01685,568.94125,615.0292000000001,677.3093333333334,726.8341666666668,768.6607500000001,835.2749666666666,897.6779166666664,927.3281999999999,970.4770666666666,1008.3183333333334,1050.4096166666666,921.21825,711.4483333333333,695.9239333333334,731.1435166666668,729.0166666666667,728.3651166666666,148.51705000000084,0.0,0.0,0.0,0.0,0.0,0.0,0.0,0.0,0.0,0.0,0.0,733.7396333333332,739.6649999999998,738.9344666666667,741.3825833333334,751.7049999999999,764.73485,683.2621666666668,1386.3783333333333,1370.2013833333333,555.9024833333334,1393.3566666666666,1406.1717166666667,561.4317666666667,1395.155,571.6267499999999,578.3718666666667,1413.7083333333335,914.2145499999999,568.7906833333333,567.5683333333333,77356.05373602058,47721.990593352224
2025-03-13,1414.7775166666665,1411.5865166666667,1409.38,1417.8257166666667,1422.6959000000002,602.6516666666666,611.7367166666667,608.3252833333333,764.7640216049379,606.8774666666667,614.3981499999999,606.3166666666667,616.1558333333334,613.9337833333334,622.5683333333333,615.6332666666666,613.6692666666667,622.3566666666667,633.6451666666667,640.8629166666666,650.2899999999998,637.9500666666667,634.24675,634.5333333333333,648.6369333333333,651.5135666666666,656.4266666666666,655.4510333333333,644.7892499999999,653.035,657.1179666666667,656.92645,664.05,1475.4655333333335,717.4585000000001,27.0,37.27146666666647,17.13821666666672,11.56166666666661,400.8182234999994,770.9118166666667,714.6708333333335,673.8769833333334,614.8502833333333,548.0204166666667,1311.37035,542.6130833333333,0.0,0.0,0.0,0.0,0.0,0.0,0.0,0.0,0.0,0.0,0.0,0.0,0.0,0.0,0.0,0.0,0.0,0.0,816.7916666666667,804.4002666666668,790.3895666666667,734.2104166666667,758.6970166666667,736.9861666666668,688.76625,699.7948,709.3728333333333,683.00125,687.7149166666667,727.9945833333334,0.0,0.0,0.0,0.0,0.0,0.0,0.0,0.0,0.0,0.0,0.0,0.0,1127.3725,1148.7389666666666,352.6238333333333,417.7316666666666,466.33775,515.8286833333334,564.3741666666666,612.6781833333333,674.9232333333333,702.2175,768.4398833333332,831.5302666666666,879.1520833333333,923.1943166666666,964.5221333333334,1005.265,1050.4096166666666,921.21825,711.7616666666667,695.9239333333334,730.5726833333333,729.41,727.6878666666667,144.31056666666916,0.0,0.0,0.0,0.0,0.0,0.0,0.0,0.0,0.0,0.0,0.0,733.7396333333332,739.6649999999998,738.9344666666667,741.3825833333334,751.675,763.3181666666666,683.2621666666668,1390.9433333333334,1372.1439833333334,556.3187333333334,1394.575,1407.3911,563.4827,1395.7366666666667,564.1715,577.5232833333334,1413.7083333333335,914.2145499999999,568.7906833333333,570.0183333333333,77123.49494510495,47414.847016620435
2025-03-14,1414.7775166666665,1411.5865166666667,1409.9433333333334,1417.8257166666667,1422.0395,602.6516666666666,608.5961333333332,605.79935,648.2137275720164,605.4709,605.2592833333333,606.3166666666667,612.1228,613.8918166666666,622.5683333333333,615.6332666666666,613.6692666666667,624.8566666666667,631.1507833333333,638.4950333333334,641.6683333333334,634.2772166666667,633.8478833333334,631.53,648.6369333333333,651.5135666666666,649.0733333333334,655.4510333333333,644.7892499999999,649.14,650.9857499999999,656.6397833333333,664.05,1474.5078,712.3268166666666,27.0,37.27146666666647,11.832033333333356,10.793333333333408,384.10202899999956,770.2275833333333,711.0691666666667,651.8107166666667,613.0086,545.1825000000001,1304.0622833333334,541.77365,0.0,0.0,0.0,0.0,0.0,0.0,0.0,0.0,0.0,0.0,0.0,0.0,0.0,0.0,0.0,0.0,0.0,0.0,823.3420833333333,816.0477833333333,822.6562833333332,799.5829166666666,766.16195,740.5827333333334,736.2029166666669,706.4456666666667,717.9499500000001,700.2983333333334,690.6274333333334,762.6384666666667,0.0,0.0,0.0,0.0,0.0,0.0,0.0,0.0,0.0,0.0,0.0,0.0,1127.3725,1148.7389666666666,352.6238333333333,417.7316666666666,466.33775,513.4775833333332,563.8379166666667,612.6781833333333,674.9232333333333,699.8725000000001,767.2098833333332,831.5302666666666,878.7775,922.6673666666666,961.5701666666668,1005.265,1050.4096166666666,925.4953499999999,715.8516666666667,697.3551666666667,730.5726833333333,729.41,727.6878666666667,154.13011666666853,0.0,0.0,0.0,0.0,0.0,0.0,0.0,0.0,0.0,0.0,0.0,735.1914499999999,744.1316666666667,738.9344666666667,741.3825833333334,751.675,763.3181666666666,683.0165166666667,1391.1016666666667,1375.6900500000002,558.1530833333334,1395.7933333333335,1406.1717166666667,561.3980666666666,1395.7366666666667,571.6267499999999,579.1375833333333,1413.7083333333335,911.6259500000001,568.7906833333333,570.0183333333333,77152.10470657202,47429.692002622636
2025-03-15,581.4441833333333,578.2531833333334,576.61,584.4923833333334,588.7061666666667,602.6516666666666,608.5961333333332,605.79935,599.1433333333333,605.4709,605.2592833333333,606.3166666666667,612.1228,613.8918166666666,622.5683333333333,615.6332666666666,613.6692666666667,624.8566666666667,631.1507833333333,638.4950333333334,641.6683333333334,634.2772166666667,633.8478833333334,631.53,648.6369333333333,651.5135666666666,649.0733333333334,655.4510333333333,644.7892499999999,649.14,650.9857499999999,656.6397833333333,664.05,641.1744666666667,712.3268166666666,27.0,37.27146666666647,11.832033333333356,10.793333333333408,384.10202899999956,770.2275833333333,711.0691666666667,651.8107166666667,613.0086,545.1825000000001,1304.0622833333334,541.77365,0.0,0.0,0.0,0.0,0.0,0.0,0.0,0.0,0.0,0.0,0.0,0.0,0.0,0.0,0.0,0.0,0.0,0.0,823.3420833333333,816.0477833333333,822.6562833333332,799.5829166666666,766.16195,740.5827333333334,736.2029166666669,706.4456666666667,717.9499500000001,700.2983333333334,690.6274333333334,762.6384666666667,0.0,0.0,0.0,0.0,0.0,0.0,0.0,0.0,0.0,0.0,0.0,0.0,1127.3725,1148.7389666666666,352.6238333333333,417.7316666666666,466.33775,513.4775833333332,563.8379166666667,612.6781833333333,674.9232333333333,699.8725000000001,767.2098833333332,831.5302666666666,878.7775,922.6673666666666,961.5701666666668,1005.265,1050.4096166666666,925.4953499999999,715.8516666666667,697.3551666666667,730.5726833333333,729.41,727.6878666666667,154.13011666666853,0.0,0.0,0.0,0.0,0.0,0.0,0.0,0.0,0.0,0.0,0.0,735.1914499999999,744.1316666666667,738.9344666666667,741.3825833333334,751.675,763.3181666666666,683.0165166666667,1391.1016666666667,1375.6900500000002,558.1530833333334,1395.7933333333335,1406.1717166666667,561.3980666666666,1395.7366666666667,571.6267499999999,912.4709166666667,1413.7083333333335,578.2926166666667,568.7906833333333,570.0183333333333,72103.03431233333,45323.861447594565
2025-03-16,581.4441833333333,578.2531833333334,576.61,584.4923833333334,588.7061666666667,602.6516666666666,608.5961333333332,605.79935,599.1433333333333,605.4709,605.2592833333333,606.3166666666667,612.1228,613.8918166666666,622.5683333333333,615.6332666666666,613.6692666666667,624.8566666666667,631.1507833333333,638.4950333333334,641.6683333333334,634.2772166666667,633.8478833333334,631.53,648.6369333333333,651.5135666666666,649.0733333333334,655.4510333333333,644.7892499999999,649.14,650.9857499999999,656.6397833333333,664.05,649.3267300411529,712.3268166666666,27.0,37.27146666666647,11.832033333333356,10.793333333333408,384.10202899999956,770.2275833333333,711.0691666666667,651.8107166666667,613.0086,545.1825000000001,1304.0622833333334,541.77365,0.0,0.0,0.0,0.0,0.0,0.0,0.0,0.0,0.0,0.0,0.0,0.0,0.0,0.0,0.0,0.0,0.0,0.0,823.3420833333333,816.0477833333333,822.6562833333332,799.5829166666666,766.16195,740.5827333333334,736.2029166666669,706.4456666666667,717.9499500000001,700.2983333333334,690.6274333333334,762.6384666666667,0.0,0.0,0.0,0.0,0.0,0.0,0.0,0.0,0.0,0.0,0.0,0.0,1127.3725,1148.7389666666666,352.6238333333333,417.7316666666666,466.33775,513.4775833333332,563.8379166666667,612.6781833333333,674.9232333333333,699.8725000000001,767.2098833333332,831.5302666666666,878.7775,922.6673666666666,961.5701666666668,1005.265,1050.4096166666666,925.4953499999999,715.8516666666667,697.3551666666667,730.5726833333333,729.41,727.6878666666667,154.13011666666853,0.0,0.0,0.0,0.0,0.0,0.0,0.0,0.0,0.0,0.0,0.0,735.1914499999999,744.1316666666667,738.9344666666667,741.3825833333334,751.675,763.3181666666666,683.0165166666667,1391.1016666666667,1375.6900500000002,558.1530833333334,1395.7933333333335,1406.1717166666667,561.3980666666666,1395.7366666666667,571.6267499999999,912.4709166666667,1413.7083333333335,578.2926166666667,568.7906833333333,572.1583333333333,72113.32657570782,45327.80344698551
2025-03-17,1412.2633500000002,1411.5865166666667,1409.9433333333334,1237.748834567898,1421.6273333333334,603.115,608.5961333333332,605.79935,599.1433333333333,592.9017833333332,600.9667499999999,606.3166666666667,612.1228,613.8918166666666,619.83,614.1450166666667,611.3897166666667,624.8566666666667,631.6310833333334,638.4950333333334,640.9983333333332,626.7374666666667,621.4378333333333,631.53,648.6369333333333,648.3765833333333,635.4166666666666,655.4510333333333,641.4359500000002,648.6,650.9857499999999,656.6397833333333,662.0850000000002,1466.5811333333334,711.6885666666666,12.448333333333153,35.400049999999965,11.832033333333356,0.0,196.75609249999752,760.4877333333334,703.6170833333333,650.6822333333332,607.1588833333334,543.8720833333333,1293.7448166666666,532.8288833333334,0.0,0.0,0.0,0.0,0.0,0.0,0.0,0.0,0.0,0.0,0.0,0.0,0.0,0.0,0.0,0.0,0.0,0.0,816.7916666666667,804.4002666666668,790.3895666666667,734.2104166666667,758.6970166666667,736.9861666666668,688.76625,699.7948,717.9499500000001,683.00125,687.7149166666667,727.9945833333334,0.0,0.0,0.0,0.0,0.0,0.0,0.0,0.0,0.0,0.0,0.0,0.0,1127.3725,1148.7389666666666,352.6238333333333,417.42125,466.33775,510.19843333333324,550.2070833333332,607.3838166666667,653.5446333333333,695.5929166666668,757.9413166666667,799.5576833333336,876.7112500000001,905.54435,960.2685333333334,1000.0516666666667,1040.4258833333333,921.21825,722.9333333333333,697.4002166666668,731.1435166666668,729.0166666666667,727.6878666666667,130.63063333333537,0.0,0.0,0.0,0.0,0.0,0.0,0.0,0.0,0.0,0.0,0.0,735.1914499999999,744.1316666666667,738.9344666666667,741.3825833333334,751.675,763.3181666666666,683.0165166666667,1391.1016666666667,1375.6900500000002,558.1530833333334,1395.7933333333335,1406.1717166666667,559.9115833333333,1395.155,571.6267499999999,579.1375833333333,1413.7083333333335,911.2584166666666,574.3658333333334,574.8816666666667,76213.05384373457,46828.48041044499
2025-03-18,1412.2633500000002,1411.5865166666667,1410.3016666666667,1360.7803072016404,1421.6273333333334,603.115,608.5961333333332,605.79935,599.1433333333333,592.5225666666666,599.2439833333334,609.2883333333334,612.1228,612.1886666666667,618.9616666666666,614.1450166666667,610.4752000000001,619.3316666666666,631.1507833333333,626.0387499999999,640.9983333333332,620.0014166666666,620.8420833333332,631.53,645.8020833333334,647.0713833333334,633.4416666666667,634.4590166666666,641.4359500000002,648.6,650.9857499999999,653.8488,662.0850000000002,1461.8828333333333,705.64,12.319999999999936,35.400049999999965,11.832033333333356,0.0,173.12478599999872,756.1747333333333,699.1854166666667,631.8846,595.2930333333333,535.3920833333333,1290.3541333333333,532.1987833333334,0.0,0.0,0.0,0.0,0.0,0.0,0.0,0.0,0.0,0.0,0.0,0.0,0.0,0.0,0.0,0.0,0.0,0.0,816.7916666666667,804.4002666666668,790.3895666666667,734.2104166666667,758.6970166666667,736.9861666666668,688.76625,697.5541499999999,709.3728333333333,681.4766666666667,687.7149166666667,727.9945833333334,0.0,0.0,0.0,0.0,0.0,0.0,0.0,0.0,0.0,0.0,0.0,0.0,1115.8345833333333,1148.7389666666666,352.6238333333333,417.42125,464.5177666666666,509.8358666666666,545.0920833333333,601.0979833333333,650.2938499999999,694.4375,745.6399166666667,795.6108666666665,856.7470833333333,905.1794666666666,947.9906666666666,998.0929166666666,1040.4258833333333,921.21825,722.9333333333333,697.4002166666668,731.1435166666668,729.0166666666667,727.6878666666667,125.44808333333492,0.0,0.0,0.0,0.0,0.0,0.0,0.0,0.0,0.0,0.0,0.0,735.1914499999999,744.1316666666667,741.3694,741.3825833333334,751.675,756.1373833333333,687.8966666666668,1391.1016666666667,1375.6900500000002,558.1530833333334,1395.7933333333335,1406.1717166666667,559.9115833333333,1390.8516666666667,564.1715,577.5232833333334,1413.7083333333335,911.2584166666666,574.3658333333334,574.8816666666667,76080.61559320164,46699.70079917514
2025-03-19,1412.2633500000002,1411.5865166666667,1416.1383333333333,1282.4435936213972,1421.6273333333334,603.115,608.5961333333332,605.79935,598.6916666666667,592.9017833333332,599.2439833333334,592.6533333333333,612.1228,612.1886666666667,612.77,602.45245,610.4752000000001,619.3316666666666,631.1507833333333,622.3521999999999,633.075,619.9864333333334,617.8593333333333,628.49,641.1941,643.0404666666667,632.8166666666667,633.7781666666667,637.0870333333334,639.8533333333332,647.0237666666667,653.4744333333333,637.2233333333334,1460.1053333333334,702.9680666666667,11.871666666666556,27.93850000000009,11.832033333333356,0.0,43.34884999999883,753.7766999999999,699.1854166666667,621.6726833333331,577.972,529.7304166666667,1274.8749,506.4251833333334,0.0,0.0,0.0,0.0,0.0,0.0,0.0,0.0,0.0,0.0,0.0,0.0,0.0,0.0,0.0,0.0,0.0,0.0,797.3466666666667,796.3221333333333,767.90025,726.4312500000001,747.5755833333333,736.9861666666668,688.76625,673.7755333333334,702.3845666666666,652.4745833333334,667.4343833333335,721.3330000000001,0.0,0.0,0.0,0.0,0.0,0.0,0.0,0.0,0.0,0.0,0.0,0.0,1009.5129004115239,1145.7306666666668,351.97324999999995,408.94374999999985,463.26056666666676,503.98675,543.0691666666668,600.9234166666666,647.822,694.3558333333334,740.5385833333333,795.0259166666667,853.4287500000002,902.5150333333332,942.75175,993.0554166666667,1039.9668,921.21825,722.9333333333333,697.4002166666668,731.5067333333333,729.41,725.71005,124.08178333333422,0.0,0.0,0.0,0.0,0.0,0.0,0.0,0.0,0.0,0.0,0.0,735.1914499999999,744.1316666666667,741.3694,741.3825833333334,751.675,756.1373833333333,687.8966666666668,1393.9016666666666,1379.2225333333333,559.7529833333333,1395.7933333333335,1406.1717166666667,559.9115833333333,1390.8516666666667,565.9144,577.5232833333334,1413.7083333333335,911.2584166666666,582.0091666666666,574.8816666666667,75391.04414403292,46261.643613295535
2025-03-20,1412.2633500000002,1411.5865166666667,1416.1383333333333,1251.9935728395012,1421.6273333333334,597.2166666666667,604.6149833333333,599.9708333333333,597.16,592.9017833333332,597.54605,592.6533333333333,612.1228,610.8257,611.9149999999998,599.7192166666667,610.4752000000001,618.4083333333333,628.7457333333333,620.4124833333334,629.6883333333334,617.6654666666667,615.5063833333334,628.49,639.6539333333334,640.0551833333334,632.8166666666667,629.0224333333333,635.18015,635.2083333333334,639.3077666666667,645.1482500000001,633.9066666666666,1460.1053333333334,702.9680666666667,7.968333333333362,24.38528333333329,10.069099999999935,0.0,0.0,736.1778666666665,673.1741666666668,616.0635833333333,570.6811666666667,514.005,1272.9285833333333,297.54578333333336,0.0,0.0,0.0,0.0,0.0,0.0,0.0,0.0,0.0,0.0,0.0,0.0,0.0,0.0,0.0,0.0,0.0,0.0,797.3466666666667,796.3221333333333,767.90025,726.4312500000001,747.5755833333333,736.9861666666668,688.76625,673.7755333333334,702.3845666666666,652.4745833333334,667.4343833333335,721.3330000000001,0.0,0.0,0.0,0.0,0.0,0.0,0.0,0.0,0.0,0.0,0.0,0.0,887.6485222222198,1141.9815333333333,337.8569333333333,404.7558333333333,457.4419833333334,503.60736666666656,535.8666666666667,593.8862,644.0924666666666,694.3558333333334,731.1189499999999,793.5020666666667,833.6633333333333,899.7478833333334,940.1275333333334,991.4200000000001,1039.9668,921.21825,722.9333333333333,697.3551666666667,731.1435166666668,729.41,725.71005,119.89553333333492,0.0,0.0,0.0,0.0,0.0,0.0,0.0,0.0,0.0,0.0,0.0,735.1914499999999,744.1316666666667,741.3694,740.53855,750.1216666666666,756.1373833333333,687.8966666666668,1393.9016666666666,1379.2225333333333,559.7529833333333,1394.575,1403.5067333333332,559.3187,1385.6933333333334,565.9144,577.5232833333334,1413.7083333333335,905.9643333333333,574.3658333333334,574.8816666666667,74717.1707617284,45762.01242276093
2025-03-21,1412.2633500000002,1410.5312333333331,1416.1383333333333,1394.6859174897095,1417.5870666666667,596.935,602.2967833333333,605.79935,598.2166666666667,592.9017833333332,597.54605,598.4433333333333,612.1228,610.8257,602.52,598.8620833333333,608.3100333333333,616.6133333333332,628.7457333333333,621.8923833333333,629.6883333333334,616.6230833333334,615.4019499999999,625.2883333333334,638.26935,634.2926666666667,627.9283333333334,627.1093833333333,634.1342666666667,631.05,619.4339166666667,630.2572333333334,626.5733333333334,1458.2735833333334,696.46365,3.286666666666747,3.331633333333343,0.0,0.0,0.0,675.2042666666667,651.3666666666667,605.4901166666666,563.7882000000001,502.24833333333333,1269.9042333333334,26.766450000000646,0.0,0.0,0.0,0.0,0.0,0.0,0.0,0.0,0.0,0.0,0.0,0.0,0.0,0.0,0.0,0.0,0.0,0.0,783.4979166666667,771.1375666666667,758.42425,726.4312500000001,747.5755833333333,713.41185,647.3620833333334,673.7755333333334,702.3845666666666,652.4745833333334,667.4343833333335,721.3330000000001,0.0,0.0,0.0,0.0,0.0,0.0,0.0,0.0,0.0,0.0,0.0,0.0,852.2496055555532,1141.9815333333333,337.8569333333333,404.7558333333333,457.4419833333334,503.60736666666656,535.8666666666667,593.8862,644.0924666666666,683.1029166666667,729.8114666666667,780.3777166666666,830.5929166666666,894.1628000000001,939.0162,985.425,1039.9668,921.21825,722.9333333333333,697.4002166666668,732.5357833333333,729.0166666666667,725.3531833333334,125.85871666666787,0.0,0.0,0.0,0.0,0.0,0.0,0.0,0.0,0.0,0.0,0.0,735.1914499999999,738.4899999999999,738.9344666666667,740.53855,751.675,756.1373833333333,687.8966666666668,1393.9016666666666,1379.2225333333333,558.1530833333334,1394.575,1403.5067333333332,559.0028166666667,1385.2483333333332,564.1715,577.5232833333334,1413.7083333333335,911.2584166666666,574.3658333333334,574.8816666666667,74167.5467563786,45314.36002303383
2025-03-22,578.9300166666667,577.1978999999999,582.8050000000001,579.4561666666667,584.2537333333333,596.935,602.2967833333333,605.79935,598.2166666666667,592.9017833333332,597.54605,598.4433333333333,612.1228,610.8257,602.52,598.8620833333333,608.3100333333333,616.6133333333332,628.7457333333333,621.8923833333333,629.6883333333334,616.6230833333334,615.4019499999999,625.2883333333334,638.26935,634.2926666666667,627.9283333333334,627.1093833333333,634.1342666666667,631.05,619.4339166666667,630.2572333333334,626.5733333333334,624.94025,696.46365,3.286666666666747,3.331633333333343,0.0,0.0,0.0,675.2042666666667,651.3666666666667,605.4901166666666,563.7882000000001,502.24833333333333,1269.9042333333334,26.766450000000646,0.0,0.0,0.0,0.0,0.0,0.0,0.0,0.0,0.0,0.0,0.0,0.0,0.0,0.0,0.0,0.0,0.0,0.0,783.4979166666667,771.1375666666667,758.42425,726.4312500000001,747.5755833333333,713.41185,647.3620833333334,673.7755333333334,702.3845666666666,652.4745833333334,667.4343833333335,721.3330000000001,0.0,0.0,0.0,0.0,0.0,0.0,0.0,0.0,0.0,0.0,0.0,0.0,852.2496055555532,1141.9815333333333,337.8569333333333,404.7558333333333,457.4419833333334,503.60736666666656,535.8666666666667,593.8862,644.0924666666666,683.1029166666667,729.8114666666667,780.3777166666666,830.5929166666666,894.1628000000001,939.0162,985.425,1039.9668,921.21825,722.9333333333333,697.4002166666668,732.5357833333333,729.0166666666667,725.3531833333334,125.85871666666787,0.0,0.0,0.0,0.0,0.0,0.0,0.0,0.0,0.0,0.0,0.0,735.1914499999999,738.4899999999999,738.9344666666667,740.53855,751.675,756.1373833333333,687.8966666666668,1393.9016666666666,1379.2225333333333,558.1530833333334,1394.575,1403.5067333333332,559.0028166666667,1385.2483333333332,564.1715,910.8566166666667,1413.7083333333335,577.9250833333333,574.3658333333334,574.8816666666667,69185.6503388889,43237.26054014889
2025-03-23,578.9300166666667,577.1978999999999,582.8050000000001,579.4561666666667,584.2537333333333,596.935,602.2967833333333,605.79935,598.2166666666667,592.9017833333332,597.54605,598.4433333333333,612.1228,610.8257,602.52,598.8620833333333,608.3100333333333,616.6133333333332,628.7457333333333,621.8923833333333,629.6883333333334,616.6230833333334,615.4019499999999,625.2883333333334,638.26935,634.2926666666667,627.9283333333334,627.1093833333333,634.1342666666667,631.05,619.4339166666667,630.2572333333334,626.5733333333334,632.7859290123447,696.46365,3.286666666666747,3.331633333333343,0.0,0.0,0.0,675.2042666666667,651.3666666666667,605.4901166666666,563.7882000000001,502.24833333333333,1269.9042333333334,26.766450000000646,0.0,0.0,0.0,0.0,0.0,0.0,0.0,0.0,0.0,0.0,0.0,0.0,0.0,0.0,0.0,0.0,0.0,0.0,783.4979166666667,771.1375666666667,758.42425,726.4312500000001,747.5755833333333,713.41185,647.3620833333334,673.7755333333334,702.3845666666666,652.4745833333334,667.4343833333335,721.3330000000001,0.0,0.0,0.0,0.0,0.0,0.0,0.0,0.0,0.0,0.0,0.0,0.0,852.2496055555532,1141.9815333333333,337.8569333333333,404.7558333333333,457.4419833333334,503.60736666666656,535.8666666666667,593.8862,644.0924666666666,683.1029166666667,729.8114666666667,780.3777166666666,830.5929166666666,894.1628000000001,939.0162,985.425,1039.9668,921.21825,722.9333333333333,697.4002166666668,732.5357833333333,729.0166666666667,725.3531833333334,125.85871666666787,0.0,0.0,0.0,0.0,0.0,0.0,0.0,0.0,0.0,0.0,0.0,735.1914499999999,738.4899999999999,738.9344666666667,740.53855,751.675,756.1373833333333,687.8966666666668,1393.9016666666666,1379.2225333333333,558.1530833333334,1394.575,1403.5067333333332,559.0028166666667,1385.2483333333332,564.1715,910.8566166666667,1413.7083333333335,577.9250833333333,574.3658333333334,574.8816666666667,69193.49601790123,43240.173640766174
2025-03-24,1408.43525,1408.1626333333334,1416.1383333333333,1412.9944666666668,1421.6273333333334,596.935,602.2967833333333,605.79935,699.8779473250999,592.0563333333334,595.3507166666666,598.4433333333333,612.1228,609.3272666666667,602.52,598.8620833333333,608.3100333333333,616.6133333333332,609.6477,620.4124833333334,633.075,616.6230833333334,614.62895,615.7899999999998,638.26935,634.2926666666667,625.865,626.5987333333334,632.6669666666666,631.05,619.3152166666666,626.2133666666667,624.8916666666667,1446.0737,695.59735,1.6399999999999864,0.6247333333333245,0.0,0.0,0.0,665.0592166666667,639.7645833333333,605.46775,551.5552666666666,500.99208333333337,935.5247183127556,0.0,0.0,0.0,0.0,0.0,0.0,0.0,0.0,0.0,0.0,0.0,0.0,0.0,0.0,0.0,0.0,0.0,0.0,0.0,783.4979166666667,762.85985,754.26145,713.2008333333333,702.4684333333333,667.9338,612.7291666666667,651.5154166666666,655.0440166666667,646.1791666666667,653.5922833333333,718.6790500000001,0.0,0.0,0.0,0.0,0.0,0.0,0.0,0.0,0.0,0.0,0.0,0.0,743.2385584362119,1141.9815333333333,334.2038999999999,392.8020833333333,448.22308333333336,503.60736666666656,535.8666666666667,593.8862,644.0924666666666,683.1029166666667,729.8114666666667,780.3777166666666,825.7358333333334,892.2082166666667,934.7798666666665,980.9283333333333,1039.9668,921.21825,723.27,697.3551666666667,732.5357833333333,729.0166666666667,725.3531833333334,133.7651166666675,0.0,0.0,0.0,0.0,0.0,0.0,0.0,0.0,0.0,0.0,0.0,735.1914499999999,744.1316666666667,738.9344666666667,739.4212000000001,751.675,756.1373833333333,683.3653833333333,1393.9016666666666,1379.5539833333332,558.1530833333334,1394.575,1403.5067333333332,559.0028166666667,1384.3066666666668,564.1715,910.8566166666667,1408.5816666666665,577.9250833333333,574.3658333333334,574.8816666666667,73439.44000740741,44845.48628432158
2025-03-25,1412.2633500000002,1408.1626333333334,1416.1383333333333,1347.1107205761302,1417.5870666666667,596.935,602.2967833333333,598.5334833333333,597.16,592.0563333333334,595.3507166666666,598.4433333333333,610.4679,606.4622666666667,603.5,598.8620833333333,608.3100333333333,614.4783333333332,607.5745000000001,613.3785833333333,633.075,616.6230833333334,614.2844166666666,613.425,633.9961166666667,634.2520666666667,614.745,626.5194833333334,625.8577499999999,628.66,619.3152166666666,626.2133666666667,624.8916666666667,1443.5844499999998,692.5878166666668,0.0,0.0,0.0,0.0,0.0,655.1777500000001,626.1395833333333,579.9612666666667,551.2395833333334,500.99208333333337,857.3271748971199,0.0,0.0,0.0,0.0,0.0,0.0,0.0,0.0,0.0,0.0,0.0,0.0,0.0,0.0,0.0,0.0,0.0,0.0,0.0,783.4979166666667,749.7311333333334,754.26145,713.2008333333333,702.4684333333333,667.9338,612.7291666666667,651.5154166666666,655.0440166666667,646.1791666666667,653.5922833333333,718.6790500000001,0.0,0.0,0.0,0.0,0.0,0.0,0.0,0.0,0.0,0.0,0.0,0.0,732.9381417695461,1137.88685,334.2038999999999,392.8020833333333,447.59741666666673,491.3621666666667,535.8666666666667,590.1330333333333,629.8041333333333,680.5579166666666,726.5520166666666,767.9904,824.9666666666666,889.6591666666667,927.4025166666667,972.8624999999998,1039.6322166666666,921.21825,723.27,697.4002166666668,733.1810166666667,729.0166666666667,724.8380666666667,128.34938333333469,0.0,0.0,0.0,0.0,0.0,0.0,0.0,0.0,0.0,0.0,0.0,733.7396333333332,744.1316666666667,738.9344666666667,739.4212000000001,751.675,755.5852166666666,680.0740666666666,1393.9016666666666,1379.2225333333333,558.1530833333334,1395.7933333333335,1403.5067333333332,559.0028166666667,1385.2483333333332,565.9144,910.4640833333333,1408.5283333333332,578.2926166666667,582.0091666666666,576.6216666666667,72992.48340390947,44570.13438088385
2025-03-26,1408.43525,1408.1626333333334,1416.1383333333333,1412.7895,1417.1521666666667,597.2166666666667,602.2617000000001,595.5211833333334,796.3932072016426,592.9017833333332,597.8759333333333,598.4433333333333,610.4679,605.4676999999999,602.52,597.9265666666666,607.5917333333333,607.2966666666667,607.5745000000001,612.7148833333333,626.3216666666666,614.3104500000001,614.2844166666666,615.7899999999998,633.9961166666667,630.4203333333334,608.9233333333334,615.7863833333333,621.1449833333334,625.595,617.7888333333334,618.8965833333333,624.8916666666667,1441.2067000000002,692.4149,0.0,0.0,0.0,0.0,0.0,652.7587666666666,624.1133333333332,579.8535833333333,541.8196333333333,497.0929166666666,812.3464162551452,0.0,0.0,0.0,0.0,0.0,0.0,0.0,0.0,0.0,0.0,0.0,0.0,0.0,0.0,0.0,0.0,0.0,0.0,0.0,783.4979166666667,749.7311333333334,754.26145,713.2008333333333,702.4684333333333,667.9338,612.7291666666667,651.5154166666666,655.0440166666667,646.1791666666667,653.5922833333333,718.6790500000001,0.0,0.0,0.0,0.0,0.0,0.0,0.0,0.0,0.0,0.0,0.0,0.0,826.0286251028801,1137.88685,334.2038999999999,392.8020833333333,447.59741666666673,488.93549999999993,535.8666666666667,590.1330333333333,626.6453666666665,666.0520833333334,721.2213833333334,766.4917166666668,824.9087499999999,888.91685,925.3020666666666,972.20125,1039.6322166666666,916.0451166666667,723.27,697.3551666666667,733.1810166666667,729.0166666666667,724.8380666666667,125.21296666666603,0.0,0.0,0.0,0.0,0.0,0.0,0.0,0.0,0.0,0.0,0.0,733.7396333333332,744.1316666666667,738.9344666666667,739.4212000000001,751.675,755.5852166666666,680.0740666666666,1393.9016666666666,1379.2225333333333,556.7314333333333,1395.7933333333335,1406.1717166666667,559.9115833333333,1385.2483333333332,565.9144,910.4640833333333,1408.5283333333332,577.9250833333333,582.0091666666666,576.6216666666667,73189.18966522634,44637.79873841487
2025-03-27,1408.43525,1406.9784166666668,1416.1383333333333,1412.7895,1417.1521666666667,597.2166666666667,601.58905,594.7013333333333,685.2759355967092,592.9017833333332,597.8759333333333,598.4433333333333,610.4679,601.4110666666667,594.49,597.3001500000001,606.5872333333333,603.4483333333334,607.5745000000001,612.5849833333334,624.4383333333334,613.4009166666667,614.2844166666666,613.425,633.5100500000001,624.1837333333334,608.9233333333334,615.78435,619.5839,621.1783333333334,614.6555166666668,617.8444000000001,623.6733333333334,1441.2067000000002,692.4149,0.0,0.0,0.0,0.0,0.0,650.5712333333333,611.9341666666666,573.00445,524.8846500000001,472.27666666666664,677.2290253086428,0.0,0.0,0.0,0.0,0.0,0.0,0.0,0.0,0.0,0.0,0.0,0.0,0.0,0.0,0.0,0.0,0.0,0.0,0.0,774.0137500000001,731.2165166666667,754.26145,713.2008333333333,702.4684333333333,667.9338,610.7266666666668,651.5154166666666,655.0440166666667,646.1791666666667,653.5922833333333,690.6629166666667,0.0,0.0,0.0,0.0,0.0,0.0,0.0,0.0,0.0,0.0,0.0,0.0,735.3740674897114,1103.8251333333335,320.67878333333334,382.2329166666666,435.6339166666666,463.38030000000003,512.4587500000001,562.26155,610.4683833333332,665.4854166666665,706.1558333333331,762.06365,824.1833333333333,881.6407333333334,907.661,961.0370833333333,1017.9089666666666,914.3543000000001,723.27,697.3551666666667,733.1810166666667,728.125,724.8380666666667,124.42338333333191,0.0,0.0,0.0,0.0,0.0,0.0,0.0,0.0,0.0,0.0,0.0,733.7396333333332,744.1316666666667,738.9344666666667,739.4212000000001,750.1216666666666,755.5852166666666,678.28375,1393.9016666666666,1383.6064166666667,558.1530833333334,1394.575,1406.1717166666667,561.3980666666666,1385.2483333333332,565.9144,910.4640833333333,1408.5816666666665,577.9250833333333,582.0091666666666,578.0233333333333,72446.77089506172,44133.59673390988
2025-03-28,1408.43525,1406.9784166666668,1416.1383333333333,1411.4117500000002,1417.0060833333334,589.4816666666667,591.0434833333334,594.7013333333333,662.7347333333339,592.9017833333332,597.8759333333333,598.4433333333333,610.4679,605.4676999999999,594.49,597.9265666666666,607.5917333333333,602.0166666666667,607.5745000000001,612.5849833333334,624.31,612.5145166666666,612.46375,613.425,623.9941333333334,623.1587166666667,608.9233333333334,615.78435,619.5839,621.1783333333334,614.6277833333334,615.4275666666667,622.2016666666666,1438.2665000000002,682.6127166666666,0.0,0.0,0.0,0.0,0.0,648.5665333333334,599.2912500000001,572.2256166666666,519.7990166666666,452.4487500000001,383.637436419755,0.0,0.0,0.0,0.0,0.0,0.0,0.0,0.0,0.0,0.0,0.0,0.0,0.0,0.0,0.0,0.0,0.0,0.0,0.0,774.0137500000001,731.2165166666667,754.26145,713.2008333333333,702.4684333333333,667.9338,610.7266666666668,651.5154166666666,655.0440166666667,646.1791666666667,653.5922833333333,690.6629166666667,0.0,0.0,0.0,0.0,0.0,0.0,0.0,0.0,0.0,0.0,0.0,0.0,734.4453020576107,1102.6065833333334,310.2460333333334,367.1041666666667,402.78226666666654,452.45245,512.4587500000001,562.26155,601.1491000000001,662.4833333333333,702.6923833333334,760.7606666666666,824.1337499999998,879.1004166666667,904.1734666666666,952.3945833333333,1016.0025999999999,914.1391500000001,723.27,697.3551666666667,732.5357833333333,726.9133333333333,723.3528666666666,142.19356666666624,0.0,0.0,0.0,0.0,0.0,0.0,0.0,0.0,0.0,0.0,0.0,733.7396333333332,744.1316666666667,738.9344666666667,739.4212000000001,750.1216666666666,756.1373833333333,683.3653833333333,1393.9016666666666,1383.6064166666667,558.1530833333334,1394.575,1406.1717166666667,564.2747333333333,1385.2483333333332,571.6267499999999,910.8566166666667,1408.5816666666665,577.9250833333333,582.0091666666666,578.0233333333333,71968.34050514403,43810.72109382835
2025-03-29,575.1019166666666,573.6450833333333,582.8050000000001,578.0784166666667,583.6727500000001,589.4816666666667,591.0434833333334,594.7013333333333,597.16,592.9017833333332,597.8759333333333,598.4433333333333,610.4679,605.4676999999999,594.49,597.9265666666666,607.5917333333333,602.0166666666667,607.5745000000001,612.5849833333334,624.31,612.5145166666666,612.46375,613.425,623.9941333333334,623.1587166666667,608.9233333333334,615.78435,619.5839,621.1783333333334,614.6277833333334,615.4275666666667,622.2016666666666,604.9331666666668,682.6127166666666,0.0,0.0,0.0,0.0,0.0,648.5665333333334,599.2912500000001,572.2256166666666,519.7990166666666,452.4487500000001,383.637436419755,0.0,0.0,0.0,0.0,0.0,0.0,0.0,0.0,0.0,0.0,0.0,0.0,0.0,0.0,0.0,0.0,0.0,0.0,0.0,774.0137500000001,731.2165166666667,754.26145,713.2008333333333,702.4684333333333,667.9338,610.7266666666668,651.5154166666666,655.0440166666667,646.1791666666667,653.5922833333333,690.6629166666667,0.0,0.0,0.0,0.0,0.0,0.0,0.0,0.0,0.0,0.0,0.0,0.0,734.4453020576107,1102.6065833333334,310.2460333333334,367.1041666666667,402.78226666666654,452.45245,512.4587500000001,562.26155,601.1491000000001,662.4833333333333,702.6923833333334,760.7606666666666,824.1337499999998,879.1004166666667,904.1734666666666,952.3945833333333,1016.0025999999999,914.1391500000001,723.27,697.3551666666667,732.5357833333333,726.9133333333333,723.3528666666666,142.19356666666624,0.0,0.0,0.0,0.0,0.0,0.0,0.0,0.0,0.0,0.0,0.0,733.7396333333332,744.1316666666667,738.9344666666667,739.4212000000001,750.1216666666666,756.1373833333333,683.3653833333333,1393.9016666666666,1383.6064166666667,558.1530833333334,1394.575,1406.1717166666667,564.2747333333333,1385.2483333333332,571.6267499999999,910.8566166666667,1408.5816666666665,577.9250833333333,582.0091666666666,578.0233333333333,66902.7657718107,41697.828332101686
2025-03-30,575.1019166666666,573.6450833333333,582.8050000000001,578.0784166666667,583.6727500000001,589.4816666666667,591.0434833333334,594.7013333333333,597.16,592.9017833333332,597.8759333333333,598.4433333333333,610.4679,605.4676999999999,594.49,597.9265666666666,607.5917333333333,602.0166666666667,607.5745000000001,612.5849833333334,624.31,612.5145166666666,612.46375,613.425,623.9941333333334,623.1587166666667,608.9233333333334,615.78435,619.5839,621.1783333333334,614.6277833333334,615.4275666666667,622.2016666666666,604.9331666666668,682.6127166666666,0.0,0.0,0.0,0.0,0.0,648.5665333333334,599.2912500000001,572.2256166666666,519.7990166666666,452.4487500000001,383.637436419755,0.0,0.0,0.0,0.0,0.0,0.0,0.0,0.0,0.0,0.0,0.0,0.0,0.0,0.0,0.0,0.0,0.0,0.0,0.0,774.0137500000001,731.2165166666667,754.26145,713.2008333333333,702.4684333333333,667.9338,610.7266666666668,651.5154166666666,655.0440166666667,646.1791666666667,653.5922833333333,690.6629166666667,0.0,0.0,0.0,0.0,0.0,0.0,0.0,0.0,0.0,0.0,0.0,0.0,734.4453020576107,1102.6065833333334,310.2460333333334,367.1041666666667,402.78226666666654,452.45245,512.4587500000001,562.26155,601.1491000000001,662.4833333333333,702.6923833333334,760.7606666666666,824.1337499999998,879.1004166666667,904.1734666666666,952.3945833333333,1016.0025999999999,914.1391500000001,723.27,697.3551666666667,732.5357833333333,726.9133333333333,723.3528666666666,142.19356666666624,0.0,0.0,0.0,0.0,0.0,0.0,0.0,0.0,0.0,0.0,0.0,733.7396333333332,744.1316666666667,738.9344666666667,739.4212000000001,750.1216666666666,756.1373833333333,683.3653833333333,1393.9016666666666,1383.6064166666667,558.1530833333334,1394.575,1406.1717166666667,564.2747333333333,1385.2483333333332,571.6267499999999,910.8566166666667,1408.5816666666665,577.9250833333333,582.0091666666666,578.0233333333333,66902.7657718107,41697.828332101686
2025-03-31,1412.2633500000002,1410.5312333333331,1416.1383333333333,1318.2869374485617,1417.0060833333334,589.4816666666667,591.0434833333334,594.7013333333333,588.1366666666668,592.9017833333332,599.2439833333334,609.2883333333334,612.1228,605.4676999999999,594.0,597.3001500000001,607.5917333333333,603.4483333333334,607.5745000000001,612.5849833333334,624.31,613.4009166666667,614.2844166666666,615.7899999999998,623.9941333333334,620.7940333333333,608.9233333333334,615.78435,619.5839,621.1783333333334,614.6555166666668,617.8444000000001,622.2016666666666,1433.6623833333333,682.6127166666666,0.0,0.0,0.0,0.0,0.0,302.1474333333356,597.6937499999999,564.1500000000001,510.06806666666665,446.8062499999999,341.74575,0.0,0.0,0.0,0.0,0.0,0.0,0.0,0.0,0.0,0.0,0.0,0.0,0.0,0.0,0.0,0.0,0.0,0.0,0.0,746.97125,723.39595,723.4921833333333,693.9329166666669,691.5481833333333,666.6759000000001,600.6591666666667,593.1391833333334,610.9756000000001,622.40625,650.8695333333334,682.7451833333334,0.0,0.0,0.0,0.0,0.0,0.0,0.0,0.0,0.0,0.0,0.0,0.0,418.763595679013,1097.8646333333336,290.8074833333333,340.14250000000004,395.4709999999999,438.12654999999995,507.32416666666666,553.5309166666667,599.0672166666667,647.9179166666668,697.9699666666668,755.28635,824.1337499999998,862.5221833333333,895.6689833333332,946.6508333333333,1009.9900500000001,912.4273833333333,717.6937499999999,691.9770666666666,732.5357833333333,728.125,724.8380666666667,129.6695333333322,0.0,0.0,0.0,0.0,0.0,0.0,0.0,0.0,0.0,0.0,0.0,733.7396333333332,744.1316666666667,738.9344666666667,736.4506,746.8333333333334,755.5852166666666,683.3653833333333,1393.9016666666666,1385.3856333333333,559.7529833333333,1394.575,1406.1717166666667,564.2747333333333,1385.2483333333332,565.9144,910.4640833333333,1413.1533333333332,576.6000499999999,574.3658333333334,581.0433333333334,70665.9521164609,42921.23857655556
2025-04-01,1414.7775166666665,1410.8423666666667,1416.1383333333333,1221.1343886831278,1417.0060833333334,589.4816666666667,591.0434833333334,593.8670833333333,588.1366666666668,592.0563333333334,599.2439833333334,608.2,610.4679,605.4676999999999,594.0,597.3001500000001,607.5917333333333,603.4483333333334,607.5745000000001,608.3322333333333,622.3883333333334,612.5145166666666,614.2844166666666,613.425,623.9941333333334,620.7940333333333,608.9233333333334,615.78435,621.1449833333334,625.0083333333333,614.6555166666668,617.8444000000001,624.8916666666667,1438.2665000000002,682.6127166666666,0.0,0.0,0.0,0.0,0.0,108.98330000000112,589.1995833333334,556.2952333333332,508.0665333333333,445.0683333333334,328.2240333333333,0.0,0.0,0.0,0.0,0.0,0.0,0.0,0.0,0.0,0.0,0.0,0.0,0.0,0.0,0.0,0.0,0.0,0.0,0.0,728.7833333333333,723.15175,712.9806666666667,676.9354166666667,684.1585,632.1936666666668,572.2479166666667,570.8234666666666,583.7747333333334,614.1475,633.5039,660.2351000000001,0.0,0.0,0.0,0.0,0.0,0.0,0.0,0.0,0.0,0.0,0.0,0.0,237.59458333333336,1076.8736203703702,283.49333333333317,338.59999999999985,380.1591666666667,435.41650000000004,475.3220833333333,523.6294166666665,595.6211000000001,645.93375,688.73555,746.2438166666667,822.61375,857.0351333333333,895.0156833333334,939.2199999999999,1009.9508999999999,910.9523333333333,717.6937499999999,691.9770666666666,732.5357833333333,728.125,724.8380666666667,128.74534999999958,0.0,0.0,0.0,0.0,0.0,0.0,0.0,0.0,0.0,0.0,0.0,733.1468,744.1316666666667,735.61285,735.0214833333333,746.8333333333334,754.3754666666667,678.28375,1397.825,1385.3856333333333,559.7529833333333,1393.8516666666667,1406.1717166666667,564.2747333333333,1385.2483333333332,565.9144,910.4640833333333,1413.7083333333335,572.631,574.1886666666667,581.0433333333334,69785.60662572016,42335.86354748821
2025-04-02,1418.4531000000002,1411.5865166666667,1416.1383333333333,1410.5778333333333,1417.1521666666667,587.355,585.51345,593.8670833333333,749.637266460906,591.5982500000001,597.8759333333333,608.19,612.1228,606.4622666666667,594.49,597.9265666666666,608.3100333333333,607.2966666666667,607.5745000000001,608.1566,620.1683333333334,613.4009166666667,614.2844166666666,603.9300000000001,617.8076,619.0740499999999,607.4083333333333,615.78435,621.1449833333334,625.595,617.7888333333334,618.8965833333333,625.175,1438.2665000000002,682.6127166666666,0.0,0.0,0.0,0.0,0.0,0.0,526.1949833333363,525.9144166666666,497.0588000000001,429.4408333333333,328.17256666666674,0.0,0.0,0.0,0.0,0.0,0.0,0.0,0.0,0.0,0.0,0.0,0.0,0.0,0.0,0.0,0.0,0.0,0.0,0.0,702.0029166666667,723.15175,712.9806666666667,676.9354166666667,684.1585,632.1936666666668,572.2479166666667,570.8234666666666,583.7747333333334,614.1475,633.5039,660.2351000000001,0.0,0.0,0.0,0.0,0.0,0.0,0.0,0.0,0.0,0.0,0.0,0.0,237.59458333333336,937.5891185185164,272.0112666666667,331.6433333333334,379.45935000000003,429.6249166666667,471.23458333333343,522.2558166666666,582.0568166666667,643.4850000000001,685.0772,744.8888833333333,807.7708333333334,856.6054666666666,890.1530833333333,938.7558333333333,1007.3714166666667,910.9523333333333,717.6937499999999,691.9770666666666,732.5357833333333,728.125,724.8380666666667,144.03126666666628,0.0,0.0,0.0,0.0,0.0,0.0,0.0,0.0,0.0,0.0,0.0,733.1468,738.4899999999999,733.7145666666668,728.3294666666667,746.8333333333334,755.5852166666666,683.3653833333333,1397.825,1385.3856333333333,559.7529833333333,1392.4866666666667,1406.1717166666667,564.2747333333333,1391.67,564.1123333333333,907.1979833333332,1413.1533333333332,570.2540166666666,568.7906833333333,581.0433333333334,69653.87306831277,42130.42255705251
2025-04-03,1422.2799666666665,1415.6397166666666,1416.1383333333333,1410.5778333333333,1417.0060833333334,584.8883333333334,585.51345,593.8670833333333,716.6323676954739,591.5982500000001,597.8759333333333,608.19,612.2733666666667,608.6207833333334,594.49,597.9265666666666,610.4752000000001,607.2966666666667,609.6477,608.1566,615.1066666666667,613.4009166666667,614.2844166666666,610.1116666666666,617.8076,619.0740499999999,608.9233333333334,615.7863833333333,625.8577499999999,625.595,617.7888333333334,618.8965833333333,626.5733333333334,1438.9206,682.6127166666666,0.0,0.0,0.0,0.0,0.0,0.0,506.95781666666716,519.0012333333332,472.59250000000003,409.0516666666668,327.8242333333333,0.0,0.0,0.0,0.0,0.0,0.0,0.0,0.0,0.0,0.0,0.0,0.0,0.0,0.0,0.0,0.0,0.0,0.0,0.0,720.8000000000001,723.39595,718.6795500000001,676.9354166666667,684.1585,639.5549166666667,600.6591666666667,570.8234666666666,570.7677666666667,581.7383333333335,629.4633166666667,650.0396166666667,0.0,0.0,0.0,0.0,0.0,0.0,0.0,0.0,0.0,0.0,0.0,0.0,224.93124999999995,806.631134362137,272.0112666666667,331.6433333333334,379.45935000000003,429.6249166666667,470.1116666666667,522.2558166666666,582.0568166666667,641.6387500000001,683.6290333333333,744.8888833333333,807.7708333333334,845.0918833333333,879.0881166666666,924.4975000000001,1005.1957833333332,909.22415,717.6937499999999,695.6003833333332,732.5357833333333,728.125,723.3528666666666,134.2352666666667,0.0,0.0,0.0,0.0,0.0,0.0,0.0,0.0,0.0,0.0,0.0,728.1678333333332,738.4899999999999,733.7145666666668,728.1336166666666,739.985,756.1373833333333,683.3653833333333,1397.825,1385.3856333333333,559.7529833333333,1392.4866666666667,1395.8588333333332,564.2747333333333,1391.67,565.9144,907.1979833333332,1413.1533333333332,570.2841666666667,568.7906833333333,578.0233333333333,69352.18260205761,41903.7442993509
2025-04-04,1422.2799666666665,1415.6849166666666,1419.0349999999999,1410.4310166666667,1417.0060833333334,584.5933333333334,583.9428333333333,593.8670833333333,702.8158600823044,591.5982500000001,597.8759333333333,608.19,614.3256333333334,609.3272666666667,594.49,597.9265666666666,609.0400833333333,607.2966666666667,609.6477,608.1566,615.1066666666667,612.5145166666666,612.46375,614.6116666666666,616.8542833333333,618.3133833333334,617.8350000000002,615.7863833333333,625.8577499999999,625.595,619.4339166666667,626.2133666666667,626.8183333333333,1438.2665000000002,682.1998499999999,0.0,0.0,0.0,0.0,0.0,0.0,383.1430500000016,508.00659999999993,463.77719999999994,409.0516666666668,327.8242333333333,0.0,0.0,0.0,0.0,0.0,0.0,0.0,0.0,0.0,0.0,0.0,0.0,0.0,0.0,0.0,0.0,0.0,0.0,0.0,720.8000000000001,723.39595,718.6795500000001,673.7562500000001,653.0657166666667,632.1936666666668,572.2479166666667,551.16195,552.6508833333335,550.6804166666666,597.9524666666666,650.0396166666667,0.0,0.0,0.0,0.0,0.0,0.0,0.0,0.0,0.0,0.0,0.0,0.0,210.1795833333334,732.0882203703701,262.78926666666666,314.9008333333334,374.0908,419.4482833333334,466.46916666666675,516.2511666666667,574.3054666666666,630.75625,682.4179500000001,742.7242833333332,793.265,843.2324500000001,876.9027166666668,923.1666666666666,998.8702333333334,908.9971499999999,711.7616666666667,695.6003833333332,732.5357833333333,728.125,723.3528666666666,135.71156666666593,0.0,0.0,0.0,0.0,0.0,0.0,0.0,0.0,0.0,0.0,0.0,727.48855,735.5466666666666,733.7145666666668,728.3294666666667,739.985,756.1373833333333,683.3653833333333,1397.825,1385.3856333333333,559.7529833333333,1390.0466666666666,1395.0722833333334,564.2747333333333,1391.67,565.9144,904.9784666666667,1413.1533333333332,572.631,568.7906833333333,578.0233333333333,68843.85658045267,41558.743461468664
2025-04-05,588.9466333333332,582.3515833333333,585.7016666666666,577.0976833333333,583.6727500000001,584.5933333333334,583.9428333333333,593.8670833333333,598.2166666666667,591.5982500000001,597.8759333333333,608.19,614.3256333333334,609.3272666666667,594.49,597.9265666666666,609.0400833333333,607.2966666666667,609.6477,608.1566,615.1066666666667,612.5145166666666,612.46375,614.6116666666666,616.8542833333333,618.3133833333334,617.8350000000002,615.7863833333333,625.8577499999999,625.595,619.4339166666667,626.2133666666667,626.8183333333333,604.9331666666668,682.1998499999999,0.0,0.0,0.0,0.0,0.0,0.0,383.1430500000016,508.00659999999993,463.77719999999994,409.0516666666668,327.8242333333333,0.0,0.0,0.0,0.0,0.0,0.0,0.0,0.0,0.0,0.0,0.0,0.0,0.0,0.0,0.0,0.0,0.0,0.0,0.0,720.8000000000001,723.39595,718.6795500000001,673.7562500000001,653.0657166666667,632.1936666666668,572.2479166666667,551.16195,552.6508833333335,550.6804166666666,597.9524666666666,650.0396166666667,0.0,0.0,0.0,0.0,0.0,0.0,0.0,0.0,0.0,0.0,0.0,0.0,210.1795833333334,732.0882203703701,262.78926666666666,314.9008333333334,374.0908,419.4482833333334,466.46916666666675,516.2511666666667,574.3054666666666,630.75625,682.4179500000001,742.7242833333332,793.265,843.2324500000001,876.9027166666668,923.1666666666666,998.8702333333334,908.9971499999999,711.7616666666667,695.6003833333332,732.5357833333333,728.125,723.3528666666666,135.71156666666593,0.0,0.0,0.0,0.0,0.0,0.0,0.0,0.0,0.0,0.0,0.0,727.48855,735.5466666666666,733.7145666666668,728.3294666666667,739.985,756.1373833333333,683.3653833333333,1397.825,1385.3856333333333,559.7529833333333,1390.0466666666666,1395.0722833333334,564.2747333333333,1391.67,565.9144,904.9784666666667,1413.1533333333332,572.631,568.7906833333333,578.0233333333333,63739.25738703704,39429.15213327278
2025-04-06,588.9466333333332,582.3515833333333,585.7016666666666,577.0976833333333,583.6727500000001,584.5933333333334,583.9428333333333,593.8670833333333,598.2166666666667,591.5982500000001,597.8759333333333,608.19,614.3256333333334,609.3272666666667,594.49,597.9265666666666,609.0400833333333,607.2966666666667,609.6477,608.1566,615.1066666666667,612.5145166666666,612.46375,614.6116666666666,616.8542833333333,618.3133833333334,617.8350000000002,615.7863833333333,625.8577499999999,625.595,619.4339166666667,626.2133666666667,626.8183333333333,604.9331666666668,682.1998499999999,0.0,0.0,0.0,0.0,0.0,0.0,383.1430500000016,508.00659999999993,463.77719999999994,409.0516666666668,327.8242333333333,0.0,0.0,0.0,0.0,0.0,0.0,0.0,0.0,0.0,0.0,0.0,0.0,0.0,0.0,0.0,0.0,0.0,0.0,0.0,720.8000000000001,723.39595,718.6795500000001,673.7562500000001,653.0657166666667,632.1936666666668,572.2479166666667,551.16195,552.6508833333335,550.6804166666666,597.9524666666666,650.0396166666667,0.0,0.0,0.0,0.0,0.0,0.0,0.0,0.0,0.0,0.0,0.0,0.0,210.1795833333334,732.0882203703701,262.78926666666666,314.9008333333334,374.0908,419.4482833333334,466.46916666666675,516.2511666666667,574.3054666666666,630.75625,682.4179500000001,742.7242833333332,793.265,843.2324500000001,876.9027166666668,923.1666666666666,998.8702333333334,908.9971499999999,711.7616666666667,695.6003833333332,732.5357833333333,728.125,723.3528666666666,135.71156666666593,0.0,0.0,0.0,0.0,0.0,0.0,0.0,0.0,0.0,0.0,0.0,727.48855,735.5466666666666,733.7145666666668,728.3294666666667,739.985,756.1373833333333,683.3653833333333,1397.825,1385.3856333333333,559.7529833333333,1390.0466666666666,1395.0722833333334,564.2747333333333,1391.67,565.9144,904.9784666666667,1413.1533333333332,572.631,568.7906833333333,578.0233333333333,63739.25738703704,39429.15213327278
2025-04-07,1422.2799666666665,1415.6849166666666,1419.0349999999999,1410.4310166666667,1412.9571833333334,582.5266666666666,583.9428333333333,593.8670833333333,760.5857146090553,591.5849166666667,599.2439833333334,608.2,614.3256333333334,608.6207833333334,594.49,600.3174833333334,609.0400833333333,603.4483333333334,609.6477,608.1566,614.9716666666667,610.1957,612.46375,614.6116666666666,616.8542833333333,618.3133833333334,625.865,615.7863833333333,619.5839,625.595,619.4339166666667,626.2133666666667,626.8183333333333,1438.2665000000002,682.1998499999999,0.0,0.0,0.0,0.0,0.0,0.0,246.28186666666755,484.1230666666667,455.86685000000006,397.0191666666667,321.7733666666667,0.0,0.0,0.0,0.0,0.0,0.0,0.0,0.0,0.0,0.0,0.0,0.0,0.0,0.0,0.0,0.0,0.0,0.0,0.0,720.8000000000001,723.15175,693.4794833333334,667.43625,653.0657166666667,632.1936666666668,572.2479166666667,551.16195,552.6508833333335,550.6804166666666,597.9524666666666,622.3600000000001,0.0,0.0,0.0,0.0,0.0,0.0,0.0,0.0,0.0,0.0,0.0,0.0,197.3112499999999,674.1388339506163,258.5193166666666,314.9008333333334,373.81415000000004,417.7980666666666,466.46916666666675,516.2511666666667,569.0546333333333,616.4183333333334,682.4179500000001,742.7242833333332,787.4129166666665,826.2322333333334,873.8551833333332,922.10625,998.8702333333334,908.9971499999999,711.7616666666667,695.6003833333332,732.5357833333333,724.9200000000001,722.34555,150.72330000000102,0.0,0.0,0.0,0.0,0.0,0.0,0.0,0.0,0.0,0.0,0.0,727.48855,735.5466666666666,732.5730666666666,728.3294666666667,741.4149999999998,757.7043,681.9272166666667,1393.9016666666666,1385.3856333333333,559.7529833333333,1390.0466666666666,1395.0722833333334,564.2747333333333,1391.67,565.9144,904.9784666666667,1413.1533333333332,576.6000499999999,568.0924666666666,578.0233333333333,68534.832331893,41316.06615469196
2025-04-08,1422.2799666666665,1415.6397166666666,1419.0349999999999,1292.7093993827118,1408.2487666666666,581.28,583.9428333333333,593.8670833333333,596.5416666666666,590.0391500000001,599.2439833333334,608.2,614.3256333333334,606.4622666666667,594.49,600.3174833333334,609.0400833333333,616.6949999999999,609.6477,608.1566,614.7016666666666,613.4009166666667,612.46375,614.6116666666666,617.8076,619.0740499999999,617.8350000000002,615.7863833333333,619.5839,625.0083333333333,619.4339166666667,626.2133666666667,626.8183333333333,1438.2665000000002,682.1998499999999,0.0,0.0,0.0,0.0,0.0,0.0,17.22485000000063,472.4193333333334,443.25336666666664,388.4508333333333,315.55136666666664,0.0,0.0,0.0,0.0,0.0,0.0,0.0,0.0,0.0,0.0,0.0,0.0,0.0,0.0,0.0,0.0,0.0,0.0,0.0,702.0029166666667,705.6902833333332,664.1940166666667,661.4362500000001,648.3964166666667,624.0982166666668,558.3116666666667,526.9887333333336,531.8686500000001,538.36,555.2645333333334,507.7520666666668,0.0,0.0,0.0,0.0,0.0,0.0,0.0,0.0,0.0,0.0,0.0,0.0,180.6441666666668,657.0751537037044,248.8067666666666,296.92125000000004,355.7586166666667,411.9440333333333,438.25249999999994,516.2511666666667,569.0546333333333,616.4183333333334,682.4179500000001,726.5003333333334,757.9945833333333,825.0481,870.4518333333332,917.6983333333333,996.7119166666666,901.9411166666665,710.5845833333334,695.6003833333332,732.5357833333333,724.6666666666666,722.34555,132.2104666666653,0.0,0.0,0.0,0.0,0.0,0.0,0.0,0.0,0.0,0.0,0.0,723.0289333333334,735.8416666666667,735.61285,725.0809666666668,739.985,757.7043,683.3653833333333,1393.7733333333335,1385.3856333333333,559.7529833333333,1390.0466666666666,1394.4545833333334,564.2747333333333,1400.39,565.9144,904.9784666666667,1413.1533333333332,576.6000499999999,568.0924666666666,578.0233333333333,67477.92436975308,40646.578122782405
2025-04-09,1424.5508166666668,1417.7892166666666,1419.0349999999999,1407.0838333333334,1408.2487666666666,582.5266666666666,578.8536,589.0513666666667,880.5165545267494,588.4912166666667,598.0715666666667,608.2,614.3256333333334,606.4622666666667,594.0,604.98725,609.0400833333333,616.6949999999999,609.6477,608.1566,614.7016666666666,613.4009166666667,612.46375,614.6116666666666,616.8542833333333,618.3133833333334,624.965,619.0987833333334,619.5839,624.885,619.4339166666667,626.2133666666667,626.5733333333334,1433.6623833333333,682.1998499999999,0.0,0.0,0.0,0.0,0.0,0.0,0.0,464.17451666666665,425.4871166666668,387.56750000000005,307.07601666666665,0.0,0.0,0.0,0.0,0.0,0.0,0.0,0.0,0.0,0.0,0.0,0.0,0.0,0.0,0.0,0.0,0.0,0.0,0.0,689.2016666666667,687.4392500000001,658.1059833333333,648.7333333333335,604.6709000000001,587.0674166666666,537.2575,517.4782833333334,531.8686500000001,538.36,547.7323666666666,344.1864833333319,0.0,0.0,0.0,0.0,0.0,0.0,0.0,0.0,0.0,0.0,0.0,0.0,169.2508333333332,615.1624273662552,242.66205000000005,296.79666666666657,348.66131666666666,404.5809333333334,433.8995833333332,502.5891166666667,564.0436333333333,613.1808333333333,675.5916333333333,722.4180166666665,756.8020833333334,823.4287333333334,859.5886000000002,915.7070833333333,996.54755,899.9324,710.5845833333334,695.6003833333332,731.9791166666668,724.9200000000001,722.34555,139.53544999999895,0.0,0.0,0.0,0.0,0.0,0.0,0.0,0.0,0.0,0.0,0.0,723.0289333333334,735.8416666666667,735.61285,725.0809666666668,738.9166666666666,757.7043,683.3653833333333,1393.7733333333335,1383.6064166666667,559.7529833333333,1390.0466666666666,1393.2797500000001,564.2765666666667,1405.7016666666668,573.6099166666667,907.1979833333332,1413.1533333333332,576.6000499999999,569.0390833333333,581.0433333333334,67385.54174855967,40518.89218908372
2025-04-10,1424.5508166666668,1417.7892166666666,1419.0349999999999,1406.9122666666667,1408.2487666666666,582.5266666666666,578.8536,589.0513666666667,745.7245553497943,587.8687833333333,597.8759333333333,608.2,614.3256333333334,605.4676999999999,594.0,604.98725,610.4068166666667,613.6,607.18655,608.1566,614.7016666666666,613.4009166666667,612.46375,616.0316666666666,621.60305,619.0740499999999,625.865,619.0987833333334,619.5839,624.885,619.4339166666667,626.2133666666667,626.5733333333334,1427.0075333333334,680.5959833333333,0.0,0.0,0.0,0.0,0.0,0.0,0.0,416.7565333333357,417.51361666666656,369.5770833333333,298.9875833333333,0.0,0.0,0.0,0.0,0.0,0.0,0.0,0.0,0.0,0.0,0.0,0.0,0.0,0.0,0.0,0.0,0.0,0.0,0.0,689.2016666666667,687.4392500000001,664.1940166666667,661.4362500000001,648.3964166666667,624.0982166666668,558.3116666666667,517.4782833333334,531.8686500000001,538.36,552.5173500000001,400.4591666666662,0.0,0.0,0.0,0.0,0.0,0.0,0.0,0.0,0.0,0.0,0.0,0.0,167.66999999999993,559.6473526748969,242.66205000000005,296.79666666666657,348.66131666666666,403.11656666666664,433.6641666666667,490.36598333333336,545.1609166666667,610.2591666666666,675.1665666666667,718.5356333333332,752.1345833333332,804.8821166666665,852.9916833333334,910.3508333333333,979.9608000000002,895.0728166666668,709.9166666666666,688.5117333333334,732.5357833333333,724.9200000000001,720.6085166666667,143.1131333333335,0.0,0.0,0.0,0.0,0.0,0.0,0.0,0.0,0.0,0.0,0.0,727.48855,735.8416666666667,726.7065166666666,725.0809666666668,738.9166666666666,757.7043,683.3653833333333,1393.7733333333335,1383.6064166666667,559.3645166666666,1390.0466666666666,1393.2797500000001,564.2747333333333,1400.39,573.6099166666667,907.1979833333332,1413.1533333333332,578.2926166666667,570.6580166666666,578.0233333333333,67175.37490802469,40346.90118200628
2025-04-11,1422.2799666666665,1415.6397166666666,1411.7766666666666,1329.6706018518505,1408.2487666666666,583.23,578.8536,589.0513666666667,598.2166666666667,588.4912166666667,598.0715666666667,608.19,614.3256333333334,605.4676999999999,594.0,604.98725,609.0400833333333,603.4483333333334,609.6477,608.3322333333333,614.7016666666666,613.9549166666667,613.1898166666666,616.0316666666666,621.60305,619.0740499999999,625.865,619.0987833333334,623.4338666666666,625.0083333333333,620.3013,626.5364666666667,626.5733333333334,1426.8686166666666,673.5191833333334,0.0,0.0,0.0,0.0,0.0,0.0,0.0,326.8379166666674,402.0671666666667,362.61,298.19745,0.0,0.0,0.0,0.0,0.0,0.0,0.0,0.0,0.0,0.0,0.0,0.0,0.0,0.0,0.0,0.0,0.0,0.0,0.0,684.4079166666668,681.4810500000001,658.1059833333333,648.7333333333335,601.5983666666668,587.0674166666666,537.2575,508.8292666666667,517.2303333333334,537.3825,547.7323666666666,199.34339999999997,0.0,0.0,0.0,0.0,0.0,0.0,0.0,0.0,0.0,0.0,0.0,0.0,158.5604166666667,519.9285977366269,240.12549999999996,286.0166666666667,342.27863333333335,392.6382166666668,428.82833333333343,490.36598333333336,545.1609166666667,602.4345833333333,670.4291833333334,716.7536,740.675,790.02755,851.5378833333332,908.4295833333333,978.3230500000001,890.0221333333334,709.3062500000001,688.5117333333334,732.5357833333333,724.9200000000001,719.4904,129.88053333333335,0.0,0.0,0.0,0.0,0.0,0.0,0.0,0.0,0.0,0.0,0.0,727.48855,735.5466666666666,726.7065166666666,725.0809666666668,738.9166666666666,762.2958,689.1640166666667,1393.9016666666666,1380.41165,559.3645166666666,1389.7766666666666,1391.65015,564.2747333333333,1400.39,565.9144,906.7877666666668,1415.415,576.6000499999999,570.6580166666666,578.0233333333333,66301.15874958847,39837.55005078062
2025-04-12,588.9466333333332,582.3063833333333,578.4433333333333,573.5789333333333,574.9154333333333,583.23,578.8536,589.0513666666667,598.2166666666667,588.4912166666667,598.0715666666667,608.19,614.3256333333334,605.4676999999999,594.0,604.98725,609.0400833333333,603.4483333333334,609.6477,608.3322333333333,614.7016666666666,613.9549166666667,613.1898166666666,616.0316666666666,621.60305,619.0740499999999,625.865,619.0987833333334,623.4338666666666,625.0083333333333,620.3013,626.5364666666667,626.5733333333334,593.5352833333333,673.5191833333334,0.0,0.0,0.0,0.0,0.0,0.0,0.0,326.8379166666674,402.0671666666667,362.61,298.19745,0.0,0.0,0.0,0.0,0.0,0.0,0.0,0.0,0.0,0.0,0.0,0.0,0.0,0.0,0.0,0.0,0.0,0.0,0.0,684.4079166666668,681.4810500000001,658.1059833333333,648.7333333333335,601.5983666666668,587.0674166666666,537.2575,508.8292666666667,517.2303333333334,537.3825,547.7323666666666,199.34339999999997,0.0,0.0,0.0,0.0,0.0,0.0,0.0,0.0,0.0,0.0,0.0,0.0,158.5604166666667,519.9285977366269,240.12549999999996,286.0166666666667,342.27863333333335,392.6382166666668,428.82833333333343,490.36598333333336,545.1609166666667,602.4345833333333,670.4291833333334,716.7536,740.675,790.02755,851.5378833333332,908.4295833333333,978.3230500000001,890.0221333333334,709.3062500000001,688.5117333333334,732.5357833333333,724.9200000000001,719.4904,129.88053333333335,0.0,0.0,0.0,0.0,0.0,0.0,0.0,0.0,0.0,0.0,0.0,727.48855,735.5466666666666,726.7065166666666,725.0809666666668,738.9166666666666,762.2958,689.1640166666667,1393.9016666666666,1380.41165,559.3645166666666,1389.7766666666666,1391.65015,564.2747333333333,1400.39,565.9144,906.7877666666668,1415.415,576.6000499999999,570.6580166666666,578.0233333333333,61378.400414403295,37785.71435665617
2025-04-13,588.9466333333332,582.3063833333333,578.4433333333333,573.5789333333333,574.9154333333333,583.23,578.8536,589.0513666666667,598.2166666666667,588.4912166666667,598.0715666666667,608.19,614.3256333333334,605.4676999999999,594.0,604.98725,609.0400833333333,603.4483333333334,609.6477,608.3322333333333,614.7016666666666,613.9549166666667,613.1898166666666,616.0316666666666,621.60305,619.0740499999999,625.865,619.0987833333334,623.4338666666666,625.0083333333333,620.3013,626.5364666666667,626.5733333333334,593.5352833333333,673.5191833333334,0.0,0.0,0.0,0.0,0.0,0.0,0.0,326.8379166666674,402.0671666666667,362.61,298.19745,0.0,0.0,0.0,0.0,0.0,0.0,0.0,0.0,0.0,0.0,0.0,0.0,0.0,0.0,0.0,0.0,0.0,0.0,0.0,684.4079166666668,681.4810500000001,658.1059833333333,648.7333333333335,601.5983666666668,587.0674166666666,537.2575,508.8292666666667,517.2303333333334,537.3825,547.7323666666666,199.34339999999997,0.0,0.0,0.0,0.0,0.0,0.0,0.0,0.0,0.0,0.0,0.0,0.0,158.5604166666667,519.9285977366269,240.12549999999996,286.0166666666667,342.27863333333335,392.6382166666668,428.82833333333343,490.36598333333336,545.1609166666667,602.4345833333333,670.4291833333334,716.7536,740.675,790.02755,851.5378833333332,908.4295833333333,978.3230500000001,890.0221333333334,709.3062500000001,688.5117333333334,732.5357833333333,724.9200000000001,719.4904,129.88053333333335,0.0,0.0,0.0,0.0,0.0,0.0,0.0,0.0,0.0,0.0,0.0,727.48855,735.5466666666666,726.7065166666666,725.0809666666668,738.9166666666666,762.2958,689.1640166666667,1393.9016666666666,1380.41165,559.3645166666666,1389.7766666666666,1391.65015,564.2747333333333,1400.39,565.9144,906.7877666666668,1415.415,576.6000499999999,570.6580166666666,578.0233333333333,61378.400414403295,37785.71435665617
2025-04-14,1422.2799666666665,1415.6397166666666,1411.7766666666666,1391.9273211934176,1408.2487666666666,583.23,577.8822,588.2912333333334,596.5416666666666,588.4912166666667,598.0715666666667,608.19,614.3256333333334,605.4676999999999,597.0433333333334,605.6090333333334,609.0400833333333,602.0166666666667,607.18655,608.1566,614.7016666666666,613.9549166666667,612.46375,616.0316666666666,621.60305,619.0740499999999,625.865,619.0987833333334,623.4338666666666,625.0083333333333,622.5929833333333,626.9516833333333,626.5733333333334,1426.8686166666666,671.4631166666666,0.0,0.0,0.0,0.0,0.0,0.0,0.0,155.8088333333352,401.88418333333334,360.45291666666657,280.6902,0.0,0.0,0.0,0.0,0.0,0.0,0.0,0.0,0.0,0.0,0.0,0.0,0.0,0.0,0.0,0.0,0.0,0.0,0.0,684.4079166666668,681.4810500000001,658.1059833333333,648.7333333333335,601.5983666666668,578.7529833333333,527.9908333333333,505.4402166666667,506.7294666666667,529.0495833333334,540.1675333333333,0.30221666666406577,0.0,0.0,0.0,0.0,0.0,0.0,0.0,0.0,0.0,0.0,0.0,0.0,148.22125000000005,486.72187633744716,235.19803333333326,277.0270833333334,326.7183166666667,385.4807166666667,428.50374999999997,479.0922666666666,540.2098666666666,589.5079166666667,670.2180000000001,714.32315,736.9204166666667,782.3007833333334,851.1265500000002,904.72375,973.09075,883.9092833333332,695.1795833333333,686.7362666666667,731.9791166666668,724.6666666666666,719.4904,134.46746666666616,0.0,0.0,0.0,0.0,0.0,0.0,0.0,0.0,0.0,0.0,0.0,728.1678333333332,735.5466666666666,735.8403666666667,726.6597833333333,736.9016666666666,762.2958,689.1640166666667,1395.495,1380.41165,559.3645166666666,1388.5333333333333,1390.49865,564.2747333333333,1400.39,565.9144,904.9784666666667,1415.415,576.6000499999999,569.0390833333333,577.6366666666668,65775.63729753086,39457.37245650654
2025-04-15,1422.2799666666665,1415.6397166666666,1409.295,1407.0838333333334,1410.4637666666667,583.23,577.8822,588.2912333333334,720.3145102880678,588.4912166666667,598.0715666666667,606.5933333333334,612.2733666666667,606.4622666666667,598.565,605.6090333333334,610.4068166666667,613.6,607.18655,608.1566,614.7016666666666,613.9549166666667,612.46375,614.6116666666666,621.60305,619.0740499999999,625.865,619.0987833333334,628.7861666666666,625.595,622.8976333333334,626.9516833333333,625.175,1426.8686166666666,671.4631166666666,0.0,0.0,0.0,0.0,0.0,0.0,0.0,132.20045000000187,401.2416166666666,360.0329166666667,280.6902,0.0,0.0,0.0,0.0,0.0,0.0,0.0,0.0,0.0,0.0,0.0,0.0,0.0,0.0,0.0,0.0,0.0,0.0,0.0,684.4079166666668,681.4810500000001,658.1059833333333,648.7333333333335,601.5983666666668,578.7529833333333,527.9908333333333,508.8292666666667,517.2303333333334,529.0495833333334,540.1675333333333,0.0,0.0,0.0,0.0,0.0,0.0,0.0,0.0,0.0,0.0,0.0,0.0,0.0,148.22125000000005,484.8825430041138,235.19803333333326,277.0270833333334,326.3565833333334,368.00704999999994,419.88249999999994,463.70014999999995,533.7972166666666,582.4029166666667,645.9786333333333,680.85625,736.6825000000001,782.0992666666666,823.5188166666667,877.9366666666666,956.1431833333334,882.5826166666667,695.1795833333333,684.69965,731.9791166666668,724.6666666666666,719.4904,132.30256666666605,0.0,0.0,0.0,0.0,0.0,0.0,0.0,0.0,0.0,0.0,0.0,727.48855,735.5466666666666,726.7065166666666,726.6597833333333,736.9016666666666,764.0517333333335,690.5000333333335,1395.495,1380.41165,559.3645166666666,1389.2916666666667,1387.5823666666668,564.2747333333333,1400.39,569.3124166666665,904.9784666666667,1413.1533333333332,576.6000499999999,570.6580166666666,577.6366666666668,65720.11351995885,39327.37858077498
2025-04-16,1422.2799666666665,1415.6397166666666,1406.3766666666668,1407.0838333333334,1410.4637666666667,583.23,577.8822,588.2912333333334,721.4535355967095,588.4912166666667,598.0715666666667,606.5933333333334,612.2733666666667,605.4676999999999,603.5,605.6090333333334,610.4068166666667,613.6,609.6477,608.1566,606.6383333333334,613.9549166666667,612.46375,614.6116666666666,621.60305,618.3133833333334,624.965,616.8972166666666,628.7861666666666,625.595,622.8976333333334,626.9516833333333,625.175,1426.8686166666666,671.4631166666666,0.0,0.0,0.0,0.0,0.0,0.0,0.0,0.0,395.09969999999987,359.3808333333334,269.97255000000007,0.0,0.0,0.0,0.0,0.0,0.0,0.0,0.0,0.0,0.0,0.0,0.0,0.0,0.0,0.0,0.0,0.0,0.0,0.0,684.4079166666668,681.4810500000001,651.5811333333335,639.1925000000001,600.1714833333334,578.7529833333333,516.8158333333334,505.4402166666667,517.2303333333334,529.0495833333334,540.1675333333333,0.0,0.0,0.0,0.0,0.0,0.0,0.0,0.0,0.0,0.0,0.0,0.0,0.0,148.22125000000005,439.79127181069987,235.19803333333326,277.0270833333334,317.29319999999996,364.2607500000001,419.88249999999994,452.39096666666666,532.4956,581.2845833333333,627.5620833333334,671.1077666666666,717.5450000000001,776.1567333333334,819.0882166666668,874.0858333333333,954.7980166666669,875.3098000000001,695.1795833333333,684.69965,726.0054,719.0216666666668,715.53995,146.08831666666697,0.0,0.0,0.0,0.0,0.0,0.0,0.0,0.0,0.0,0.0,0.0,733.1468,735.8416666666667,735.8403666666667,726.6597833333333,736.9016666666666,764.0517333333335,691.0698166666666,1395.495,1379.3412333333333,558.6446333333333,1388.5333333333333,1387.5823666666668,564.2747333333333,1400.39,569.3124166666665,904.9784666666667,1413.1533333333332,576.6000499999999,569.0390833333333,577.6366666666668,65398.972840740746,39084.81362909356
2025-04-17,1422.2799666666665,1415.6397166666666,1406.3766666666668,1407.0838333333334,1412.9571833333334,587.355,578.7674833333333,588.2912333333334,776.4115053497957,589.7874166666666,599.3814333333333,606.5933333333334,603.4842666666666,605.4676999999999,603.5,605.6090333333334,609.0400833333333,602.0166666666667,607.18655,608.1566,604.9816666666667,613.9549166666667,613.1898166666666,616.0316666666666,621.60305,618.3133833333334,624.965,616.8972166666666,628.7861666666666,625.595,622.8976333333334,626.9516833333333,625.175,1426.8686166666666,671.3324333333333,0.0,0.0,0.0,0.0,0.0,0.0,0.0,0.0,214.7771499999987,358.8237499999999,265.20865000000003,0.0,0.0,0.0,0.0,0.0,0.0,0.0,0.0,0.0,0.0,0.0,0.0,0.0,0.0,0.0,0.0,0.0,0.0,0.0,684.4079166666668,681.4810500000001,651.5811333333335,639.1925000000001,610.8379666666667,624.0982166666668,537.2575,508.8292666666667,521.9069999999999,537.3825,540.1675333333333,22.539599999997307,0.0,0.0,0.0,0.0,0.0,0.0,0.0,0.0,0.0,0.0,0.0,0.0,132.6787499999999,415.39563395061725,235.19803333333326,275.39166666666654,314.0422,364.2607500000001,419.88249999999994,452.39096666666666,532.4956,577.4900000000001,612.5435999999999,663.5517833333334,708.9383333333334,773.8174666666667,816.2803833333332,867.78125,952.57735,873.0031833333335,692.655,684.3299000000001,726.0054,719.0216666666668,719.4904,146.08831666666697,0.0,0.0,0.0,0.0,0.0,0.0,0.0,0.0,0.0,0.0,0.0,733.1468,735.8416666666667,747.6778833333333,728.3294666666667,735.8649999999999,764.9578166666666,691.0698166666666,1393.7733333333335,1379.8117666666667,559.3645166666666,1388.5333333333333,1387.5823666666668,564.2765666666667,1405.7016666666668,569.3124166666665,904.9784666666667,1413.1533333333332,581.7361666666667,570.6580166666666,577.6366666666668,65300.13785596708,38951.05202836825
2025-04-18,1422.2799666666665,1415.6397166666666,1406.3766666666668,1277.1707662551485,1417.38395,589.4816666666667,578.7674833333333,587.2165833333333,597.6633333333334,591.5849166666667,599.3814333333333,606.5933333333334,603.4842666666666,605.4676999999999,603.5,605.6090333333334,609.0400833333333,613.6,607.18655,607.1376166666666,604.9816666666667,613.4009166666667,613.1898166666666,616.1766666666666,621.60305,618.3133833333334,624.965,616.8972166666666,628.7861666666666,625.0083333333333,622.8976333333334,626.9516833333333,625.175,1426.8686166666666,668.7099333333333,0.0,0.0,0.0,0.0,0.0,0.0,0.0,0.0,64.68258333333597,340.05958333333336,263.87176666666664,0.0,0.0,0.0,0.0,0.0,0.0,0.0,0.0,0.0,0.0,0.0,0.0,0.0,0.0,0.0,0.0,0.0,0.0,0.0,684.4079166666668,638.4615333333335,633.8657499999999,591.50125,600.1714833333334,541.2574166666667,516.8158333333334,508.8292666666667,521.9069999999999,537.3825,522.06655,0.0,0.0,0.0,0.0,0.0,0.0,0.0,0.0,0.0,0.0,0.0,0.0,0.0,126.78708333333331,373.7978141975308,214.97625000000002,252.11499999999992,301.3763333333333,349.6744333333333,413.2379166666667,452.07461666666666,498.7948333333333,577.1641666666667,604.6212666666668,659.00505,707.7112500000001,771.9005333333334,815.8256166666666,861.0699999999999,950.7871333333333,856.3339333333333,692.655,682.6756833333334,724.9336166666667,719.0216666666668,719.4904,135.824166666667,0.0,0.0,0.0,0.0,0.0,0.0,0.0,0.0,0.0,0.0,0.0,733.1468,735.8416666666667,747.6778833333333,728.3294666666667,735.8649999999999,764.9578166666666,691.0698166666666,1393.7733333333335,1379.8117666666667,559.3645166666666,1388.5333333333333,1387.5823666666668,564.2765666666667,1405.7849999999999,569.3124166666665,904.9784666666667,1413.1533333333332,576.6000499999999,570.6580166666666,577.6366666666668,64353.97863045268,38386.624323877906
2025-04-19,588.9466333333332,582.3063833333333,573.0433333333334,573.5789333333333,584.0506166666667,589.4816666666667,578.7674833333333,587.2165833333333,597.6633333333334,591.5849166666667,599.3814333333333,606.5933333333334,603.4842666666666,605.4676999999999,603.5,605.6090333333334,609.0400833333333,613.6,607.18655,607.1376166666666,604.9816666666667,613.4009166666667,613.1898166666666,616.1766666666666,621.60305,618.3133833333334,624.965,616.8972166666666,628.7861666666666,625.0083333333333,622.8976333333334,626.9516833333333,625.175,593.5352833333333,668.7099333333333,0.0,0.0,0.0,0.0,0.0,0.0,0.0,0.0,64.68258333333597,340.05958333333336,263.87176666666664,0.0,0.0,0.0,0.0,0.0,0.0,0.0,0.0,0.0,0.0,0.0,0.0,0.0,0.0,0.0,0.0,0.0,0.0,0.0,684.4079166666668,638.4615333333335,633.8657499999999,591.50125,600.1714833333334,541.2574166666667,516.8158333333334,508.8292666666667,521.9069999999999,537.3825,522.06655,0.0,0.0,0.0,0.0,0.0,0.0,0.0,0.0,0.0,0.0,0.0,0.0,0.0,126.78708333333331,373.7978141975308,214.97625000000002,252.11499999999992,301.3763333333333,349.6744333333333,413.2379166666667,452.07461666666666,498.7948333333333,577.1641666666667,604.6212666666668,659.00505,707.7112500000001,771.9005333333334,815.8256166666666,861.0699999999999,950.7871333333333,856.3339333333333,692.655,682.6756833333334,724.9336166666667,719.0216666666668,719.4904,135.824166666667,0.0,0.0,0.0,0.0,0.0,0.0,0.0,0.0,0.0,0.0,0.0,733.1468,735.8416666666667,747.6778833333333,728.3294666666667,735.8649999999999,764.9578166666666,691.0698166666666,1393.7733333333335,1379.8117666666667,559.3645166666666,1388.5333333333333,1387.5823666666668,564.2765666666667,1405.7849999999999,569.3124166666665,904.9784666666667,1413.1533333333332,576.6000499999999,570.6580166666666,577.6366666666668,59483.7201308642,36357.21655952037
2025-04-20,588.9466333333332,582.3063833333333,573.0433333333334,573.5789333333333,584.0506166666667,589.4816666666667,578.7674833333333,587.2165833333333,597.6633333333334,591.5849166666667,599.3814333333333,606.5933333333334,603.4842666666666,605.4676999999999,603.5,605.6090333333334,609.0400833333333,613.6,607.18655,607.1376166666666,604.9816666666667,613.4009166666667,613.1898166666666,616.1766666666666,621.60305,618.3133833333334,624.965,616.8972166666666,628.7861666666666,625.0083333333333,622.8976333333334,626.9516833333333,625.175,593.5352833333333,668.7099333333333,0.0,0.0,0.0,0.0,0.0,0.0,0.0,0.0,64.68258333333597,340.05958333333336,263.87176666666664,0.0,0.0,0.0,0.0,0.0,0.0,0.0,0.0,0.0,0.0,0.0,0.0,0.0,0.0,0.0,0.0,0.0,0.0,0.0,684.4079166666668,638.4615333333335,633.8657499999999,591.50125,600.1714833333334,541.2574166666667,516.8158333333334,508.8292666666667,521.9069999999999,537.3825,522.06655,0.0,0.0,0.0,0.0,0.0,0.0,0.0,0.0,0.0,0.0,0.0,0.0,0.0,126.78708333333331,373.7978141975308,214.97625000000002,252.11499999999992,301.3763333333333,349.6744333333333,413.2379166666667,452.07461666666666,498.7948333333333,577.1641666666667,604.6212666666668,659.00505,707.7112500000001,771.9005333333334,815.8256166666666,861.0699999999999,950.7871333333333,856.3339333333333,692.655,682.6756833333334,724.9336166666667,719.0216666666668,719.4904,135.824166666667,0.0,0.0,0.0,0.0,0.0,0.0,0.0,0.0,0.0,0.0,0.0,733.1468,735.8416666666667,747.6778833333333,728.3294666666667,735.8649999999999,764.9578166666666,691.0698166666666,1393.7733333333335,1379.8117666666667,559.3645166666666,1388.5333333333333,1387.5823666666668,564.2765666666667,1405.7849999999999,569.3124166666665,571.6451333333333,1413.1533333333332,909.9333833333333,570.6580166666666,573.3366666666666,59479.4201308642,36355.377879520376
2025-04-21,1422.2799666666665,1415.6397166666666,1406.3766666666668,1137.2814767489717,1415.9012,587.355,578.7674833333333,588.2912333333334,596.5416666666666,591.5849166666667,599.3814333333333,606.5933333333334,603.4842666666666,606.1589833333333,603.5,604.98725,609.0400833333333,613.6,607.18655,607.1376166666666,604.74,613.4009166666667,616.4915,616.1766666666666,621.2554666666667,617.5029,624.965,616.8972166666666,629.1885333333335,626.5466666666667,622.8976333333334,626.9516833333333,626.8183333333333,1426.8686166666666,668.7099333333333,0.0,0.0,0.0,0.0,0.0,0.0,0.0,0.0,0.0,339.8670833333333,258.77921666666657,0.0,0.0,0.0,0.0,0.0,0.0,0.0,0.0,0.0,0.0,0.0,0.0,0.0,0.0,0.0,0.0,0.0,0.0,0.0,675.9229166666668,594.4704166666668,555.6913833333333,573.5570833333334,600.1714833333334,541.2574166666667,516.8158333333334,508.8292666666667,521.9069999999999,526.0020833333333,500.02658333333335,0.0,0.0,0.0,0.0,0.0,0.0,0.0,0.0,0.0,0.0,0.0,0.0,0.0,126.78708333333331,373.7978141975308,214.97625000000002,252.11499999999992,301.3763333333333,349.6744333333333,413.2379166666667,452.07461666666666,498.7948333333333,577.1641666666667,604.6212666666668,659.00505,707.7112500000001,771.9005333333334,813.3150833333333,856.8075000000001,940.3994333333334,851.6121833333333,678.07625,682.6756833333334,724.9336166666667,719.0216666666668,715.53995,123.70390000000009,0.0,0.0,0.0,0.0,0.0,0.0,0.0,0.0,0.0,0.0,0.0,733.1468,735.5466666666666,747.6778833333333,728.3294666666667,736.9016666666666,764.9578166666666,691.0698166666666,1387.885,1379.3412333333333,559.3645166666666,1388.5333333333333,1386.98595,564.2765666666667,1405.7849999999999,569.3124166666665,571.6451333333333,1413.1533333333332,909.9333833333333,570.6580166666666,577.6366666666668,63905.26015761317,38123.18777543753
2025-04-22,1416.8289,1415.6397166666666,1406.5766666666668,1407.0838333333334,1417.38395,587.355,578.7674833333333,589.0513666666667,738.0108129629633,591.5849166666667,599.3814333333333,606.5933333333334,603.4842666666666,606.1589833333333,601.2283333333332,605.6090333333334,609.0400833333333,613.6,609.6744166666666,608.1566,604.74,613.9549166666667,616.4915,616.1766666666666,621.60305,618.3133833333334,624.965,616.8972166666666,629.8282166666667,629.9766666666667,622.8976333333334,626.9516833333333,629.6183333333333,1426.8686166666666,668.2172166666667,0.0,0.0,0.0,0.0,0.0,0.0,0.0,0.0,0.0,194.47924999999933,243.1467333333333,0.0,0.0,0.0,0.0,0.0,0.0,0.0,0.0,0.0,0.0,0.0,0.0,0.0,0.0,0.0,0.0,0.0,0.0,0.0,675.9229166666668,594.4704166666668,555.6913833333333,573.5570833333334,600.1714833333334,541.2574166666667,516.8158333333334,508.8292666666667,521.9069999999999,512.2683333333334,496.6346166666668,0.0,0.0,0.0,0.0,0.0,0.0,0.0,0.0,0.0,0.0,0.0,0.0,0.0,106.1604166666666,316.7952948559672,210.21905,249.1604166666666,300.2833833333333,340.7370666666667,406.2433333333333,437.2292666666666,494.5515833333332,567.4408333333334,600.8404333333333,655.0242166666667,704.0087499999998,767.3283666666666,810.70605,854.57875,929.2446,851.5765166666666,670.62125,680.4639333333332,724.5026333333334,718.5133333333334,715.53995,136.54416666666805,0.0,0.0,0.0,0.0,0.0,0.0,0.0,0.0,0.0,0.0,0.0,727.48855,735.5466666666666,747.6778833333333,730.8187666666666,736.9016666666666,764.9578166666666,691.0698166666666,1387.885,1379.3412333333333,559.3645166666666,1385.246666666667,1390.49865,567.2614166666666,1405.7016666666668,564.1123333333333,571.6451333333333,1413.1533333333332,907.0411833333333,570.30155,573.3366666666666,63971.525074485595,38041.86836026179
2025-04-23,1416.8289,1410.8423666666667,1406.3766666666668,1410.4310166666667,1419.3692,583.23,578.7674833333333,589.0513666666667,734.0297841563765,591.5849166666667,603.5530166666666,606.5933333333334,603.4842666666666,606.1589833333333,601.2283333333332,605.6090333333334,609.1680166666666,613.6,607.18655,607.1376166666666,604.9816666666667,614.9655500000001,616.4915,616.0316666666666,621.2554666666667,618.3133833333334,624.965,616.8972166666666,629.8282166666667,637.01,623.1212666666667,626.9516833333333,629.6183333333333,1426.0394666666666,659.8632,0.0,0.0,0.0,0.0,0.0,0.0,0.0,0.0,0.0,86.88403333333207,238.33171666666672,0.0,0.0,0.0,0.0,0.0,0.0,0.0,0.0,0.0,0.0,0.0,0.0,0.0,0.0,0.0,0.0,0.0,0.0,0.0,468.322583333332,581.7525333333333,551.0387000000003,550.31375,544.1775333333335,527.6423166666667,501.4950000000001,508.8292666666667,508.9770000000001,512.2683333333334,522.06655,0.0,0.0,0.0,0.0,0.0,0.0,0.0,0.0,0.0,0.0,0.0,0.0,0.0,98.58166666666664,327.5272442386837,206.71174999999994,248.6545833333333,298.74485000000004,340.70970000000005,400.675,435.74083333333334,486.3172833333334,548.97,595.69905,641.6098999999999,702.7362499999999,751.8346333333334,787.0451333333333,852.0270833333333,925.9202499999999,842.7525999999999,668.6983333333335,680.4639333333332,724.5026333333334,721.4583333333334,719.1750666666667,121.1014666666689,0.0,0.0,0.0,0.0,0.0,0.0,0.0,0.0,0.0,0.0,0.0,727.48855,734.3383333333333,742.1319166666667,730.8187666666666,738.6183333333333,771.2801333333334,691.9059500000001,1387.885,1378.4910333333332,561.1073666666667,1385.246666666667,1386.98595,564.2765666666667,1405.7016666666668,569.3124166666665,904.9784666666667,1412.155,573.70785,570.6580166666666,577.6366666666668,63415.046011728395,37680.30684212638
2025-04-24,1422.2799666666665,1417.7892166666666,1406.5766666666668,1352.6339409464986,1420.16745,587.355,578.8536,589.0513666666667,597.6633333333334,591.5849166666667,603.5530166666666,608.19,603.4842666666666,606.1589833333333,601.2283333333332,605.6090333333334,609.1680166666666,613.6,607.18655,606.1276166666667,607.5550000000001,615.8982166666666,616.4915,616.0316666666666,621.2554666666667,619.0740499999999,620.3083333333333,616.8972166666666,629.8282166666667,637.01,623.1212666666667,626.9516833333333,629.6183333333333,1426.0394666666666,653.1281,0.0,0.0,0.0,0.0,0.0,0.0,0.0,0.0,0.0,0.0,197.18678333333386,0.0,0.0,0.0,0.0,0.0,0.0,0.0,0.0,0.0,0.0,0.0,0.0,0.0,0.0,0.0,0.0,0.0,0.0,0.0,459.55371666666497,581.7525333333333,555.6913833333333,573.5570833333334,600.1714833333334,541.2574166666667,506.0425000000001,508.8292666666667,518.9079000000002,515.6633333333334,522.06655,0.0,0.0,0.0,0.0,0.0,0.0,0.0,0.0,0.0,0.0,0.0,0.0,0.0,98.58166666666664,321.8159942386837,200.49255000000008,236.20083333333332,298.74485000000004,340.70970000000005,400.675,433.6524500000001,486.3172833333334,548.97,595.69905,639.9482666666667,699.7025,751.4980666666668,782.0704,845.515,925.4916499999999,842.1386499999998,665.7329166666666,680.4639333333332,724.5026333333334,724.6666666666666,719.4904,119.27971666666929,0.0,0.0,0.0,0.0,0.0,0.0,0.0,0.0,0.0,0.0,0.0,727.48855,734.3383333333333,742.1319166666667,735.9719,738.6183333333333,772.0802833333333,693.8209,1387.885,1377.8245833333335,559.3645166666666,1383.9766666666667,1386.3003666666666,564.2765666666667,1405.7016666666668,569.3124166666665,904.9784666666667,1408.3333333333335,573.70785,570.6580166666666,577.6366666666668,63164.91625185185,37522.51660762155
2025-04-25,1422.2799666666665,1417.7892166666666,1406.5766666666668,1291.6363646090501,1427.2983166666668,587.355,578.8536,589.0513666666667,596.5416666666666,591.5849166666667,603.5530166666666,608.2,604.2673833333333,605.8480666666667,598.9733333333334,604.98725,609.0400833333333,613.6,607.18655,606.1276166666667,609.365,617.5880833333333,616.4915,614.6116666666666,621.2554666666667,619.0740499999999,620.3083333333333,614.2141833333334,629.1885333333335,637.01,623.1212666666667,626.9516833333333,629.6183333333333,1422.6592166666667,652.6751166666667,0.0,0.0,0.0,0.0,0.0,0.0,0.0,0.0,0.0,0.0,43.08040000000315,0.0,0.0,0.0,0.0,0.0,0.0,0.0,0.0,0.0,0.0,0.0,0.0,0.0,0.0,0.0,0.0,0.0,0.0,0.0,304.29623333333103,571.6813166666668,555.6913833333333,573.5570833333334,600.1714833333334,541.2574166666667,506.0425000000001,508.8292666666667,518.9079000000002,515.6633333333334,522.06655,0.0,0.0,0.0,0.0,0.0,0.0,0.0,0.0,0.0,0.0,0.0,0.0,0.0,92.33750000000009,314.3258660493841,200.49255000000008,234.50874999999996,288.1231666666668,336.4732,387.67208333333326,433.1926333333334,482.35143333333326,528.22625,576.3854166666666,627.0939333333333,698.5670833333334,731.0663166666667,777.5630000000001,842.6454166666667,921.5740666666667,842.1386499999998,657.1504166666667,680.4639333333332,724.5026333333334,725.4166666666666,719.4904,120.71035000000222,0.0,0.0,0.0,0.0,0.0,0.0,0.0,0.0,0.0,0.0,0.0,726.3386666666667,734.3383333333333,742.1319166666667,737.6210833333333,738.6183333333333,772.0802833333333,691.9059500000001,1382.6533333333332,1377.8245833333335,559.3645166666666,1383.7433333333333,1383.91005,561.7798,1403.7716666666668,563.7801833333334,904.0985499999999,1408.3333333333335,573.70785,570.6580166666666,577.6366666666668,62622.895847325104,37175.00413397025
2025-04-26,588.9466333333332,584.4558833333333,573.2433333333333,584.0210000000001,593.9649833333334,587.355,578.8536,589.0513666666667,596.5416666666666,591.5849166666667,603.5530166666666,608.2,604.2673833333333,605.8480666666667,598.9733333333334,604.98725,609.0400833333333,613.6,607.18655,606.1276166666667,609.365,617.5880833333333,616.4915,614.6116666666666,621.2554666666667,619.0740499999999,620.3083333333333,614.2141833333334,629.1885333333335,637.01,623.1212666666667,626.9516833333333,629.6183333333333,589.3258833333333,652.6751166666667,0.0,0.0,0.0,0.0,0.0,0.0,0.0,0.0,0.0,0.0,43.08040000000315,0.0,0.0,0.0,0.0,0.0,0.0,0.0,0.0,0.0,0.0,0.0,0.0,0.0,0.0,0.0,0.0,0.0,0.0,0.0,304.29623333333103,571.6813166666668,555.6913833333333,573.5570833333334,600.1714833333334,541.2574166666667,506.0425000000001,508.8292666666667,518.9079000000002,515.6633333333334,522.06655,0.0,0.0,0.0,0.0,0.0,0.0,0.0,0.0,0.0,0.0,0.0,0.0,0.0,92.33750000000009,314.3258660493841,200.49255000000008,234.50874999999996,288.1231666666668,336.4732,387.67208333333326,433.1926333333334,482.35143333333326,528.22625,576.3854166666666,627.0939333333333,698.5670833333334,731.0663166666667,777.5630000000001,842.6454166666667,921.5740666666667,842.1386499999998,657.1504166666667,680.4639333333332,724.5026333333334,725.4166666666666,719.4904,120.71035000000222,0.0,0.0,0.0,0.0,0.0,0.0,0.0,0.0,0.0,0.0,0.0,726.3386666666667,734.3383333333333,742.1319166666667,737.6210833333333,738.6183333333333,772.0802833333333,691.9059500000001,1382.6533333333332,1377.8245833333335,559.3645166666666,1383.7433333333333,1383.91005,561.7798,1403.7716666666668,563.7801833333334,904.0985499999999,1408.3333333333335,573.70785,570.6580166666666,577.6366666666668,57748.61381604939,35143.87751687593
2025-04-27,588.9466333333332,584.4558833333333,573.2433333333333,584.0210000000001,593.9649833333334,587.355,578.8536,589.0513666666667,596.5416666666666,591.5849166666667,603.5530166666666,608.2,604.2673833333333,605.8480666666667,598.9733333333334,604.98725,609.0400833333333,613.6,607.18655,606.1276166666667,609.365,617.5880833333333,616.4915,614.6116666666666,621.2554666666667,619.0740499999999,620.3083333333333,614.2141833333334,629.1885333333335,637.01,623.1212666666667,626.9516833333333,629.6183333333333,589.3258833333333,652.6751166666667,0.0,0.0,0.0,0.0,0.0,0.0,0.0,0.0,0.0,0.0,43.08040000000315,0.0,0.0,0.0,0.0,0.0,0.0,0.0,0.0,0.0,0.0,0.0,0.0,0.0,0.0,0.0,0.0,0.0,0.0,0.0,304.29623333333103,571.6813166666668,555.6913833333333,573.5570833333334,600.1714833333334,541.2574166666667,506.0425000000001,508.8292666666667,518.9079000000002,515.6633333333334,522.06655,0.0,0.0,0.0,0.0,0.0,0.0,0.0,0.0,0.0,0.0,0.0,0.0,0.0,92.33750000000009,314.3258660493841,200.49255000000008,234.50874999999996,288.1231666666668,336.4732,387.67208333333326,433.1926333333334,482.35143333333326,528.22625,576.3854166666666,627.0939333333333,698.5670833333334,731.0663166666667,777.5630000000001,842.6454166666667,921.5740666666667,842.1386499999998,657.1504166666667,680.4639333333332,724.5026333333334,725.4166666666666,719.4904,120.71035000000222,0.0,0.0,0.0,0.0,0.0,0.0,0.0,0.0,0.0,0.0,0.0,726.3386666666667,734.3383333333333,742.1319166666667,737.6210833333333,738.6183333333333,772.0802833333333,691.9059500000001,1382.6533333333332,1377.8245833333335,559.3645166666666,1383.7433333333333,1383.91005,561.7798,1403.7716666666668,563.7801833333334,570.7652166666667,1408.3333333333335,907.0411833333333,570.6580166666666,577.6366666666668,57748.61381604939,35143.87751687593
2025-04-28,1417.2249166666666,1417.7892166666666,1408.4633333333334,1412.232014814811,1427.2983166666668,587.355,584.6998333333333,589.0513666666667,596.5416666666666,591.5849166666667,599.3814333333333,608.19,601.3456333333332,605.8480666666667,598.9733333333334,604.98725,609.0400833333333,606.685,607.18655,606.1276166666667,609.365,617.5880833333333,616.4915,614.6116666666666,620.81305,617.5029,620.3083333333333,614.2141833333334,629.1885333333335,637.01,623.1212666666667,626.5364666666667,626.8183333333333,1422.5568333333333,652.6751166666667,0.0,0.0,0.0,0.0,0.0,0.0,0.0,0.0,0.0,0.0,0.0,0.0,0.0,0.0,0.0,0.0,0.0,0.0,0.0,0.0,0.0,0.0,0.0,0.0,0.0,0.0,0.0,0.0,0.0,0.0,302.9746999999982,571.6813166666668,555.6913833333333,573.5570833333334,600.1714833333334,541.2574166666667,506.0425000000001,508.8292666666667,518.9079000000002,515.6633333333334,522.06655,0.0,0.0,0.0,0.0,0.0,0.0,0.0,0.0,0.0,0.0,0.0,0.0,0.0,92.33750000000009,272.30658621399044,200.49255000000008,228.56333333333336,288.1231666666668,336.4732,383.5270833333332,433.1926333333334,482.35143333333326,528.22625,576.3854166666666,627.0939333333333,679.4529166666666,730.5335833333334,772.0405833333334,842.3733333333332,903.8649166666668,814.13945,657.1504166666667,673.3015166666667,717.5195999999999,724.6666666666666,719.1750666666667,114.4760500000001,0.0,0.0,0.0,0.0,0.0,0.0,0.0,0.0,0.0,0.0,0.0,726.3386666666667,734.3383333333333,742.1319166666667,737.6210833333333,738.6183333333333,772.0802833333333,691.9059500000001,1382.6533333333332,1377.21165,559.3645166666666,1383.9766666666667,1383.91005,561.7798,1403.7716666666668,569.3124166666665,904.9784666666667,1405.6516666666666,572.8361666666666,570.30155,577.6366666666668,62539.836117695464,37056.16523393512
2025-04-29,1417.2249166666666,1408.7298333333333,1411.7766666666666,1344.2486744855985,1427.7297166666667,591.6883333333334,585.8819500000001,590.1355666666666,596.5416666666666,589.7874166666666,599.3814333333333,608.19,601.3456333333332,605.8480666666667,599.12,604.98725,609.0400833333333,613.6,607.18655,606.1276166666667,610.2933333333334,617.5880833333333,616.4915,614.6116666666666,620.81305,617.5029,620.3083333333333,614.2141833333334,628.7861666666666,637.01,623.1212666666667,626.5364666666667,624.1033333333332,1418.4331,643.4600666666666,0.0,0.0,0.0,0.0,0.0,0.0,0.0,0.0,0.0,0.0,0.0,0.0,0.0,0.0,0.0,0.0,0.0,0.0,0.0,0.0,0.0,0.0,0.0,0.0,0.0,0.0,0.0,0.0,0.0,0.0,264.4471499999968,594.4704166666668,585.2679499999999,591.50125,610.8379666666667,568.41645,537.2575,508.8292666666667,518.9079000000002,526.0020833333333,522.06655,0.0,0.0,0.0,0.0,0.0,0.0,0.0,0.0,0.0,0.0,0.0,0.0,0.0,92.33750000000009,262.89929300411393,182.32613333333333,228.56333333333336,280.49863333333343,321.7864500000001,369.08875000000006,433.1926333333334,479.3687833333334,516.7945833333333,568.7762333333333,610.5335166666666,669.3066666666667,717.8881333333333,767.5648500000001,836.46875,900.3554666666666,812.654,650.3308333333333,673.3015166666667,717.5195999999999,724.6666666666666,719.1750666666667,116.84771666666836,0.0,0.0,0.0,0.0,0.0,0.0,0.0,0.0,0.0,0.0,0.0,735.5115999999999,734.3383333333333,742.1319166666667,737.6210833333333,735.8649999999999,772.0802833333333,691.9059500000001,1382.6533333333332,1377.8245833333335,561.1073666666667,1383.9766666666667,1383.6567833333334,561.7798,1403.7716666666668,569.3124166666665,904.9784666666667,1400.5683333333334,572.8361666666666,570.30155,577.6366666666668,62431.95238415638,36955.88277684796
2025-04-30,1416.8289,1407.3308666666667,1411.7766666666666,1359.5690847736596,1427.7297166666667,591.6883333333334,585.8819500000001,591.4516166666667,594.4166666666666,589.7874166666666,599.3814333333333,606.5933333333334,600.8299833333333,596.0022,598.9733333333334,603.9602166666666,609.0400833333333,606.685,607.18655,606.1276166666667,609.365,617.5880833333333,616.4915,616.0316666666666,620.81305,617.5029,620.3083333333333,613.3842,623.4338666666666,637.01,623.1212666666667,626.1408333333333,619.0833333333334,1418.0273,636.1677166666667,0.0,0.0,0.0,0.0,0.0,0.0,0.0,0.0,0.0,0.0,0.0,0.0,0.0,0.0,0.0,0.0,0.0,0.0,0.0,0.0,0.0,0.0,0.0,0.0,0.0,0.0,0.0,0.0,0.0,0.0,8.747833333332437,571.6813166666668,555.6913833333333,573.5570833333334,600.1714833333334,541.2574166666667,506.0425000000001,505.4402166666667,508.9770000000001,515.6633333333334,488.2472166666667,0.0,0.0,0.0,0.0,0.0,0.0,0.0,0.0,0.0,0.0,0.0,0.0,0.0,88.57999999999993,254.95627325102845,180.67184999999986,228.25416666666675,280.49863333333343,321.7864500000001,358.73833333333334,424.40840000000003,474.9969666666666,516.7945833333333,567.20205,610.4155333333333,660.3633333333332,713.9469166666665,763.3740333333334,818.7283333333332,893.08715,812.2597999999999,645.7529166666667,673.0050666666666,717.5195999999999,724.6666666666666,719.4904,111.09298333333436,0.0,0.0,0.0,0.0,0.0,0.0,0.0,0.0,0.0,0.0,0.0,726.3386666666667,734.3383333333333,742.1319166666667,737.6210833333333,735.8649999999999,771.2801333333334,691.9059500000001,1382.6533333333332,1377.8245833333335,561.1073666666667,1387.3000000000002,1386.3003666666666,561.7798,1403.7716666666668,569.3124166666665,904.9784666666667,1400.5683333333334,572.8361666666666,570.30155,577.6366666666668,61857.62904135802,36631.07466294432
2025-05-01,1416.6531833333333,1407.3308666666667,1411.7766666666666,1424.3349833333334,1427.7297166666667,591.6883333333334,585.8819500000001,592.3227166666667,802.2769039094637,594.8200333333333,599.3814333333333,606.5933333333334,598.7950666666667,596.0022,599.12,603.9602166666666,606.1546,606.685,607.1738666666666,605.9187833333333,609.365,617.5880833333333,617.3284166666667,621.495,620.4150000000001,617.4489333333333,614.9466666666666,612.4106833333334,612.0498,637.01,622.8976333333334,619.36325,617.8916666666667,1417.9603166666666,634.9720166666666,0.0,0.0,0.0,0.0,0.0,0.0,0.0,0.0,0.0,0.0,0.0,0.0,0.0,0.0,0.0,0.0,0.0,0.0,0.0,0.0,0.0,0.0,0.0,0.0,0.0,0.0,0.0,0.0,0.0,0.0,0.0,571.6813166666668,182.12613744855838,572.3420833333333,600.1714833333334,541.2574166666667,501.4950000000001,501.44605,508.9770000000001,510.98458333333326,488.2472166666667,0.0,0.0,0.0,0.0,0.0,0.0,0.0,0.0,0.0,0.0,0.0,0.0,0.0,88.57999999999993,254.95627325102845,180.67184999999986,228.25416666666675,280.49863333333343,321.7864500000001,358.73833333333334,424.40840000000003,474.9969666666666,516.7945833333333,567.20205,600.4896666666667,660.3633333333332,713.9469166666665,763.3740333333334,813.3725,884.9011000000002,810.42935,644.8237499999999,671.25055,716.2745,724.6666666666666,719.1750666666667,115.28296666666768,0.0,0.0,0.0,0.0,0.0,0.0,0.0,0.0,0.0,0.0,0.0,735.5115999999999,735.8416666666667,747.6778833333333,741.5459666666667,735.8649999999999,771.2801333333334,691.9059500000001,1382.6533333333332,1377.8857833333332,561.1124333333333,1387.3000000000002,1386.3003666666666,561.7798,1403.7716666666668,563.7801833333334,904.9784666666667,1400.5683333333334,572.8361666666666,570.6580166666666,579.2100000000002,61704.171464609055,36536.1354353607
2025-05-02,1416.8289,1406.0713166666667,1411.7766666666666,1425.1431666666667,1427.7297166666667,594.464824279835,585.8819500000001,592.3227166666667,1424.0516666666667,594.8200333333333,599.3814333333333,606.5933333333334,598.7950666666667,596.0022,601.2283333333332,601.1059333333334,604.9048833333333,606.685,607.1738666666666,605.9187833333333,610.2933333333334,619.8259999999999,618.9163000000001,622.715,620.4150000000001,617.4489333333333,614.9466666666666,613.3842,612.0498,637.01,622.3129333333333,619.36325,616.1933333333333,1412.15495,632.3755333333334,0.0,0.0,0.0,0.0,0.0,0.0,0.0,0.0,0.0,0.0,0.0,0.0,0.0,0.0,0.0,0.0,0.0,0.0,0.0,0.0,0.0,0.0,0.0,0.0,0.0,0.0,0.0,0.0,0.0,0.0,0.0,571.6813166666668,0.0,481.3241076131699,600.1714833333334,541.2574166666667,501.4950000000001,501.44605,508.9770000000001,510.98458333333326,488.2472166666667,0.0,0.0,0.0,0.0,0.0,0.0,0.0,0.0,0.0,0.0,0.0,0.0,0.0,78.01458333333328,250.78131563786013,179.73821666666677,227.79708333333338,259.94811666666664,312.07503333333335,352.95000000000005,421.57500000000005,471.79294999999996,511.8433333333334,563.7448333333333,595.3245666666667,655.2791666666667,700.7881000000001,762.6537666666666,813.3725,884.4975333333333,810.42935,644.8237499999999,673.0050666666666,717.5195999999999,725.4166666666666,719.4904,133.8298166666675,0.0,0.0,0.0,0.0,0.0,0.0,0.0,0.0,0.0,0.0,0.0,738.7927500000001,740.9333333333333,749.9869999999999,743.5954,738.6183333333333,779.3140833333333,693.8209,1387.885,1378.4910333333332,563.569,1389.2916666666667,1386.98595,561.7798,1403.7716666666668,563.7801833333334,906.7877666666668,1405.6516666666666,572.8361666666666,570.6580166666666,579.2100000000002,62024.31966419753,36652.87737677811
2025-05-03,583.4955666666666,572.7379833333333,578.4433333333333,591.8098333333332,594.3963833333332,591.6883333333334,585.8819500000001,592.3227166666667,590.7183333333334,594.8200333333333,599.3814333333333,606.5933333333334,598.7950666666667,596.0022,601.2283333333332,601.1059333333334,604.9048833333333,606.685,607.1738666666666,605.9187833333333,610.2933333333334,619.8259999999999,618.9163000000001,622.715,620.4150000000001,617.4489333333333,614.9466666666666,613.3842,612.0498,637.01,622.3129333333333,619.36325,616.1933333333333,578.8216166666666,632.3755333333334,0.0,0.0,0.0,0.0,0.0,0.0,0.0,0.0,0.0,0.0,0.0,0.0,0.0,0.0,0.0,0.0,0.0,0.0,0.0,0.0,0.0,0.0,0.0,0.0,0.0,0.0,0.0,0.0,0.0,0.0,0.0,571.6813166666668,0.0,481.3241076131699,600.1714833333334,541.2574166666667,501.4950000000001,501.44605,508.9770000000001,510.98458333333326,488.2472166666667,0.0,0.0,0.0,0.0,0.0,0.0,0.0,0.0,0.0,0.0,0.0,0.0,0.0,78.01458333333328,250.78131563786013,179.73821666666677,227.79708333333338,259.94811666666664,312.07503333333335,352.95000000000005,421.57500000000005,471.79294999999996,511.8433333333334,563.7448333333333,595.3245666666667,655.2791666666667,700.7881000000001,762.6537666666666,813.3725,884.4975333333333,810.42935,644.8237499999999,673.0050666666666,717.5195999999999,725.4166666666666,719.4904,133.8298166666675,0.0,0.0,0.0,0.0,0.0,0.0,0.0,0.0,0.0,0.0,0.0,738.7927500000001,740.9333333333333,749.9869999999999,743.5954,738.6183333333333,779.3140833333333,693.8209,1387.885,1378.4910333333332,563.569,1389.2916666666667,1386.98595,561.7798,1403.7716666666668,563.7801833333334,906.7877666666668,1405.6516666666666,572.8361666666666,570.6580166666666,579.2100000000002,56188.2098399177,34210.27098374087
2025-05-04,583.4955666666666,572.7379833333333,578.4433333333333,591.8098333333332,594.3963833333332,591.6883333333334,585.8819500000001,592.3227166666667,590.7183333333334,594.8200333333333,599.3814333333333,606.5933333333334,598.7950666666667,596.0022,601.2283333333332,601.1059333333334,604.9048833333333,606.685,607.1738666666666,605.9187833333333,610.2933333333334,619.8259999999999,618.9163000000001,622.715,620.4150000000001,617.4489333333333,614.9466666666666,613.3842,612.0498,637.01,622.3129333333333,619.36325,616.1933333333333,792.0597069958828,632.3755333333334,0.0,0.0,0.0,0.0,0.0,0.0,0.0,0.0,0.0,0.0,0.0,0.0,0.0,0.0,0.0,0.0,0.0,0.0,0.0,0.0,0.0,0.0,0.0,0.0,0.0,0.0,0.0,0.0,0.0,0.0,0.0,571.6813166666668,0.0,481.3241076131699,600.1714833333334,541.2574166666667,501.4950000000001,501.44605,508.9770000000001,510.98458333333326,488.2472166666667,0.0,0.0,0.0,0.0,0.0,0.0,0.0,0.0,0.0,0.0,0.0,0.0,0.0,78.01458333333328,250.78131563786013,179.73821666666677,227.79708333333338,259.94811666666664,312.07503333333335,352.95000000000005,421.57500000000005,471.79294999999996,511.8433333333334,563.7448333333333,595.3245666666667,655.2791666666667,700.7881000000001,762.6537666666666,813.3725,884.4975333333333,810.42935,644.8237499999999,673.0050666666666,717.5195999999999,725.4166666666666,719.4904,133.8298166666675,0.0,0.0,0.0,0.0,0.0,0.0,0.0,0.0,0.0,0.0,0.0,738.7927500000001,740.9333333333333,749.9869999999999,743.5954,738.6183333333333,779.3140833333333,693.8209,1387.885,1378.4910333333332,563.569,1389.2916666666667,1386.98595,561.7798,1403.7716666666668,563.7801833333334,573.4544333333334,1405.6516666666666,906.1695,570.6580166666666,588.0816666666666,56410.31959691358,34293.23981134677
2025-05-05,1417.2249166666666,1407.3308666666667,1412.8600000000001,1428.9857333333334,1428.3294999999998,591.6883333333334,590.2842833333333,597.0840666666666,1411.7865399176958,594.8200333333333,598.0715666666667,600.5366666666666,596.2804666666667,596.0022,601.2283333333332,601.1059333333334,604.9048833333333,606.685,607.18655,605.9187833333333,610.2933333333334,619.8259999999999,618.9163000000001,622.715,620.4150000000001,617.4489333333333,614.3966666666668,612.4106833333334,610.16045,619.4666666666667,622.8976333333334,626.1408333333333,614.6666666666666,1411.50235,629.9249,0.0,0.0,0.0,0.0,0.0,0.0,0.0,0.0,0.0,0.0,0.0,0.0,0.0,0.0,0.0,0.0,0.0,0.0,0.0,0.0,0.0,0.0,0.0,0.0,0.0,0.0,0.0,0.0,0.0,0.0,0.0,565.95505,0.0,361.4483076131691,609.4791333333333,541.2574166666667,501.4950000000001,501.44605,518.9079000000002,515.6633333333334,515.30575,0.0,0.0,0.0,0.0,0.0,0.0,0.0,0.0,0.0,0.0,0.0,0.0,0.0,65.50916666666672,231.2057427983539,167.8358333333334,212.4058333333334,255.8083999999999,302.33883333333324,350.7091666666667,421.57500000000005,471.79294999999996,511.8433333333334,563.7448333333333,590.2683,650.6337500000001,698.461,757.6847166666666,803.66125,884.4975333333333,810.42935,642.3041666666667,673.0050666666666,717.5195999999999,725.4166666666666,722.25675,150.06253333333336,0.0,0.0,0.0,0.0,0.0,0.0,0.0,0.0,0.0,0.0,0.0,739.65055,740.9333333333333,753.1199166666667,747.8341333333333,738.6183333333333,779.3140833333333,701.4570833333333,1395.495,1379.3412333333333,569.0938833333333,1389.7766666666666,1387.2889166666666,564.2765666666667,1403.7716666666668,569.3124166666665,908.4106666666667,1408.3333333333335,572.8361666666666,571.01845,588.0816666666666,61889.38785699588,36573.89043163257
2025-05-06,1421.61275,1407.3308666666667,1420.8366666666666,1428.9857333333334,1428.3294999999998,591.9216666666667,585.8819500000001,592.3227166666667,1391.8167802469152,594.8200333333333,598.0715666666667,599.8133333333334,600.8299833333333,602.6180333333334,601.2283333333332,601.1059333333334,604.9048833333333,606.15,607.18655,605.9187833333333,609.365,619.8259999999999,618.9163000000001,622.715,620.36905,615.7068,614.3966666666668,611.1698666666667,618.7911499999999,637.01,622.8976333333334,619.36325,613.4304166666666,1411.279,619.8845833333332,0.0,0.0,0.0,0.0,0.0,0.0,0.0,0.0,0.0,0.0,0.0,0.0,0.0,0.0,0.0,0.0,0.0,0.0,0.0,0.0,0.0,0.0,0.0,0.0,0.0,0.0,0.0,0.0,0.0,0.0,0.0,565.95505,0.0,514.7449627572005,609.4791333333333,541.2574166666667,465.74083333333334,489.04985000000005,518.9079000000002,515.6633333333334,488.2472166666667,0.0,0.0,0.0,0.0,0.0,0.0,0.0,0.0,0.0,0.0,0.0,0.0,0.0,59.296666666666624,208.23597469135706,161.79208333333327,212.4058333333334,245.81834999999987,302.33883333333324,350.7091666666667,421.57500000000005,471.79294999999996,511.8433333333334,567.20205,600.4896666666667,650.6337500000001,703.2709500000001,761.3349166666667,813.3725,884.9011000000002,810.42935,636.7754166666666,662.5663833333333,717.5195999999999,732.5233333333333,733.1888666666667,196.78901666666764,0.0,0.0,0.0,0.0,0.0,0.0,0.0,0.0,0.0,0.0,0.0,745.0395333333332,758.775,753.1199166666667,750.4683333333335,753.8766666666668,781.6652333333333,704.9106833333334,1396.03,1379.8117666666667,569.7993833333334,1389.7766666666666,1387.2889166666666,569.02415,1404.905,572.1699000000001,908.4106666666667,1408.3333333333335,573.70785,571.1789666666666,588.0816666666666,62059.03120102881,36725.12695660185
2025-05-07,1417.2249166666666,1406.0713166666667,1420.8366666666666,1430.6961166666667,1428.7870833333334,742.6542606995869,590.2842833333333,597.0840666666666,1426.92,594.8200333333333,596.9420000000001,599.5550000000001,600.8299833333333,602.6180333333334,604.995,601.1059333333334,604.9048833333333,606.15,607.18655,606.1276166666667,609.815,619.8259999999999,618.9163000000001,622.715,620.4150000000001,615.7068,614.3966666666668,611.1698666666667,618.7911499999999,637.01,622.8976333333334,623.1590166666666,613.4304166666666,1409.9388166666668,619.27775,0.0,0.0,0.0,0.0,0.0,0.0,0.0,0.0,0.0,0.0,0.0,0.0,0.0,0.0,0.0,0.0,0.0,0.0,0.0,0.0,0.0,0.0,0.0,0.0,0.0,0.0,0.0,0.0,0.0,0.0,0.0,565.95505,0.0,342.0599421810678,609.4791333333333,541.2574166666667,465.74083333333334,489.04985000000005,518.9079000000002,515.6633333333334,488.2472166666667,0.0,0.0,0.0,0.0,0.0,0.0,0.0,0.0,0.0,0.0,0.0,0.0,0.0,59.296666666666624,208.23597469135706,156.64249999999993,198.67541666666662,234.86501666666663,298.86049999999994,346.2645833333333,412.2544666666667,471.79294999999996,511.8433333333334,560.9330499999999,600.4896666666667,643.8433333333331,698.461,757.1067166666668,803.66125,884.4975333333333,803.2433000000001,633.65125,659.4784999999999,716.2745,740.89,736.34565,264.46076666666767,0.0,0.0,0.0,0.0,0.0,0.0,0.0,0.0,0.0,0.0,0.0,749.3171666666666,763.2066666666666,756.0137500000001,751.1078833333333,756.4766666666667,785.2348000000001,706.7305,1397.5533333333333,1379.8117666666667,569.7993833333334,1390.93,1420.9940666666666,572.8472333333334,1404.905,572.1699000000001,906.8364333333334,1412.155,573.70785,577.2678500000001,592.73,62141.483010905344,36786.41873358687
2025-05-08,1417.2249166666666,1406.0331500000002,1420.8533333333335,1433.8718166666667,1430.12885,598.1316666666667,590.2842833333333,597.0840666666666,1375.8925129629615,595.3538166666666,599.3814333333333,599.5550000000001,600.8299833333333,602.6180333333334,609.2816666666666,603.9602166666666,600.7457499999999,606.15,609.6744166666666,606.1276166666667,609.815,619.8259999999999,618.9163000000001,621.495,620.36905,615.7068,614.11,609.9134833333334,617.5417000000001,637.01,623.1212666666667,626.5364666666667,613.4304166666666,1409.2726833333336,614.8918333333334,0.0,0.0,0.0,0.0,0.0,0.0,0.0,0.0,0.0,0.0,0.0,0.0,0.0,0.0,0.0,0.0,0.0,0.0,0.0,0.0,0.0,0.0,0.0,0.0,0.0,0.0,0.0,0.0,0.0,0.0,0.0,565.95505,0.0,0.0,518.3784751028774,540.6574666666668,464.20416666666677,488.46113333333346,518.9079000000002,510.98458333333326,484.4505500000001,0.0,0.0,0.0,0.0,0.0,0.0,0.0,0.0,0.0,0.0,0.0,0.0,0.0,59.296666666666624,189.2736701646091,156.64249999999993,198.67541666666662,234.86501666666663,293.2799166666667,345.4295833333333,408.16919999999993,457.92730000000006,511.8433333333334,567.20205,602.5199,643.8433333333331,698.461,761.3349166666667,803.66125,884.4975333333333,803.2433000000001,636.7754166666666,659.4784999999999,716.2745,740.89,744.0291833333334,328.4709999999995,0.0,0.0,0.0,0.0,0.0,0.0,0.0,0.0,0.0,0.0,0.0,752.2822,766.2100000000002,773.4845833333334,752.1547166666666,760.0100000000001,785.4161,709.8739666666667,1397.5533333333333,1383.6563999999998,570.8019999999999,1390.93,1421.57105,597.5413166666666,1405.7849999999999,576.5821666666667,908.4106666666667,1408.3333333333335,572.8361666666666,582.6958833333333,596.0283333333333,61625.379558230445,36613.04011397889
2025-05-09,1421.61275,1406.0713166666667,1435.24,1433.8718166666667,1428.7870833333334,598.1316666666667,590.2842833333333,597.0840666666666,1093.7765849794253,594.8200333333333,596.9420000000001,599.5550000000001,600.8299833333333,602.6180333333334,609.2816666666666,609.21365,600.7457499999999,606.15,608.6231,606.1276166666667,609.815,617.5880833333333,618.9163000000001,621.495,620.36905,615.7068,613.145,609.2999833333332,610.16045,637.01,623.1212666666667,628.9362333333333,611.7666666666667,1409.2726833333336,610.4389166666666,0.0,0.0,0.0,0.0,0.0,0.0,0.0,0.0,0.0,0.0,0.0,0.0,0.0,0.0,0.0,0.0,0.0,0.0,0.0,0.0,0.0,0.0,0.0,0.0,0.0,0.0,0.0,0.0,0.0,0.0,0.0,574.87085,0.0,0.0,418.67020041151875,540.6574666666668,465.74083333333334,489.04985000000005,521.9069999999999,515.6633333333334,488.2472166666667,0.0,0.0,0.0,0.0,0.0,0.0,0.0,0.0,0.0,0.0,0.0,0.0,0.0,59.296666666666624,211.08181831275573,161.79208333333327,207.97916666666666,244.70455000000007,282.7792500000001,342.7408333333334,384.89768333333336,450.05143333333336,503.63916666666665,560.9330499999999,600.4896666666667,641.3733333333332,696.1879666666667,744.4858166666667,800.9954166666666,879.97435,803.2433000000001,636.7754166666666,654.4582666666666,708.9434,740.89,744.5125,438.80106666666796,0.0,0.0,0.0,0.0,0.0,0.0,0.0,0.0,0.0,0.0,0.0,772.6257666666667,774.8316666666666,775.4064166666667,777.3954166666667,771.645,789.1195333333333,709.8739666666667,1423.0933333333332,1402.7889833333334,580.6653666666666,1419.14,1426.3803,599.8287333333334,1407.3616666666667,581.0448333333333,908.4106666666667,1408.3333333333335,573.70785,582.6958833333333,596.0283333333333,61493.017837037034,36649.31019162103
2025-05-10,588.2794166666666,572.7379833333333,601.9066666666666,600.5384833333334,595.45375,598.1316666666667,590.2842833333333,597.0840666666666,590.1583333333333,594.8200333333333,596.9420000000001,599.5550000000001,600.8299833333333,602.6180333333334,609.2816666666666,609.21365,600.7457499999999,606.15,608.6231,606.1276166666667,609.815,617.5880833333333,618.9163000000001,621.495,620.36905,615.7068,613.145,609.2999833333332,610.16045,637.01,623.1212666666667,628.9362333333333,611.7666666666667,575.9393500000001,610.4389166666666,0.0,0.0,0.0,0.0,0.0,0.0,0.0,0.0,0.0,0.0,0.0,0.0,0.0,0.0,0.0,0.0,0.0,0.0,0.0,0.0,0.0,0.0,0.0,0.0,0.0,0.0,0.0,0.0,0.0,0.0,0.0,574.87085,0.0,0.0,418.67020041151875,540.6574666666668,465.74083333333334,489.04985000000005,521.9069999999999,515.6633333333334,488.2472166666667,0.0,0.0,0.0,0.0,0.0,0.0,0.0,0.0,0.0,0.0,0.0,0.0,0.0,59.296666666666624,211.08181831275573,161.79208333333327,207.97916666666666,244.70455000000007,282.7792500000001,342.7408333333334,384.89768333333336,450.05143333333336,503.63916666666665,560.9330499999999,600.4896666666667,641.3733333333332,696.1879666666667,744.4858166666667,800.9954166666666,879.97435,803.2433000000001,636.7754166666666,654.4582666666666,708.9434,740.89,744.5125,438.80106666666796,0.0,0.0,0.0,0.0,0.0,0.0,0.0,0.0,0.0,0.0,0.0,772.6257666666667,774.8316666666666,775.4064166666667,777.3954166666667,771.645,789.1195333333333,709.8739666666667,1423.0933333333332,1402.7889833333334,580.6653666666666,1419.14,1426.3803,599.8287333333334,1407.3616666666667,581.0448333333333,575.0773333333333,1408.3333333333335,907.0411833333333,582.6958833333333,596.0283333333333,55989.399585390944,34348.97860840833
2025-05-11,588.2794166666666,572.7379833333333,601.9066666666666,600.5384833333334,595.45375,598.1316666666667,590.2842833333333,597.0840666666666,590.1583333333333,594.8200333333333,596.9420000000001,599.5550000000001,600.8299833333333,602.6180333333334,609.2816666666666,609.21365,600.7457499999999,606.15,608.6231,606.1276166666667,609.815,617.5880833333333,618.9163000000001,621.495,620.36905,615.7068,613.145,609.2999833333332,610.16045,637.01,623.1212666666667,628.9362333333333,611.7666666666667,575.9393500000001,610.4389166666666,0.0,0.0,0.0,0.0,0.0,0.0,0.0,0.0,0.0,0.0,0.0,0.0,0.0,0.0,0.0,0.0,0.0,0.0,0.0,0.0,0.0,0.0,0.0,0.0,0.0,0.0,0.0,0.0,0.0,0.0,0.0,574.87085,0.0,0.0,418.67020041151875,540.6574666666668,465.74083333333334,489.04985000000005,521.9069999999999,515.6633333333334,488.2472166666667,0.0,0.0,0.0,0.0,0.0,0.0,0.0,0.0,0.0,0.0,0.0,0.0,0.0,59.296666666666624,211.08181831275573,161.79208333333327,207.97916666666666,244.70455000000007,282.7792500000001,342.7408333333334,384.89768333333336,450.05143333333336,503.63916666666665,560.9330499999999,600.4896666666667,641.3733333333332,696.1879666666667,744.4858166666667,800.9954166666666,879.97435,803.2433000000001,636.7754166666666,654.4582666666666,708.9434,740.89,744.5125,438.80106666666796,0.0,0.0,0.0,0.0,0.0,0.0,0.0,0.0,0.0,0.0,0.0,772.6257666666667,774.8316666666666,775.4064166666667,777.3954166666667,771.645,789.1195333333333,709.8739666666667,1423.0933333333332,1402.7889833333334,580.6653666666666,1419.14,1426.3803,599.8287333333334,1407.3616666666667,581.0448333333333,575.0773333333333,1408.3333333333335,907.0411833333333,582.6958833333333,596.0283333333333,55989.399585390944,34348.97860840833
2025-05-12,1421.61275,1406.0713166666667,1435.24,1433.8718166666667,1428.7870833333334,599.425,591.5714166666668,597.0840666666666,1227.5787497942385,595.3538166666666,596.9420000000001,599.8133333333334,601.3456333333332,605.8480666666667,604.995,609.21365,600.7457499999999,606.15,608.6231,616.5789,610.2933333333334,617.5880833333333,618.9163000000001,622.715,620.36905,615.7068,613.145,609.2999833333332,613.1652833333334,637.01,623.1212666666667,625.2819666666667,611.7666666666667,1409.2726833333336,603.3687166666666,0.0,0.0,0.0,0.0,0.0,0.0,0.0,0.0,0.0,0.0,0.0,0.0,0.0,0.0,0.0,0.0,0.0,0.0,0.0,0.0,0.0,0.0,0.0,0.0,0.0,0.0,0.0,0.0,0.0,0.0,0.0,591.8943833333333,0.0,0.0,400.8496380658388,522.3531666666665,501.4950000000001,501.44605,521.9069999999999,515.6633333333334,488.2472166666667,0.0,0.0,0.0,0.0,0.0,0.0,0.0,0.0,0.0,0.0,0.0,0.0,0.0,65.50916666666672,216.53233271604967,161.79208333333327,207.97916666666666,244.70455000000007,280.6912666666667,342.7162500000001,380.0434833333334,433.18811666666676,496.30041666666665,540.8360166666668,581.396,638.8799999999999,695.2480333333333,740.8475333333333,794.8224999999999,878.2465333333333,799.4279166666668,619.9175,654.4582666666666,710.85835,740.9225,758.1344666666666,618.9702833333338,0.0,0.0,0.0,0.0,0.0,0.0,0.0,0.0,0.0,0.0,0.0,775.0437000000001,785.0399999999998,775.8734166666667,777.3954166666667,793.565,794.0994333333333,717.6129500000001,1423.0933333333332,1402.7889833333334,590.8319666666666,1424.555,1426.3803,599.8287333333334,1414.5166666666667,581.3451833333334,916.1932333333332,1410.371666666667,590.8191833333333,587.8595166666667,605.9216666666667,61877.28545390946,36950.85184529739
2025-05-13,1425.0275000000001,1409.7543666666666,1435.24,1432.97235,1428.3294999999998,599.8183333333333,591.5714166666668,595.5963666666667,843.3704497942373,595.6917666666667,603.5530166666666,599.8133333333334,600.8299833333333,602.6180333333334,609.2816666666666,609.21365,599.7235666666667,606.15,610.0089,616.5789,610.2933333333334,617.5880833333333,618.9163000000001,622.715,616.8719,615.7285166666666,613.145,609.2999833333332,610.16045,619.4666666666667,623.1212666666667,625.2819666666667,611.7666666666667,1403.2321666666667,601.8518666666666,0.0,0.0,0.0,0.0,0.0,0.0,0.0,0.0,0.0,0.0,0.0,0.0,0.0,0.0,0.0,0.0,0.0,0.0,0.0,0.0,0.0,0.0,0.0,0.0,0.0,0.0,0.0,0.0,0.0,0.0,0.0,591.8943833333333,0.0,0.0,416.5867222222197,540.6574666666668,502.3904166666666,501.44605,521.9069999999999,527.8120833333332,515.30575,0.0,0.0,0.0,0.0,0.0,0.0,0.0,0.0,0.0,0.0,0.0,0.0,0.0,65.50916666666672,216.53233271604967,161.79208333333327,207.97916666666666,244.70455000000007,280.6912666666667,342.7162500000001,380.0434833333334,433.18811666666676,496.30041666666665,560.9330499999999,600.4896666666667,641.3733333333332,696.1879666666667,744.4858166666667,800.9954166666666,872.7343166666668,799.4279166666668,619.9175,654.4582666666666,716.2745,745.3458333333333,773.9277000000001,672.4219666666681,0.0,0.0,0.0,0.0,0.0,0.0,0.0,0.0,0.0,0.0,0.0,780.3064666666668,786.8766666666668,791.7616500000001,777.3954166666667,793.565,794.0994333333333,718.6106833333334,1432.4850000000001,1419.5544666666665,603.2125666666667,1431.4166666666667,1426.3803,599.8287333333334,1421.93,582.9959833333334,916.1932333333332,1418.2433333333333,590.8191833333333,587.8595166666667,605.9216666666667,61760.46818806584,37004.37971658955
2025-05-14,1425.0275000000001,1409.7543666666666,1435.24,1432.97235,1428.3294999999998,604.3333333333334,592.7296333333335,595.5963666666667,820.362436831276,595.6917666666667,603.5530166666666,600.58,600.8299833333333,602.6180333333334,604.995,609.21365,599.7235666666667,606.15,608.6231,616.5789,610.2933333333334,617.5880833333333,618.9163000000001,622.715,616.8719,617.7371833333333,614.11,609.2999833333332,610.16045,619.4666666666667,623.1212666666667,625.2819666666667,607.3333333333334,1392.9023,600.9582666666666,0.0,0.0,0.0,0.0,0.0,0.0,0.0,0.0,0.0,0.0,0.0,0.0,0.0,0.0,0.0,0.0,0.0,0.0,0.0,0.0,0.0,0.0,0.0,0.0,0.0,0.0,0.0,0.0,0.0,0.0,0.0,591.8943833333333,0.0,0.0,322.1700631687196,553.90835,506.0425000000001,521.7527833333334,521.9069999999999,527.8120833333332,515.30575,0.0,0.0,0.0,0.0,0.0,0.0,0.0,0.0,0.0,0.0,0.0,0.0,0.0,65.50916666666672,216.43214938271632,153.98386666666661,194.4379166666666,233.5173166666667,280.6468499999999,341.70708333333334,378.37564999999995,432.5260333333333,496.30041666666665,560.9330499999999,600.4896666666667,638.8799999999999,696.1879666666667,744.4858166666667,800.9954166666666,854.8081833333332,784.9049,619.9175,654.4582666666666,716.2745,745.3458333333333,773.9277000000001,735.922316666668,0.0,0.0,0.0,0.0,0.0,0.0,0.0,0.0,0.0,0.0,0.0,780.3064666666668,795.8716666666666,798.6709,791.8839833333333,793.565,794.0994333333333,718.6106833333334,1432.4850000000001,1419.5544666666665,603.2125666666667,1431.4166666666667,1433.7822,599.8287333333334,1432.5816666666665,584.6550166666667,921.8278,1418.7533333333333,590.8191833333333,587.8595166666667,605.9216666666667,61717.12496604938,37020.17530825726
2025-05-15,1425.0275000000001,1409.7543666666666,1435.24,1432.97235,1427.7297166666667,599.8183333333333,592.7296333333335,595.5963666666667,1078.3402006172837,595.3538166666666,600.7891999999999,600.4916666666667,600.8299833333333,602.6180333333334,604.995,609.21365,599.7235666666667,606.15,608.6231,616.5789,610.2933333333334,619.8259999999999,618.9163000000001,622.715,616.1476166666666,617.7371833333333,614.11,609.9134833333334,613.1652833333334,629.5466666666667,623.1212666666667,625.2819666666667,607.025,1392.9023,600.57545,0.0,0.0,0.0,0.0,0.0,0.0,0.0,0.0,0.0,0.0,0.0,0.0,0.0,0.0,0.0,0.0,0.0,0.0,0.0,0.0,0.0,0.0,0.0,0.0,0.0,0.0,0.0,0.0,0.0,0.0,0.0,591.8943833333333,0.0,0.0,134.6400946502036,553.90835,502.3904166666666,501.44605,518.9079000000002,515.6633333333334,488.2472166666667,0.0,0.0,0.0,0.0,0.0,0.0,0.0,0.0,0.0,0.0,0.0,0.0,0.0,56.529999999999895,204.11981213991595,149.94568333333336,193.66458333333335,229.4143333333333,280.50071666666673,332.1325,369.06683333333336,423.2396333333333,496.30041666666665,560.9330499999999,600.4896666666667,638.8799999999999,698.461,761.3349166666667,800.9954166666666,869.7999166666667,784.9049,619.9175,654.4582666666666,716.2745,745.3458333333333,773.9277000000001,789.0410833333334,0.0,0.0,0.0,0.0,0.0,0.0,0.0,0.0,19.125700000001075,0.0,0.0,792.0934500000001,795.8716666666666,798.6709,791.9138666666665,794.9916666666667,803.1992333333333,720.5055166666666,1445.1683333333335,1428.9921833333333,603.2125666666667,1431.4166666666667,1437.0728,600.6793333333334,1432.5816666666665,586.4543333333334,924.8894333333333,1418.7533333333333,595.0020499999999,587.8595166666667,605.9216666666667,61835.00412407407,37138.98656237827
2025-05-16,1425.0275000000001,1409.7543666666666,1435.24,1415.9642755144018,1427.7297166666667,599.425,592.7296333333335,595.5963666666667,581.5216666666668,594.8200333333333,600.7891999999999,600.58,603.6463333333334,602.6180333333334,604.995,609.72385,600.7457499999999,606.15,608.6231,616.5789,609.815,619.8259999999999,618.9163000000001,621.495,616.1476166666666,617.7371833333333,617.0283333333333,610.21525,613.1652833333334,629.5466666666667,623.1212666666667,625.2819666666667,605.88875,1376.5722833333334,586.1188666666666,0.0,0.0,0.0,0.0,0.0,0.0,0.0,0.0,0.0,0.0,0.0,0.0,0.0,0.0,0.0,0.0,0.0,0.0,0.0,0.0,0.0,0.0,0.0,0.0,0.0,0.0,0.0,0.0,0.0,0.0,0.0,574.87085,0.0,0.0,37.388980658436935,553.90835,502.3904166666666,501.44605,518.9079000000002,515.6633333333334,507.8410833333334,0.0,0.0,0.0,0.0,0.0,0.0,0.0,0.0,0.0,0.0,0.0,0.0,0.0,65.50916666666672,212.49546213991675,153.98386666666661,194.4379166666666,229.4143333333333,280.50071666666673,332.1325,369.06683333333336,423.2396333333333,496.30041666666665,560.9330499999999,586.5529333333333,629.6791666666667,696.1879666666667,744.4858166666667,798.3970833333333,869.7999166666667,784.9049,615.4275000000001,648.5686999999999,710.85835,745.3458333333333,773.9277000000001,790.3599833333333,0.0,0.0,0.0,0.0,0.0,0.0,0.0,0.0,22.49344999999971,0.0,0.0,792.0934500000001,804.0466666666666,799.8299000000001,795.0483666666667,797.5033333333334,803.6880166666667,726.1163333333334,1447.645,1439.1010166666667,614.1110666666667,1433.165,1437.0728,600.6793333333334,1432.5816666666665,586.4543333333334,927.7721666666666,1427.9633333333334,595.3525166666666,587.8595166666667,605.9216666666667,61224.56013497942,36853.73848923716
2025-05-17,591.6941666666667,576.4210333333333,601.9066666666666,599.6390166666666,594.3963833333332,599.425,592.7296333333335,595.5963666666667,581.5216666666668,594.8200333333333,600.7891999999999,600.58,603.6463333333334,602.6180333333334,604.995,609.72385,600.7457499999999,606.15,608.6231,616.5789,609.815,619.8259999999999,618.9163000000001,621.495,616.1476166666666,617.7371833333333,617.0283333333333,610.21525,613.1652833333334,629.5466666666667,623.1212666666667,625.2819666666667,605.88875,543.23895,586.1188666666666,0.0,0.0,0.0,0.0,0.0,0.0,0.0,0.0,0.0,0.0,0.0,0.0,0.0,0.0,0.0,0.0,0.0,0.0,0.0,0.0,0.0,0.0,0.0,0.0,0.0,0.0,0.0,0.0,0.0,0.0,0.0,574.87085,0.0,0.0,37.388980658436935,553.90835,502.3904166666666,501.44605,518.9079000000002,515.6633333333334,507.8410833333334,0.0,0.0,0.0,0.0,0.0,0.0,0.0,0.0,0.0,0.0,0.0,0.0,0.0,65.50916666666672,212.49546213991675,153.98386666666661,194.4379166666666,229.4143333333333,280.50071666666673,332.1325,369.06683333333336,423.2396333333333,496.30041666666665,560.9330499999999,586.5529333333333,629.6791666666667,696.1879666666667,744.4858166666667,798.3970833333333,869.7999166666667,784.9049,615.4275000000001,648.5686999999999,710.85835,745.3458333333333,773.9277000000001,790.3599833333333,0.0,0.0,0.0,0.0,0.0,0.0,0.0,0.0,22.49344999999971,0.0,0.0,792.0934500000001,804.0466666666666,799.8299000000001,795.0483666666667,797.5033333333334,803.6880166666667,726.1163333333334,1447.645,1439.1010166666667,614.1110666666667,1433.165,1437.0728,600.6793333333334,1432.5816666666665,586.4543333333334,594.4388333333334,1427.9633333333334,928.6858499999998,587.8595166666667,605.9216666666667,56241.56820946502,34776.171005324075
2025-05-18,591.6941666666667,576.4210333333333,601.9066666666666,599.6390166666666,594.3963833333332,599.425,592.7296333333335,595.5963666666667,581.5216666666668,594.8200333333333,600.7891999999999,600.58,603.6463333333334,602.6180333333334,604.995,609.72385,600.7457499999999,606.15,608.6231,616.5789,609.815,619.8259999999999,618.9163000000001,621.495,616.1476166666666,617.7371833333333,617.0283333333333,610.21525,613.1652833333334,629.5466666666667,623.1212666666667,625.2819666666667,605.88875,543.5373039094648,586.1188666666666,0.0,0.0,0.0,0.0,0.0,0.0,0.0,0.0,0.0,0.0,0.0,0.0,0.0,0.0,0.0,0.0,0.0,0.0,0.0,0.0,0.0,0.0,0.0,0.0,0.0,0.0,0.0,0.0,0.0,0.0,0.0,574.87085,0.0,0.0,37.388980658436935,553.90835,502.3904166666666,501.44605,518.9079000000002,515.6633333333334,507.8410833333334,0.0,0.0,0.0,0.0,0.0,0.0,0.0,0.0,0.0,0.0,0.0,0.0,0.0,65.50916666666672,212.49546213991675,153.98386666666661,194.4379166666666,229.4143333333333,280.50071666666673,332.1325,369.06683333333336,423.2396333333333,496.30041666666665,560.9330499999999,586.5529333333333,629.6791666666667,696.1879666666667,744.4858166666667,798.3970833333333,869.7999166666667,784.9049,615.4275000000001,648.5686999999999,710.85835,745.3458333333333,773.9277000000001,790.3599833333333,0.0,0.0,0.0,0.0,0.0,0.0,0.0,0.0,22.49344999999971,0.0,0.0,792.0934500000001,804.0466666666666,799.8299000000001,795.0483666666667,797.5033333333334,803.6880166666667,726.1163333333334,1447.645,1439.1010166666667,614.1110666666667,1433.165,1437.0728,600.6793333333334,1432.5816666666665,586.4543333333334,594.4388333333334,1427.9633333333334,928.6858499999998,587.8595166666667,606.1633333333334,56242.10823004115,34776.38512079733
2025-05-19,1425.0275000000001,1409.7543666666666,1436.275,1433.8718166666667,1428.7870833333334,599.425,592.7296333333335,595.5963666666667,823.0722425925921,595.3538166666666,603.5530166666666,600.58,604.2673833333333,602.6180333333334,604.995,609.72385,600.7457499999999,606.5833333333334,610.2666833333334,616.5789,609.815,620.7510333333333,618.9163000000001,622.715,616.1476166666666,620.2005666666666,620.3083333333333,610.21525,610.3968333333333,629.2533333333333,623.1212666666667,625.2819666666667,587.76,1374.21975,575.52825,0.0,0.0,0.0,0.0,0.0,0.0,0.0,0.0,0.0,0.0,0.0,0.0,0.0,0.0,0.0,0.0,0.0,0.0,0.0,0.0,0.0,0.0,0.0,0.0,0.0,0.0,0.0,0.0,0.0,0.0,0.0,499.6804329218088,0.0,0.0,0.0,557.5988666666666,506.0425000000001,521.7527833333334,521.9871,527.8120833333332,515.30575,0.0,0.0,0.0,0.0,0.0,0.0,0.0,0.0,0.0,0.0,0.0,0.0,0.0,65.50916666666672,212.49546213991675,153.98386666666661,194.4379166666666,229.4143333333333,272.3297333333333,325.54749999999996,364.8174833333334,420.0144833333333,481.70208333333346,540.8360166666668,586.5529333333333,629.6791666666667,696.1879666666667,740.8475333333333,798.3970833333333,869.7999166666667,784.9049,610.7033333333333,648.5686999999999,710.85835,745.3458333333333,773.9277000000001,790.3599833333333,0.0,0.0,0.0,0.0,0.0,0.0,0.0,0.0,35.26508333333334,0.0,0.0,792.0934500000001,804.0466666666666,802.7607833333333,803.0566833333335,797.5033333333334,806.4522666666667,726.1163333333334,1447.645,1439.5667833333332,619.0775833333333,1444.2633333333333,1437.0728,600.6793333333334,1432.5816666666665,592.2764666666667,928.74705,1427.9633333333334,595.3525166666666,588.5182333333333,606.1633333333334,61389.03827098765,36906.86517875753
2025-05-20,1426.9466333333332,1419.59305,1436.275,1433.8718166666667,1428.7870833333334,599.425,592.7296333333335,595.5963666666667,835.2165872427968,595.3538166666666,606.2960166666667,606.6633333333334,604.2673833333333,602.6180333333334,606.08,609.21365,599.7235666666667,606.5833333333334,610.2666833333334,614.8272,609.405,620.7510333333333,618.9163000000001,622.715,613.15185,617.7371833333333,620.3083333333333,610.21525,609.4619,618.8466666666667,622.3129333333333,623.1590166666666,584.7625,1371.0387500000002,574.6158666666668,0.0,0.0,0.0,0.0,0.0,0.0,0.0,0.0,0.0,0.0,0.0,0.0,0.0,0.0,0.0,0.0,0.0,0.0,0.0,0.0,0.0,0.0,0.0,0.0,0.0,0.0,0.0,0.0,0.0,0.0,0.0,498.6946740740707,0.0,0.0,0.0,557.5988666666666,506.0425000000001,521.7527833333334,521.9871,527.8120833333332,515.30575,0.0,0.0,0.0,0.0,0.0,0.0,0.0,0.0,0.0,0.0,0.0,0.0,0.0,65.50916666666672,212.49546213991675,153.98386666666661,194.4379166666666,229.4143333333333,272.3297333333333,325.54749999999996,364.8174833333334,420.0144833333333,481.70208333333346,540.8360166666668,586.5529333333333,629.6791666666667,696.1879666666667,740.8475333333333,798.3970833333333,869.7999166666667,784.9049,615.4275000000001,635.6917666666667,710.85835,745.3458333333333,773.9277000000001,790.3599833333333,0.0,0.0,0.0,0.0,0.0,0.0,0.0,0.0,63.09500000000014,0.0,0.0,792.0934500000001,804.0466666666666,802.7607833333333,803.0566833333335,804.4333333333333,808.0254833333333,726.1163333333334,1447.645,1439.5667833333332,619.0775833333333,1444.2633333333333,1437.0728,599.8287333333334,1432.5816666666665,592.2764666666667,935.0956833333332,1433.02,595.3525166666666,590.5172,606.3316666666666,61432.251373456784,36947.971099063536
2025-05-21,1426.9466333333332,1419.8959666666667,1436.275,1433.8718166666667,1428.7870833333334,599.425,592.8606666666667,595.5963666666667,908.8900679012363,595.3538166666666,606.2960166666667,606.6633333333334,603.6463333333334,602.6180333333334,607.115,609.21365,598.5442166666667,606.15,610.2666833333334,614.8272,609.405,617.5880833333333,614.6860166666667,622.715,613.15185,617.7371833333333,620.3083333333333,610.21525,609.4619,616.0933333333334,619.1507999999999,623.1590166666666,584.455,1369.6840666666667,572.0074166666667,0.0,0.0,0.0,0.0,0.0,0.0,0.0,0.0,0.0,0.0,0.0,0.0,0.0,0.0,0.0,0.0,0.0,0.0,0.0,0.0,0.0,0.0,0.0,0.0,0.0,0.0,0.0,0.0,0.0,0.0,0.0,591.8943833333333,0.0,0.0,0.0,568.41645,532.3816666666667,541.9046166666667,532.8843500000003,527.8120833333332,515.30575,0.0,0.0,0.0,0.0,0.0,0.0,0.0,0.0,0.0,0.0,0.0,0.0,0.0,65.50916666666672,168.80397633744784,149.94568333333336,193.66458333333335,229.4143333333333,280.50071666666673,325.54749999999996,364.8174833333334,420.0144833333333,481.70208333333346,540.8360166666668,586.5529333333333,629.6791666666667,696.1879666666667,740.8475333333333,798.3970833333333,869.7999166666667,784.9049,615.4275000000001,635.6917666666667,710.85835,740.9225,773.9277000000001,792.80755,0.0,0.0,0.0,0.0,0.0,0.0,0.0,0.0,81.6391833333347,0.0,0.0,794.0482833333334,804.0466666666666,802.7607833333333,803.0566833333335,804.4333333333333,808.9173999999999,731.9908833333334,1447.645,1440.9393166666669,619.0775833333333,1444.2633333333333,1438.1757333333335,600.6793333333334,1434.4766666666667,592.2764666666667,935.0956833333332,1438.7333333333333,595.9653833333334,591.1229166666667,606.1633333333334,61645.92862757202,37054.62854586099
2025-05-22,1425.0275000000001,1419.59305,1435.24,1433.8718166666667,1431.3187,598.1316666666667,592.7296333333335,595.5963666666667,1061.2572450617201,594.5175833333334,600.7891999999999,606.6633333333334,603.6463333333334,602.6180333333334,607.115,609.21365,599.7235666666667,606.5833333333334,608.6231,614.8272,609.405,603.5089333333333,609.2210333333334,622.715,612.9960166666666,615.7285166666666,617.0283333333333,611.1698666666667,610.3968333333333,616.0933333333334,618.1377,623.1590166666666,577.0825,1366.7168333333334,570.9931499999999,0.0,0.0,0.0,0.0,0.0,0.0,0.0,0.0,0.0,0.0,0.0,0.0,0.0,0.0,0.0,0.0,0.0,0.0,0.0,0.0,0.0,0.0,0.0,0.0,0.0,0.0,0.0,0.0,0.0,0.0,0.0,591.8943833333333,0.0,0.0,0.0,557.5988666666666,532.3816666666667,541.9046166666667,532.8843500000003,527.8120833333332,515.30575,0.0,0.0,0.0,0.0,0.0,0.0,0.0,0.0,0.0,0.0,0.0,0.0,0.0,70.7479166666667,177.53364958847703,153.98386666666661,194.4379166666666,244.70455000000007,280.6468499999999,325.54749999999996,369.87618333333324,420.0144833333333,481.70208333333346,540.8360166666668,586.5529333333333,629.6791666666667,696.1879666666667,740.8475333333333,798.3970833333333,869.7999166666667,784.9049,615.4275000000001,635.6917666666667,710.85835,745.3458333333333,773.9277000000001,792.80755,0.0,0.0,0.0,0.0,0.0,0.0,0.0,0.0,105.23868333333519,0.0,0.0,800.4842833333333,810.435,812.5216166666668,803.0566833333335,804.4333333333333,809.87335,735.193,1447.645,1440.9393166666669,619.0775833333333,1446.33,1438.1757333333335,602.8828,1435.8483333333334,596.75315,935.0956833333332,1441.2033333333334,612.9211,592.2053666666667,606.3316666666666,61868.32432798353,37200.65216934198
2025-05-23,1425.0275000000001,1419.59305,1435.24,997.2529674897096,1428.7870833333334,598.1316666666667,592.8606666666667,595.5963666666667,579.8983333333333,594.5175833333334,600.7891999999999,600.58,603.6463333333334,602.6180333333334,607.115,609.21365,599.7235666666667,606.5833333333334,610.3996166666667,614.8272,602.9666666666667,602.5247166666667,608.6700999999999,622.715,613.15185,615.7285166666666,617.0283333333333,615.5843333333335,610.3968333333333,616.0933333333334,618.1377,623.1590166666666,573.2600000000001,1360.0507166666666,570.8163833333333,0.0,0.0,0.0,0.0,0.0,0.0,0.0,0.0,0.0,0.0,0.0,0.0,0.0,0.0,0.0,0.0,0.0,0.0,0.0,0.0,0.0,0.0,0.0,0.0,0.0,0.0,0.0,0.0,0.0,0.0,0.0,577.106671193417,0.0,0.0,0.0,557.5988666666666,532.3816666666667,541.9046166666667,532.8843500000003,527.8120833333332,515.30575,0.0,0.0,0.0,0.0,0.0,0.0,0.0,0.0,0.0,0.0,0.0,0.0,0.0,70.7479166666667,177.53364958847703,153.98386666666661,194.4379166666666,244.70455000000007,280.6468499999999,325.54749999999996,369.87618333333324,420.0144833333333,481.70208333333346,540.8360166666668,586.5529333333333,629.6791666666667,696.1879666666667,740.8475333333333,798.3970833333333,869.7999166666667,784.9049,615.4275000000001,648.5686999999999,710.85835,750.6745833333334,773.9277000000001,792.80755,0.0,0.0,0.0,0.0,0.0,0.0,0.0,0.0,107.01368333333471,0.0,0.0,800.4842833333333,810.435,812.5216166666668,803.0566833333335,804.4333333333333,809.87335,735.193,1447.645,1440.9393166666669,619.0775833333333,1452.7733333333335,1447.7089166666665,602.8828,1435.8483333333334,596.75315,935.0956833333332,1441.2033333333334,612.9211,592.2053666666667,606.3316666666666,60950.7400882716,36824.63907856537
2025-05-24,591.6941666666667,586.2597166666667,601.9066666666666,600.5384833333334,595.45375,598.1316666666667,592.8606666666667,595.5963666666667,579.8983333333333,594.5175833333334,600.7891999999999,600.58,603.6463333333334,602.6180333333334,607.115,609.21365,599.7235666666667,606.5833333333334,610.3996166666667,614.8272,602.9666666666667,602.5247166666667,608.6700999999999,622.715,613.15185,615.7285166666666,617.0283333333333,615.5843333333335,610.3968333333333,616.0933333333334,618.1377,623.1590166666666,573.2600000000001,526.7173833333333,570.8163833333333,0.0,0.0,0.0,0.0,0.0,0.0,0.0,0.0,0.0,0.0,0.0,0.0,0.0,0.0,0.0,0.0,0.0,0.0,0.0,0.0,0.0,0.0,0.0,0.0,0.0,0.0,0.0,0.0,0.0,0.0,0.0,577.106671193417,0.0,0.0,0.0,557.5988666666666,532.3816666666667,541.9046166666667,532.8843500000003,527.8120833333332,515.30575,0.0,0.0,0.0,0.0,0.0,0.0,0.0,0.0,0.0,0.0,0.0,0.0,0.0,70.7479166666667,177.53364958847703,153.98386666666661,194.4379166666666,244.70455000000007,280.6468499999999,325.54749999999996,369.87618333333324,420.0144833333333,481.70208333333346,540.8360166666668,586.5529333333333,629.6791666666667,696.1879666666667,740.8475333333333,798.3970833333333,869.7999166666667,784.9049,615.4275000000001,648.5686999999999,710.85835,750.6745833333334,773.9277000000001,792.80755,0.0,0.0,0.0,0.0,0.0,0.0,0.0,0.0,107.01368333333471,0.0,0.0,800.4842833333333,810.435,812.5216166666668,803.0566833333335,804.4333333333333,809.87335,735.193,1447.645,1440.9393166666669,619.0775833333333,1452.7733333333335,1447.7089166666665,602.8828,1435.8483333333334,596.75315,935.0956833333332,1441.2033333333334,612.9211,592.2053666666667,606.3316666666666,56387.35893744856,34926.32931760044
2025-05-25,591.6941666666667,586.2597166666667,601.9066666666666,600.5384833333334,595.45375,598.1316666666667,592.8606666666667,595.5963666666667,579.8983333333333,594.5175833333334,600.7891999999999,600.58,603.6463333333334,602.6180333333334,607.115,609.21365,599.7235666666667,606.5833333333334,610.3996166666667,614.8272,602.9666666666667,602.5247166666667,608.6700999999999,622.715,613.15185,615.7285166666666,617.0283333333333,615.5843333333335,610.3968333333333,616.0933333333334,618.1377,623.1590166666666,573.2600000000001,526.7173833333333,570.8163833333333,0.0,0.0,0.0,0.0,0.0,0.0,0.0,0.0,0.0,0.0,0.0,0.0,0.0,0.0,0.0,0.0,0.0,0.0,0.0,0.0,0.0,0.0,0.0,0.0,0.0,0.0,0.0,0.0,0.0,0.0,0.0,577.106671193417,0.0,0.0,0.0,557.5988666666666,532.3816666666667,541.9046166666667,532.8843500000003,527.8120833333332,515.30575,0.0,0.0,0.0,0.0,0.0,0.0,0.0,0.0,0.0,0.0,0.0,0.0,0.0,70.7479166666667,177.53364958847703,153.98386666666661,194.4379166666666,244.70455000000007,280.6468499999999,325.54749999999996,369.87618333333324,420.0144833333333,481.70208333333346,540.8360166666668,586.5529333333333,629.6791666666667,696.1879666666667,740.8475333333333,798.3970833333333,869.7999166666667,784.9049,615.4275000000001,648.5686999999999,710.85835,750.6745833333334,773.9277000000001,792.80755,0.0,0.0,0.0,0.0,0.0,0.0,0.0,0.0,107.01368333333471,0.0,0.0,800.4842833333333,810.435,812.5216166666668,803.0566833333335,804.4333333333333,809.87335,735.193,1447.645,1440.9393166666669,619.0775833333333,1452.7733333333335,1447.7089166666665,602.8828,1435.8483333333334,596.75315,935.0956833333332,1441.2033333333334,612.9211,592.2053666666667,606.3316666666666,56387.35893744856,34926.32931760044
2025-05-26,1425.0275000000001,1419.8959666666667,1433.2116666666666,1432.97235,1428.7870833333334,598.1316666666667,592.8606666666667,597.0840666666666,704.4702409464978,594.5175833333334,600.7891999999999,600.58,603.6463333333334,602.6180333333334,607.115,609.21365,599.7235666666667,606.5833333333334,610.3996166666667,614.8272,602.9666666666667,599.7237166666666,608.28845,622.715,613.84845,615.7285166666666,617.0283333333333,615.5843333333335,613.1652833333334,616.0933333333334,618.1377,623.1590166666666,573.2600000000001,1360.0507166666666,563.2926666666666,0.0,0.0,0.0,0.0,0.0,0.0,0.0,0.0,0.0,0.0,0.0,0.0,0.0,0.0,0.0,0.0,0.0,0.0,0.0,0.0,0.0,0.0,0.0,0.0,0.0,0.0,0.0,0.0,0.0,0.0,0.0,448.1820415637851,0.0,0.0,0.0,557.5988666666666,532.3816666666667,541.9046166666667,532.8843500000003,527.8120833333332,515.30575,0.0,0.0,0.0,0.0,0.0,0.0,0.0,0.0,0.0,0.0,0.0,0.0,0.0,70.7479166666667,177.53364958847703,153.98386666666661,194.4379166666666,244.70455000000007,280.6468499999999,325.54749999999996,364.8174833333334,419.3747333333334,481.1270833333334,537.1627000000001,578.8854166666667,615.8295833333334,695.2480333333333,733.7659499999999,792.4345833333333,869.7999166666667,784.9049,610.7033333333333,648.5686999999999,710.85835,750.6745833333334,773.9277000000001,792.80755,0.0,0.0,0.0,0.0,0.0,0.0,0.0,0.0,119.5206333333341,0.0,0.0,803.4954666666666,818.4600000000002,812.5216166666668,803.0566833333335,804.4333333333333,812.9944333333333,737.0766833333333,1447.645,1440.9393166666669,619.0775833333333,1452.7733333333335,1447.7089166666665,609.0921,1435.8483333333334,599.8335000000001,601.7623499999999,1441.2033333333334,946.2544333333333,592.2053666666667,606.3316666666666,61362.293215432095,36988.25558850477
2025-05-27,1425.0275000000001,1419.8959666666667,1433.2116666666666,1314.3009860082284,1426.80495,598.1316666666667,592.7296333333335,595.5963666666667,590.1583333333333,595.3538166666666,598.1362833333334,600.58,604.85865,602.6180333333334,607.115,609.21365,599.7235666666667,605.0066666666667,610.3996166666667,614.8272,601.7166666666667,599.7237166666666,608.28845,622.715,613.84845,615.7285166666666,617.975,615.5843333333335,615.047,618.8466666666667,619.1507999999999,623.1590166666666,573.2600000000001,1360.0507166666666,556.0094666666666,0.0,0.0,0.0,0.0,0.0,0.0,0.0,0.0,0.0,0.0,0.0,0.0,0.0,0.0,0.0,0.0,0.0,0.0,0.0,0.0,0.0,0.0,0.0,0.0,0.0,0.0,0.0,0.0,0.0,0.0,0.0,196.18206111111093,0.0,0.0,0.0,557.5988666666666,502.3904166666666,521.7527833333334,532.8843500000003,538.7004166666668,527.8691333333334,0.0,0.0,0.0,0.0,0.0,0.0,0.0,0.0,0.0,0.0,0.0,0.0,0.0,65.50916666666672,165.67165123456795,149.94568333333336,194.4379166666666,229.4143333333333,280.50071666666673,323.1154166666667,363.3733666666667,418.39896666666664,481.1270833333334,537.1627000000001,578.8854166666667,615.8295833333334,695.2480333333333,733.7659499999999,792.4345833333333,869.7999166666667,784.9049,610.7033333333333,648.5686999999999,710.85835,750.6745833333334,773.9277000000001,809.2724,0.0,0.0,0.0,0.0,0.0,0.0,0.0,0.0,134.36701666666715,0.0,0.0,803.4954666666666,818.4600000000002,812.5216166666668,803.0566833333335,804.4333333333333,813.2163,746.7931000000001,1447.645,1440.9393166666669,619.0775833333333,1452.7733333333335,1447.7089166666665,612.1178333333334,1439.13,599.8335000000001,601.7623499999999,1441.2033333333334,946.2544333333333,592.2053666666667,606.3316666666666,60849.02798168724,36776.37267260753
2025-05-28,1426.9466333333332,1422.22575,1433.2116666666666,1432.97235,1426.80495,598.1316666666667,592.7296333333335,595.5963666666667,772.1416734567882,599.44735,598.1362833333334,600.58,604.85865,603.8902333333333,611.595,609.21365,599.7235666666667,606.5833333333334,610.3996166666667,614.8272,602.9666666666667,602.5247166666667,608.6700999999999,623.64,613.84845,615.7285166666666,621.42,619.4235666666667,615.047,618.8466666666667,619.1507999999999,623.1590166666666,571.6670833333334,1342.2919166666666,553.6250833333335,0.0,0.0,0.0,0.0,0.0,0.0,0.0,0.0,0.0,0.0,0.0,0.0,0.0,0.0,0.0,0.0,0.0,0.0,0.0,0.0,0.0,0.0,0.0,0.0,0.0,0.0,0.0,0.0,0.0,0.0,0.0,197.14367777777775,0.0,0.0,0.0,557.5988666666666,502.3904166666666,521.7527833333334,532.8843500000003,538.7004166666668,527.8691333333334,0.0,0.0,0.0,0.0,0.0,0.0,0.0,0.0,0.0,0.0,0.0,0.0,0.0,58.303750000000036,165.31168456790135,147.2929333333333,189.64374999999987,206.04940000000002,272.3297333333333,321.4787500000001,363.3733666666667,416.66895,481.0658333333334,536.7723833333333,578.8854166666667,615.8295833333334,695.2480333333333,733.7659499999999,792.4345833333333,869.7999166666667,784.9049,610.7033333333333,648.5686999999999,710.85835,750.6745833333334,773.9277000000001,809.2724,0.0,0.0,0.0,0.0,0.0,0.0,0.0,0.0,180.71323333333305,0.0,0.0,803.4954666666666,818.4600000000002,812.5216166666668,803.0566833333335,804.4333333333333,817.9516833333333,746.7931000000001,1447.645,1440.9393166666669,619.4834166666667,1453.74,1447.7089166666665,612.1178333333334,1449.8933333333334,599.8335000000001,601.7623499999999,1441.2033333333334,948.9470833333332,601.0835666666667,606.3316666666666,61181.6432191358,36948.21888319864
2025-05-29,1426.9466333333332,1423.1916166666667,1439.94,1365.356286831277,1426.80495,598.1316666666667,592.7296333333335,595.5963666666667,593.5866666666666,595.3538166666666,598.1362833333334,600.58,604.85865,603.8902333333333,607.115,606.5359833333333,598.5830333333334,607.3583333333333,612.3845666666667,614.8272,602.9666666666667,603.5089333333333,608.6700999999999,621.035,613.84845,615.7285166666666,621.42,619.4235666666667,615.9836333333334,618.8466666666667,619.1507999999999,623.1590166666666,562.9833333333333,1339.3578833333333,553.3068166666667,0.0,0.0,0.0,0.0,0.0,0.0,0.0,0.0,0.0,0.0,0.0,0.0,0.0,0.0,0.0,0.0,0.0,0.0,0.0,0.0,0.0,0.0,0.0,0.0,0.0,0.0,0.0,0.0,0.0,0.0,0.0,300.8785617283942,0.0,0.0,0.0,596.6852000000001,532.3816666666667,541.9046166666667,562.0083833333333,544.0633333333333,527.8691333333334,0.0,0.0,0.0,0.0,0.0,0.0,0.0,0.0,0.0,0.0,0.0,0.0,0.0,58.303750000000036,165.31168456790135,147.2929333333333,189.64374999999987,206.04940000000002,272.3297333333333,321.4787500000001,363.3733666666667,416.66895,481.0658333333334,536.7723833333333,578.8854166666667,629.6791666666667,695.2480333333333,733.7659499999999,792.4345833333333,869.7999166666667,784.9049,610.7033333333333,648.5686999999999,710.85835,750.6745833333334,773.9277000000001,809.2724,0.0,0.0,0.0,0.0,0.0,0.0,0.0,0.0,195.56676666666647,0.0,0.0,803.4954666666666,818.4600000000002,812.5216166666668,803.0566833333335,804.4333333333333,817.9516833333333,749.0712666666666,1447.645,1440.9393166666669,619.4834166666667,1453.74,1447.7089166666665,612.1178333333334,1449.8933333333334,599.8335000000001,606.3023333333333,1441.2033333333334,948.9470833333332,596.6498666666666,606.3316666666666,61179.453183127574,36975.680042996915
2025-05-30,1426.9466333333332,1426.1323499999999,1440.2816666666668,1140.4200886831252,1426.80495,598.1316666666667,592.7296333333335,595.5963666666667,595.1083333333333,595.3538166666666,598.1362833333334,600.58,604.85865,601.3534500000001,607.115,609.21365,599.7235666666667,618.12,612.3845666666667,614.6448166666667,601.7166666666667,602.5247166666667,608.28845,620.1800000000001,613.84845,615.7285166666666,621.75,617.7967666666666,615.9836333333334,625.7683333333333,619.1507999999999,613.1245166666666,562.1733333333334,1339.3578833333333,553.3068166666667,0.0,0.0,0.0,0.0,0.0,0.0,0.0,0.0,0.0,0.0,0.0,0.0,0.0,0.0,0.0,0.0,0.0,0.0,0.0,0.0,0.0,0.0,0.0,0.0,0.0,0.0,0.0,0.0,0.0,0.0,0.0,544.7612790123472,0.0,0.0,0.0,602.4969333333333,532.3816666666667,541.9046166666667,562.0083833333333,544.0633333333333,527.8691333333334,0.0,0.0,0.0,0.0,0.0,0.0,0.0,0.0,0.0,0.0,0.0,0.0,0.0,58.303750000000036,165.31168456790135,147.2929333333333,189.64374999999987,206.04940000000002,272.3297333333333,321.4787500000001,363.3733666666667,415.14745000000005,466.73333333333335,536.6077333333334,576.1164333333334,615.8295833333334,680.0715333333333,724.0545999999999,792.235,854.8081833333332,779.8562666666668,610.3429166666666,634.6320833333333,710.5229833333334,750.6745833333334,773.9277000000001,809.2724,0.0,0.0,0.0,0.0,0.0,0.0,0.0,0.0,189.59604999999942,0.0,0.0,800.4842833333333,810.435,814.9516666666666,803.0566833333335,804.4333333333333,817.9516833333333,749.0712666666666,1447.645,1440.9393166666669,620.4428166666668,1453.74,1445.1371333333334,609.0921,1439.13,599.8335000000001,606.3023333333333,1438.7333333333333,948.7263499999999,596.6498666666666,606.3316666666666,61087.11925226337,36882.9097981308
2025-05-31,593.6132999999999,592.7990166666666,606.9483333333334,599.6390166666666,593.4716166666666,598.1316666666667,592.7296333333335,595.5963666666667,595.1083333333333,595.3538166666666,598.1362833333334,600.58,604.85865,601.3534500000001,607.115,609.21365,599.7235666666667,618.12,612.3845666666667,614.6448166666667,601.7166666666667,602.5247166666667,608.28845,620.1800000000001,613.84845,615.7285166666666,621.75,617.7967666666666,615.9836333333334,625.7683333333333,619.1507999999999,613.1245166666666,562.1733333333334,506.02455000000003,553.3068166666667,0.0,0.0,0.0,0.0,0.0,0.0,0.0,0.0,0.0,0.0,0.0,0.0,0.0,0.0,0.0,0.0,0.0,0.0,0.0,0.0,0.0,0.0,0.0,0.0,0.0,0.0,0.0,0.0,0.0,0.0,0.0,544.7612790123472,0.0,0.0,0.0,602.4969333333333,532.3816666666667,541.9046166666667,562.0083833333333,544.0633333333333,527.8691333333334,0.0,0.0,0.0,0.0,0.0,0.0,0.0,0.0,0.0,0.0,0.0,0.0,0.0,58.303750000000036,165.31168456790135,147.2929333333333,189.64374999999987,206.04940000000002,272.3297333333333,321.4787500000001,363.3733666666667,415.14745000000005,466.73333333333335,536.6077333333334,576.1164333333334,615.8295833333334,680.0715333333333,724.0545999999999,792.235,854.8081833333332,779.8562666666668,610.3429166666666,634.6320833333333,710.5229833333334,750.6745833333334,773.9277000000001,809.2724,0.0,0.0,0.0,0.0,0.0,0.0,0.0,0.0,189.59604999999942,0.0,0.0,800.4842833333333,810.435,814.9516666666666,803.0566833333335,804.4333333333333,817.9516833333333,749.0712666666666,1447.645,1440.9393166666669,620.4428166666668,1453.74,1445.1371333333334,609.0921,1439.13,599.8335000000001,939.6356666666666,1438.7333333333333,615.3930166666667,596.6498666666666,606.3316666666666,56379.67151358025,34923.05479083204
2025-06-01,593.6132999999999,592.7990166666666,606.9483333333334,599.6390166666666,593.4716166666666,598.1316666666667,592.7296333333335,595.5963666666667,595.1083333333333,595.3538166666666,598.1362833333334,600.58,604.85865,601.3534500000001,607.115,609.21365,599.7235666666667,618.12,612.3845666666667,614.6448166666667,601.7166666666667,602.5247166666667,608.28845,620.1800000000001,613.84845,615.7285166666666,621.75,617.7967666666666,615.9836333333334,625.7683333333333,619.1507999999999,613.1245166666666,562.1733333333334,619.8352495884765,553.3068166666667,0.0,0.0,0.0,0.0,0.0,0.0,0.0,0.0,0.0,0.0,0.0,0.0,0.0,0.0,0.0,0.0,0.0,0.0,0.0,0.0,0.0,0.0,0.0,0.0,0.0,0.0,0.0,0.0,0.0,0.0,0.0,544.7612790123472,0.0,0.0,0.0,602.4969333333333,532.3816666666667,541.9046166666667,562.0083833333333,544.0633333333333,527.8691333333334,0.0,0.0,0.0,0.0,0.0,0.0,0.0,0.0,0.0,0.0,0.0,0.0,0.0,58.303750000000036,165.31168456790135,147.2929333333333,189.64374999999987,206.04940000000002,272.3297333333333,321.4787500000001,363.3733666666667,415.14745000000005,466.73333333333335,536.6077333333334,576.1164333333334,615.8295833333334,680.0715333333333,724.0545999999999,792.235,854.8081833333332,779.8562666666668,610.3429166666666,634.6320833333333,710.5229833333334,750.6745833333334,773.9277000000001,809.2724,0.0,0.0,0.0,0.0,0.0,0.0,0.0,0.0,189.59604999999942,0.0,0.0,800.4842833333333,810.435,814.9516666666666,803.0566833333335,804.4333333333333,817.9516833333333,749.0712666666666,1447.645,1440.9393166666669,620.4428166666668,1453.74,1445.1371333333334,609.0921,1439.13,599.8335000000001,606.3023333333333,1438.7333333333333,948.7263499999999,596.6498666666666,607.825,56494.97554650206,34965.95125292257
2025-06-02,1426.9466333333332,1429.1337166666667,1440.2816666666668,1432.97235,1426.80495,1239.667195267486,592.7296333333335,595.5963666666667,1432.0366666666666,599.44735,600.7891999999999,604.4833333333333,606.4138666666666,603.8902333333333,611.595,609.8523166666666,600.7457499999999,624.2483333333332,612.3845666666667,614.6448166666667,602.9666666666667,603.5089333333333,608.6700999999999,621.035,613.84845,615.7285166666666,631.1616666666666,619.4235666666667,615.9836333333334,625.7683333333333,618.1377,595.7608666666667,561.8662500000002,1338.2296833333335,550.2864166666666,0.0,0.0,0.0,0.0,0.0,0.0,0.0,0.0,0.0,0.0,0.0,0.0,0.0,0.0,0.0,0.0,0.0,0.0,0.0,0.0,0.0,0.0,0.0,0.0,0.0,0.0,0.0,0.0,0.0,0.0,0.0,660.68815,0.0,0.0,303.0877323045237,622.0875666666668,545.71875,550.2604833333335,571.4752833333334,586.8595833333334,566.1434666666668,0.0,0.0,0.0,0.0,0.0,0.0,0.0,0.0,0.0,0.0,0.0,0.0,0.0,70.7479166666667,177.91447016460836,149.94568333333336,194.4379166666666,229.4143333333333,280.50071666666673,321.4787500000001,363.3733666666667,416.66895,466.73333333333335,536.7723833333333,586.5529333333333,629.6791666666667,695.2480333333333,733.7659499999999,792.4345833333333,869.7999166666667,784.9049,610.3429166666666,634.6320833333333,710.85835,750.7879166666667,773.9277000000001,809.2724,0.0,0.0,0.0,0.0,0.0,0.0,0.0,0.0,240.92806666666672,0.0,0.0,800.4842833333333,810.435,819.5324166666666,803.0566833333335,804.4333333333333,828.1104333333333,749.3029666666666,1447.645,1440.9393166666669,623.5133333333334,1454.205,1447.7089166666665,612.1178333333334,1449.8933333333334,603.7200833333334,615.0488166666667,1441.2033333333334,948.9470833333332,601.74725,607.8566666666667,63674.384564403284,38122.217270081805
2025-06-03,1426.9466333333332,1429.1337166666667,1440.2816666666668,1443.2530833333333,1433.9550166666668,1273.4569092592574,592.8606666666667,597.2757333333334,1434.6666666666667,603.0647333333333,606.2960166666667,606.6633333333334,606.4138666666666,603.8902333333333,613.28,613.2933833333334,614.8710833333333,624.2483333333332,614.8569666666666,614.8272,609.405,612.7539499999999,608.28845,621.035,613.84845,617.7371833333333,631.5850000000002,622.2575666666667,615.9836333333334,618.8466666666667,610.2705333333334,592.9522833333333,558.7112500000001,1335.1010666666666,541.7853833333332,0.0,0.0,0.0,0.0,0.0,0.0,0.0,0.0,0.0,0.0,0.0,0.0,0.0,0.0,0.0,0.0,0.0,0.0,0.0,0.0,0.0,0.0,0.0,0.0,0.0,0.0,0.0,0.0,0.0,0.0,0.0,660.68815,0.0,0.0,525.830300823044,622.0875666666668,545.71875,581.1903666666667,586.76485,596.2708333333334,574.4120500000001,0.0,0.0,0.0,0.0,0.0,0.0,0.0,0.0,0.0,0.0,0.0,0.0,0.0,72.73750000000003,244.30197078189246,176.83311666666668,205.66791666666677,244.70455000000007,280.6468499999999,323.1154166666667,369.87618333333324,418.39896666666664,466.73333333333335,536.7723833333333,586.5529333333333,629.6791666666667,695.2480333333333,733.7659499999999,792.4345833333333,869.7999166666667,784.9049,610.7033333333333,634.6320833333333,710.85835,750.7879166666667,773.9277000000001,809.2724,0.0,0.0,0.0,0.0,0.0,0.0,0.0,0.0,281.99244999999814,0.0,0.0,803.4954666666666,818.4600000000002,819.5324166666666,809.6563,810.7483333333332,836.8988,750.3928333333333,1450.7816666666668,1440.9393166666669,623.5133333333334,1467.35,1453.4476333333332,621.8810333333333,1454.7166666666667,615.2366833333333,616.7384333333334,1441.2033333333334,949.1659,617.4554333333333,611.25,64314.271014197526,38499.25241175913
2025-06-04,1428.02565,1430.3428666666669,1440.9766666666667,1443.2530833333333,1433.9550166666668,1094.7886166666672,599.2145833333333,598.6866333333332,1439.0733333333333,609.8552,617.1278666666666,606.7366666666666,607.9036666666667,605.18785,614.505,613.5023166666666,622.0658166666667,625.455,619.5520166666666,614.8272,609.405,614.0856166666667,613.6231833333333,621.035,613.84845,617.7371833333333,631.1616666666666,621.4536499999999,615.9836333333334,618.8466666666667,603.6169166666666,592.9522833333333,558.7112500000001,1334.2236166666667,541.7853833333332,0.0,0.0,0.0,0.0,0.0,0.0,0.0,0.0,0.0,0.0,0.0,0.0,0.0,0.0,0.0,0.0,0.0,0.0,0.0,0.0,0.0,0.0,0.0,0.0,0.0,0.0,0.0,0.0,0.0,0.0,0.0,664.2553666666666,0.0,587.163915637859,621.8453166666667,622.0875666666668,580.12125,581.1903666666667,586.76485,615.7962500000001,609.69895,0.0,0.0,0.0,0.0,0.0,0.0,0.0,0.0,0.0,0.0,0.0,0.0,0.0,119.86749999999999,330.7005901234558,183.7840666666666,207.97916666666666,247.7826500000001,282.7792500000001,325.54749999999996,372.28533333333337,419.3747333333334,481.0658333333334,562.8500166666668,586.5529333333333,629.6791666666667,718.1100499999999,770.47025,798.3970833333333,869.7999166666667,784.9049,616.8199999999999,640.7809666666667,712.6722499999998,750.7879166666667,773.9277000000001,809.2724,0.0,0.0,0.0,0.0,0.0,0.0,0.0,0.0,338.8536333333328,2.5699999999999363,0.0,803.4954666666666,834.9833333333333,824.0832499999999,823.9385666666666,810.7483333333332,841.1656,753.8046666666668,1450.7816666666668,1440.9393166666669,626.3076833333333,1467.35,1453.4476333333332,621.8810333333333,1458.5516666666667,617.2056666666666,617.4312000000001,1447.42,957.6985999999999,620.1202166666667,619.6933333333333,65371.091422427984,39168.41415268821
2025-06-05,1439.4694,1437.8412333333335,1459.3316666666665,1443.2530833333333,1433.9550166666668,1199.645049794239,601.1380833333334,600.5823333333334,1446.2849999999999,629.4348333333332,618.0186833333333,609.185,608.94065,612.1103,620.02,613.5023166666666,622.0658166666667,625.455,620.4978666666667,616.5789,611.1466666666668,620.1176833333334,614.1711,623.4916666666667,615.5817000000001,618.2465833333333,631.5850000000002,622.2575666666667,619.3722833333334,625.7683333333333,603.6169166666666,592.9522833333333,558.7112500000001,1329.6915833333333,539.2676833333333,0.0,0.0,0.0,0.0,0.0,0.0,0.0,0.0,0.0,0.0,0.0,0.0,0.0,0.0,0.0,0.0,0.0,0.0,0.0,0.0,0.0,0.0,0.0,0.0,0.0,0.0,0.0,0.0,0.0,0.0,0.0,678.63335,547.7582008230426,629.7537500000001,653.84305,626.2836500000001,582.5508333333332,584.369,593.26305,633.1466666666668,611.3378000000001,0.0,0.0,0.0,0.0,0.0,0.0,0.0,0.0,0.0,0.0,0.0,0.0,0.0,119.86749999999999,563.3639646090546,187.28311666666664,207.97916666666666,295.95366666666683,320.31811666666664,349.5329166666667,381.01211666666666,419.3747333333334,481.0658333333334,560.9458,586.5529333333333,648.0666666666667,718.1100499999999,770.47025,798.3970833333333,869.7999166666667,784.9049,616.8199999999999,640.7809666666667,712.6722499999998,751.3454166666666,779.3392333333335,814.4053166666667,0.0,0.0,13.619049999999902,0.0,0.0,0.0,0.0,0.0,405.7686000000015,5.236666666666565,0.0,825.7645333333334,836.7683333333333,836.5265166666667,823.9385666666666,813.215,847.8344999999998,755.4689999999999,1450.7816666666668,1440.9393166666669,628.7957333333333,1467.79,1463.9488666666666,633.2945166666667,1458.5516666666667,617.2056666666666,617.62155,1452.0533333333333,959.24855,627.5822499999999,619.6933333333333,66804.23701522633,40047.16181288924
2025-06-06,1440.0668166666667,1437.8412333333335,1459.3316666666665,1449.3709666666668,1439.4194666666667,1011.1854141975307,604.3176500000001,606.0774333333334,1449.0083333333332,630.4100666666667,635.1922166666666,632.4233333333334,615.5782166666667,629.8065333333333,632.4716666666667,613.9734000000001,626.7308666666667,628.1883333333334,632.8126833333333,616.5789,625.6016666666667,620.1176833333334,617.3246166666667,623.64,616.1476166666666,620.2005666666666,631.5850000000002,622.2575666666667,623.3492000000001,625.7683333333333,603.6169166666666,592.9522833333333,558.7112500000001,1329.6915833333333,539.2676833333333,0.0,0.0,0.0,0.0,0.0,0.0,0.0,0.0,0.0,0.0,0.0,0.0,0.0,0.0,0.0,0.0,0.0,0.0,0.0,0.0,0.0,0.0,0.0,0.0,0.0,0.0,0.0,0.0,0.0,0.0,604.6832185185178,719.3936166666667,686.6513,646.27875,661.0388500000001,631.1140166666668,611.0649999999999,584.369,643.4891500000001,642.7675000000002,634.6084333333333,0.0,0.0,0.0,0.0,0.0,0.0,0.0,0.0,0.0,0.0,0.0,0.0,0.0,119.86749999999999,681.7675242798377,187.91544999999996,266.3804166666667,343.81421666666665,348.03323333333344,370.1454166666668,406.6456333333334,465.96878333333336,551.6841666666666,562.8500166666668,627.5458500000001,654.4841666666667,721.1459833333334,771.4455833333335,807.075,872.7343166666668,784.9049,616.8199999999999,640.7809666666667,721.7532333333331,754.0058333333333,809.3936833333333,843.9949,0.0,0.0,17.817433333333383,0.0,0.0,0.0,0.0,0.0,476.811083333334,55.20499999999993,0.0,845.3821,868.66,836.7934166666668,829.6149666666666,839.8299999999999,848.0223666666667,755.4689999999999,1450.7816666666668,1450.73835,645.4818666666666,1485.3033333333333,1466.90825,633.3375166666666,1460.2933333333335,631.9653500000001,632.8526,1459.6783333333333,985.40175,643.5171333333333,619.6933333333333,68577.1909569959,41261.559930230556
2025-06-07,606.7334833333333,604.5079000000001,625.9983333333332,616.0376333333334,606.0861333333334,613.65,604.3176500000001,606.0774333333334,615.675,630.4100666666667,635.1922166666666,632.4233333333334,615.5782166666667,629.8065333333333,632.4716666666667,613.9734000000001,626.7308666666667,628.1883333333334,632.8126833333333,616.5789,625.6016666666667,620.1176833333334,617.3246166666667,623.64,616.1476166666666,620.2005666666666,631.5850000000002,622.2575666666667,623.3492000000001,625.7683333333333,603.6169166666666,592.9522833333333,558.7112500000001,548.0362446502053,539.2676833333333,0.0,0.0,0.0,0.0,0.0,0.0,0.0,0.0,0.0,0.0,0.0,0.0,0.0,0.0,0.0,0.0,0.0,0.0,0.0,0.0,0.0,0.0,0.0,0.0,0.0,0.0,0.0,0.0,0.0,0.0,604.6832185185178,719.3936166666667,686.6513,646.27875,661.0388500000001,631.1140166666668,611.0649999999999,584.369,643.4891500000001,642.7675000000002,634.6084333333333,0.0,0.0,0.0,0.0,0.0,0.0,0.0,0.0,0.0,0.0,0.0,0.0,0.0,119.86749999999999,681.7675242798377,187.91544999999996,266.3804166666667,343.81421666666665,348.03323333333344,370.1454166666668,406.6456333333334,465.96878333333336,551.6841666666666,562.8500166666668,627.5458500000001,654.4841666666667,721.1459833333334,771.4455833333335,807.075,872.7343166666668,784.9049,616.8199999999999,640.7809666666667,721.7532333333331,754.0058333333333,809.3936833333333,843.9949,0.0,0.0,17.817433333333383,0.0,0.0,0.0,0.0,0.0,476.811083333334,55.20499999999993,0.0,845.3821,868.66,836.7934166666668,829.6149666666666,839.8299999999999,848.0223666666667,755.4689999999999,1450.7816666666668,1450.73835,645.4818666666666,1485.3033333333333,1466.90825,633.3375166666666,1460.2933333333335,631.9653500000001,632.8526,1459.6783333333333,985.40175,643.5171333333333,619.6933333333333,62398.00020411523,38668.98737799387
2025-06-08,606.7334833333333,604.5079000000001,625.9983333333332,616.0376333333334,606.0861333333334,613.65,604.3176500000001,606.0774333333334,615.675,630.4100666666667,635.1922166666666,632.4233333333334,615.5782166666667,629.8065333333333,632.4716666666667,613.9734000000001,626.7308666666667,628.1883333333334,632.8126833333333,616.5789,625.6016666666667,620.1176833333334,617.3246166666667,623.64,616.1476166666666,620.2005666666666,631.5850000000002,622.2575666666667,623.3492000000001,625.7683333333333,603.6169166666666,592.9522833333333,558.7112500000001,728.9147835390921,539.2676833333333,0.0,0.0,0.0,0.0,0.0,0.0,0.0,0.0,0.0,0.0,0.0,0.0,0.0,0.0,0.0,0.0,0.0,0.0,0.0,0.0,0.0,0.0,0.0,0.0,0.0,0.0,0.0,0.0,0.0,0.0,604.6832185185178,719.3936166666667,686.6513,646.27875,661.0388500000001,631.1140166666668,611.0649999999999,584.369,643.4891500000001,642.7675000000002,634.6084333333333,0.0,0.0,0.0,0.0,0.0,0.0,0.0,0.0,0.0,0.0,0.0,0.0,0.0,119.86749999999999,681.7675242798377,187.91544999999996,266.3804166666667,343.81421666666665,348.03323333333344,370.1454166666668,406.6456333333334,465.96878333333336,551.6841666666666,562.8500166666668,627.5458500000001,654.4841666666667,721.1459833333334,771.4455833333335,807.075,872.7343166666668,784.9049,616.8199999999999,640.7809666666667,721.7532333333331,754.0058333333333,809.3936833333333,843.9949,0.0,0.0,17.817433333333383,0.0,0.0,0.0,0.0,0.0,476.811083333334,55.20499999999993,0.0,845.3821,868.66,836.7934166666668,829.6149666666666,839.8299999999999,848.0223666666667,755.4689999999999,1450.7816666666668,1450.73835,645.4818666666666,1485.3033333333333,1466.90825,633.3375166666666,1460.2933333333335,631.9653500000001,632.8526,1459.6783333333333,985.40175,643.5171333333333,666.935,62626.12040967078,38756.34811614998
2025-06-09,1509.9376000000002,1511.5184833333333,1488.3083333333334,1486.7382166666666,1484.8573,948.5786493827156,632.2122166666667,613.5707833333333,1447.365,634.8906000000001,650.6849166666667,653.3183333333333,608.94065,629.8065333333333,632.7866666666666,613.9734000000001,630.1415833333333,630.2899999999998,637.1126333333334,621.56555,625.6016666666667,620.1176833333334,617.3246166666667,623.4916666666667,616.8719,620.6654333333333,631.5850000000002,621.4536499999999,623.3492000000001,625.7683333333333,602.3552000000001,592.0905666666666,561.8662500000002,1334.2236166666667,539.2676833333333,0.0,0.0,0.0,0.0,0.0,0.0,0.0,0.0,0.0,0.0,0.0,0.0,0.0,0.0,0.0,0.0,0.0,0.0,0.0,0.0,0.0,0.0,0.0,0.0,0.0,0.0,0.0,0.0,0.0,0.0,712.9533333333334,719.3936166666667,686.6513,629.7537500000001,661.0388500000001,631.1140166666668,623.6225000000002,589.2458333333334,644.1492333333334,648.7429166666668,661.5212,0.0,0.0,0.0,0.0,0.0,0.0,0.0,0.0,0.0,0.0,0.0,0.0,0.0,132.1441666666668,806.8208950617278,231.7812333333333,296.9254166666668,356.2706666666666,394.76443333333344,458.28291666666667,479.5631833333333,517.8343166666667,555.2800000000001,584.0010166666667,646.2523166666667,718.8645833333334,747.0703166666667,790.52185,825.12,936.1002000000001,838.7321,657.8791666666667,667.7141166666665,732.7067166666668,777.7112500000001,809.3936833333333,843.9949,14.795000000000073,17.484566666666638,22.471333333333405,0.0,20.034833333333268,8.996999999999957,10.93333333333328,0.0,550.6022666666659,55.20499999999993,0.0,848.3047333333333,871.6566666666665,840.8868166666666,841.7248666666667,858.3833333333333,873.3184,782.3064166666666,1483.8033333333333,1470.9275666666667,671.9884000000001,1496.8733333333332,1472.9043166666668,637.7304500000001,1461.3416666666667,679.4915500000001,683.8228833333332,1501.5216666666668,993.2695333333334,675.76875,679.115,70462.20892777778,42655.435343884565
2025-06-10,1509.9376000000002,1511.5184833333333,1491.121666666667,1493.1315666666667,1491.5027166666669,649.6283333333333,644.1581166666667,658.0388333333334,1366.302951646091,642.4530166666666,650.6849166666667,653.3183333333333,630.2378666666666,631.9662333333333,632.7866666666666,613.9734000000001,634.4051333333334,649.845,637.1126333333334,621.56555,628.5716666666666,622.5558833333333,618.0069500000001,625.6216666666667,627.4169166666667,620.6654333333333,634.1483333333333,622.7596833333334,624.7980666666666,625.7683333333333,600.1693,592.0905666666666,561.8662500000002,1335.1010666666666,541.7853833333332,0.0,0.0,0.0,0.0,0.0,0.0,0.0,0.0,0.0,0.0,188.279609666665,0.0,0.0,0.0,0.0,0.0,0.0,0.0,0.0,0.0,0.0,0.0,0.0,0.0,0.0,0.0,0.0,0.0,0.0,0.0,742.2804166666667,728.4014166666668,706.5405833333334,646.27875,668.0206500000002,632.6799333333332,642.0733333333335,647.6111666666668,643.4891500000001,642.7675000000002,648.4574833333334,0.0,0.0,0.0,0.0,0.0,0.0,0.0,0.0,0.0,0.0,0.0,0.0,0.0,134.99041666666668,1000.1013102880665,274.6644833333333,324.4895833333333,359.7974000000001,407.3375500000001,480.1358333333332,487.28418333333326,523.0371166666666,581.5129166666667,597.4564166666667,652.2385333333334,725.075,758.7341833333334,794.6486499999999,881.8816666666668,940.8914333333331,859.9920833333332,661.0312499999999,672.9822499999999,746.6468666666666,791.91,822.6774166666667,854.9020333333334,29.37833333333333,43.9384,35.33363333333318,27.096666666666692,20.115999999999985,22.86941666666678,26.958333333333258,42.94729999999993,585.8617833333333,55.246666666666556,22.91280000000006,849.7395499999999,875.15,849.8496,841.7248666666667,873.7266666666667,887.8153166666666,791.7823666666666,1493.975,1495.6645833333332,688.8690833333334,1500.7350000000001,1480.7271500000002,651.7072499999999,1497.5433333333335,679.4915500000001,683.8228833333332,1508.5516666666667,1002.0517333333332,676.9888500000001,687.9200000000001,71496.80887160082,43592.48817063352
2025-06-11,1520.0565000000001,1512.3139666666666,1491.121666666667,1498.9321333333332,1501.31105,655.0699999999999,655.0227333333333,664.34795,1373.199943415637,662.3962666666666,659.3012,654.9133333333334,630.2378666666666,640.82905,657.12,642.9410666666666,634.4051333333334,649.845,637.1126333333334,621.8237833333334,628.5716666666666,623.73715,630.10455,630.4616666666666,627.4169166666667,620.2005666666666,631.5850000000002,624.4470666666667,630.1468833333333,629.2533333333333,600.1693,592.0905666666666,561.975,1335.1010666666666,539.2676833333333,0.0,0.0,0.0,0.0,0.0,0.0,0.0,0.0,0.0,0.0,191.62016666666665,0.0,0.0,0.0,0.0,0.0,0.0,0.0,0.0,0.0,0.0,0.0,0.0,0.0,0.0,0.0,0.0,0.0,0.0,0.0,742.2804166666667,747.7674000000001,718.9800333333335,669.4854166666668,700.4162166666667,668.6259,646.3383333333334,663.1341166666666,644.1492333333334,648.7429166666668,703.05585,259.8886111111101,0.0,0.0,0.0,0.0,0.0,0.0,0.0,0.0,0.0,0.0,0.0,0.0,269.2356738683128,1049.7360500000002,287.07423333333344,344.61625000000004,372.3913333333333,418.9936666666667,496.06749999999994,489.1550166666666,523.44315,584.2574999999999,616.3649,658.6257,728.6150000000001,758.9532833333334,794.8910333333333,894.4799999999998,947.83345,864.3274,664.4174999999999,672.9822499999999,747.3459333333334,794.38125,831.8681499999999,855.6982333333332,30.404999999999973,50.72465,42.835766666666814,27.096666666666692,20.45696666666663,33.5929000000001,40.84999999999991,42.94729999999993,585.8617833333333,67.00333333333333,38.4443500000001,869.80985,878.4783333333332,876.5771,863.6254166666665,873.7266666666667,887.8153166666666,798.5412500000001,1517.2966666666666,1495.7609333333335,688.8690833333334,1500.7350000000001,1492.7275666666667,664.3841,1516.64,689.50045,702.0342999999999,1513.4366666666665,1007.1716333333331,679.9096166666666,695.8816666666667,72730.20909506173,44381.21105916833
2025-06-12,1524.9236333333333,1515.2116833333334,1506.4416666666666,1507.8444833333333,1502.4135833333335,657.42,656.1522833333333,665.9226333333334,1189.440810082303,662.3962666666666,659.3012,661.64,635.1318166666666,640.9735833333333,657.12,642.9410666666666,634.4051333333334,649.845,637.1126333333334,621.8237833333334,628.5716666666666,623.73715,622.8001833333333,625.6216666666667,627.4169166666667,620.2005666666666,631.5850000000002,627.27235,630.3233,629.2533333333333,602.3552000000001,592.0905666666666,561.975,1334.2236166666667,537.7244833333333,0.0,0.0,0.0,0.0,0.0,0.0,0.0,0.0,0.0,0.0,211.50111666666666,0.0,0.0,0.0,0.0,0.0,0.0,0.0,0.0,0.0,0.0,0.0,0.0,0.0,0.0,0.0,0.0,0.0,0.0,0.0,761.5262500000001,755.5604999999999,725.6231833333334,719.38625,720.64275,719.9340166666666,646.3383333333334,671.4698666666667,663.8651500000001,693.1475,725.4643666666668,741.8336166666667,0.0,0.0,0.0,0.0,0.0,0.0,0.0,0.0,0.0,0.0,0.0,0.0,453.1716255144016,1079.0338333333334,297.00131666666664,369.4691666666666,385.4550833333333,467.7662666666667,504.97583333333324,501.58920000000006,534.5422333333332,605.6841666666667,643.7135500000002,669.0220833333333,753.48875,773.0098,814.2437000000001,899.5049999999999,958.5368166666667,864.3274,677.2420833333333,696.5510333333333,761.4057833333333,799.4791666666666,833.2267833333334,856.7185333333333,47.32499999999993,54.34034999999983,56.9930333333333,32.09666666666669,38.621216666666555,34.905700000000024,40.84999999999991,42.94729999999993,585.8617833333333,67.00333333333333,45.314633333333404,873.0685666666667,878.4783333333332,877.6682333333333,875.3083833333333,878.4633333333333,888.00375,820.6146000000001,1521.4183333333335,1503.3850833333336,688.9443333333334,1503.7366666666667,1508.5246333333334,666.0274833333334,1516.64,689.50045,704.1547333333333,1528.1383333333333,1007.1716333333331,679.9096166666666,695.8816666666667,74030.36155226338,45309.26843338522
2025-06-13,1524.9236333333333,1515.2116833333334,1509.2366666666667,1512.38535,1502.7972666666667,657.42,656.1522833333333,677.2466166666667,789.0138166666671,662.3962666666666,659.3012,661.64,635.1318166666666,640.9735833333333,661.5083333333333,642.9410666666666,634.4051333333334,650.8966666666668,637.3295999999999,630.9786333333334,631.855,629.9160833333334,630.10455,630.4616666666666,627.4169166666667,620.2005666666666,631.5850000000002,627.27235,630.3233,629.2533333333333,602.3552000000001,585.62305,558.7112500000001,1334.2236166666667,537.7244833333333,0.0,0.0,0.0,0.0,0.0,0.0,0.0,0.0,0.0,55.0841564999991,211.50111666666666,0.0,0.0,0.0,0.0,0.0,0.0,0.0,0.0,0.0,0.0,0.0,0.0,0.0,0.0,0.0,0.0,0.0,0.0,0.0,764.1325,755.5604999999999,725.6231833333334,746.50875,725.2900166666667,740.2837166666668,654.1795833333334,682.91345,684.5381333333333,693.1475,743.41895,749.8589833333334,0.0,0.0,0.0,0.0,0.0,0.0,0.0,0.0,0.0,0.0,0.0,0.0,729.3416666666674,1112.42365,315.17176666666666,373.93791666666675,426.9677,480.02520000000004,508.55875000000003,541.9518666666667,565.6630166666667,605.6841666666667,675.8542833333333,733.9453666666667,757.4058333333335,793.6034333333334,832.2478166666666,901.4975,968.5318333333332,866.3685999999999,701.2916666666666,700.9703166666666,764.8135833333332,801.7620833333334,833.2267833333334,856.7185333333333,49.59624999999994,54.34034999999983,56.9930333333333,34.57999999999993,38.621216666666555,34.905700000000024,51.46833333333336,50.198499999999854,585.8617833333333,67.00333333333333,45.314633333333404,881.8586666666667,878.7883333333333,881.0525500000001,877.54595,895.9033333333333,890.3811833333333,820.6146000000001,1521.4183333333335,1503.3850833333336,688.9443333333334,1518.3816666666667,1518.8984500000001,666.0274833333334,1516.64,689.50045,704.1547333333333,1528.7,1014.3893333333333,679.9096166666666,695.8816666666667,74590.1787565,45847.27050010693
2025-06-14,691.5903,681.8783500000001,675.9033333333333,679.0520166666666,669.4639333333333,657.42,656.1522833333333,677.2466166666667,661.9566666666666,662.3962666666666,659.3012,661.64,635.1318166666666,640.9735833333333,661.5083333333333,642.9410666666666,634.4051333333334,650.8966666666668,637.3295999999999,630.9786333333334,631.855,629.9160833333334,630.10455,630.4616666666666,627.4169166666667,620.2005666666666,631.5850000000002,627.27235,630.3233,629.2533333333333,602.3552000000001,585.62305,558.7112500000001,500.89028333333334,537.7244833333333,0.0,0.0,0.0,0.0,0.0,0.0,0.0,0.0,0.0,55.0841564999991,211.50111666666666,0.0,0.0,0.0,0.0,0.0,0.0,0.0,0.0,0.0,0.0,0.0,0.0,0.0,0.0,0.0,0.0,0.0,0.0,0.0,764.1325,755.5604999999999,725.6231833333334,746.50875,725.2900166666667,740.2837166666668,654.1795833333334,682.91345,684.5381333333333,693.1475,743.41895,749.8589833333334,0.0,0.0,0.0,0.0,0.0,0.0,0.0,0.0,0.0,0.0,0.0,0.0,729.3416666666674,1112.42365,315.17176666666666,373.93791666666675,426.9677,480.02520000000004,508.55875000000003,541.9518666666667,565.6630166666667,605.6841666666667,675.8542833333333,733.9453666666667,757.4058333333335,793.6034333333334,832.2478166666666,901.4975,968.5318333333332,866.3685999999999,701.2916666666666,700.9703166666666,764.8135833333332,801.7620833333334,833.2267833333334,856.7185333333333,49.59624999999994,54.34034999999983,56.9930333333333,34.57999999999993,38.621216666666555,34.905700000000024,51.46833333333336,50.198499999999854,585.8617833333333,67.00333333333333,45.314633333333404,881.8586666666667,878.7883333333333,881.0525500000001,877.54595,895.9033333333333,890.3811833333333,820.6146000000001,1521.4183333333335,1503.3850833333336,688.9443333333334,1518.3816666666667,1518.8984500000001,666.0274833333334,1516.64,689.50045,704.1547333333333,1528.7,1014.3893333333333,679.9096166666666,695.8816666666667,69463.1216065,43708.0694122886
2025-06-15,691.5903,681.8783500000001,675.9033333333333,679.0520166666666,669.4639333333333,657.42,656.1522833333333,677.2466166666667,661.9566666666666,662.3962666666666,659.3012,661.64,635.1318166666666,640.9735833333333,661.5083333333333,642.9410666666666,634.4051333333334,650.8966666666668,637.3295999999999,630.9786333333334,631.855,629.9160833333334,630.10455,630.4616666666666,627.4169166666667,620.2005666666666,631.5850000000002,627.27235,630.3233,629.2533333333333,602.3552000000001,585.62305,558.7112500000001,500.89028333333334,537.7244833333333,0.0,0.0,0.0,0.0,0.0,0.0,0.0,0.0,0.0,55.0841564999991,211.50111666666666,0.0,0.0,0.0,0.0,0.0,0.0,0.0,0.0,0.0,0.0,0.0,0.0,0.0,0.0,0.0,0.0,0.0,0.0,0.0,764.1325,755.5604999999999,725.6231833333334,746.50875,725.2900166666667,740.2837166666668,654.1795833333334,682.91345,684.5381333333333,693.1475,743.41895,749.8589833333334,0.0,0.0,0.0,0.0,0.0,0.0,0.0,0.0,0.0,0.0,0.0,0.0,729.3416666666674,1112.42365,315.17176666666666,373.93791666666675,426.9677,480.02520000000004,508.55875000000003,541.9518666666667,565.6630166666667,605.6841666666667,675.8542833333333,733.9453666666667,757.4058333333335,793.6034333333334,832.2478166666666,901.4975,968.5318333333332,866.3685999999999,701.2916666666666,700.9703166666666,764.8135833333332,801.7620833333334,833.2267833333334,856.7185333333333,49.59624999999994,54.34034999999983,56.9930333333333,34.57999999999993,38.621216666666555,34.905700000000024,51.46833333333336,50.198499999999854,585.8617833333333,67.00333333333333,45.314633333333404,881.8586666666667,878.7883333333333,881.0525500000001,877.54595,895.9033333333333,890.3811833333333,820.6146000000001,1521.4183333333335,1503.3850833333336,688.9443333333334,1518.3816666666667,1518.8984500000001,666.0274833333334,1516.64,689.50045,704.1547333333333,1528.7,1014.3893333333333,679.9096166666666,695.8816666666667,69463.1216065,43708.0694122886
2025-06-16,1524.9236333333333,1515.2116833333334,1509.2366666666667,1512.38535,1502.7972666666667,657.42,656.1522833333333,677.2466166666667,1088.4281000000005,662.3962666666666,660.1278666666666,661.64,635.1318166666666,640.9735833333333,661.6616666666666,642.9410666666666,634.4051333333334,650.8966666666668,637.3295999999999,630.9786333333334,632.87,629.9160833333334,626.7507833333333,625.6216666666667,627.4169166666667,620.6654333333333,631.1616666666666,627.27235,630.3233,625.7683333333333,599.8000333333333,585.62305,558.7112500000001,1332.9397,537.3344833333334,0.0,0.0,0.0,0.0,0.0,0.0,0.0,0.0,0.0,236.68884966666513,214.92973333333325,0.0,0.0,0.0,0.0,0.0,0.0,0.0,0.0,0.0,0.0,0.0,0.0,0.0,0.0,0.0,0.0,0.0,0.0,0.0,764.16375,769.4071333333335,751.2634500000001,746.5875,801.4790333333334,740.2837166666668,707.0104166666667,690.642,680.9302333333334,709.3491666666666,751.5670666666667,761.7170166666668,0.0,0.0,0.0,0.0,0.0,0.0,0.0,0.0,0.0,0.0,0.0,0.0,1087.5762962962967,1112.42365,315.17176666666666,373.93791666666675,426.9677,480.02520000000004,508.55875000000003,541.9518666666667,565.6630166666667,608.8295833333333,675.8542833333333,733.9453666666667,758.12,793.8274833333334,851.8353999999999,907.61875,968.5318333333332,866.3685999999999,701.2916666666666,700.9703166666666,764.8135833333332,801.7620833333334,839.3143166666666,861.5301166666667,49.59624999999994,54.34034999999983,56.9930333333333,34.57999999999993,38.81894999999997,35.8932166666666,51.46833333333336,50.198499999999854,585.8617833333333,67.00333333333333,45.314633333333404,881.8586666666667,878.7883333333333,881.0525500000001,877.54595,897.4083333333333,892.4801166666667,825.8612666666667,1521.4183333333335,1514.0955166666668,698.279,1518.3816666666667,1527.6095999999998,685.3409666666666,1517.0966666666668,695.9563666666667,1037.4880666666666,1528.7,691.3692166666666,684.6688333333333,695.8816666666667,75748.71706262963,46529.769115229275
2025-06-17,1524.9236333333333,1518.8159166666665,1513.2016666666668,1516.4859833333335,1502.7972666666667,660.58,667.95145,677.3028833333334,751.2458039094635,662.3962666666666,660.1278666666666,661.64,661.0174000000001,648.8869666666667,661.6616666666666,642.9410666666666,634.4051333333334,650.8966666666668,637.3295999999999,630.9786333333334,632.87,631.1019833333334,626.7507833333333,625.6216666666667,627.4169166666667,629.9118,631.1616666666666,627.27235,630.3233,625.7683333333333,599.9302333333333,587.0546666666667,558.7112500000001,1335.1010666666666,537.7244833333333,0.0,0.0,0.0,0.0,0.0,0.0,0.0,0.0,245.62143299999914,291.8354166666667,215.41080000000002,0.0,0.0,0.0,0.0,0.0,0.0,0.0,0.0,0.0,0.0,0.0,0.0,0.0,0.0,0.0,0.0,0.0,0.0,0.0,764.16375,769.4071333333335,751.2634500000001,746.5875,804.8093833333335,753.2786833333333,710.155,691.0318833333334,695.9081666666666,709.3491666666666,755.6789333333334,832.1986666666667,29.683333333333394,0.0,61.7786000000001,72.98374999999987,34.118783333333525,0.0,0.0,0.0,0.0,0.0,0.0,0.0,1096.62375,1175.9751333333334,379.91443333333325,418.2612500000001,443.81818333333337,507.65953333333323,510.92125000000004,548.76215,617.9118833333333,626.8245833333334,684.3861166666666,740.81805,758.12,803.4480500000001,851.8353999999999,907.61875,968.5318333333332,866.3685999999999,701.5524999999999,700.9703166666666,764.8135833333332,801.7620833333334,839.3143166666666,861.5301166666667,49.59624999999994,54.34034999999983,57.88693333333333,42.92000000000007,38.81894999999997,35.8932166666666,53.06499999999994,56.397899999999936,585.8617833333333,57.12333333333322,45.314633333333404,881.9081333333332,883.0283333333333,894.4348000000001,878.7588333333333,897.6366666666667,892.4801166666667,825.8612666666667,1521.4183333333335,1514.0955166666668,698.279,1518.3816666666667,1527.6095999999998,691.3352666666666,1521.6149999999998,695.9563666666667,1037.4880666666666,1528.7,691.3692166666666,684.6688333333333,695.8816666666667,76463.43710357613,47167.03360471046
2025-06-18,1524.9236333333333,1518.8159166666665,1514.935,1516.4859833333335,1509.41045,665.6800000000001,667.95145,677.3028833333334,1050.8775905349805,662.3962666666666,660.1278666666666,661.64,661.0174000000001,648.8869666666667,667.6516666666666,642.9410666666666,634.4051333333334,662.0316666666666,638.7261166666666,630.9786333333334,632.87,631.71815,630.10455,625.6216666666667,627.4169166666667,629.9118,631.1616666666666,627.27235,630.3233,629.6016666666667,602.3552000000001,591.7396000000001,558.7112500000001,1335.1010666666666,537.3344833333334,0.0,0.0,0.0,0.0,0.0,0.0,0.0,6.470085999999412,351.0240666666667,291.8354166666667,215.41080000000002,0.0,0.0,0.0,0.0,0.0,0.0,0.0,0.0,0.0,0.0,0.0,0.0,0.0,0.0,0.0,0.0,0.0,0.0,0.0,771.7775,770.7869666666668,764.2121166666668,754.1824999999999,820.5416,789.9115166666668,718.88625,697.6957666666667,712.9614166666668,723.4183333333334,763.0608333333334,855.5405166666667,48.49708333333334,38.63541666666522,77.96451666666674,76.47749999999996,94.71038333333338,0.0,0.0,0.0,0.0,0.0,0.0,0.0,1096.62375,1175.9751333333334,383.15215,430.02666666666664,446.3583833333334,507.65953333333323,514.2458333333332,553.42255,618.5302833333334,638.28125,684.3861166666666,740.81805,771.5470833333333,803.4480500000001,851.8353999999999,907.61875,968.5318333333332,866.3685999999999,701.5524999999999,700.9703166666666,768.8772333333334,810.8187499999999,841.1168166666666,861.5301166666667,49.59624999999994,54.34034999999983,57.88693333333333,57.72499999999991,40.06483333333324,35.8932166666666,53.06499999999994,56.397899999999936,588.2046499999997,67.03499999999997,45.70308333333321,881.9081333333332,883.0283333333333,894.4348000000001,894.7219499999999,898.1883333333334,892.4801166666667,825.8612666666667,1523.1183333333333,1514.0955166666668,698.279,1518.65,1533.8941166666666,694.7043333333332,1521.6149999999998,705.9581999999999,1051.2790333333335,1528.795,691.3692166666666,684.6688333333333,695.8816666666667,77364.96849320164,47729.14366166778
2025-06-19,1524.9236333333333,1518.8159166666665,1514.9983333333332,1516.4859833333335,1509.41045,665.6800000000001,667.95145,677.3028833333334,738.0540851851902,662.3962666666666,660.1278666666666,663.5616666666666,661.0174000000001,648.8869666666667,667.6516666666666,643.17615,637.85195,662.0316666666666,638.7261166666666,630.9786333333334,632.87,631.71815,630.10455,625.6216666666667,627.4169166666667,629.9118,631.1616666666666,630.6997166666666,642.7892333333333,629.6016666666667,602.3552000000001,591.7396000000001,558.7112500000001,1332.9397,537.3344833333334,0.0,0.0,0.0,0.0,0.0,0.0,0.0,139.40280266666693,356.34231666666653,296.99750000000006,221.17510000000001,0.0,0.0,0.0,0.0,0.0,0.0,0.0,0.0,0.0,0.0,0.0,0.0,0.0,0.0,0.0,0.0,0.0,0.0,0.0,771.7775,778.07025,779.0598333333335,767.5404166666667,820.5416,815.8327333333334,735.1762500000002,702.7762166666669,720.8957166666667,749.3158333333334,778.1096666666667,855.5405166666667,51.22500000000006,38.63541666666522,77.96451666666674,121.73958333333333,121.95874999999994,0.0,0.0,0.0,0.0,0.0,0.0,0.0,1096.62375,1175.9751333333334,383.15215,430.02666666666664,452.11585000000014,511.11285000000004,524.8433333333334,574.5640999999999,620.4999333333333,645.6041666666666,699.8876,744.9953,772.7066666666666,806.3908833333335,851.8353999999999,907.61875,968.5318333333332,870.6842166666667,704.9045833333332,703.7770666666668,769.9113166666666,810.8187499999999,841.1168166666666,861.5301166666667,49.59624999999994,54.34034999999983,57.88693333333333,57.72499999999991,40.06483333333324,35.8932166666666,60.46666666666658,56.397899999999936,588.2046499999997,69.92333333333329,45.70308333333321,881.9081333333332,883.0283333333333,894.4348000000001,894.7219499999999,900.4683333333335,907.9007666666668,825.8612666666667,1523.1183333333333,1514.0955166666668,698.279,1525.58,1536.3859499999999,707.3062166666666,1523.3583333333333,705.9581999999999,1051.2790333333335,1528.795,691.3692166666666,684.6688333333333,695.8816666666667,77564.91053785186,47966.32509682361
2025-06-20,1525.3667833333334,1518.8159166666665,1514.9983333333332,1299.8618938271597,1511.2543,665.6800000000001,667.95145,677.3028833333334,661.9566666666666,662.3962666666666,660.1278666666666,663.5616666666666,666.5478166666667,660.3468666666666,667.6516666666666,648.2750166666666,639.5989666666667,662.0316666666666,638.7261166666666,630.9786333333334,632.87,631.71815,630.10455,625.6216666666667,627.4169166666667,629.9118,631.1616666666666,630.6997166666666,642.7892333333333,632.5833333333334,602.3552000000001,591.7396000000001,558.7112500000001,1332.9397,537.7244833333333,0.0,0.0,0.0,0.0,0.0,0.0,0.0,169.8115026666675,356.34231666666653,296.99750000000006,222.65265,0.0,0.0,0.0,0.0,0.0,0.0,0.0,0.0,0.0,0.0,0.0,0.0,0.0,0.0,0.0,0.0,0.0,0.0,0.0,771.7775,778.07025,779.0598333333335,789.9583333333334,823.9336333333334,815.8327333333334,737.2716666666665,702.7762166666669,720.8957166666667,749.3158333333334,778.1096666666667,855.5405166666667,51.22500000000006,38.63541666666522,77.96451666666674,121.73958333333333,121.95874999999994,0.0,0.0,0.0,0.0,0.0,0.0,0.0,1104.8425000000002,1175.9751333333334,383.15215,430.02666666666664,452.11585000000014,511.11285000000004,524.8579166666666,593.4449000000001,631.95865,645.6041666666666,699.8876,744.9953,772.7066666666666,806.3908833333335,851.8353999999999,907.61875,970.4444166666666,878.08775,704.9045833333332,703.7770666666668,774.3861666666667,816.9291666666667,841.1168166666666,861.5301166666667,49.59624999999994,58.116016666666724,64.31661666666673,64.49833333333322,40.06483333333324,35.8932166666666,60.46666666666658,56.397899999999936,588.2046499999997,69.92333333333329,45.70308333333321,890.2785333333334,887.8333333333334,894.6217833333334,894.7219499999999,900.4683333333335,907.9007666666668,825.8612666666667,1523.1183333333333,1514.0955166666668,698.279,1525.58,1536.3859499999999,707.3062166666666,1523.3583333333333,710.6883500000001,1051.2790333333335,1528.795,691.3692166666666,684.6688333333333,695.8816666666667,77455.0209631605,47986.75870645249
2025-06-21,692.0334500000001,685.4825833333332,681.6649999999998,683.15265,677.9209666666667,665.6800000000001,667.95145,677.3028833333334,661.9566666666666,662.3962666666666,660.1278666666666,663.5616666666666,666.5478166666667,660.3468666666666,667.6516666666666,648.2750166666666,639.5989666666667,662.0316666666666,638.7261166666666,630.9786333333334,632.87,631.71815,630.10455,625.6216666666667,627.4169166666667,629.9118,631.1616666666666,630.6997166666666,642.7892333333333,632.5833333333334,602.3552000000001,591.7396000000001,558.7112500000001,499.60636666666664,537.7244833333333,0.0,0.0,0.0,0.0,0.0,0.0,0.0,169.8115026666675,356.34231666666653,296.99750000000006,222.65265,0.0,0.0,0.0,0.0,0.0,0.0,0.0,0.0,0.0,0.0,0.0,0.0,0.0,0.0,0.0,0.0,0.0,0.0,0.0,771.7775,778.07025,779.0598333333335,789.9583333333334,823.9336333333334,815.8327333333334,737.2716666666665,702.7762166666669,720.8957166666667,749.3158333333334,778.1096666666667,855.5405166666667,51.22500000000006,38.63541666666522,77.96451666666674,121.73958333333333,121.95874999999994,0.0,0.0,0.0,0.0,0.0,0.0,0.0,1104.8425000000002,1175.9751333333334,383.15215,430.02666666666664,452.11585000000014,511.11285000000004,524.8579166666666,593.4449000000001,631.95865,645.6041666666666,699.8876,744.9953,772.7066666666666,806.3908833333335,851.8353999999999,907.61875,970.4444166666666,878.08775,704.9045833333332,703.7770666666668,774.3861666666667,816.9291666666667,841.1168166666666,861.5301166666667,49.59624999999994,58.116016666666724,64.31661666666673,64.49833333333322,40.06483333333324,35.8932166666666,60.46666666666658,56.397899999999936,588.2046499999997,69.92333333333329,45.70308333333321,890.2785333333334,887.8333333333334,894.6217833333334,894.7219499999999,900.4683333333335,907.9007666666668,825.8612666666667,1523.1183333333333,1514.0955166666668,698.279,1525.58,1536.3859499999999,707.3062166666666,1523.3583333333333,710.6883500000001,1051.2790333333335,1528.795,691.3692166666666,684.6688333333333,695.8816666666667,72671.64505266666,45994.4671841562
2025-06-22,692.0334500000001,685.4825833333332,681.6649999999998,683.15265,677.9209666666667,665.6800000000001,667.95145,677.3028833333334,661.9566666666666,662.3962666666666,660.1278666666666,663.5616666666666,666.5478166666667,660.3468666666666,667.6516666666666,648.2750166666666,639.5989666666667,662.0316666666666,638.7261166666666,630.9786333333334,632.87,631.71815,630.10455,625.6216666666667,627.4169166666667,629.9118,631.1616666666666,630.6997166666666,642.7892333333333,632.5833333333334,602.3552000000001,591.7396000000001,558.7112500000001,499.60636666666664,537.7244833333333,0.0,0.0,0.0,0.0,0.0,0.0,0.0,169.8115026666675,356.34231666666653,296.99750000000006,222.65265,0.0,0.0,0.0,0.0,0.0,0.0,0.0,0.0,0.0,0.0,0.0,0.0,0.0,0.0,0.0,0.0,0.0,0.0,0.0,771.7775,778.07025,779.0598333333335,789.9583333333334,823.9336333333334,815.8327333333334,737.2716666666665,702.7762166666669,720.8957166666667,749.3158333333334,778.1096666666667,855.5405166666667,51.22500000000006,38.63541666666522,77.96451666666674,121.73958333333333,121.95874999999994,0.0,0.0,0.0,0.0,0.0,0.0,0.0,1104.8425000000002,1175.9751333333334,383.15215,430.02666666666664,452.11585000000014,511.11285000000004,524.8579166666666,593.4449000000001,631.95865,645.6041666666666,699.8876,744.9953,772.7066666666666,806.3908833333335,851.8353999999999,907.61875,970.4444166666666,878.08775,704.9045833333332,703.7770666666668,774.3861666666667,816.9291666666667,841.1168166666666,861.5301166666667,49.59624999999994,58.116016666666724,64.31661666666673,64.49833333333322,40.06483333333324,35.8932166666666,60.46666666666658,56.397899999999936,588.2046499999997,69.92333333333329,45.70308333333321,890.2785333333334,887.8333333333334,894.6217833333334,894.7219499999999,900.4683333333335,907.9007666666668,825.8612666666667,1523.1183333333333,1514.0955166666668,698.279,1525.58,1536.3859499999999,707.3062166666666,1523.3583333333333,710.6883500000001,1051.2790333333335,1528.795,691.3692166666666,684.6688333333333,695.8816666666667,72671.64505266666,45994.4671841562
2025-06-23,1528.9724333333334,1523.24745,1514.9983333333332,1407.200475308642,1511.2543,667.5133333333334,668.21555,679.2388833333333,661.9566666666666,662.3962666666666,660.1278666666666,663.5616666666666,666.5478166666667,660.3468666666666,667.6516666666666,648.7099,644.07835,662.0316666666666,638.7261166666666,630.9786333333334,632.87,631.71815,630.10455,625.6216666666667,623.1493833333334,629.9118,631.1616666666666,630.6997166666666,642.7892333333333,632.5833333333334,601.1187166666666,591.7396000000001,558.7112500000001,1332.9397,537.7244833333333,0.0,0.0,0.0,0.0,0.0,0.0,0.0,169.8115026666675,356.34231666666653,296.99750000000006,222.65265,0.0,0.0,0.0,0.0,0.0,0.0,0.0,0.0,0.0,0.0,0.0,0.0,0.0,0.0,0.0,0.0,0.0,0.0,0.0,771.7775,778.07025,779.0598333333335,791.8575000000001,823.9336333333334,815.8327333333334,737.7366666666667,721.1199166666668,738.4393666666667,749.3158333333334,778.1096666666667,855.5405166666667,51.22500000000006,66.84983333333336,89.3165166666666,121.73958333333333,134.30894999999995,0.0,0.0,0.0,0.0,0.0,0.0,0.0,1134.2854166666668,1175.9751333333334,438.9698866255121,430.02666666666664,452.11585000000014,511.11285000000004,524.8579166666666,593.4449000000001,631.95865,645.6041666666666,699.8876,744.9953,772.7066666666666,806.3908833333335,851.8353999999999,907.61875,970.4444166666666,878.08775,704.9045833333332,703.7770666666668,774.3861666666667,816.9291666666667,841.1168166666666,861.5301166666667,49.59624999999994,58.116016666666724,64.31661666666673,64.49833333333322,49.49958333333336,47.49059999999986,60.46666666666658,56.397899999999936,588.2046499999997,69.92333333333329,49.10626666666667,890.9200333333333,887.8333333333334,894.6217833333334,894.7219499999999,900.4683333333335,912.7835833333334,825.9281333333333,1523.1183333333333,1514.0955166666668,698.279,1525.58,1543.4129166666667,707.7038166666666,1523.3583333333333,710.6883500000001,717.9457000000001,1528.795,1034.4037166666667,690.6554166666666,695.8816666666667,77802.40801460082,48207.773455620685
2025-06-24,1528.9724333333334,1523.24745,1530.9616666666668,1274.2185275720165,1511.2543,667.5133333333334,668.21555,679.2388833333333,661.9566666666666,662.3962666666666,660.1278666666666,663.5616666666666,666.5478166666667,660.3468666666666,668.1816666666667,648.7099,644.07835,662.0316666666666,639.9395333333333,632.4596666666667,634.7166666666667,631.71815,630.10455,630.4616666666666,623.1493833333334,629.9118,631.5850000000002,630.6997166666666,642.7892333333333,632.5833333333334,599.9302333333333,587.0546666666667,558.7112500000001,1332.9397,537.7244833333333,0.0,0.0,0.0,0.0,0.0,0.0,0.0,160.71248916666732,356.34231666666653,296.99750000000006,222.65265,0.0,0.0,0.0,0.0,0.0,0.0,0.0,0.0,0.0,0.0,0.0,0.0,0.0,0.0,0.0,0.0,0.0,0.0,0.0,764.16375,770.7869666666668,779.0598333333335,791.8575000000001,823.9336333333334,815.8327333333334,737.7366666666667,721.1199166666668,738.4393666666667,749.3158333333334,778.1096666666667,855.5405166666667,51.22500000000006,66.84983333333336,89.3165166666666,121.73958333333333,152.52401666666674,0.0,0.0,0.0,0.0,0.0,0.0,0.0,1134.2854166666668,1175.9751333333334,589.181018312757,430.02666666666664,452.11585000000014,511.11285000000004,524.8579166666666,593.4449000000001,631.95865,661.9491666666668,699.8876,744.9953,772.7066666666666,806.3908833333335,851.8353999999999,907.61875,970.4444166666666,878.08775,704.9045833333332,703.7770666666668,774.3861666666667,816.9291666666667,842.4924833333333,861.5301166666667,49.59624999999994,58.116016666666724,64.31661666666673,64.49833333333322,49.49958333333336,47.49059999999986,62.57333333333315,56.397899999999936,588.2046499999997,69.92333333333329,57.77130000000011,892.5533833333333,887.8333333333334,894.6217833333334,894.7219499999999,901.4416666666667,912.7835833333334,825.9281333333333,1523.1183333333333,1520.7163333333333,702.1676333333332,1525.58,1543.4129166666667,707.7038166666666,1523.3583333333333,710.6883500000001,717.9457000000001,1528.795,1034.4037166666667,690.6554166666666,695.8816666666667,77875.88908505144,48307.415026910414
2025-06-25,1528.9724333333334,1523.24745,1530.9616666666668,1516.4859833333335,1511.2543,667.5133333333334,668.21555,681.4616166666667,804.3662485596707,667.0765666666667,662.4948,675.2966666666667,666.5478166666667,660.3468666666666,668.1816666666667,648.7099,644.07835,662.0316666666666,639.9395333333333,632.4596666666667,634.7166666666667,631.71815,630.10455,625.6216666666667,623.1493833333334,629.9118,631.5850000000002,630.6997166666666,642.7892333333333,632.5833333333334,601.1187166666666,587.0546666666667,558.7112500000001,1332.9397,541.81385,0.0,0.0,0.0,0.0,0.0,0.0,186.06988333333462,378.95923333333326,356.34231666666653,306.8604166666667,230.00483333333335,0.0,0.0,0.0,0.0,0.0,0.0,0.0,0.0,0.0,0.0,0.0,0.0,0.0,0.0,0.0,0.0,0.0,0.0,0.0,771.7775,778.07025,801.4743666666668,807.5658333333334,828.2862166666666,819.9261666666666,740.0825000000002,730.0911166666667,739.9547666666667,771.1720833333334,785.2144666666667,855.5405166666667,51.22500000000006,66.84983333333336,96.87886666666661,132.0024999999999,155.97329999999997,0.0,0.0,0.0,0.0,0.0,0.0,0.0,1141.3675,1201.8220000000001,678.3053907407418,435.62958333333336,480.4626333333333,511.11285000000004,529.3341666666666,597.6036666666666,644.3620333333333,662.5258333333334,699.8876,744.9953,772.7066666666666,806.3908833333335,851.8353999999999,916.2079166666667,970.4444166666666,878.08775,711.7983333333334,704.93795,774.3861666666667,816.9291666666667,842.4924833333333,861.5301166666667,49.59624999999994,58.116016666666724,64.31661666666673,66.48166666666668,49.49958333333336,47.49059999999986,62.57333333333315,56.397899999999936,588.2046499999997,69.92333333333329,60.32146666666665,893.0629166666665,901.735,896.7107333333333,900.1747,901.4416666666667,912.7835833333334,825.9281333333333,1523.1183333333333,1521.1825166666667,702.1676333333332,1525.58,1543.4129166666667,707.7038166666666,1523.3583333333333,710.6883500000001,717.9457000000001,1531.1599999999999,1034.4037166666667,690.6554166666666,698.5183333333333,79054.29075596709,49069.734793521275
2025-06-26,1528.9724333333334,1523.24745,1530.9616666666668,1174.128801440328,1511.2543,667.5133333333334,668.21555,681.4616166666667,671.08,667.0765666666667,662.4948,675.2966666666667,666.5478166666667,660.3468666666666,668.1816666666667,648.7099,645.59495,662.0316666666666,639.9395333333333,632.4596666666667,634.7166666666667,631.71815,626.7507833333333,625.6216666666667,623.1493833333334,629.9118,631.5850000000002,630.6997166666666,642.7892333333333,632.5833333333334,601.1187166666666,587.0546666666667,558.7112500000001,1332.9397,541.81385,0.0,0.0,0.0,0.0,0.0,0.0,264.5777166666684,378.95923333333326,356.34231666666653,306.8604166666667,230.00483333333335,0.0,0.0,0.0,0.0,0.0,0.0,0.0,0.0,0.0,0.0,0.0,0.0,0.0,0.0,0.0,0.0,0.0,0.0,4.655283333333348,796.3020833333334,797.1400666666666,818.9597166666666,847.6579166666668,833.3885666666667,819.9261666666666,743.605,730.0911166666667,739.9547666666667,771.1720833333334,785.2144666666667,855.5405166666667,51.22500000000006,66.84983333333336,96.87886666666661,132.0024999999999,155.97329999999997,0.0,0.0,0.0,0.0,0.0,0.0,0.0,1141.3675,1201.8220000000001,710.8458022633748,435.62958333333336,480.4626333333333,511.11285000000004,529.3341666666666,597.6036666666666,644.3620333333333,662.5258333333334,699.8876,744.9953,772.7066666666666,806.3908833333335,851.8353999999999,916.2079166666667,970.4444166666666,878.08775,711.7983333333334,704.93795,774.3861666666667,816.9291666666667,842.4924833333333,863.7057666666666,49.59624999999994,58.116016666666724,64.31661666666673,66.48166666666668,49.49958333333336,47.49059999999986,62.57333333333315,68.66756666666674,588.2046499999997,69.92333333333329,60.32146666666665,893.0629166666665,901.735,896.7107333333333,900.1747,901.4416666666667,917.9915,826.1575166666667,1547.3716666666667,1521.1825166666667,702.1676333333332,1525.58,1543.4129166666667,709.5640333333334,1527.4783333333335,710.6883500000001,717.9457000000001,1531.1599999999999,1034.4037166666667,690.6554166666666,698.5183333333333,78852.42653703704,49049.04227265212
2025-06-27,1529.1261166666666,1526.8221,1530.9616666666668,1177.189464609054,1511.2543,667.5133333333334,668.21555,681.4616166666667,671.08,667.3008833333333,667.60135,675.2966666666667,666.5478166666667,660.3468666666666,668.1816666666667,648.7099,645.7106166666667,662.0316666666666,639.9395333333333,632.4596666666667,634.7166666666667,631.71815,626.7507833333333,625.6216666666667,623.1493833333334,629.9118,630.5433333333334,630.6997166666666,642.7892333333333,632.5833333333334,601.1187166666666,587.0546666666667,558.7112500000001,1332.9397,541.81385,0.0,0.0,0.0,0.0,0.0,0.0,305.9092000000014,378.95923333333326,356.34231666666653,306.8604166666667,230.00483333333335,0.0,0.0,0.0,0.0,0.0,0.0,0.0,0.0,0.0,0.0,0.0,0.0,0.0,0.0,0.0,0.0,0.0,0.0,4.655283333333348,851.8162500000001,797.1400666666666,818.9597166666666,847.6579166666668,833.3885666666667,819.9261666666666,743.605,730.0911166666667,739.9547666666667,771.1720833333334,785.2144666666667,855.5405166666667,51.22500000000006,66.84983333333336,96.87886666666661,132.0024999999999,155.97329999999997,0.0,0.0,0.0,0.0,0.0,0.0,0.0,1141.3675,1201.8220000000001,710.8458022633748,435.62958333333336,480.4626333333333,511.11285000000004,529.3341666666666,597.6036666666666,644.3620333333333,662.5258333333334,699.8876,744.9953,775.5929166666666,809.4383500000001,851.8353999999999,916.2079166666667,970.4444166666666,878.08775,711.7983333333334,704.93795,774.3861666666667,816.9291666666667,842.4924833333333,863.7057666666666,49.59624999999994,60.34370000000001,67.8651166666665,66.48166666666668,50.67329999999981,51.72356666666667,62.57333333333315,68.66756666666674,588.2046499999997,69.92333333333329,60.32146666666665,893.0629166666665,901.735,896.7107333333333,900.1747,904.5283333333333,918.0532499999998,832.856,1547.3716666666667,1521.1825166666667,702.1676333333332,1530.5783333333334,1543.4129166666667,709.5640333333334,1528.795,710.6883500000001,717.9457000000001,1531.1599999999999,1036.8654833333335,690.6554166666666,698.5183333333333,78996.20630020577,49148.660331591134
2025-06-28,695.7927833333332,693.4887666666667,697.6283333333334,683.15265,677.9209666666667,667.5133333333334,668.21555,681.4616166666667,671.08,667.3008833333333,667.60135,675.2966666666667,666.5478166666667,660.3468666666666,668.1816666666667,648.7099,645.7106166666667,662.0316666666666,639.9395333333333,632.4596666666667,634.7166666666667,631.71815,626.7507833333333,625.6216666666667,623.1493833333334,629.9118,630.5433333333334,630.6997166666666,642.7892333333333,632.5833333333334,601.1187166666666,587.0546666666667,558.7112500000001,499.60636666666664,541.81385,0.0,0.0,0.0,0.0,0.0,0.0,305.9092000000014,378.95923333333326,356.34231666666653,306.8604166666667,230.00483333333335,0.0,0.0,0.0,0.0,0.0,0.0,0.0,0.0,0.0,0.0,0.0,0.0,0.0,0.0,0.0,0.0,0.0,0.0,4.655283333333348,851.8162500000001,797.1400666666666,818.9597166666666,847.6579166666668,833.3885666666667,819.9261666666666,743.605,730.0911166666667,739.9547666666667,771.1720833333334,785.2144666666667,855.5405166666667,51.22500000000006,66.84983333333336,96.87886666666661,132.0024999999999,155.97329999999997,0.0,0.0,0.0,0.0,0.0,0.0,0.0,1141.3675,1201.8220000000001,710.8458022633748,435.62958333333336,480.4626333333333,511.11285000000004,529.3341666666666,597.6036666666666,644.3620333333333,662.5258333333334,699.8876,744.9953,775.5929166666666,809.4383500000001,851.8353999999999,916.2079166666667,970.4444166666666,878.08775,711.7983333333334,704.93795,774.3861666666667,816.9291666666667,842.4924833333333,863.7057666666666,49.59624999999994,60.34370000000001,67.8651166666665,66.48166666666668,50.67329999999981,51.72356666666667,62.57333333333315,68.66756666666674,588.2046499999997,69.92333333333329,60.32146666666665,893.0629166666665,901.735,896.7107333333333,900.1747,904.5283333333333,918.0532499999998,832.856,1547.3716666666667,1521.1825166666667,702.1676333333332,1530.5783333333334,1543.4129166666667,709.5640333333334,1528.795,710.6883500000001,1051.2790333333335,1531.1599999999999,703.5321500000001,690.6554166666666,698.5183333333333,74335.50281893005,47208.77447105681
2025-06-29,695.7927833333332,693.4887666666667,697.6283333333334,683.15265,677.9209666666667,667.5133333333334,668.21555,681.4616166666667,671.08,667.3008833333333,667.60135,675.2966666666667,666.5478166666667,660.3468666666666,668.1816666666667,648.7099,645.7106166666667,662.0316666666666,639.9395333333333,632.4596666666667,634.7166666666667,631.71815,626.7507833333333,625.6216666666667,623.1493833333334,629.9118,630.5433333333334,630.6997166666666,642.7892333333333,632.5833333333334,601.1187166666666,587.0546666666667,558.7112500000001,499.60636666666664,541.81385,0.0,0.0,0.0,0.0,0.0,0.0,305.9092000000014,378.95923333333326,356.34231666666653,306.8604166666667,230.00483333333335,0.0,0.0,0.0,0.0,0.0,0.0,0.0,0.0,0.0,0.0,0.0,0.0,0.0,0.0,0.0,0.0,0.0,0.0,4.655283333333348,851.8162500000001,797.1400666666666,818.9597166666666,847.6579166666668,833.3885666666667,819.9261666666666,743.605,730.0911166666667,739.9547666666667,771.1720833333334,785.2144666666667,855.5405166666667,51.22500000000006,66.84983333333336,96.87886666666661,132.0024999999999,155.97329999999997,0.0,0.0,0.0,0.0,0.0,0.0,0.0,1141.3675,1201.8220000000001,710.8458022633748,435.62958333333336,480.4626333333333,511.11285000000004,529.3341666666666,597.6036666666666,644.3620333333333,662.5258333333334,699.8876,744.9953,775.5929166666666,809.4383500000001,851.8353999999999,916.2079166666667,970.4444166666666,878.08775,711.7983333333334,704.93795,774.3861666666667,816.9291666666667,842.4924833333333,863.7057666666666,49.59624999999994,60.34370000000001,67.8651166666665,66.48166666666668,50.67329999999981,51.72356666666667,62.57333333333315,68.66756666666674,588.2046499999997,69.92333333333329,60.32146666666665,893.0629166666665,901.735,896.7107333333333,900.1747,904.5283333333333,918.0532499999998,832.856,1547.3716666666667,1521.1825166666667,702.1676333333332,1530.5783333333334,1543.4129166666667,709.5640333333334,1528.795,710.6883500000001,1051.2790333333335,1531.1599999999999,703.5321500000001,690.6554166666666,695.8816666666667,74332.86615226338,47207.647032390145
2025-06-30,1529.1261166666666,1526.8221,1530.9616666666668,981.9855808641971,1509.41045,667.0399999999998,668.21555,681.4616166666667,661.9566666666666,667.3008833333333,667.60135,675.2966666666667,661.0174000000001,660.3468666666666,668.1816666666667,648.7099,645.7106166666667,654.76,638.7261166666666,632.4596666666667,634.7166666666667,631.71815,626.7507833333333,625.6216666666667,633.0228,631.84095,630.5433333333334,630.6997166666666,642.7892333333333,632.5833333333334,601.1187166666666,587.0546666666667,558.7112500000001,1332.9397,541.81385,0.0,0.0,0.0,0.0,0.0,0.0,229.55361666666758,385.92881666666665,358.1631666666666,310.94624999999996,242.00096666666664,0.0,0.0,0.0,0.0,0.0,0.0,0.0,0.0,0.0,0.0,0.0,0.0,0.0,0.0,0.0,0.0,0.0,0.0,0.0,796.3020833333334,778.07025,801.4743666666668,807.5658333333334,837.6748000000001,819.9261666666666,743.605,730.0911166666667,745.2962166666666,786.6150000000001,789.4890833333334,855.5405166666667,66.54666666666678,66.84983333333336,96.87886666666661,132.0024999999999,155.97329999999997,0.0,0.0,0.0,0.0,0.0,0.0,0.0,1141.3675,1201.8220000000001,710.8458022633748,435.62958333333336,480.4626333333333,511.11285000000004,529.3341666666666,597.6036666666666,644.3620333333333,677.0429166666667,699.8876,740.81805,775.5929166666666,809.4383500000001,851.8353999999999,916.2079166666667,970.4444166666666,878.08775,711.7983333333334,704.93795,774.3861666666667,817.54625,841.1168166666666,861.5301166666667,47.32499999999993,60.34370000000001,64.31661666666673,64.49833333333322,50.67329999999981,51.72356666666667,60.46666666666658,56.397899999999936,587.0484166666665,67.03499999999997,60.32146666666665,893.0629166666665,887.8333333333334,894.6217833333334,900.1747,904.5283333333333,918.0532499999998,833.44855,1547.3716666666667,1520.7163333333333,698.279,1530.5783333333334,1543.4129166666667,709.5640333333334,1528.795,710.6883500000001,713.8163999999999,1528.795,1034.4037166666667,690.6554166666666,695.8816666666667,78593.5519664609,48920.16206301533
2025-07-01,1528.9724333333334,1526.8221,1530.9616666666668,1324.286135185184,1509.41045,667.0399999999998,667.95145,681.4616166666667,660.8583333333333,667.0765666666667,662.4948,675.2966666666667,660.5796333333333,640.9735833333333,668.1816666666667,648.7099,645.7106166666667,654.76,638.7261166666666,629.4186166666666,634.7166666666667,631.71815,626.7507833333333,630.4616666666666,633.0228,629.9118,620.2283333333332,630.6997166666666,641.4854666666666,632.5833333333334,601.1187166666666,585.62305,552.4966666666667,1332.9397,541.81385,0.0,0.0,0.0,0.0,0.0,0.0,323.93143333333296,389.7958,358.4402833333334,326.8041666666667,254.79860000000002,0.0,0.0,0.0,0.0,0.0,0.0,0.0,0.0,0.0,0.0,0.0,0.0,0.0,0.0,0.0,0.0,0.0,0.0,0.0,796.3020833333334,778.07025,801.4743666666668,807.5658333333334,837.6748000000001,819.9261666666666,749.3366666666666,731.5656666666667,746.4784666666668,786.9895833333334,793.1589666666667,855.5405166666667,66.54666666666678,62.12228333333329,89.3165166666666,132.0024999999999,155.97329999999997,0.0,0.0,0.0,0.0,0.0,0.0,0.0,1141.3675,1175.9751333333334,688.7433022633747,435.62958333333336,482.49978333333337,511.11285000000004,524.8579166666666,597.6036666666666,633.2981833333334,662.5258333333334,697.5024833333334,733.9453666666667,771.5470833333333,806.3908833333335,851.5055333333332,916.2079166666667,970.4444166666666,878.08775,704.9045833333332,703.7770666666668,773.1762500000002,816.9291666666667,841.1106333333335,861.5301166666667,49.59624999999994,60.34370000000001,64.31661666666673,61.79333333333341,53.93393333333347,51.72356666666667,54.868333333333226,52.53106666666656,587.0484166666665,67.03499999999997,60.32146666666665,893.0629166666665,887.8333333333334,894.4348000000001,896.4684500000001,904.5283333333333,918.0532499999998,833.44855,1535.3083333333334,1517.6992,692.9793333333333,1534.2399999999998,1543.4129166666667,712.9437166666667,1530.92,705.9581999999999,704.1547333333333,1528.795,1034.4037166666667,690.9432833333334,700.1033333333332,78882.95405411522,49037.964917712925
2025-07-02,1532.3413333333333,1526.8221,1534.1016666666667,1520.9448833333333,1511.2543,1458.3841967078204,693.0835666666667,684.9268833333334,1494.1916666666666,667.0765666666667,667.60135,683.6700000000001,661.0174000000001,662.5232666666667,670.9533333333333,651.2212833333334,645.7106166666667,654.76,639.9395333333333,632.4596666666667,646.215,631.71815,633.5779500000001,630.6733333333334,633.0228,631.84095,630.5433333333334,633.5879166666667,642.7892333333333,637.5470833333333,602.8931833333334,585.62305,552.4966666666667,1337.4097833333333,541.81385,0.0,0.0,0.0,0.0,0.0,0.0,351.61563333333424,389.7958,358.4402833333334,328.34999999999985,254.79860000000002,0.0,0.0,0.0,0.0,0.0,0.0,0.0,0.0,0.0,0.0,0.0,0.0,0.0,0.0,0.0,0.0,0.0,0.0,0.0,803.3349999999999,783.0853333333334,801.4743666666668,807.5658333333334,837.6748000000001,819.9261666666666,763.20375,731.5656666666667,746.4784666666668,786.9895833333334,793.1589666666667,855.5405166666667,66.54666666666678,62.12228333333329,89.3165166666666,132.0024999999999,155.97329999999997,0.0,0.0,0.0,0.0,0.0,0.0,0.0,1154.8679166666668,1201.8220000000001,710.8458022633748,446.0595833333334,482.49978333333337,511.11285000000004,524.8579166666666,597.6036666666666,633.2981833333334,662.5258333333334,699.8876,740.81805,771.6854166666667,809.4383500000001,851.8353999999999,916.9658333333333,976.6004666666666,878.08775,704.9045833333332,703.7770666666668,773.1762500000002,816.9291666666667,841.1106333333335,861.5301166666667,49.59624999999994,65.41386666666654,67.8651166666665,64.49833333333322,53.93393333333347,51.72356666666667,60.46666666666658,56.397899999999936,588.2046499999997,67.03499999999997,64.56794999999988,895.7098333333332,901.735,894.6217833333334,900.1747,910.5816666666666,918.0532499999998,833.44855,1535.3083333333334,1517.6992,692.9793333333333,1539.1866666666665,1544.4592833333334,713.2219499999999,1534.8933333333334,705.9581999999999,713.8163999999999,1531.1599999999999,1036.8654833333335,692.2119500000001,701.815,81059.5392989712,50050.16258280778
2025-07-03,1533.03365,1527.6304666666667,1534.1016666666667,1520.9448833333333,1517.2965833333333,1480.0167584362125,693.0835666666667,684.9268833333334,1494.1916666666666,667.3008833333333,669.0465833333333,683.6700000000001,661.0174000000001,662.5232666666667,672.5433333333334,657.9743833333334,645.7831166666667,667.075,640.0804666666667,632.4596666666667,654.035,631.71815,633.5779500000001,632.1383333333334,633.0228,631.84095,630.5433333333334,634.0897833333333,642.7892333333333,637.5470833333333,602.8931833333334,585.62305,552.4966666666667,1340.7891,546.9241166666667,0.0,0.0,0.0,0.0,0.0,0.0,360.37563333333446,389.7958,358.4402833333334,328.34999999999985,254.79860000000002,0.0,0.0,0.0,0.0,0.0,0.0,0.0,0.0,0.0,0.0,0.0,0.0,0.0,0.0,0.0,0.0,0.0,0.0,0.0,803.3349999999999,783.0853333333334,801.4743666666668,807.5658333333334,837.6748000000001,819.9261666666666,763.20375,731.5656666666667,746.4784666666668,786.6150000000001,793.1589666666667,855.5405166666667,51.22500000000006,29.160000000000007,89.3165166666666,132.0024999999999,155.97329999999997,0.0,0.0,0.0,0.0,0.0,0.0,0.0,1154.8679166666668,1201.8220000000001,710.8458022633748,446.0595833333334,482.49978333333337,511.11285000000004,529.3341666666666,609.5126666666667,644.3620333333333,662.5258333333334,706.3209999999999,744.9953,775.5929166666666,828.2717666666667,853.0429833333334,923.02625,968.5318333333332,878.08775,711.7983333333334,707.1943000000002,779.8957833333333,819.8379166666667,841.1168166666666,863.7057666666666,55.566666666666606,73.86618333333342,69.58126666666658,66.48166666666668,55.338116666666565,51.72356666666667,62.57333333333315,70.32254999999998,588.2046499999997,69.92333333333329,64.56794999999988,897.1687166666668,903.2399999999999,896.7107333333333,900.1747,916.1649999999998,919.36285,850.5879,1547.3716666666667,1520.7163333333333,702.1676333333332,1541.1316666666667,1544.4592833333334,713.2219499999999,1534.8933333333334,705.9581999999999,713.8163999999999,1533.3966666666668,1038.41445,701.3006499999999,702.5,81279.05922736626,50221.38003609173
2025-07-04,1538.4532333333334,1528.9893833333335,1543.6216666666667,1526.5485,1525.25605,1122.658878189302,697.5630166666667,688.3032,1494.1916666666666,667.3008833333333,675.5910333333334,684.3883333333334,661.0174000000001,662.5232666666667,678.225,662.3186333333334,645.7831166666667,667.075,640.0804666666667,632.4596666666667,654.4300000000001,638.7528833333333,642.4667166666666,632.1383333333334,633.0228,644.0034166666667,634.4433333333333,637.0691,642.8611999999999,637.5470833333333,602.8931833333334,585.62305,552.4966666666667,1340.7891,548.51175,0.0,0.0,0.0,0.0,0.0,0.0,363.78835000000277,385.92881666666665,358.4402833333334,330.2675,257.83650000000006,0.0,0.0,0.0,0.0,0.0,0.0,0.0,0.0,0.0,0.0,0.0,0.0,0.0,0.0,0.0,0.0,0.0,0.0,0.0,803.3349999999999,797.1400666666666,806.2189000000001,807.5658333333334,842.6215666666667,823.2117166666667,767.0520833333334,731.5656666666667,746.4784666666668,786.6150000000001,793.1589666666667,855.5405166666667,51.22500000000006,29.160000000000007,89.3165166666666,132.0024999999999,155.97329999999997,0.0,0.0,0.0,0.0,0.0,0.0,0.0,1147.3708333333334,1189.5406833333334,729.1446705761315,454.6050000000001,452.11585000000014,509.01621666666665,529.3341666666666,609.5126666666667,644.3620333333333,677.0429166666667,710.9031666666667,749.3284,775.6600000000001,840.9027833333333,866.0920499999999,927.0345833333334,976.6004666666666,879.6292833333333,714.2591666666666,708.1102833333334,780.3170000000001,827.6845833333333,842.6681166666666,871.9109166666666,55.566666666666606,73.86618333333342,90.22818333333328,73.46999999999991,57.46316666666678,53.71238333333338,64.2783333333332,70.32254999999998,588.2046499999997,81.10166666666657,67.55083333333334,899.9490499999998,926.6416666666667,914.2744500000001,909.9530833333333,916.3866666666667,925.51445,852.23005,1552.1750000000002,1520.7163333333333,702.4917999999999,1554.1,1544.4592833333334,713.2219499999999,1537.9433333333334,710.6883500000001,717.9457000000001,1540.9066666666668,1038.41445,709.0149166666667,702.5,81262.2772154321,50335.300096718915
2025-07-05,705.1199,971.577930246915,710.2883333333333,693.2151666666667,691.9227166666666,693.4833333333333,697.5630166666667,688.3032,660.8583333333333,667.3008833333333,675.5910333333334,684.3883333333334,661.0174000000001,662.5232666666667,678.225,662.3186333333334,645.7831166666667,667.075,640.0804666666667,632.4596666666667,654.4300000000001,638.7528833333333,642.4667166666666,632.1383333333334,633.0228,644.0034166666667,634.4433333333333,637.0691,642.8611999999999,637.5470833333333,602.8931833333334,585.62305,552.4966666666667,1340.7891,548.51175,0.0,0.0,0.0,0.0,0.0,0.0,363.78835000000277,385.92881666666665,358.4402833333334,330.2675,257.83650000000006,0.0,0.0,0.0,0.0,0.0,0.0,0.0,0.0,0.0,0.0,0.0,0.0,0.0,0.0,0.0,0.0,0.0,0.0,0.0,803.3349999999999,797.1400666666666,806.2189000000001,807.5658333333334,842.6215666666667,823.2117166666667,767.0520833333334,731.5656666666667,746.4784666666668,786.6150000000001,793.1589666666667,855.5405166666667,51.22500000000006,29.160000000000007,89.3165166666666,132.0024999999999,155.97329999999997,0.0,0.0,0.0,0.0,0.0,0.0,0.0,1147.3708333333334,1189.5406833333334,729.1446705761315,454.6050000000001,452.11585000000014,509.01621666666665,529.3341666666666,609.5126666666667,644.3620333333333,677.0429166666667,710.9031666666667,749.3284,775.6600000000001,840.9027833333333,866.0920499999999,927.0345833333334,976.6004666666666,879.6292833333333,714.2591666666666,708.1102833333334,780.3170000000001,827.6845833333333,842.6681166666666,871.9109166666666,55.566666666666606,73.86618333333342,90.22818333333328,73.46999999999991,57.46316666666678,53.71238333333338,64.2783333333332,70.32254999999998,588.2046499999997,81.10166666666657,67.55083333333334,899.9490499999998,926.6416666666667,914.2744500000001,909.9530833333333,916.3866666666667,925.51445,852.23005,1552.1750000000002,1520.7163333333333,702.4917999999999,1554.1,1544.4592833333334,713.2219499999999,1537.9433333333334,710.6883500000001,717.9457000000001,1540.9066666666668,1038.41445,709.0149166666667,702.5,76109.02355082305,48136.527213912945
2025-07-06,705.1199,881.5345224279819,710.2883333333333,693.2151666666667,691.9227166666666,693.4833333333333,697.5630166666667,688.3032,660.8583333333333,667.3008833333333,675.5910333333334,684.3883333333334,661.0174000000001,662.5232666666667,678.225,662.3186333333334,645.7831166666667,667.075,640.0804666666667,632.4596666666667,654.4300000000001,638.7528833333333,642.4667166666666,632.1383333333334,633.0228,644.0034166666667,634.4433333333333,637.0691,642.8611999999999,637.5470833333333,602.8931833333334,585.62305,552.4966666666667,1340.7891,548.51175,0.0,0.0,0.0,0.0,0.0,0.0,363.78835000000277,385.92881666666665,358.4402833333334,330.2675,257.83650000000006,0.0,0.0,0.0,0.0,0.0,0.0,0.0,0.0,0.0,0.0,0.0,0.0,0.0,0.0,0.0,0.0,0.0,0.0,0.0,803.3349999999999,797.1400666666666,806.2189000000001,807.5658333333334,842.6215666666667,823.2117166666667,767.0520833333334,731.5656666666667,746.4784666666668,786.6150000000001,793.1589666666667,855.5405166666667,51.22500000000006,29.160000000000007,89.3165166666666,132.0024999999999,155.97329999999997,0.0,0.0,0.0,0.0,0.0,0.0,0.0,1147.3708333333334,1189.5406833333334,729.1446705761315,454.6050000000001,452.11585000000014,509.01621666666665,529.3341666666666,609.5126666666667,644.3620333333333,677.0429166666667,710.9031666666667,749.3284,775.6600000000001,840.9027833333333,866.0920499999999,927.0345833333334,976.6004666666666,879.6292833333333,714.2591666666666,708.1102833333334,780.3170000000001,827.6845833333333,842.6681166666666,871.9109166666666,55.566666666666606,73.86618333333342,90.22818333333328,73.46999999999991,57.46316666666678,53.71238333333338,64.2783333333332,70.32254999999998,588.2046499999997,81.10166666666657,67.55083333333334,899.9490499999998,926.6416666666667,914.2744500000001,909.9530833333333,916.3866666666667,925.51445,852.23005,1552.1750000000002,1520.7163333333333,702.4917999999999,1554.1,1544.4592833333334,713.2219499999999,1537.9433333333334,710.6883500000001,717.9457000000001,1540.9066666666668,1038.41445,709.0149166666667,702.66,76019.14014300412,48098.37220329381
2025-07-07,1540.3254833333335,1537.5727333333334,1544.0583333333334,1533.4495666666667,1534.5450666666668,1314.5238993827143,698.4274833333334,694.5942,1537.7600000000002,677.8017500000001,686.3312333333332,709.5916666666667,666.89175,667.0961666666667,678.225,674.6642833333334,654.0471333333334,668.6766666666666,640.6064833333332,642.8127999999999,667.2216666666667,641.4369833333333,647.4927166666665,640.6,633.0228,644.0034166666667,634.5316666666666,650.8775,645.6016999999999,656.37125,605.8790166666666,587.0546666666667,552.4966666666667,1340.7891,552.1209833333334,0.0,0.0,0.0,0.0,0.0,0.0,383.59236666666834,385.76566666666673,358.4402833333334,330.2675,257.83650000000006,0.0,0.0,0.0,0.0,0.0,0.0,0.0,0.0,0.0,0.0,0.0,0.0,0.0,0.0,0.0,0.0,0.0,0.0,0.0,803.3349999999999,797.1400666666666,806.2189000000001,807.5658333333334,842.6215666666667,823.2117166666667,767.0520833333334,731.5656666666667,746.4784666666668,786.6150000000001,793.1589666666667,855.5405166666667,57.08041666666668,58.372616666666694,89.3165166666666,132.0024999999999,155.97329999999997,0.0,0.0,0.0,0.0,0.0,0.0,0.0,1154.8679166666668,1200.19465,807.9649174897122,456.97874999999993,482.49978333333337,511.11285000000004,536.7775,616.7838333333333,647.23215,682.7274999999998,711.0554666666667,752.0069833333333,784.1920833333334,842.3084666666667,884.8163499999999,929.8050000000001,980.40825,887.6134999999999,719.0158333333334,715.2883,789.6577,847.44,854.7369166666666,875.3264833333335,66.74375000000009,73.86618333333342,97.59426666666673,94.995,57.70483333333334,59.844949999999926,64.2783333333332,70.32254999999998,588.2046499999997,101.67666666666673,80.93073333333325,900.7919166666667,928.035,914.2744500000001,911.0494833333335,916.8916666666667,931.1088,852.8915333333333,1565.7066666666665,1521.1825166666667,702.4917999999999,1558.6416666666667,1544.7318666666665,713.6075999999999,1542.1433333333334,707.1767166666667,1054.9781833333334,1543.2283333333335,744.24055,711.2888500000001,703.6716666666666,82165.7589835391,50946.755800169485
2025-07-08,1548.9787166666665,1564.74225,1553.585,1565.7908166666666,1538.4482166666667,1315.5439637860054,704.2615666666667,703.4799666666665,1548.7883333333334,679.28635,695.5509000000001,712.45,703.7929333333334,667.1083833333333,686.7583333333333,677.46925,677.8734333333334,671.1033333333332,659.6489333333334,651.5901166666666,670.865,664.9639666666666,648.0964666666666,640.6,633.0228,645.0201333333333,642.8466666666667,650.8775,657.849,665.5216666666668,637.2998166666667,591.7396000000001,562.81,1366.8215166666666,569.8011333333332,0.0,0.0,0.0,0.0,0.0,0.0,339.0114500000015,369.44985,358.1631666666666,330.2675,257.83650000000006,0.0,0.0,0.0,0.0,0.0,0.0,0.0,0.0,0.0,0.0,0.0,0.0,0.0,0.0,0.0,0.0,0.0,0.0,0.0,803.3349999999999,783.0853333333334,806.2189000000001,807.5658333333334,842.6215666666667,823.2117166666667,767.0520833333334,731.5656666666667,746.4784666666668,786.6150000000001,793.1589666666667,855.5405166666667,57.08041666666668,58.372616666666694,89.3165166666666,121.73958333333333,152.52401666666674,0.0,0.0,0.0,0.0,0.0,0.0,0.0,1154.8679166666668,1200.19465,807.9649174897122,456.97874999999993,482.49978333333337,511.11285000000004,536.7775,616.7838333333333,647.23215,682.7274999999998,711.0554666666667,749.3284,784.1920833333334,842.3084666666667,884.0870833333332,927.0345833333334,976.6004666666666,879.6292833333333,719.2233333333334,718.7025333333332,815.8897333333334,850.9766666666667,867.0693333333334,875.3264833333335,66.74375000000009,97.93671666666648,113.85474999999985,104.0100000000001,68.95598333333328,62.38596666666672,71.12333333333322,84.20084999999995,588.2046499999997,101.67666666666673,83.07068333333336,925.6035833333334,938.6283333333334,918.7262999999999,912.3182,924.11,944.5775666666667,871.6625833333333,1573.1816666666668,1529.8312,706.9709666666665,1567.845,1566.6487000000002,715.6982166666666,1558.0366666666669,710.6883500000001,1079.2561166666667,1566.1083333333333,747.8468833333333,711.2888500000001,773.8133333333334,82838.16469794238,51356.92637149296
2025-07-09,1579.4934333333333,1578.8203,1592.3600000000001,1570.6813833333335,1542.6646,1045.2618798353883,721.3856000000001,731.6358833333335,1552.9666666666667,754.0283666666667,749.6243,721.0616666666666,736.7118166666667,725.8781999999999,685.0383333333333,697.1904833333333,697.3756,706.535,691.1407999999999,685.5810166666668,691.2266666666667,681.8643333333333,691.3081166666666,661.91,658.1223166666666,653.35085,682.1,672.8896833333333,688.423,671.245,651.0192666666667,611.7592666666667,575.0220833333333,1381.8042500000001,588.4638333333334,0.0,0.0,0.0,0.0,0.0,0.0,356.55536666666615,378.94668333333345,358.4402833333334,341.7491666666666,257.83650000000006,0.0,0.0,0.0,0.0,0.0,0.0,0.0,0.0,0.0,0.0,0.0,0.0,0.0,0.0,0.0,0.0,0.0,0.0,0.0,803.3349999999999,783.0853333333334,788.4050666666667,805.42625,837.6748000000001,819.9261666666666,763.20375,731.5656666666667,746.4784666666668,749.3158333333334,793.1589666666667,855.5405166666667,57.08041666666668,58.372616666666694,89.3165166666666,121.73958333333333,152.52401666666674,0.0,0.0,0.0,0.0,0.0,0.0,0.0,1154.8679166666668,1200.7761333333333,807.9649174897122,456.97874999999993,482.49978333333337,511.11285000000004,536.7775,616.7838333333333,647.3132,682.8379166666667,711.0554666666667,749.3284,794.2783333333333,850.8784833333334,884.8163499999999,929.8050000000001,976.6004666666666,887.6134999999999,720.3529166666667,741.3237000000001,819.3553666666667,859.70125,878.2974666666668,916.93195,100.56083333333322,133.50593333333325,113.85474999999985,112.64333333333332,82.03898333333325,128.4422333333332,117.72166666666669,130.67493333333323,666.6976666666667,152.0766666666666,146.36293333333322,962.9106499999999,938.6283333333334,967.6100333333333,962.0931833333333,948.1383333333334,976.3137666666667,902.2514166666666,1586.2483333333332,1593.4546666666665,776.3887166666667,1596.9816666666666,1590.1736,766.5577,1569.895,724.9692833333334,1083.57765,1566.1083333333333,756.25175,720.1345833333332,779.9783333333332,84447.11768065844,52681.229679181786
2025-07-10,1579.4934333333333,1578.8203,1624.1666666666667,1580.7109333333333,1584.4364333333333,738.6883333333334,756.4802666666667,745.1753666666666,1450.2013788065847,755.50525,773.2301166666667,733.4383333333334,736.7118166666667,725.8781999999999,704.6833333333333,709.3941166666666,731.8032,706.6266666666668,723.4384666666666,685.5810166666668,691.2266666666667,689.37745,695.6112333333333,710.6383333333334,704.54405,701.80795,699.69,690.5024333333334,696.9583333333334,680.1933333333333,669.9292999999999,623.9089333333334,592.5995833333333,1389.2871333333333,600.1928833333333,0.0,0.0,0.0,0.0,0.0,0.0,125.04918816666799,369.44985,358.1631666666666,330.2675,256.10974999999996,0.0,0.0,0.0,0.0,0.0,0.0,0.0,0.0,0.0,0.0,0.0,0.0,0.0,0.0,0.0,0.0,0.0,0.0,0.0,803.3349999999999,783.0853333333334,788.4050666666667,805.42625,837.6748000000001,819.9261666666666,763.20375,731.5656666666667,746.4784666666668,742.4204166666667,785.2144666666667,843.9926833333333,51.22500000000006,29.160000000000007,56.44281666666666,105.58500000000004,136.8667833333334,0.0,0.0,0.0,0.0,0.0,0.0,0.0,1147.3708333333334,1200.19465,663.6616386831265,454.6050000000001,460.64738333333327,509.01621666666665,536.7775,616.7838333333333,647.3132,684.3083333333333,711.1484,749.3284,802.5775,842.3084666666667,884.0870833333332,929.8050000000001,981.7150166666667,888.3320999999999,725.5970833333334,749.4129833333333,826.9437166666667,880.57875,911.8997833333332,939.5157833333334,123.77666666666664,133.50593333333325,114.86270000000002,114.9083333333333,110.92151666666655,128.4422333333332,142.62999999999988,138.64025000000015,666.6976666666667,158.33833333333325,152.0668333333332,978.5154,939.1716666666666,971.6105166666665,966.4265666666666,964.7533333333334,993.6868,902.2514166666666,1586.2483333333332,1595.0624833333331,802.2668666666667,1623.6366666666668,1600.3781166666668,766.5577,1575.0333333333333,754.1675833333334,1098.1467166666666,1587.1783333333333,768.0433666666667,758.2007833333334,779.9783333333332,84470.01180565638,52708.47513368705
2025-07-11,1579.4934333333333,1596.6442333333334,1625.8066666666668,1593.1955333333335,1584.4364333333333,747.6866666666666,756.4802666666667,745.1753666666666,1184.6076997942396,755.50525,773.2301166666667,745.3350000000002,752.1910666666665,749.33535,707.5566666666667,719.5762833333333,743.0625666666667,708.2800000000001,724.8035,697.4345166666667,702.0450000000001,696.5135999999999,695.6112333333333,710.6383333333334,704.54405,703.2219,700.5016666666668,706.7898,703.6123666666667,685.1883333333334,682.5407833333334,637.9964833333335,592.5995833333333,1391.1522,604.5717833333333,0.0,0.0,0.0,0.0,0.0,0.0,107.60380483333239,369.44985,356.34231666666653,330.2675,256.10974999999996,0.0,0.0,0.0,0.0,0.0,0.0,0.0,0.0,0.0,0.0,0.0,0.0,0.0,0.0,0.0,0.0,0.0,0.0,0.0,803.3349999999999,783.0853333333334,788.4050666666667,805.42625,828.2862166666666,815.8327333333334,763.20375,730.0911166666667,746.4784666666668,742.4204166666667,785.2144666666667,807.7242833333333,34.433749999999996,21.650766666666794,55.48243333333327,102.36458333333333,134.30894999999995,0.0,0.0,0.0,0.0,0.0,0.0,0.0,1141.3675,1189.5406833333334,565.7151026748961,435.62958333333336,460.64738333333327,509.01621666666665,536.7775,609.5126666666667,647.3132,684.3083333333333,711.1484,766.4325666666666,810.3904166666666,850.8784833333334,884.8163499999999,932.0683333333333,1002.3067166666666,907.59365,744.0775,749.99375,839.7504666666667,880.57875,911.8997833333332,946.8382833333333,133.90999999999997,135.38291666666657,129.97309999999993,122.07833333333338,120.37329999999997,128.4422333333332,148.6716666666665,138.64025000000015,671.7029499999999,160.3166666666666,157.3071666666666,982.3745333333333,966.8466666666667,971.6105166666665,966.4265666666666,990.1949999999999,995.1114333333334,907.4063833333333,1596.1083333333333,1598.7596833333334,802.2668666666667,1623.6366666666668,1639.3980499999998,768.9296833333333,1576.5683333333334,773.11165,1107.5517833333333,1587.1783333333333,768.0433666666667,758.2007833333334,779.9783333333332,84499.98370730247,52818.56685794386
2025-07-12,746.1600999999999,763.3109,792.4733333333334,759.8622,751.1031,747.6866666666666,756.4802666666667,745.1753666666666,736.0783333333334,755.50525,773.2301166666667,745.3350000000002,752.1910666666665,749.33535,707.5566666666667,719.5762833333333,743.0625666666667,708.2800000000001,724.8035,697.4345166666667,702.0450000000001,696.5135999999999,695.6112333333333,710.6383333333334,704.54405,703.2219,700.5016666666668,706.7898,703.6123666666667,685.1883333333334,682.5407833333334,637.9964833333335,592.5995833333333,557.8188666666666,604.5717833333333,0.0,0.0,0.0,0.0,0.0,0.0,107.60380483333239,369.44985,356.34231666666653,330.2675,256.10974999999996,0.0,0.0,0.0,0.0,0.0,0.0,0.0,0.0,0.0,0.0,0.0,0.0,0.0,0.0,0.0,0.0,0.0,0.0,0.0,803.3349999999999,783.0853333333334,788.4050666666667,805.42625,828.2862166666666,815.8327333333334,763.20375,730.0911166666667,746.4784666666668,742.4204166666667,785.2144666666667,807.7242833333333,34.433749999999996,21.650766666666794,55.48243333333327,102.36458333333333,134.30894999999995,0.0,0.0,0.0,0.0,0.0,0.0,0.0,1141.3675,1189.5406833333334,565.7151026748961,435.62958333333336,460.64738333333327,509.01621666666665,536.7775,609.5126666666667,647.3132,684.3083333333333,711.1484,766.4325666666666,810.3904166666666,850.8784833333334,884.8163499999999,932.0683333333333,1002.3067166666666,907.59365,744.0775,749.99375,839.7504666666667,880.57875,911.8997833333332,946.8382833333333,133.90999999999997,135.38291666666657,129.97309999999993,122.07833333333338,120.37329999999997,128.4422333333332,148.6716666666665,138.64025000000015,671.7029499999999,160.3166666666666,157.3071666666666,982.3745333333333,966.8466666666667,971.6105166666665,966.4265666666666,990.1949999999999,995.1114333333334,907.4063833333333,1596.1083333333333,1598.7596833333334,802.2668666666667,1623.6366666666668,1639.3980499999998,768.9296833333333,1576.5683333333334,773.11165,1107.5517833333333,1587.1783333333333,768.0433666666667,758.2007833333334,779.9783333333332,79051.45434084156,50541.8078087019
2025-07-13,746.1600999999999,763.3109,792.4733333333334,759.8622,751.1031,747.6866666666666,756.4802666666667,745.1753666666666,736.0783333333334,755.50525,773.2301166666667,745.3350000000002,752.1910666666665,749.33535,707.5566666666667,719.5762833333333,743.0625666666667,708.2800000000001,724.8035,697.4345166666667,702.0450000000001,696.5135999999999,695.6112333333333,710.6383333333334,704.54405,703.2219,700.5016666666668,706.7898,703.6123666666667,685.1883333333334,682.5407833333334,637.9964833333335,592.5995833333333,557.8188666666666,604.5717833333333,0.0,0.0,0.0,0.0,0.0,0.0,107.60380483333239,369.44985,356.34231666666653,330.2675,256.10974999999996,0.0,0.0,0.0,0.0,0.0,0.0,0.0,0.0,0.0,0.0,0.0,0.0,0.0,0.0,0.0,0.0,0.0,0.0,0.0,803.3349999999999,783.0853333333334,788.4050666666667,805.42625,828.2862166666666,815.8327333333334,763.20375,730.0911166666667,746.4784666666668,742.4204166666667,785.2144666666667,807.7242833333333,34.433749999999996,21.650766666666794,55.48243333333327,102.36458333333333,134.30894999999995,0.0,0.0,0.0,0.0,0.0,0.0,0.0,1141.3675,1189.5406833333334,565.7151026748961,435.62958333333336,460.64738333333327,509.01621666666665,536.7775,609.5126666666667,647.3132,684.3083333333333,711.1484,766.4325666666666,810.3904166666666,850.8784833333334,884.8163499999999,932.0683333333333,1002.3067166666666,907.59365,744.0775,749.99375,839.7504666666667,880.57875,911.8997833333332,946.8382833333333,133.90999999999997,135.38291666666657,129.97309999999993,122.07833333333338,120.37329999999997,128.4422333333332,148.6716666666665,138.64025000000015,671.7029499999999,160.3166666666666,157.3071666666666,982.3745333333333,966.8466666666667,971.6105166666665,966.4265666666666,990.1949999999999,995.1114333333334,907.4063833333333,1596.1083333333333,1598.7596833333334,802.2668666666667,1623.6366666666668,1639.3980499999998,768.9296833333333,1576.5683333333334,773.11165,1107.5517833333333,1587.1783333333333,768.0433666666667,758.2007833333334,779.9783333333332,79051.45434084156,50541.8078087019
2025-07-14,1586.7396,1603.6411833333332,1625.8066666666668,1603.7726,1591.0231666666668,754.9266666666667,756.4802666666667,756.6695166666667,1247.4368670781896,755.50525,773.2301166666667,751.4133333333333,752.1910666666665,749.33535,710.7100000000002,719.6300666666666,743.0625666666667,708.2800000000001,724.8035,709.6984,703.15,715.3312000000001,705.7592500000002,710.7716666666668,705.2811166666667,703.2219,700.5016666666668,706.7898,711.2725833333334,703.2,682.5407833333334,637.9964833333335,592.5995833333333,1391.1522,604.5717833333333,0.0,0.0,0.0,0.0,0.0,0.0,18.39330983333491,372.52871666666664,356.34231666666653,330.2675,256.10974999999996,0.0,0.0,0.0,0.0,0.0,0.0,0.0,0.0,0.0,0.0,0.0,0.0,0.0,0.0,0.0,0.0,0.0,0.0,0.0,797.13625,778.07025,779.6812333333335,798.7041666666668,828.2862166666666,815.8327333333334,763.20375,730.0911166666667,746.4784666666668,742.4204166666667,778.1096666666667,791.0784000000001,34.433749999999996,18.865116666666683,11.757433333333362,97.2554166666667,121.95874999999994,0.0,0.0,0.0,0.0,0.0,0.0,0.0,1141.3675,1189.5406833333334,559.7467899176969,435.62958333333336,460.64738333333327,509.01621666666665,536.7775,609.5126666666667,647.3132,684.3083333333333,711.1484,766.4325666666666,810.3904166666666,850.8784833333334,884.8163499999999,932.6904166666667,1016.1375,912.0985833333332,748.1345833333336,760.47345,840.82805,885.3908333333334,915.6019166666666,946.8382833333333,133.90999999999997,146.27291666666667,141.18951666666658,130.47666666666657,132.00694999999996,130.25118333333353,152.82999999999993,141.1832333333333,671.7029499999999,160.3166666666666,157.76999999999987,986.2773333333333,978.1216666666666,977.96725,971.2587,990.1949999999999,995.1114333333334,907.4063833333333,1607.5466666666666,1617.3113,802.2668666666667,1623.6366666666668,1639.3980499999998,778.1287,1578.14,773.11165,1107.5517833333333,1613.6366666666668,775.3262,767.6793333333334,779.9783333333332,84689.18068349588,52923.67855023979
2025-07-15,1600.8148333333334,1606.4135833333335,1625.8066666666668,1607.3688000000002,1594.0175833333333,755.3466666666667,757.1735666666667,756.6695166666667,1127.2689917695452,766.4814,774.8911666666667,751.4133333333333,752.1910666666665,749.33535,714.7766666666666,719.6300666666666,743.0625666666667,727.375,725.6905666666667,710.9186666666666,705.105,719.1305666666666,716.7273666666666,710.7716666666668,705.2811166666667,703.2219,700.5016666666668,706.7898,711.2725833333334,703.2,683.3626333333334,647.0440666666666,598.815,1391.1522,600.1928833333333,0.0,0.0,0.0,0.0,0.0,0.0,0.0,349.4979764999999,343.14883333333336,330.2675,256.10974999999996,0.0,0.0,0.0,0.0,0.0,0.0,0.0,0.0,0.0,0.0,0.0,0.0,0.0,0.0,0.0,0.0,0.0,0.0,0.0,797.13625,778.07025,779.6812333333335,798.7041666666668,828.2862166666666,814.8867833333334,763.20375,721.1199166666668,746.4784666666668,742.4204166666667,701.54495,756.7234333333333,6.102083333333364,11.311433333333298,11.757433333333362,97.2554166666667,121.95874999999994,0.0,0.0,0.0,0.0,0.0,0.0,0.0,1132.37625,1163.4275833333334,452.9873763374505,424.3812500000001,452.11585000000014,509.01621666666665,536.7775,609.5126666666667,647.3132,684.3083333333333,711.1484,766.4325666666666,810.3904166666666,850.8784833333334,891.3067833333334,932.6904166666667,1016.1375,944.1618666666667,750.1133333333332,765.9748333333334,847.7383166666666,885.3908333333334,917.5382000000001,947.47455,136.31833333333327,146.27291666666667,141.18951666666658,133.16333333333318,143.18301666666662,151.9308666666666,158.63666666666654,142.38316666666663,674.9772999999998,160.3166666666666,157.76999999999987,988.9903333333333,989.0666666666667,983.2018833333333,982.62515,992.1933333333333,995.1114333333334,907.4063833333333,1614.13,1617.3113,802.2668666666667,1624.9250000000002,1639.3980499999998,780.2230333333333,1582.3400000000001,779.1107833333334,1107.5517833333333,1613.6366666666668,775.3262,767.6793333333334,780.9616666666667,84444.06989460699,52832.88659991306
2025-07-16,1611.6500666666666,1606.4135833333335,1625.8066666666668,1607.54925,1598.9522666666667,755.3466666666667,757.1735666666667,756.6695166666667,993.3959399176944,766.4814,774.8911666666667,757.41,763.5088833333333,749.3763666666667,726.3733333333332,724.7733833333333,743.0625666666667,727.375,730.1769666666665,716.4564666666666,727.8883333333334,719.1305666666666,716.7273666666666,711.0983333333334,705.2811166666667,703.2219,700.5016666666668,708.0991833333333,711.2725833333334,703.2,683.3626333333334,654.0082,604.12625,1391.1522,600.1928833333333,0.0,0.0,0.0,0.0,0.0,0.0,0.0,344.5905618333337,343.14883333333336,330.2675,256.10974999999996,0.0,0.0,0.0,0.0,0.0,0.0,0.0,0.0,0.0,0.0,0.0,0.0,0.0,0.0,0.0,0.0,0.0,0.0,0.0,742.2333333333333,736.1970166666667,779.6812333333335,798.1354166666667,822.6247666666667,811.7433833333333,763.20375,713.2780666666666,746.4784666666668,742.4204166666667,701.54495,756.7234333333333,0.0,0.0,0.0,21.627750000000653,0.0,0.0,0.0,0.0,0.0,0.0,0.0,0.0,1132.37625,1163.4275833333334,359.29873333333336,403.64000000000004,452.11585000000014,509.01621666666665,529.3341666666666,597.7177166666665,647.23215,682.8379166666667,711.1484,766.4325666666666,810.3904166666666,850.8784833333334,894.08465,941.3224999999999,1020.1229499999998,944.1618666666667,759.8066666666667,776.7529833333333,852.5624,892.7958333333333,917.7695666666666,953.2706,150.67833333333328,157.56723333333332,141.3758499999998,140.87999999999988,149.17246666666676,151.9308666666666,158.63666666666654,142.38316666666663,674.9772999999998,160.3166666666666,157.76999999999987,988.9903333333333,989.0666666666667,983.2018833333333,984.9263833333333,992.8366666666667,1000.3924499999999,924.2582000000001,1618.3316666666665,1617.3113,802.2668666666667,1624.9250000000002,1639.3980499999998,802.5701000000001,1619.7016666666668,779.1107833333334,1107.5517833333333,1613.8333333333335,775.3262,767.6793333333334,780.9616666666667,84108.94025175103,52628.814715027984
2025-07-17,1611.6500666666666,1606.4135833333335,1625.8066666666668,1607.54925,1598.9522666666667,755.3466666666667,757.1735666666667,756.6695166666667,861.3921399176941,766.4814,774.8911666666667,759.3,765.97975,753.4945666666667,727.4383333333334,729.0698666666667,743.0625666666667,727.375,730.1769666666665,716.4564666666666,727.8883333333334,726.5730666666666,718.9324166666667,711.0983333333334,719.3462166666667,704.2111666666666,704.1283333333334,710.6529666666667,711.2725833333334,703.2,684.4726833333334,657.0120833333334,606.0491666666666,1391.1522,604.5717833333333,0.0,0.0,0.0,0.0,0.0,0.0,0.0,240.66769349999944,340.6786833333334,310.94624999999996,254.63821666666664,0.0,0.0,0.0,0.0,0.0,0.0,0.0,0.0,0.0,0.0,0.0,0.0,0.0,0.0,0.0,0.0,0.0,0.0,0.0,742.2333333333333,725.8872666666668,758.6278500000001,798.1354166666667,822.6247666666667,788.8371,749.3366666666666,706.4043999999999,679.8941,712.97,688.1676,755.7160166666667,0.0,0.0,0.0,0.0,0.0,0.0,0.0,0.0,0.0,0.0,0.0,0.0,1121.6852397119342,1182.9917833333334,369.57660000000004,424.3812500000001,460.64738333333327,503.6834,536.7775,597.7177166666665,647.23215,684.3083333333333,711.1484,766.4325666666666,810.3904166666666,850.8784833333334,894.08465,957.1741666666666,1021.9706833333332,954.1505833333333,759.8066666666667,776.7529833333333,859.9294999999998,896.6204166666666,917.7695666666666,953.2706,160.74833333333322,157.56723333333332,141.3758499999998,140.87999999999988,149.17246666666676,151.9308666666666,158.63666666666654,149.04629999999997,676.2372999999998,160.3166666666666,157.76999999999987,988.9903333333333,989.0666666666667,983.2018833333333,984.9263833333333,992.8366666666667,1000.3924499999999,924.2582000000001,1619.5833333333335,1620.3273666666669,806.9572499999999,1626.1033333333335,1639.3980499999998,802.5701000000001,1623.8616666666667,779.8826166666665,1107.5517833333333,1613.8333333333335,777.1347000000001,775.2163999999999,780.9616666666667,83831.12340646297,52506.35051353248
2025-07-18,1617.9237,1607.1344333333334,1625.8066666666668,1607.54925,1601.9041833333335,762.6616666666667,771.7524,757.74145,988.4775343621405,766.4814,774.8911666666667,765.9683333333335,765.97975,753.4945666666667,729.5550000000001,729.0698666666667,743.0625666666667,727.375,730.1769666666665,716.4564666666666,727.8883333333334,736.5783333333334,724.7759333333332,714.0183333333333,721.2674333333333,708.96285,704.1283333333334,710.6529666666667,714.0266333333334,710.75,684.4726833333334,657.0120833333334,606.0491666666666,1391.1522,604.5717833333333,0.0,0.0,0.0,0.0,0.0,0.0,0.0,255.2452934999988,340.6786833333334,310.94624999999996,254.63821666666664,0.0,0.0,0.0,0.0,0.0,0.0,0.0,0.0,0.0,0.0,0.0,0.0,0.0,0.0,0.0,0.0,0.0,0.0,0.0,742.2333333333333,725.8872666666668,758.6278500000001,798.1354166666667,807.9364666666668,770.7845833333333,749.3366666666666,706.4043999999999,679.8941,712.97,688.1676,755.7160166666667,0.0,0.0,0.0,0.0,0.0,0.0,0.0,0.0,0.0,0.0,0.0,0.0,1121.6852397119342,1182.9917833333334,369.57660000000004,424.3812500000001,460.64738333333327,480.6345833333333,529.3341666666666,597.6036666666666,647.23215,695.2045833333335,714.5174833333333,781.14795,817.1612499999999,865.1161666666667,896.4859666666669,957.1741666666666,1029.8370833333333,954.1505833333333,763.2175000000001,781.8824499999998,859.9294999999998,896.6204166666666,923.4132833333333,953.2706,160.74833333333322,157.56723333333332,147.8884999999999,140.87999999999988,149.17246666666676,151.9308666666666,158.63666666666654,151.5629,677.4865833333331,160.3166666666666,159.2530333333333,989.3593833333332,989.0666666666667,984.7197666666666,993.0969833333334,992.8366666666667,1000.3924499999999,924.2582000000001,1619.5833333333335,1620.3273666666669,806.9572499999999,1626.1033333333335,1639.3980499999998,802.8143166666667,1630.77,783.70415,1107.5517833333333,1613.8333333333335,778.2582666666666,776.4531666666667,780.9616666666667,84096.47676757407,52671.13806451526
2025-07-19,784.5903666666667,773.8011,792.4733333333334,774.2159166666667,768.5708500000001,762.6616666666667,771.7524,757.74145,761.44,766.4814,774.8911666666667,765.9683333333335,765.97975,753.4945666666667,729.5550000000001,729.0698666666667,743.0625666666667,727.375,730.1769666666665,716.4564666666666,727.8883333333334,736.5783333333334,724.7759333333332,714.0183333333333,721.2674333333333,708.96285,704.1283333333334,710.6529666666667,714.0266333333334,710.75,684.4726833333334,657.0120833333334,606.0491666666666,557.8188666666666,604.5717833333333,0.0,0.0,0.0,0.0,0.0,0.0,0.0,255.2452934999988,340.6786833333334,310.94624999999996,254.63821666666664,0.0,0.0,0.0,0.0,0.0,0.0,0.0,0.0,0.0,0.0,0.0,0.0,0.0,0.0,0.0,0.0,0.0,0.0,0.0,742.2333333333333,725.8872666666668,758.6278500000001,798.1354166666667,807.9364666666668,770.7845833333333,749.3366666666666,706.4043999999999,679.8941,712.97,688.1676,755.7160166666667,0.0,0.0,0.0,0.0,0.0,0.0,0.0,0.0,0.0,0.0,0.0,0.0,1121.6852397119342,1182.9917833333334,369.57660000000004,424.3812500000001,460.64738333333327,480.6345833333333,529.3341666666666,597.6036666666666,647.23215,695.2045833333335,714.5174833333333,781.14795,817.1612499999999,865.1161666666667,896.4859666666669,957.1741666666666,1029.8370833333333,954.1505833333333,763.2175000000001,781.8824499999998,859.9294999999998,896.6204166666666,923.4132833333333,953.2706,160.74833333333322,157.56723333333332,147.8884999999999,140.87999999999988,149.17246666666676,151.9308666666666,158.63666666666654,151.5629,677.4865833333331,160.3166666666666,159.2530333333333,989.3593833333332,989.0666666666667,984.7197666666666,993.0969833333334,992.8366666666667,1000.3924499999999,924.2582000000001,1619.5833333333335,1620.3273666666669,806.9572499999999,1626.1033333333335,1639.3980499999998,802.8143166666667,1630.77,783.70415,1107.5517833333333,1613.8333333333335,778.2582666666666,776.4531666666667,780.9616666666667,78869.43923321193,50489.15537022837
2025-07-20,784.5903666666667,773.8011,792.4733333333334,774.2159166666667,768.5708500000001,762.6616666666667,771.7524,757.74145,761.44,766.4814,774.8911666666667,765.9683333333335,765.97975,753.4945666666667,729.5550000000001,729.0698666666667,743.0625666666667,727.375,730.1769666666665,716.4564666666666,727.8883333333334,736.5783333333334,724.7759333333332,714.0183333333333,721.2674333333333,708.96285,704.1283333333334,710.6529666666667,714.0266333333334,710.75,684.4726833333334,657.0120833333334,606.0491666666666,595.3270971193414,604.5717833333333,0.0,0.0,0.0,0.0,0.0,0.0,0.0,255.2452934999988,340.6786833333334,310.94624999999996,254.63821666666664,0.0,0.0,0.0,0.0,0.0,0.0,0.0,0.0,0.0,0.0,0.0,0.0,0.0,0.0,0.0,0.0,0.0,0.0,0.0,742.2333333333333,725.8872666666668,758.6278500000001,798.1354166666667,807.9364666666668,770.7845833333333,749.3366666666666,706.4043999999999,679.8941,712.97,688.1676,755.7160166666667,0.0,0.0,0.0,0.0,0.0,0.0,0.0,0.0,0.0,0.0,0.0,0.0,1121.6852397119342,1182.9917833333334,369.57660000000004,424.3812500000001,460.64738333333327,480.6345833333333,529.3341666666666,597.6036666666666,647.23215,695.2045833333335,714.5174833333333,781.14795,817.1612499999999,865.1161666666667,896.4859666666669,957.1741666666666,1029.8370833333333,954.1505833333333,763.2175000000001,781.8824499999998,859.9294999999998,896.6204166666666,923.4132833333333,953.2706,160.74833333333322,157.56723333333332,147.8884999999999,140.87999999999988,149.17246666666676,151.9308666666666,158.63666666666654,151.5629,677.4865833333331,160.3166666666666,159.2530333333333,989.3593833333332,989.0666666666667,984.7197666666666,993.0969833333334,992.8366666666667,1000.3924499999999,924.2582000000001,1619.5833333333335,1620.3273666666669,806.9572499999999,1626.1033333333335,1639.3980499999998,802.8143166666667,1630.77,783.70415,1107.5517833333333,1613.8333333333335,778.2582666666666,776.4531666666667,784.8933333333333,78910.87913033128,50504.76335686211
2025-07-21,1617.9237,1607.1344333333334,1625.8066666666668,1530.0653590534998,1601.9041833333335,770.235,774.7328166666666,757.74145,761.44,766.4814,774.8911666666667,765.9683333333335,765.97975,753.4945666666667,729.5550000000001,732.0839,744.7745166666667,729.895,730.1769666666665,716.4564666666666,727.8883333333334,736.5783333333334,728.6791333333334,714.0183333333333,721.2674333333333,708.96285,707.0883333333333,712.0862500000001,714.0266333333334,710.75,684.4726833333334,657.0120833333334,606.0491666666666,1391.1522,604.5717833333333,0.0,0.0,0.0,0.0,0.0,0.0,0.0,261.2920119999982,340.6786833333334,310.94624999999996,254.63821666666664,0.0,0.0,0.0,0.0,0.0,0.0,0.0,0.0,0.0,0.0,0.0,0.0,0.0,0.0,0.0,0.0,0.0,0.0,0.0,742.2333333333333,718.5076166666666,747.9733666666666,794.2704166666667,820.5516666666666,769.3631333333333,749.3366666666666,690.3113166666667,663.6702833333334,672.4775,688.1676,755.7160166666667,0.0,0.0,0.0,0.0,0.0,0.0,0.0,0.0,0.0,0.0,0.0,0.0,942.5801183127587,1182.9917833333334,369.57660000000004,424.3812500000001,460.64738333333327,480.6345833333333,529.3341666666666,597.6036666666666,647.23215,695.2045833333335,714.5174833333333,781.14795,817.1612499999999,865.1161666666667,896.4859666666669,957.1741666666666,1032.1136833333333,960.09995,772.71875,781.9447,859.9294999999998,896.6204166666666,923.4132833333333,953.2706,160.74833333333322,157.56723333333332,147.8884999999999,140.87999999999988,149.17246666666676,151.9308666666666,158.63666666666654,151.5629,677.4865833333331,160.3166666666666,161.4129999999999,989.6907500000001,989.0666666666667,984.7197666666666,993.0969833333334,1001.9916666666667,1012.0357666666666,924.2582000000001,1619.6533333333332,1620.3273666666669,806.9572499999999,1627.8516666666667,1640.7314500000002,802.8143166666667,1630.77,783.70415,1107.5517833333333,1613.8333333333335,782.7955333333333,777.36995,784.8933333333333,83615.09493936626,52448.56942339495
2025-07-22,1617.9237,1607.1344333333334,1625.8066666666668,1607.54925,1601.9041833333335,770.235,774.7328166666666,757.9927166666665,843.352340329222,766.4814,774.8911666666667,767.5100000000001,768.2452833333334,760.6366500000001,733.035,732.0839,744.7745166666667,729.895,730.1769666666665,716.4564666666666,727.8883333333334,740.7711666666668,728.6791333333334,714.0183333333333,721.2674333333333,708.96285,707.0883333333333,718.2035833333333,714.0266333333334,710.75,684.4726833333334,660.3442166666667,606.7966666666666,1396.1406666666667,612.5755666666666,0.0,0.0,0.0,0.0,0.0,0.0,0.0,272.47445666666613,340.6786833333334,310.94624999999996,254.63821666666664,0.0,0.0,0.0,0.0,0.0,0.0,0.0,0.0,0.0,0.0,0.0,0.0,0.0,0.0,0.0,0.0,0.0,0.0,0.0,742.2333333333333,718.5076166666666,747.9733666666666,794.2704166666667,820.5516666666666,769.3631333333333,749.3366666666666,706.4043999999999,679.8941,672.4775,701.54495,756.7234333333333,0.0,0.0,0.0,0.0,0.0,0.0,0.0,0.0,0.0,0.0,0.0,0.0,803.2836779835395,1182.9917833333334,369.57660000000004,424.3812500000001,460.64738333333327,506.1635,536.7775,597.7177166666665,647.23215,695.2045833333335,714.5174833333333,781.14795,817.1612499999999,869.2662166666667,902.0010500000001,958.9004166666667,1043.10805,964.5210666666666,777.8829166666668,787.8677833333333,859.9294999999998,896.6204166666666,925.1747333333333,957.2218333333333,160.74833333333322,157.56723333333332,147.8884999999999,140.87999999999988,149.17246666666676,151.9308666666666,158.63666666666654,151.5629,677.4865833333331,160.3166666666666,170.54674999999997,990.7828166666666,989.0666666666667,987.2692666666667,993.8702,1001.9916666666667,1012.0357666666666,924.2582000000001,1619.6533333333332,1620.3273666666669,806.9572499999999,1627.8516666666667,1640.7314500000002,802.8143166666667,1630.77,783.70415,1107.5517833333333,1613.8333333333335,782.7955333333333,792.0830166666667,785.1183333333333,83840.3211416461,52569.300378917054
2025-07-23,1617.9237,1614.3571333333334,1625.8066666666668,1378.4262504115225,1605.3806166666668,770.985,780.0781999999999,757.9927166666665,761.44,766.4814,775.3548833333333,767.5100000000001,768.2452833333334,760.6366500000001,733.035,732.0839,744.7745166666667,729.895,738.3516999999998,730.2186666666665,731.9816666666667,740.7711666666668,728.6791333333334,715.685,721.5393666666665,719.0858666666667,707.0883333333333,718.2035833333333,714.0266333333334,710.75,684.4726833333334,664.0738833333334,612.3991666666666,1396.1406666666667,612.5755666666666,0.0,0.0,0.0,0.0,0.0,0.0,0.0,59.07025066666637,340.6786833333334,303.6816666666667,243.90871666666655,0.0,0.0,0.0,0.0,0.0,0.0,0.0,0.0,0.0,0.0,0.0,0.0,0.0,0.0,0.0,0.0,0.0,0.0,0.0,742.2333333333333,717.5078333333333,698.7398833333334,725.9629166666667,792.3260333333335,762.1059333333333,676.8225000000001,690.3113166666667,663.6702833333334,659.1954166666667,688.1676,756.7234333333333,0.0,0.0,0.0,0.0,0.0,0.0,0.0,0.0,0.0,0.0,0.0,0.0,663.1363374485577,1163.4275833333334,356.66016666666667,403.64000000000004,457.81038333333333,480.6345833333333,536.7775,597.7177166666665,633.2981833333334,695.3970833333333,714.5174833333333,781.14795,817.1612499999999,869.2662166666667,906.3034833333334,958.9004166666667,1043.10805,964.5210666666666,779.7116666666667,795.7722666666667,866.3079999999999,903.8245833333334,925.3679999999999,957.2218333333333,160.74833333333322,157.56723333333332,147.8884999999999,143.94666666666672,152.56449999999984,155.923,158.75333333333333,156.65513333333342,677.4865833333331,160.3166666666666,170.54674999999997,990.7828166666666,989.0666666666667,987.2692666666667,993.8702,1001.9916666666667,1012.0357666666666,924.2582000000001,1621.7333333333333,1620.3273666666669,806.9572499999999,1633.3183333333334,1640.7314500000002,802.8143166666667,1630.77,788.3072999999999,1111.2750166666665,1626.2583333333332,782.7955333333333,792.0830166666667,785.1183333333333,82913.34847186008,52047.45718680833
2025-07-24,1617.9237,1614.3571333333334,1625.8066666666668,1626.5975833333334,1605.3806166666668,770.985,780.0781999999999,764.0892999999999,766.6298903292144,766.4814,775.3548833333333,767.5100000000001,768.2452833333334,760.6366500000001,733.035,732.0839,744.7745166666667,729.895,738.3516999999998,730.2186666666665,731.9816666666667,740.7711666666668,728.6791333333334,715.685,721.5393666666665,719.0858666666667,715.9616666666667,718.2035833333333,714.0266333333334,710.75,684.4726833333334,664.0738833333334,620.6904166666667,1396.1406666666667,612.5755666666666,0.0,0.0,0.0,0.0,0.0,0.0,0.0,0.0,210.2469619999995,304.83500000000004,243.90871666666655,0.0,0.0,0.0,0.0,0.0,0.0,0.0,0.0,0.0,0.0,0.0,0.0,0.0,0.0,0.0,0.0,0.0,0.0,0.0,739.9254166666667,717.5078333333333,698.7398833333334,725.9629166666667,718.6284166666668,732.5520833333334,673.15625,685.0117666666667,656.9663333333333,649.3579166666667,674.1128833333335,745.41685,0.0,0.0,0.0,0.0,0.0,0.0,0.0,0.0,0.0,0.0,0.0,0.0,590.6261882716034,1163.4275833333334,356.66016666666667,424.3812500000001,460.64738333333327,506.1635,539.025,597.7177166666665,633.2981833333334,697.3858333333335,714.5174833333333,781.14795,820.86,872.2530666666667,906.3034833333334,958.9004166666667,1043.10805,964.5210666666666,784.6216666666667,796.9082999999998,866.5041333333334,911.5191666666666,925.3679999999999,957.2218333333333,160.74833333333322,157.56723333333332,147.8884999999999,143.94666666666672,154.9695499999999,156.88114999999993,158.75333333333333,156.65513333333342,677.4865833333331,160.3166666666666,170.54674999999997,990.7828166666666,989.0666666666667,988.8916333333333,995.9290833333332,1001.9916666666667,1012.0357666666666,924.2582000000001,1621.7333333333333,1627.2513,820.9310833333334,1633.3183333333334,1640.7314500000002,802.8143166666667,1630.77,788.3072999999999,1111.2750166666665,1626.2583333333332,783.2138833333333,792.6065,785.1183333333333,82875.53395726749,51974.07017330561
2025-07-25,1617.9237,1616.2888333333335,1625.8066666666668,1331.1538532921836,1605.3806166666668,773.2616666666667,780.0781999999999,764.0892999999999,761.44,766.4814,775.3548833333333,767.5100000000001,768.2452833333334,760.6366500000001,733.035,732.0839,744.7745166666667,729.895,738.3516999999998,736.9429,732.4683333333335,740.7711666666668,728.6791333333334,715.685,721.5393666666665,719.0858666666667,715.9616666666667,718.2035833333333,715.7468666666667,710.935,688.3686833333334,666.2247666666667,623.1375,1398.40965,614.11815,0.0,0.0,0.0,0.0,0.0,0.0,0.0,0.0,0.0,304.83500000000004,243.90871666666655,0.0,0.0,0.0,0.0,0.0,0.0,0.0,0.0,0.0,0.0,0.0,0.0,0.0,0.0,0.0,0.0,0.0,0.0,0.0,733.3125,717.5078333333333,698.7398833333334,725.9629166666667,718.6284166666668,732.5520833333334,673.15625,685.0117666666667,656.9663333333333,659.1954166666667,688.1676,752.83655,0.0,0.0,0.0,0.0,0.0,0.0,0.0,0.0,0.0,0.0,0.0,0.0,723.6466409465029,1178.8795666666667,369.57660000000004,424.3812500000001,460.64738333333327,506.1635,577.4274999999999,607.7482000000001,644.5593833333334,698.0158333333333,731.0623833333333,786.6790666666665,831.7850000000001,875.1326666666668,906.3034833333334,958.9004166666667,1043.10805,965.9040166666667,786.1424999999999,799.7685833333333,866.5041333333334,911.5191666666666,925.3679999999999,957.2218333333333,160.74833333333322,157.56723333333332,147.8884999999999,143.94666666666672,154.9695499999999,156.88114999999993,158.75333333333333,156.65513333333342,677.4865833333331,160.3166666666666,170.54674999999997,990.7828166666666,989.0666666666667,988.8916333333333,995.9290833333332,1001.9916666666667,1012.0357666666666,924.2582000000001,1632.8883333333333,1627.2513,820.9310833333334,1633.3183333333334,1640.7314500000002,802.8143166666667,1630.77,788.6231166666668,1114.2371166666667,1626.2583333333332,783.2138833333333,792.6065,785.1183333333333,82692.77306090535,51904.11887662434
2025-07-26,784.5903666666667,782.9555,792.4733333333334,793.2642500000001,772.0472833333333,773.2616666666667,780.0781999999999,764.0892999999999,761.44,766.4814,775.3548833333333,767.5100000000001,768.2452833333334,760.6366500000001,733.035,732.0839,744.7745166666667,729.895,738.3516999999998,736.9429,732.4683333333335,740.7711666666668,728.6791333333334,715.685,721.5393666666665,719.0858666666667,715.9616666666667,718.2035833333333,715.7468666666667,710.935,688.3686833333334,666.2247666666667,623.1375,565.0763166666668,614.11815,0.0,0.0,0.0,0.0,0.0,0.0,0.0,0.0,0.0,304.83500000000004,243.90871666666655,0.0,0.0,0.0,0.0,0.0,0.0,0.0,0.0,0.0,0.0,0.0,0.0,0.0,0.0,0.0,0.0,0.0,0.0,0.0,733.3125,717.5078333333333,698.7398833333334,725.9629166666667,718.6284166666668,732.5520833333334,673.15625,685.0117666666667,656.9663333333333,659.1954166666667,688.1676,752.83655,0.0,0.0,0.0,0.0,0.0,0.0,0.0,0.0,0.0,0.0,0.0,0.0,723.6466409465029,1178.8795666666667,369.57660000000004,424.3812500000001,460.64738333333327,506.1635,577.4274999999999,607.7482000000001,644.5593833333334,698.0158333333333,731.0623833333333,786.6790666666665,831.7850000000001,875.1326666666668,906.3034833333334,958.9004166666667,1043.10805,965.9040166666667,786.1424999999999,799.7685833333333,866.5041333333334,911.5191666666666,925.3679999999999,957.2218333333333,160.74833333333322,157.56723333333332,147.8884999999999,143.94666666666672,154.9695499999999,156.88114999999993,158.75333333333333,156.65513333333342,677.4865833333331,160.3166666666666,170.54674999999997,990.7828166666666,989.0666666666667,988.8916333333333,995.9290833333332,1001.9916666666667,1012.0357666666666,924.2582000000001,1632.8883333333333,1627.2513,820.9310833333334,1633.3183333333334,1640.7314500000002,802.8143166666667,1630.77,788.6231166666668,1114.2371166666667,1626.2583333333332,783.2138833333333,792.6065,785.1183333333333,77988.2167909465,49945.49910476459
2025-07-27,784.5903666666667,782.9555,792.4733333333334,793.2642500000001,772.0472833333333,773.2616666666667,780.0781999999999,764.0892999999999,761.44,766.4814,775.3548833333333,767.5100000000001,768.2452833333334,760.6366500000001,733.035,732.0839,744.7745166666667,729.895,738.3516999999998,736.9429,732.4683333333335,740.7711666666668,728.6791333333334,715.685,721.5393666666665,719.0858666666667,715.9616666666667,718.2035833333333,715.7468666666667,710.935,688.3686833333334,666.2247666666667,623.1375,565.0763166666668,614.11815,0.0,0.0,0.0,0.0,0.0,0.0,0.0,0.0,0.0,304.83500000000004,243.90871666666655,0.0,0.0,0.0,0.0,0.0,0.0,0.0,0.0,0.0,0.0,0.0,0.0,0.0,0.0,0.0,0.0,0.0,0.0,0.0,733.3125,717.5078333333333,698.7398833333334,725.9629166666667,718.6284166666668,732.5520833333334,673.15625,685.0117666666667,656.9663333333333,659.1954166666667,688.1676,752.83655,0.0,0.0,0.0,0.0,0.0,0.0,0.0,0.0,0.0,0.0,0.0,0.0,723.6466409465029,1178.8795666666667,369.57660000000004,424.3812500000001,460.64738333333327,506.1635,577.4274999999999,607.7482000000001,644.5593833333334,698.0158333333333,731.0623833333333,786.6790666666665,831.7850000000001,875.1326666666668,906.3034833333334,958.9004166666667,1043.10805,965.9040166666667,786.1424999999999,799.7685833333333,866.5041333333334,911.5191666666666,925.3679999999999,957.2218333333333,160.74833333333322,157.56723333333332,147.8884999999999,143.94666666666672,154.9695499999999,156.88114999999993,158.75333333333333,156.65513333333342,677.4865833333331,160.3166666666666,170.54674999999997,990.7828166666666,989.0666666666667,988.8916333333333,995.9290833333332,1001.9916666666667,1012.0357666666666,924.2582000000001,1632.8883333333333,1627.2513,820.9310833333334,1633.3183333333334,1640.7314500000002,802.8143166666667,1630.77,788.6231166666668,1114.2371166666667,1626.2583333333332,783.2138833333333,792.6065,785.1183333333333,77988.2167909465,49945.49910476459
2025-07-28,1617.9237,1616.2888333333335,1625.8066666666668,1070.5957069958854,1606.1180333333334,778.9616666666667,780.0781999999999,766.34845,765.0850000000002,777.0443833333334,775.3548833333333,767.5100000000001,768.2452833333334,760.6366500000001,733.035,733.4526833333332,744.7745166666667,729.895,738.3516999999998,736.9429,732.4683333333335,740.7711666666668,728.6791333333334,715.685,721.5393666666665,719.0858666666667,715.9616666666667,726.0598666666666,721.17175,712.9183333333334,688.3686833333334,668.04675,623.92125,1402.7676833333335,614.11815,0.0,0.0,0.0,0.0,0.0,0.0,0.0,0.0,0.0,304.83500000000004,243.90871666666655,0.0,0.0,0.0,0.0,0.0,0.0,0.0,0.0,0.0,0.0,0.0,0.0,0.0,0.0,0.0,0.0,0.0,0.0,0.0,733.3125,715.1678833333333,664.0024833333332,718.4675,706.5544,729.9371833333335,646.7708333333334,659.3129833333335,645.8395666666668,637.0425,653.3382,745.41685,0.0,0.0,0.0,0.0,0.0,0.0,0.0,0.0,0.0,0.0,0.0,0.0,736.6741512345668,1178.8795666666667,369.57660000000004,424.3812500000001,460.64738333333327,506.1635,577.4274999999999,607.7482000000001,644.5593833333334,698.0158333333333,731.0623833333333,786.6790666666665,831.7850000000001,875.1326666666668,906.3034833333334,958.9004166666667,1043.10805,965.9040166666667,786.1424999999999,807.8234,874.1716500000001,911.5191666666666,925.3679999999999,957.4543666666665,160.74833333333322,157.56723333333332,147.8884999999999,143.94666666666672,154.9695499999999,156.88114999999993,158.75333333333333,156.65513333333342,677.4865833333331,160.3166666666666,170.54674999999997,990.7828166666666,989.0666666666667,988.8916333333333,995.9290833333332,1001.9916666666667,1012.0357666666666,924.2582000000001,1632.8883333333333,1627.2513,820.9310833333334,1636.685,1640.7314500000002,802.8143166666667,1630.77,788.6231166666668,1114.2371166666667,1626.2583333333332,783.2138833333333,792.6065,785.1183333333333,82324.19089156379,51757.20802078006
2025-07-29,1626.1231166666666,1616.2888333333335,1625.8066666666668,1626.5975833333334,1606.1180333333334,778.9616666666667,780.0781999999999,766.34845,925.6928666666671,777.0443833333334,775.3548833333333,767.5100000000001,768.2452833333334,760.6366500000001,733.035,733.4526833333332,744.7745166666667,729.895,741.0748,744.2758333333333,732.4683333333335,740.7711666666668,728.6791333333334,715.685,721.5393666666665,719.0858666666667,715.9616666666667,726.0598666666666,721.17175,712.9183333333334,688.3686833333334,668.3202166666667,623.92125,1402.7676833333335,614.11815,0.0,0.0,0.0,0.0,0.0,0.0,0.0,0.0,0.0,285.0099575000011,240.89818333333332,0.0,0.0,0.0,0.0,0.0,0.0,0.0,0.0,0.0,0.0,0.0,0.0,0.0,0.0,0.0,0.0,0.0,0.0,0.0,729.5625,717.5078333333333,698.7398833333334,725.9629166666667,718.6284166666668,686.4756166666668,646.7708333333334,659.3129833333335,645.8395666666668,637.0425,653.3382,745.41685,0.0,0.0,0.0,0.0,0.0,0.0,0.0,0.0,0.0,0.0,0.0,0.0,712.6725051440308,1178.8795666666667,369.57660000000004,424.3812500000001,460.64738333333327,493.4102499999999,577.4274999999999,607.7482000000001,647.23215,698.1658333333332,737.6345666666665,787.0984666666666,845.4629166666667,897.6149666666666,921.0724166666665,958.9004166666667,1056.4970666666666,971.7809666666666,790.9579166666667,810.3362000000001,883.8314666666665,911.5191666666666,925.3679999999999,957.4543666666665,160.74833333333322,157.56723333333332,147.8884999999999,143.94666666666672,154.9695499999999,156.88114999999993,158.75333333333333,156.65513333333342,677.4865833333331,160.3166666666666,170.54674999999997,990.7828166666666,989.0666666666667,1003.7661833333333,997.5899666666666,1002.4333333333333,1012.0357666666666,924.2582000000001,1632.8883333333333,1627.2513,820.9310833333334,1636.685,1640.7314500000002,802.8143166666667,1630.77,788.6231166666668,1118.5984,1630.435,783.2138833333333,792.6065,784.9983333333332,83131.56684597736,52150.47983083141
2025-07-30,1617.9237,1614.3571333333334,1625.8066666666668,1179.5827010288072,1606.1180333333334,778.9616666666667,780.0781999999999,766.34845,761.44,766.4814,774.8911666666667,767.5100000000001,768.2452833333334,760.6366500000001,733.035,733.4526833333332,744.7745166666667,729.895,738.3516999999998,744.2758333333333,735.2583333333333,740.7711666666668,728.6791333333334,715.685,721.2674333333333,712.5491999999999,715.9616666666667,718.2035833333333,715.7468666666667,710.935,688.3686833333334,668.3202166666667,626.8345833333334,1405.4529,614.11815,0.0,0.0,0.0,0.0,0.0,0.0,0.0,0.0,0.0,228.58006800000288,231.0907666666666,0.0,0.0,0.0,0.0,0.0,0.0,0.0,0.0,0.0,0.0,0.0,0.0,0.0,0.0,0.0,0.0,0.0,0.0,0.0,729.5625,717.5078333333333,698.7398833333334,725.9629166666667,718.6284166666668,686.4756166666668,646.7708333333334,659.3129833333335,645.8395666666668,659.1954166666667,653.3382,745.41685,0.0,0.0,0.0,0.0,0.0,0.0,0.0,0.0,0.0,0.0,0.0,0.0,615.511332304527,1166.84205,356.66016666666667,424.15500000000003,460.64738333333327,493.4102499999999,577.4274999999999,607.7482000000001,647.23215,698.1658333333332,753.8168833333332,794.7036,846.3808333333333,897.6149666666666,921.0724166666665,958.9004166666667,1056.4970666666666,971.7809666666666,790.9579166666667,812.5300833333334,885.9479333333334,911.5191666666666,925.1747333333333,959.7536,167.99833333333322,157.56723333333332,147.6973499999998,149.5433333333334,154.9695499999999,155.923,158.75333333333333,156.65513333333342,676.2372999999998,158.33833333333325,170.54674999999997,992.5679666666667,981.41,988.8916333333333,997.5899666666666,1002.4333333333333,1001.8346166666668,914.9411666666667,1632.8883333333333,1627.2513,820.9310833333334,1633.3183333333334,1639.3980499999998,802.8143166666667,1630.77,788.3072999999999,1118.5984,1630.435,783.2138833333333,792.6065,784.8933333333333,82310.51416800001,51754.29556881336
2025-07-31,1614.9384,1614.3571333333334,1625.8066666666668,948.6970353909451,1619.9868166666668,781.645,780.0781999999999,766.34845,761.3283333333334,755.50525,773.2301166666667,765.9683333333335,768.2452833333334,760.6366500000001,731.9733333333334,733.4526833333332,744.7745166666667,748.5533333333333,741.0748,744.2758333333333,735.2583333333333,739.7963166666667,725.7826,714.0183333333333,721.2674333333333,712.5491999999999,710.1149999999999,718.2035833333333,715.7468666666667,710.935,685.5690333333333,672.62735,628.6774999999999,1407.01365,614.11815,0.0,0.0,0.0,0.0,0.0,0.0,0.0,0.0,0.0,303.6816666666667,240.89818333333332,0.0,0.0,0.0,0.0,0.0,0.0,0.0,0.0,0.0,0.0,0.0,0.0,0.0,0.0,0.0,0.0,0.0,0.0,0.0,733.3125,718.5076166666666,742.6170500000001,725.9629166666667,718.6284166666668,686.4756166666668,646.7708333333334,659.3129833333335,645.8395666666668,659.1954166666667,653.3382,745.41685,0.0,0.0,0.0,0.0,0.0,0.0,0.0,0.0,0.0,0.0,0.0,0.0,615.511332304527,1173.1285,369.57660000000004,424.3812500000001,460.64738333333327,493.4102499999999,577.4274999999999,607.7482000000001,647.23215,698.1658333333332,753.8168833333332,794.7036,846.3808333333333,897.6149666666666,921.0724166666665,958.9004166666667,1056.4970666666666,971.7809666666666,790.9579166666667,820.3797166666666,886.4057666666666,911.5191666666666,925.3679999999999,963.8813833333334,167.99833333333322,147.14121666666676,141.3758499999998,149.5433333333334,154.9695499999999,155.923,158.63666666666654,151.5629,676.2372999999998,158.33833333333325,170.54674999999997,992.5679666666667,981.4766666666667,987.2692666666667,997.5899666666666,1002.4333333333333,1001.8346166666668,914.9411666666667,1632.8883333333333,1620.3273666666669,806.9572499999999,1633.3183333333334,1633.2675,802.5701000000001,1626.6133333333335,788.3072999999999,1118.5984,1613.8333333333335,783.2138833333333,792.6065,784.8933333333333,82186.80161769547,51728.120873297
2025-08-01,1611.6726333333331,1607.1344333333334,1625.0016666666668,1000.702818106999,1619.9868166666668,781.645,780.0781999999999,764.0892999999999,761.3283333333334,754.0283666666667,771.7495666666667,765.9683333333335,768.2452833333334,760.6366500000001,731.9733333333334,732.0839,743.0625666666667,748.5533333333333,741.0748,744.2758333333333,735.2583333333333,739.7963166666667,725.5198,713.895,719.3462166666667,712.5491999999999,715.9616666666667,724.5385666666666,717.0676499999998,710.935,688.3686833333334,673.6716333333334,633.8029166666668,1407.01365,612.5755666666666,0.0,0.0,0.0,0.0,0.0,0.0,0.0,0.0,0.0,211.31944533333348,231.0907666666666,0.0,0.0,0.0,0.0,0.0,0.0,0.0,0.0,0.0,0.0,0.0,0.0,0.0,0.0,0.0,0.0,0.0,0.0,0.0,729.5625,717.5078333333333,698.7398833333334,709.6479166666667,706.5544,682.58005,622.3700000000001,629.4257666666666,645.8395666666668,659.1954166666667,653.3382,745.41685,0.0,0.0,0.0,0.0,0.0,0.0,0.0,0.0,0.0,0.0,0.0,0.0,579.15736111111,1166.84205,356.66016666666667,424.15500000000003,461.25905000000006,506.1635,577.4274999999999,607.7482000000001,647.23215,698.1658333333332,753.8168833333332,786.6790666666665,845.4629166666667,897.6149666666666,927.2742666666667,959.0741666666667,1060.3145,971.7809666666666,786.1424999999999,820.3797166666666,886.4057666666666,911.5191666666666,925.3679999999999,959.7536,167.99833333333322,147.14121666666676,147.6973499999998,149.5433333333334,154.9695499999999,155.923,158.63666666666654,151.5629,676.2372999999998,157.85833333333335,162.22531666666669,992.5679666666667,981.4766666666667,984.7197666666666,995.9290833333332,1001.9916666666667,1000.3924499999999,914.4413999999999,1632.8883333333333,1620.3273666666669,799.9431333333334,1633.3183333333334,1633.2675,802.5701000000001,1623.9033333333332,783.70415,1114.2371166666667,1613.8333333333335,790.9395,792.6065,784.8933333333333,81930.3215912181,51557.06686606255
2025-08-02,778.3392999999999,773.8011,791.6683333333334,774.2159166666667,786.6534833333334,781.645,780.0781999999999,764.0892999999999,761.3283333333334,754.0283666666667,771.7495666666667,765.9683333333335,768.2452833333334,760.6366500000001,731.9733333333334,732.0839,743.0625666666667,748.5533333333333,741.0748,744.2758333333333,735.2583333333333,739.7963166666667,725.5198,713.895,719.3462166666667,712.5491999999999,715.9616666666667,724.5385666666666,717.0676499999998,710.935,688.3686833333334,673.6716333333334,633.8029166666668,573.6803166666667,612.5755666666666,0.0,0.0,0.0,0.0,0.0,0.0,0.0,0.0,0.0,211.31944533333348,231.0907666666666,0.0,0.0,0.0,0.0,0.0,0.0,0.0,0.0,0.0,0.0,0.0,0.0,0.0,0.0,0.0,0.0,0.0,0.0,0.0,729.5625,717.5078333333333,698.7398833333334,709.6479166666667,706.5544,682.58005,622.3700000000001,629.4257666666666,645.8395666666668,659.1954166666667,653.3382,745.41685,0.0,0.0,0.0,0.0,0.0,0.0,0.0,0.0,0.0,0.0,0.0,0.0,579.15736111111,1166.84205,356.66016666666667,424.15500000000003,461.25905000000006,506.1635,577.4274999999999,607.7482000000001,647.23215,698.1658333333332,753.8168833333332,786.6790666666665,845.4629166666667,897.6149666666666,927.2742666666667,959.0741666666667,1060.3145,971.7809666666666,786.1424999999999,820.3797166666666,886.4057666666666,911.5191666666666,925.3679999999999,959.7536,167.99833333333322,147.14121666666676,147.6973499999998,149.5433333333334,154.9695499999999,155.923,158.63666666666654,151.5629,676.2372999999998,157.85833333333335,162.22531666666669,992.5679666666667,981.4766666666667,984.7197666666666,995.9290833333332,1001.9916666666667,1000.3924499999999,914.4413999999999,1632.8883333333333,1620.3273666666669,799.9431333333334,1633.3183333333334,1633.2675,802.5701000000001,1623.9033333333332,783.70415,1114.2371166666667,1613.8333333333335,790.9395,792.6065,784.8933333333333,77537.16802311111,49731.47832843391
2025-08-03,778.3392999999999,773.8011,791.6683333333334,774.2159166666667,786.6534833333334,781.645,780.0781999999999,764.0892999999999,761.3283333333334,754.0283666666667,771.7495666666667,765.9683333333335,768.2452833333334,760.6366500000001,731.9733333333334,732.0839,743.0625666666667,748.5533333333333,741.0748,744.2758333333333,735.2583333333333,739.7963166666667,725.5198,713.895,719.3462166666667,712.5491999999999,715.9616666666667,724.5385666666666,717.0676499999998,710.935,688.3686833333334,673.6716333333334,633.8029166666668,612.3757899176964,612.5755666666666,0.0,0.0,0.0,0.0,0.0,0.0,0.0,0.0,0.0,211.31944533333348,231.0907666666666,0.0,0.0,0.0,0.0,0.0,0.0,0.0,0.0,0.0,0.0,0.0,0.0,0.0,0.0,0.0,0.0,0.0,0.0,0.0,729.5625,717.5078333333333,698.7398833333334,709.6479166666667,706.5544,682.58005,622.3700000000001,629.4257666666666,645.8395666666668,659.1954166666667,653.3382,745.41685,0.0,0.0,0.0,0.0,0.0,0.0,0.0,0.0,0.0,0.0,0.0,0.0,579.15736111111,1166.84205,356.66016666666667,424.15500000000003,461.25905000000006,506.1635,577.4274999999999,607.7482000000001,647.23215,698.1658333333332,753.8168833333332,786.6790666666665,845.4629166666667,897.6149666666666,927.2742666666667,959.0741666666667,1060.3145,971.7809666666666,786.1424999999999,820.3797166666666,886.4057666666666,911.5191666666666,925.3679999999999,959.7536,167.99833333333322,147.14121666666676,147.6973499999998,149.5433333333334,154.9695499999999,155.923,158.63666666666654,151.5629,676.2372999999998,157.85833333333335,162.22531666666669,992.5679666666667,981.4766666666667,984.7197666666666,995.9290833333332,1001.9916666666667,1000.3924499999999,914.4413999999999,1632.8883333333333,1620.3273666666669,799.9431333333334,1633.3183333333334,1633.2675,802.5701000000001,1623.9033333333332,783.70415,780.9037833333333,1613.8333333333335,1124.2728333333332,792.6065,784.9983333333332,77575.96849636214,49745.89085565202
2025-08-04,1611.6726333333331,1606.4135833333335,1625.0016666666668,1588.4279475308645,1620.10005,781.645,776.3128166666667,764.0892999999999,761.3283333333334,747.3048833333335,771.7495666666667,765.9683333333335,763.5088833333333,760.6366500000001,731.9733333333334,729.4052499999999,736.8623333333333,748.5533333333333,741.0748,744.2758333333333,735.2583333333333,739.7963166666667,724.7759333333332,711.0983333333334,719.3364833333333,719.0858666666667,710.1149999999999,718.2035833333333,717.0676499999998,710.935,688.3686833333334,673.6716333333334,633.8029166666668,1407.55955,612.5755666666666,0.0,0.0,0.0,0.0,0.0,0.0,0.0,0.0,0.0,115.3966720000009,231.0907666666666,0.0,0.0,0.0,0.0,0.0,0.0,0.0,0.0,0.0,0.0,0.0,0.0,0.0,0.0,0.0,0.0,0.0,0.0,0.0,729.5625,715.1678833333333,662.4871666666667,709.6479166666667,706.5544,682.58005,622.3700000000001,629.4257666666666,603.8200166666666,591.6591666666667,649.7076,723.2133333333334,0.0,0.0,0.0,0.0,0.0,0.0,0.0,0.0,0.0,0.0,0.0,0.0,488.33872427983533,1163.4275833333334,345.2608333333332,400.9995833333334,460.64738333333327,493.4102499999999,543.7099999999999,602.8288666666666,644.5593833333334,698.1658333333332,724.4027833333333,781.14795,831.7850000000001,875.1326666666668,921.0724166666665,958.9004166666667,1060.3145,964.5210666666666,790.9579166666667,820.3797166666666,886.4057666666666,903.8245833333334,931.9178500000002,963.8813833333334,160.74833333333322,144.90021666666678,149.48559999999998,160.0999999999999,154.9695499999999,155.923,158.75333333333333,149.04629999999997,674.3061833333331,156.82499999999993,162.22531666666669,990.7828166666666,981.41,984.7197666666666,995.9290833333332,1001.9916666666667,1001.8346166666668,914.9411666666667,1621.7333333333333,1620.3273666666669,799.9431333333334,1636.685,1633.2675,802.5701000000001,1623.9033333333332,783.70415,780.9037833333333,1612.0883333333331,1124.2728333333332,792.6065,784.8933333333333,81942.42172714403,51427.97835431824
2025-08-05,1611.6726333333331,1606.4135833333335,1619.6483333333335,1021.706122839505,1619.9868166666668,773.2616666666667,774.7328166666666,764.0892999999999,761.3283333333334,746.5406833333333,759.4524666666667,765.9683333333335,752.1910666666665,749.3260499999999,731.9733333333334,729.4052499999999,720.2061333333332,729.895,738.3516999999998,736.9429,732.4683333333335,736.5783333333334,724.7759333333332,711.0983333333334,719.3364833333333,719.0858666666667,710.1149999999999,718.2035833333333,715.7468666666667,703.2,688.3686833333334,673.6716333333334,633.8029166666668,1407.55955,612.5755666666666,0.0,0.0,0.0,0.0,0.0,0.0,0.0,0.0,0.0,72.91094350000009,231.0907666666666,0.0,0.0,0.0,0.0,0.0,0.0,0.0,0.0,0.0,0.0,0.0,0.0,0.0,0.0,0.0,0.0,0.0,0.0,0.0,704.8808333333334,715.1678833333333,662.4871666666667,709.6479166666667,706.5544,682.58005,622.3700000000001,629.4257666666666,603.8200166666666,591.6591666666667,649.7076,723.2133333333334,0.0,0.0,0.0,0.0,0.0,0.0,0.0,0.0,0.0,0.0,0.0,0.0,488.33872427983533,1163.4275833333334,345.2608333333332,400.9995833333334,460.64738333333327,493.4102499999999,543.7099999999999,602.8288666666666,644.5593833333334,698.1658333333332,724.4027833333333,781.14795,831.7850000000001,879.6444666666666,927.2742666666667,958.9004166666667,1060.3145,964.5210666666666,790.9579166666667,820.3797166666666,886.4057666666666,903.8245833333334,940.38945,975.7062333333332,160.74833333333322,143.88828333333345,149.48559999999998,160.0999999999999,152.56449999999984,151.9308666666666,158.63666666666654,149.04629999999997,674.3061833333331,155.29166666666663,161.4129999999999,990.7828166666666,981.41,984.7197666666666,995.9290833333332,1001.9916666666667,1000.3924499999999,914.4413999999999,1621.7333333333333,1620.3273666666669,799.9431333333334,1633.3183333333334,1629.0263166666666,802.5701000000001,1623.9033333333332,783.70415,786.7993499999999,1612.0883333333331,1124.2728333333332,781.7592,784.8933333333333,81203.61570728601,51108.30267130302
2025-08-06,1611.6726333333331,1606.4135833333335,1614.2616666666668,987.8801199588479,1619.9868166666668,773.2616666666667,771.7524,757.9927166666665,760.7533333333334,742.1707,754.4217666666666,765.9683333333335,750.1916166666667,755.1408166666666,731.9733333333334,729.4052499999999,719.9301666666667,721.9133333333333,731.7956,736.9429,732.4683333333335,736.5783333333334,724.7759333333332,713.895,719.3364833333333,719.0858666666667,710.1149999999999,718.2035833333333,714.0266333333334,697.8933333333333,685.5690333333333,673.6716333333334,628.6774999999999,1407.55955,612.5755666666666,0.0,0.0,0.0,0.0,0.0,0.0,0.0,0.0,0.0,0.0,227.4742666666666,0.0,0.0,0.0,0.0,0.0,0.0,0.0,0.0,0.0,0.0,0.0,0.0,0.0,0.0,0.0,0.0,0.0,0.0,0.0,704.8808333333334,715.1678833333333,662.4871666666667,699.5525000000001,706.5544,682.58005,622.3700000000001,629.4257666666666,603.8200166666666,591.6591666666667,649.7076,723.2133333333334,0.0,0.0,0.0,0.0,0.0,0.0,0.0,0.0,0.0,0.0,0.0,0.0,466.79729423868,1148.83935,338.6290166666666,400.9779166666667,457.81038333333333,482.26539999999994,539.025,597.7177166666665,610.2987,697.3858333333335,719.8574000000002,780.7793166666668,820.86,875.1326666666668,921.0724166666665,958.9004166666667,1043.10805,960.09995,791.4995833333331,820.3797166666666,886.4057666666666,896.6204166666666,940.38945,975.7062333333332,146.8133333333334,143.88828333333345,149.48559999999998,160.0999999999999,143.6527666666666,144.01638333333312,153.14499999999987,146.04381666666666,662.6637666666666,153.63666666666654,157.76999999999987,989.3593833333332,981.41,987.2692666666667,993.0969833333334,993.9583333333334,999.0375666666666,914.4413999999999,1619.6533333333332,1620.3273666666669,803.9056666666668,1636.685,1628.2344833333334,789.7858166666666,1623.8616666666667,782.6329833333332,780.9037833333333,1613.8333333333335,1124.2728333333332,776.4531666666667,784.8933333333333,80792.9428308642,50783.01252089312
2025-08-07,1611.6726333333331,1606.4135833333335,1605.9283333333333,1026.169292592596,1619.9868166666668,770.985,767.6874,753.0549333333333,754.1833333333333,741.2395166666666,749.4303833333335,759.3,750.1916166666667,755.1408166666666,729.5550000000001,729.4052499999999,719.0231833333333,710.84,731.7956,736.9429,734.0433333333334,739.7963166666667,720.1041666666666,713.895,719.3364833333333,719.0858666666667,710.1149999999999,718.2035833333333,714.0266333333334,697.8933333333333,685.5690333333333,673.6716333333334,633.8029166666668,1410.6166,621.6342333333334,0.0,0.0,0.0,0.0,0.0,0.0,0.0,0.0,0.0,0.0,219.65895,0.0,0.0,0.0,0.0,0.0,0.0,0.0,0.0,0.0,0.0,0.0,0.0,0.0,0.0,0.0,0.0,0.0,0.0,0.0,704.4329166666666,680.2698833333334,662.4871666666667,699.5525000000001,698.9311499999999,679.1278666666667,595.6716666666666,629.4257666666666,603.8200166666666,591.6591666666667,636.1537333333333,723.2133333333334,0.0,0.0,0.0,0.0,0.0,0.0,0.0,0.0,0.0,0.0,0.0,0.0,458.38952674897206,1163.4275833333334,345.2608333333332,400.9995833333334,461.25905000000006,493.4102499999999,543.7099999999999,602.8288666666666,627.8496,695.3970833333333,719.8574000000002,780.7793166666668,820.86,875.1326666666668,921.0724166666665,957.1741666666666,1040.3413333333333,964.5210666666666,791.4995833333331,820.3797166666666,886.4057666666666,903.8245833333334,943.6653333333333,975.7062333333332,146.8133333333334,143.88828333333345,149.48559999999998,149.5433333333334,143.6527666666666,144.01638333333312,152.82999999999993,146.04381666666666,662.6637666666666,145.5866666666667,157.3071666666666,988.9903333333333,976.4933333333333,994.5967999999999,995.9290833333332,992.1933333333333,999.0375666666666,914.9411666666667,1619.6533333333332,1620.3273666666669,799.9431333333334,1636.685,1628.2344833333334,789.7858166666666,1623.8616666666667,782.6329833333332,776.1880500000001,1612.0883333333331,1116.6632333333334,781.7592,784.9983333333332,80735.72946934156,50766.70307148799
2025-08-08,1614.9384,1597.1494833333334,1605.1416666666667,873.4146117283962,1619.9868166666668,770.985,767.6874,753.0549333333333,754.9283333333333,741.2395166666666,746.59165,759.3,750.1916166666667,749.3260499999999,731.9733333333334,729.0698666666667,717.7883333333333,709.9466666666667,731.7956,736.9429,732.4683333333335,739.7963166666667,720.1041666666666,713.895,719.3364833333333,719.0858666666667,706.5833333333334,717.2315833333334,708.2017,698.9283333333333,685.5690333333333,677.0760166666666,633.8029166666668,1410.6166,621.6342333333334,0.0,0.0,0.0,0.0,0.0,0.0,0.0,0.0,0.0,0.0,215.81931666666665,0.0,0.0,0.0,0.0,0.0,0.0,0.0,0.0,0.0,0.0,0.0,0.0,0.0,0.0,0.0,0.0,0.0,0.0,0.0,704.4329166666666,680.2698833333334,662.4871666666667,699.5525000000001,698.9311499999999,679.1278666666667,595.6716666666666,629.4257666666666,603.8200166666666,587.3899999999999,636.1537333333333,723.2133333333334,0.0,0.0,0.0,0.0,0.0,0.0,0.0,0.0,0.0,0.0,0.0,0.0,401.9522222222211,1148.83935,338.6290166666666,400.9995833333334,457.81038333333333,482.26539999999994,539.025,602.8288666666666,627.8496,695.3970833333333,719.8574000000002,775.1843500000001,820.7345833333333,873.9067000000001,906.3034833333334,955.2679166666666,1040.3413333333333,964.5210666666666,791.4995833333331,820.3797166666666,886.4057666666666,911.5191666666666,945.6953,975.7062333333332,146.0966666666667,142.19949999999994,147.6973499999998,143.94666666666672,143.6527666666666,144.01638333333312,149.5,151.5629,662.6637666666666,140.71500000000003,152.6940333333332,988.9903333333333,965.8783333333334,994.5967999999999,995.9290833333332,990.7883333333333,994.1326666666668,914.4413999999999,1619.6533333333332,1620.3273666666669,803.9056666666668,1636.685,1626.4984666666667,784.39395,1623.8616666666667,779.8826166666665,776.1880500000001,1612.0883333333331,1116.6632333333334,781.7592,784.9983333333332,80401.40371728395,50567.405564765926
2025-08-09,781.6050666666667,763.81615,771.8083333333333,767.85565,786.6534833333334,770.985,767.6874,753.0549333333333,754.9283333333333,741.2395166666666,746.59165,759.3,750.1916166666667,749.3260499999999,731.9733333333334,729.0698666666667,717.7883333333333,709.9466666666667,731.7956,736.9429,732.4683333333335,739.7963166666667,720.1041666666666,713.895,719.3364833333333,719.0858666666667,706.5833333333334,717.2315833333334,708.2017,698.9283333333333,685.5690333333333,677.0760166666666,633.8029166666668,577.2832666666667,621.6342333333334,0.0,0.0,0.0,0.0,0.0,0.0,0.0,0.0,0.0,0.0,215.81931666666665,0.0,0.0,0.0,0.0,0.0,0.0,0.0,0.0,0.0,0.0,0.0,0.0,0.0,0.0,0.0,0.0,0.0,0.0,0.0,704.4329166666666,680.2698833333334,662.4871666666667,699.5525000000001,698.9311499999999,679.1278666666667,595.6716666666666,629.4257666666666,603.8200166666666,587.3899999999999,636.1537333333333,723.2133333333334,0.0,0.0,0.0,0.0,0.0,0.0,0.0,0.0,0.0,0.0,0.0,0.0,401.9522222222211,1148.83935,338.6290166666666,400.9995833333334,457.81038333333333,482.26539999999994,539.025,602.8288666666666,627.8496,695.3970833333333,719.8574000000002,775.1843500000001,820.7345833333333,873.9067000000001,906.3034833333334,955.2679166666666,1040.3413333333333,964.5210666666666,791.4995833333331,820.3797166666666,886.4057666666666,911.5191666666666,945.6953,975.7062333333332,146.0966666666667,142.19949999999994,147.6973499999998,143.94666666666672,143.6527666666666,144.01638333333312,149.5,151.5629,662.6637666666666,140.71500000000003,152.6940333333332,988.9903333333333,965.8783333333334,994.5967999999999,995.9290833333332,990.7883333333333,994.1326666666668,914.4413999999999,1619.6533333333332,1620.3273666666669,803.9056666666668,1636.685,1626.4984666666667,784.39395,1623.8616666666667,779.8826166666665,776.1880500000001,1612.0883333333331,1116.6632333333334,781.7592,784.9983333333332,76129.17808888889,48793.47744298222
2025-08-10,781.6050666666667,763.81615,771.8083333333333,767.85565,786.6534833333334,770.985,767.6874,753.0549333333333,754.9283333333333,741.2395166666666,746.59165,759.3,750.1916166666667,749.3260499999999,731.9733333333334,729.0698666666667,717.7883333333333,709.9466666666667,731.7956,736.9429,732.4683333333335,739.7963166666667,720.1041666666666,713.895,719.3364833333333,719.0858666666667,706.5833333333334,717.2315833333334,708.2017,698.9283333333333,685.5690333333333,677.0760166666666,633.8029166666668,577.2832666666667,621.6342333333334,0.0,0.0,0.0,0.0,0.0,0.0,0.0,0.0,0.0,0.0,215.81931666666665,0.0,0.0,0.0,0.0,0.0,0.0,0.0,0.0,0.0,0.0,0.0,0.0,0.0,0.0,0.0,0.0,0.0,0.0,0.0,704.4329166666666,680.2698833333334,662.4871666666667,699.5525000000001,698.9311499999999,679.1278666666667,595.6716666666666,629.4257666666666,603.8200166666666,587.3899999999999,636.1537333333333,723.2133333333334,0.0,0.0,0.0,0.0,0.0,0.0,0.0,0.0,0.0,0.0,0.0,0.0,401.9522222222211,1148.83935,338.6290166666666,400.9995833333334,457.81038333333333,482.26539999999994,539.025,602.8288666666666,627.8496,695.3970833333333,719.8574000000002,775.1843500000001,820.7345833333333,873.9067000000001,906.3034833333334,955.2679166666666,1040.3413333333333,964.5210666666666,791.4995833333331,820.3797166666666,886.4057666666666,911.5191666666666,945.6953,975.7062333333332,146.0966666666667,142.19949999999994,147.6973499999998,143.94666666666672,143.6527666666666,144.01638333333312,149.5,151.5629,662.6637666666666,140.71500000000003,152.6940333333332,988.9903333333333,965.8783333333334,994.5967999999999,995.9290833333332,990.7883333333333,994.1326666666668,914.4413999999999,1619.6533333333332,1620.3273666666669,803.9056666666668,1636.685,1626.4984666666667,784.39395,1623.8616666666667,779.8826166666665,776.1880500000001,1612.0883333333331,1116.6632333333334,781.7592,784.9983333333332,76129.17808888889,48793.47744298222
2025-08-11,1611.6726333333331,1595.1884,1588.06,1220.043592181071,1619.9868166666668,770.985,767.6874,752.5646833333334,757.2933333333334,741.2395166666666,746.59165,754.23,750.1916166666667,749.3260499999999,731.9733333333334,729.4052499999999,717.7883333333333,709.9466666666667,731.7956,736.9429,732.4683333333335,739.7963166666667,720.1041666666666,713.895,716.9819333333332,719.0858666666667,706.5833333333334,717.2315833333334,704.8972166666667,697.8933333333333,685.5690333333333,677.0760166666666,633.8029166666668,1410.6166,624.4156500000001,0.0,0.0,0.0,0.0,0.0,0.0,0.0,0.0,0.0,0.0,193.76796666666664,0.0,0.0,0.0,0.0,0.0,0.0,0.0,0.0,0.0,0.0,0.0,0.0,0.0,0.0,0.0,0.0,0.0,0.0,0.0,704.4329166666666,680.2698833333334,662.4871666666667,699.5525000000001,698.9311499999999,679.1278666666667,595.6716666666666,629.4257666666666,603.8200166666666,587.3899999999999,636.1537333333333,723.2133333333334,0.0,0.0,0.0,0.0,0.0,0.0,0.0,0.0,0.0,0.0,0.0,0.0,401.9522222222211,1142.2127333333333,336.8242333333333,400.9995833333334,457.81038333333333,482.26539999999994,539.025,602.8288666666666,627.8496,695.3970833333333,719.8574000000002,775.1843500000001,820.7345833333333,873.9067000000001,906.3034833333334,955.2679166666666,1040.3413333333333,964.5210666666666,791.4995833333331,820.3797166666666,885.9479333333334,903.8245833333334,943.6653333333333,975.7062333333332,146.0966666666667,141.59133333333352,135.39405,140.51999999999987,143.6527666666666,142.27175,146.78666666666675,146.04381666666666,662.6637666666666,140.71500000000003,152.6940333333332,985.9340833333334,965.2600000000001,994.5967999999999,995.9290833333332,990.7883333333333,994.1326666666668,914.4413999999999,1619.6533333333332,1617.0556666666666,804.4738,1636.685,1626.4984666666667,780.2230333333333,1623.9033333333332,779.8826166666665,1109.5213833333335,1611.9,783.2138833333333,776.4531666666667,784.9983333333332,80635.85359773663,50624.790992666974
2025-08-12,1611.6726333333331,1594.4804833333333,1588.06,1271.4786131687254,1606.8614166666666,770.985,767.6874,753.0549333333333,757.2933333333334,737.9655833333333,742.7945333333334,754.23,750.1916166666667,749.3260499999999,731.9733333333334,729.4052499999999,717.7883333333333,709.1283333333334,724.8829999999999,732.7290666666667,730.875,728.9782166666666,718.9324166666667,713.895,716.9819333333332,719.0858666666667,709.4633333333333,717.2315833333334,704.8972166666667,697.8933333333333,679.9140166666668,673.6716333333334,634.0916666666667,1410.6166,624.4156500000001,0.0,0.0,0.0,0.0,0.0,0.0,0.0,0.0,0.0,0.0,215.81931666666665,0.0,0.0,0.0,0.0,0.0,0.0,0.0,0.0,0.0,0.0,0.0,0.0,0.0,0.0,0.0,0.0,0.0,0.0,0.0,682.1275,680.2698833333334,662.4871666666667,699.5525000000001,698.9311499999999,679.1278666666667,595.6716666666666,629.4257666666666,603.8200166666666,587.3899999999999,636.1537333333333,723.2133333333334,0.0,0.0,0.0,0.0,0.0,0.0,0.0,0.0,0.0,0.0,0.0,0.0,401.9522222222211,1142.2127333333333,336.8242333333333,400.9995833333334,457.81038333333333,482.26539999999994,539.025,602.8288666666666,627.8496,695.3970833333333,719.8574000000002,775.1843500000001,820.7345833333333,873.9067000000001,906.3034833333334,955.2679166666666,1040.3413333333333,960.9922499999999,791.4995833333331,813.9583333333334,886.4057666666666,911.5191666666666,943.6653333333333,963.8813833333334,140.61333333333334,134.28588333333323,135.39405,140.51999999999987,130.85540000000015,138.9681833333333,139.46500000000003,146.04381666666666,662.6637666666666,138.7600000000001,152.6940333333332,985.6152999999999,958.0933333333335,987.2692666666667,993.0969833333334,984.765,994.1326666666668,914.4413999999999,1619.6533333333332,1620.3273666666669,820.9310833333334,1632.56,1625.9532333333334,783.50545,1623.9033333333332,779.69495,1109.5213833333335,1611.9,783.2138833333333,778.9964833333335,784.9983333333332,80580.44121872429,50546.8176870579
2025-08-13,1611.6726333333331,1594.4804833333333,1605.1416666666667,1258.1810753086465,1606.1180333333334,770.985,767.6874,753.0549333333333,754.9283333333333,734.0907000000001,742.7945333333334,752.7966666666666,749.5426333333332,749.3077499999999,729.5550000000001,729.4052499999999,717.7883333333333,706.9383333333334,724.8829999999999,732.7290666666667,727.355,728.9782166666666,718.9324166666667,713.895,716.9819333333332,719.0858666666667,709.4633333333333,713.9182500000001,704.8972166666667,698.9283333333333,685.5690333333333,682.1648666666667,637.87,1413.68205,624.4156500000001,0.0,0.0,0.0,0.0,0.0,0.0,0.0,0.0,0.0,0.0,215.81931666666665,0.0,0.0,0.0,0.0,0.0,0.0,0.0,0.0,0.0,0.0,0.0,0.0,0.0,0.0,0.0,0.0,0.0,0.0,0.0,703.6045833333333,680.2698833333334,662.4871666666667,699.5525000000001,657.0367500000001,613.2388666666668,570.4341666666668,576.6060000000001,569.2357999999999,583.6029166666667,622.60845,668.6920843621375,0.0,0.0,0.0,0.0,0.0,0.0,0.0,0.0,0.0,0.0,0.0,0.0,386.31076131687155,1142.2127333333333,336.8242333333333,400.9995833333334,457.81038333333333,482.26539999999994,539.025,602.8288666666666,627.8496,695.3970833333333,719.8574000000002,775.1843500000001,820.7345833333333,873.9067000000001,906.3034833333334,953.2616666666667,1043.10805,967.6788666666666,793.9749999999999,813.9583333333334,886.4057666666666,915.8637500000002,945.6953,958.5941833333333,135.96500000000003,134.28588333333323,135.39405,140.14166666666665,130.85540000000015,138.9681833333333,139.46500000000003,146.04381666666666,662.6637666666666,138.7600000000001,152.6940333333332,985.6152999999999,964.8766666666668,987.2692666666667,988.538,979.3766666666668,991.2937333333333,913.9415166666665,1613.8766666666668,1620.3273666666669,820.9310833333334,1636.685,1625.9532333333334,776.4723166666665,1616.3883333333333,779.69495,1109.5213833333335,1608.0516666666667,783.2138833333333,778.9964833333335,784.9983333333332,80278.71620432098,50400.75040143027
2025-08-14,1611.6726333333331,1594.4804833333333,1605.1416666666667,993.3994240740719,1606.1180333333334,773.2616666666667,767.6874,753.0549333333333,754.9283333333333,734.0907000000001,740.8448166666666,743.3383333333333,749.13605,748.3348833333332,724.5266666666666,729.4052499999999,719.9301666666667,709.1283333333334,724.8829999999999,732.7290666666667,727.355,728.3982333333333,711.04735,713.895,700.8894333333333,712.5491999999999,710.1149999999999,713.9182500000001,703.1296333333333,698.9283333333333,679.9140166666668,673.6716333333334,641.0404166666666,1414.7114333333334,621.6342333333334,0.0,0.0,0.0,0.0,0.0,0.0,0.0,0.0,0.0,0.0,193.76796666666664,0.0,0.0,0.0,0.0,0.0,0.0,0.0,0.0,0.0,0.0,0.0,0.0,0.0,0.0,0.0,0.0,0.0,0.0,0.0,703.6045833333333,671.7544333333334,662.0599833333333,699.5525000000001,657.0367500000001,613.2388666666668,568.8250000000002,523.0915166666668,561.5661,565.7420833333334,613.5750833333334,587.4598555555554,0.0,0.0,0.0,0.0,0.0,0.0,0.0,0.0,0.0,0.0,0.0,0.0,381.90159465020486,1127.4852166666667,330.3875500000001,400.9779166666667,453.6854000000002,482.26539999999994,514.2716666666666,567.1415166666666,610.2987,683.2933333333334,719.8574000000002,775.1843500000001,820.7345833333333,873.9067000000001,906.3034833333334,952.2866666666667,1043.10805,972.5550833333333,793.9749999999999,820.3797166666666,886.4057666666666,915.8637500000002,955.6691666666667,969.3672666666666,135.11333333333334,134.28588333333323,135.39405,140.14166666666665,130.85540000000015,138.9681833333333,131.3649999999999,138.06871666666666,658.472833333333,138.65499999999997,152.6940333333332,985.6152999999999,964.8766666666668,987.2692666666667,988.538,979.3766666666668,991.2937333333333,912.2869000000002,1613.8766666666668,1617.0556666666666,804.4738,1632.56,1625.9532333333334,776.4723166666665,1615.7016666666668,769.0868999999999,1109.5213833333335,1608.0516666666667,778.4903333333333,778.9964833333335,784.9983333333332,79604.3780909465,50053.88166781163
2025-08-15,1606.2163500000001,1590.6416833333333,1605.1416666666667,1288.1506265432115,1604.2174166666666,770.985,762.0182,744.6030833333333,752.1366666666667,734.0907000000001,741.7849166666667,742.3033333333333,749.13605,748.3348833333332,722.64,733.2806666666668,719.9301666666667,709.1283333333334,724.8829999999999,732.7290666666667,727.355,728.3982333333333,711.04735,707.8283333333334,699.6880500000001,712.5491999999999,710.1149999999999,713.9182500000001,702.5737000000001,697.8933333333333,679.9140166666668,676.31385,645.3116666666666,1417.0078,626.1604333333332,0.0,0.0,0.0,0.0,0.0,0.0,0.0,0.0,0.0,0.0,205.12043333333324,0.0,0.0,0.0,0.0,0.0,0.0,0.0,0.0,0.0,0.0,0.0,0.0,0.0,0.0,0.0,0.0,0.0,0.0,0.0,703.6045833333333,671.7544333333334,662.0599833333333,699.5525000000001,657.0367500000001,613.2388666666668,568.8250000000002,523.0915166666668,561.5661,565.7420833333334,613.5750833333334,436.98150164609035,0.0,0.0,0.0,0.0,0.0,0.0,0.0,0.0,0.0,0.0,0.0,0.0,368.49272633745,1127.4852166666667,330.3875500000001,400.9779166666667,430.9819333333335,482.26539999999994,514.2716666666666,556.02545,603.7091500000001,679.13125,711.3781166666668,771.3774333333334,820.7345833333333,869.2662166666667,895.9682666666668,953.2616666666667,1045.7027166666667,977.9844166666667,798.7779166666666,820.3797166666666,886.4057666666666,924.5683333333333,945.6953,969.3672666666666,135.11333333333334,137.4803333333332,135.0859499999999,140.14166666666665,130.85540000000015,138.9681833333333,131.3649999999999,136.09145,656.4422666666665,138.625,152.6940333333332,985.6152999999999,964.775,987.2692666666667,987.5392166666667,979.3766666666668,989.2825833333334,912.2869000000002,1613.8766666666668,1617.0556666666666,804.4738,1632.56,1622.1434833333333,776.4723166666665,1608.7933333333335,767.1795833333333,1109.5213833333335,1608.0516666666667,776.9767833333334,778.9964833333335,784.9983333333332,79645.27788786008,50025.509766996525
2025-08-16,772.8830166666667,757.3083499999999,771.8083333333333,763.8755500000001,770.8840833333333,770.985,762.0182,744.6030833333333,752.1366666666667,734.0907000000001,741.7849166666667,742.3033333333333,749.13605,748.3348833333332,722.64,733.2806666666668,719.9301666666667,709.1283333333334,724.8829999999999,732.7290666666667,727.355,728.3982333333333,711.04735,707.8283333333334,699.6880500000001,712.5491999999999,710.1149999999999,713.9182500000001,702.5737000000001,697.8933333333333,679.9140166666668,676.31385,645.3116666666666,583.6744666666667,626.1604333333332,0.0,0.0,0.0,0.0,0.0,0.0,0.0,0.0,0.0,0.0,205.12043333333324,0.0,0.0,0.0,0.0,0.0,0.0,0.0,0.0,0.0,0.0,0.0,0.0,0.0,0.0,0.0,0.0,0.0,0.0,0.0,703.6045833333333,671.7544333333334,662.0599833333333,699.5525000000001,657.0367500000001,613.2388666666668,568.8250000000002,523.0915166666668,561.5661,565.7420833333334,613.5750833333334,436.98150164609035,0.0,0.0,0.0,0.0,0.0,0.0,0.0,0.0,0.0,0.0,0.0,0.0,368.49272633745,1127.4852166666667,330.3875500000001,400.9779166666667,430.9819333333335,482.26539999999994,514.2716666666666,556.02545,603.7091500000001,679.13125,711.3781166666668,771.3774333333334,820.7345833333333,869.2662166666667,895.9682666666668,953.2616666666667,1045.7027166666667,977.9844166666667,798.7779166666666,820.3797166666666,886.4057666666666,924.5683333333333,945.6953,969.3672666666666,135.11333333333334,137.4803333333332,135.0859499999999,140.14166666666665,130.85540000000015,138.9681833333333,131.3649999999999,136.09145,656.4422666666665,138.625,152.6940333333332,985.6152999999999,964.775,987.2692666666667,987.5392166666667,979.3766666666668,989.2825833333334,912.2869000000002,1613.8766666666668,1617.0556666666666,804.4738,1632.56,1622.1434833333333,776.4723166666665,1608.7933333333335,767.1795833333333,776.1880500000001,1608.0516666666667,1110.3101166666668,778.9964833333335,784.9983333333332,74954.33614465021,48072.70612096393
2025-08-17,772.8830166666667,757.3083499999999,771.8083333333333,763.8755500000001,770.8840833333333,770.985,762.0182,744.6030833333333,752.1366666666667,734.0907000000001,741.7849166666667,742.3033333333333,749.13605,748.3348833333332,722.64,733.2806666666668,719.9301666666667,709.1283333333334,724.8829999999999,732.7290666666667,727.355,728.3982333333333,711.04735,707.8283333333334,699.6880500000001,712.5491999999999,710.1149999999999,713.9182500000001,702.5737000000001,697.8933333333333,679.9140166666668,676.31385,645.3116666666666,583.6744666666667,626.1604333333332,0.0,0.0,0.0,0.0,0.0,0.0,0.0,0.0,0.0,0.0,205.12043333333324,0.0,0.0,0.0,0.0,0.0,0.0,0.0,0.0,0.0,0.0,0.0,0.0,0.0,0.0,0.0,0.0,0.0,0.0,0.0,703.6045833333333,671.7544333333334,662.0599833333333,699.5525000000001,657.0367500000001,613.2388666666668,568.8250000000002,523.0915166666668,561.5661,565.7420833333334,613.5750833333334,436.98150164609035,0.0,0.0,0.0,0.0,0.0,0.0,0.0,0.0,0.0,0.0,0.0,0.0,368.49272633745,1127.4852166666667,330.3875500000001,400.9779166666667,430.9819333333335,482.26539999999994,514.2716666666666,556.02545,603.7091500000001,679.13125,711.3781166666668,771.3774333333334,820.7345833333333,869.2662166666667,895.9682666666668,953.2616666666667,1045.7027166666667,977.9844166666667,798.7779166666666,820.3797166666666,886.4057666666666,924.5683333333333,945.6953,969.3672666666666,135.11333333333334,137.4803333333332,135.0859499999999,140.14166666666665,130.85540000000015,138.9681833333333,131.3649999999999,136.09145,656.4422666666665,138.625,152.6940333333332,985.6152999999999,964.775,987.2692666666667,987.5392166666667,979.3766666666668,989.2825833333334,912.2869000000002,1613.8766666666668,1617.0556666666666,804.4738,1632.56,1622.1434833333333,776.4723166666665,1608.7933333333335,767.1795833333333,1109.5213833333335,1608.0516666666667,776.9767833333334,778.9964833333335,783.7083333333334,74953.0461446502,48072.15451696393
2025-08-18,1606.2163500000001,1590.6416833333333,1605.1416666666667,1300.6793119341542,1604.2174166666666,770.7466666666666,761.0294833333334,744.6030833333333,752.1366666666667,734.0907000000001,740.0967,737.8533333333332,749.13605,748.3348833333332,724.5266666666666,733.2806666666668,717.3385499999999,706.4283333333333,724.8829999999999,732.7290666666667,727.355,728.3982333333333,708.6201833333332,706.7516666666668,699.6880500000001,712.5491999999999,709.4633333333333,713.4202833333334,702.5737000000001,697.8933333333333,682.5614666666667,676.31385,645.3116666666666,1421.1764166666667,630.0025999999999,0.0,0.0,0.0,0.0,0.0,0.0,0.0,0.0,0.0,0.0,205.12043333333324,0.0,0.0,0.0,0.0,0.0,0.0,0.0,0.0,0.0,0.0,0.0,0.0,0.0,0.0,0.0,0.0,0.0,0.0,0.0,703.6045833333333,651.6347,654.6136000000001,649.7295833333333,636.9024333333334,591.6940666666667,553.9995833333335,523.0915166666668,561.5661,557.8037499999998,613.5750833333334,401.7167074074074,0.0,0.0,0.0,0.0,0.0,0.0,0.0,0.0,0.0,0.0,0.0,0.0,368.49272633745,1127.4852166666667,330.3875500000001,400.9779166666667,430.9819333333335,482.26539999999994,514.2716666666666,556.02545,603.7091500000001,679.13125,711.3781166666668,771.3774333333334,820.7345833333333,869.2662166666667,895.9682666666668,953.2616666666667,1049.2961333333333,977.9844166666667,798.7779166666666,820.3797166666666,901.5740833333332,929.225,961.8135,969.3672666666666,135.11333333333334,137.4803333333332,135.0859499999999,140.51999999999987,143.6527666666666,138.9681833333333,131.3649999999999,127.67796666666663,656.4391499999999,138.625,147.72356666666667,977.8321500000001,958.0933333333335,987.2692666666667,987.5392166666667,972.3333333333334,985.7324666666667,908.0020333333334,1611.6233333333332,1617.0556666666666,804.4738,1632.56,1621.5668833333334,776.4723166666665,1615.7016666666668,763.4663666666668,1109.5213833333335,1608.0516666666667,774.9600000000002,778.9964833333335,784.9983333333332,79484.27492901235,49960.076142377446
2025-08-19,1611.6726333333331,1592.6031833333334,1605.1416666666667,1173.7777053497935,1604.2174166666666,770.7466666666666,760.1474666666667,740.6348833333334,754.875,737.9655833333333,740.0967,731.3516666666667,746.74375,742.6146666666667,721.4433333333333,733.2806666666668,717.3385499999999,706.4283333333333,724.8829999999999,732.7290666666667,727.355,727.1664166666668,708.6201833333332,706.7516666666668,699.6880500000001,712.5491999999999,709.4633333333333,708.1568666666667,695.2585,697.8933333333333,682.5614666666667,673.6716333333334,646.8737500000001,1425.7124166666667,631.9007833333333,0.0,0.0,0.0,0.0,0.0,0.0,0.0,0.0,0.0,0.0,193.76796666666664,0.0,0.0,0.0,0.0,0.0,0.0,0.0,0.0,0.0,0.0,0.0,0.0,0.0,0.0,0.0,0.0,0.0,0.0,0.0,703.6045833333333,651.6347,625.7698166666667,610.9091666666667,563.7750500000001,575.1198166666667,552.0645833333335,521.5475166666668,558.2693833333333,556.7495833333335,583.6844166666667,310.9698808641947,0.0,0.0,0.0,0.0,0.0,0.0,0.0,0.0,0.0,0.0,0.0,0.0,368.49272633745,1126.9533666666666,329.0799833333332,400.9779166666667,420.2909333333334,474.50353333333334,509.5345833333333,546.0980500000001,598.4854666666666,679.13125,711.3781166666668,758.9434166666666,820.7345833333333,862.6582166666667,895.2140833333334,953.2616666666667,1049.2961333333333,972.5550833333333,793.9749999999999,820.3797166666666,901.5740833333332,929.225,961.8135,958.5941833333333,131.78666666666675,137.4803333333332,135.0859499999999,140.51999999999987,143.6527666666666,138.9681833333333,131.3649999999999,127.67796666666663,656.4391499999999,138.625,147.72356666666667,966.0755000000001,958.0933333333335,970.3393333333333,970.3547833333334,965.06,985.5202833333333,912.2869000000002,1611.6233333333332,1617.0556666666666,804.4738,1632.56,1620.7395666666666,771.9836,1615.7016666666668,764.83715,1109.5213833333335,1608.0516666666667,774.2947333333334,769.4063666666666,783.7083333333334,78894.34357921811,49610.69995023775
2025-08-20,1606.2163500000001,1590.6416833333333,1588.06,1354.0340617283955,1603.7699,765.1933333333333,752.0161,739.6742666666668,754.875,737.9655833333333,739.1565499999999,731.3516666666667,746.74375,742.6146666666667,724.5266666666666,733.2806666666668,717.3385499999999,705.6616666666667,718.7813,726.3451166666667,722.7916666666666,722.71135,708.3510833333333,700.8566666666667,698.1047166666667,708.8660000000001,709.4633333333333,709.5458833333334,696.3887500000001,697.8933333333333,682.5614666666667,673.6716333333334,647.4908333333333,1425.8767333333335,631.9007833333333,0.0,0.0,0.0,0.0,0.0,0.0,0.0,0.0,0.0,0.0,193.76796666666664,0.0,0.0,0.0,0.0,0.0,0.0,0.0,0.0,0.0,0.0,0.0,0.0,0.0,0.0,0.0,0.0,0.0,0.0,0.0,682.1275,642.4628500000001,614.2312833333333,610.9091666666667,563.7750500000001,575.1198166666667,552.0645833333335,521.5475166666668,558.2693833333333,556.7495833333335,582.9717166666667,12.305038271604076,0.0,0.0,0.0,0.0,0.0,0.0,0.0,0.0,0.0,0.0,0.0,0.0,365.22272633744876,1126.9533666666666,329.0799833333332,392.5116666666667,420.2909333333334,474.50353333333334,509.5345833333333,546.0980500000001,598.4854666666666,675.7695833333332,710.3604333333333,758.9434166666666,820.7345833333333,856.6888166666666,894.6257499999999,953.2616666666667,1049.2961333333333,972.5550833333333,793.9749999999999,820.3797166666666,903.4155666666666,929.4970833333333,961.8135,958.5941833333333,131.78666666666675,137.4803333333332,135.0859499999999,140.51999999999987,143.6527666666666,138.9681833333333,131.3649999999999,127.67796666666663,655.1933666666664,138.625,147.72356666666667,965.9280666666667,964.775,970.3393333333333,970.3547833333334,972.3333333333334,985.7324666666667,912.2241666666667,1604.9,1617.0556666666666,804.4738,1629.0100000000002,1620.7395666666666,774.3254333333333,1608.7933333333335,762.15065,1095.5931833333334,1607.94,774.2947333333334,769.4063666666666,783.7083333333334,78625.77040967079,49449.75369355158
2025-08-21,1606.2163500000001,1590.6416833333333,1605.1416666666667,1286.7511399176994,1603.7699,765.1933333333333,751.6881666666667,739.1406666666667,754.875,734.0907000000001,736.2508500000001,731.3516666666667,746.74375,742.6146666666667,724.5266666666666,733.2806666666668,716.4038333333333,706.4283333333333,718.7813,726.3451166666667,722.7916666666666,722.71135,708.3510833333333,697.7033333333334,698.1047166666667,708.8660000000001,706.5833333333334,709.5458833333334,696.3887500000001,684.9116666666667,682.5614666666667,673.6716333333334,647.4908333333333,1430.0427166666668,633.1878333333334,0.0,0.0,0.0,0.0,0.0,0.0,0.0,0.0,0.0,0.0,193.76796666666664,0.0,0.0,0.0,0.0,0.0,0.0,0.0,0.0,0.0,0.0,0.0,0.0,0.0,0.0,0.0,0.0,0.0,0.0,0.0,651.2995833333333,638.4048000000001,610.0356,601.6208333333333,563.7750500000001,575.1198166666667,549.20375,523.0915166666668,561.5661,556.7495833333335,582.9717166666667,182.45131111110584,0.0,0.0,0.0,0.0,0.0,0.0,0.0,0.0,0.0,0.0,0.0,0.0,293.7050771604923,1126.9533666666666,329.0799833333332,385.7399999999999,405.88634999999994,446.9521500000001,497.5529166666667,537.3359666666668,596.6864333333334,670.8120833333334,710.3604333333333,758.9434166666666,814.8195833333333,849.0318666666666,895.2140833333334,953.2616666666667,1049.2961333333333,977.9844166666667,798.7779166666666,821.2139833333334,901.5740833333332,929.4970833333333,961.8135,958.5941833333333,129.86166666666657,136.8539333333332,135.0859499999999,140.51999999999987,130.85540000000015,138.1986833333333,131.3649999999999,136.09145,655.1933666666664,138.625,147.72356666666667,965.9280666666667,964.8766666666668,965.8829666666667,968.2147,972.3333333333334,985.7324666666667,912.2241666666667,1604.8516666666667,1608.5511999999999,803.9056666666668,1629.0100000000002,1620.7395666666666,774.3254333333333,1603.1750000000002,762.15065,1095.5931833333334,1602.935,772.1922166666666,756.7137333333334,776.2666666666667,78470.26839485597,49348.965776994075
2025-08-22,1606.2163500000001,1587.5606500000001,1588.06,1231.5725368312794,1603.7699,762.9333333333333,751.6881666666667,739.1406666666667,754.875,734.0907000000001,736.2508500000001,723.1800000000001,746.74375,742.6146666666667,715.0616666666666,733.2806666666668,719.9301666666667,706.5883333333333,712.5815166666666,725.9417833333333,722.5683333333333,720.6651166666668,708.2146333333333,696.6383333333334,698.1047166666667,708.8660000000001,706.5833333333334,709.5458833333334,695.2585,684.9116666666667,682.5614666666667,672.62735,647.69,1431.1873833333334,633.1878333333334,0.0,0.0,0.0,0.0,0.0,0.0,0.0,0.0,0.0,0.0,193.76796666666664,0.0,0.0,0.0,0.0,0.0,0.0,0.0,0.0,0.0,0.0,0.0,0.0,0.0,0.0,0.0,0.0,0.0,0.0,0.0,649.195,620.3062833333333,605.2272666666667,601.6208333333333,566.8393166666667,553.2770833333332,513.4854166666668,523.0915166666668,561.5661,556.7495833333335,567.2692166666666,37.97568024691435,0.0,0.0,0.0,0.0,0.0,0.0,0.0,0.0,0.0,0.0,0.0,0.0,189.9083333333333,975.5932504115262,318.73448333333334,314.40583333333325,364.2171666666666,441.73558333333324,494.27375,519.68555,594.9234666666666,657.3570833333332,708.7171166666667,743.3274833333332,802.6654166666667,847.7519166666667,894.6257499999999,953.2616666666667,1049.2961333333333,981.3173833333334,798.7779166666666,830.1057666666668,903.6550833333334,929.4970833333333,961.8135,958.5941833333333,129.86166666666657,136.8539333333332,135.8864666666667,140.51999999999987,130.85540000000015,138.1986833333333,131.3599999999999,136.09145,655.1933666666664,138.65499999999997,147.72356666666667,965.9280666666667,964.8766666666668,965.8829666666667,959.4031833333333,965.06,985.7324666666667,901.1975666666668,1604.8516666666667,1603.0781666666667,803.9056666666668,1626.1083333333333,1620.7395666666666,774.3254333333333,1603.1149999999998,757.6513833333333,1092.3996,1602.935,772.1922166666666,756.7137333333334,776.2666666666667,77648.86630082305,48844.25083876556
2025-08-23,772.8830166666667,754.2273166666668,754.7266666666667,763.62095,770.4365666666666,762.9333333333333,751.6881666666667,739.1406666666667,754.875,734.0907000000001,736.2508500000001,723.1800000000001,746.74375,742.6146666666667,715.0616666666666,733.2806666666668,719.9301666666667,706.5883333333333,712.5815166666666,725.9417833333333,722.5683333333333,720.6651166666668,708.2146333333333,696.6383333333334,698.1047166666667,708.8660000000001,706.5833333333334,709.5458833333334,695.2585,684.9116666666667,682.5614666666667,672.62735,647.69,597.85405,633.1878333333334,0.0,0.0,0.0,0.0,0.0,0.0,0.0,0.0,0.0,0.0,193.76796666666664,0.0,0.0,0.0,0.0,0.0,0.0,0.0,0.0,0.0,0.0,0.0,0.0,0.0,0.0,0.0,0.0,0.0,0.0,0.0,649.195,620.3062833333333,605.2272666666667,601.6208333333333,566.8393166666667,553.2770833333332,513.4854166666668,523.0915166666668,561.5661,556.7495833333335,567.2692166666666,37.97568024691435,0.0,0.0,0.0,0.0,0.0,0.0,0.0,0.0,0.0,0.0,0.0,0.0,189.9083333333333,975.5932504115262,318.73448333333334,314.40583333333325,364.2171666666666,441.73558333333324,494.27375,519.68555,594.9234666666666,657.3570833333332,708.7171166666667,743.3274833333332,802.6654166666667,847.7519166666667,894.6257499999999,953.2616666666667,1049.2961333333333,981.3173833333334,798.7779166666666,830.1057666666668,903.6550833333334,929.4970833333333,961.8135,958.5941833333333,129.86166666666657,136.8539333333332,135.8864666666667,140.51999999999987,130.85540000000015,138.1986833333333,131.3599999999999,136.09145,655.1933666666664,138.65499999999997,147.72356666666667,965.9280666666667,964.8766666666668,965.8829666666667,959.4031833333333,965.06,985.7324666666667,901.1975666666668,1604.8516666666667,1603.0781666666667,803.9056666666668,1626.1083333333333,1620.7395666666666,774.3254333333333,1603.1149999999998,757.6513833333333,759.0662666666667,1602.935,1105.5255499999998,756.7137333333334,776.2666666666667,73014.2480473251,46915.5085875379
2025-08-24,772.8830166666667,754.2273166666668,754.7266666666667,763.62095,770.4365666666666,762.9333333333333,751.6881666666667,739.1406666666667,754.875,734.0907000000001,736.2508500000001,723.1800000000001,746.74375,742.6146666666667,715.0616666666666,733.2806666666668,719.9301666666667,706.5883333333333,712.5815166666666,725.9417833333333,722.5683333333333,720.6651166666668,708.2146333333333,696.6383333333334,698.1047166666667,708.8660000000001,706.5833333333334,709.5458833333334,695.2585,684.9116666666667,682.5614666666667,672.62735,647.69,597.85405,633.1878333333334,0.0,0.0,0.0,0.0,0.0,0.0,0.0,0.0,0.0,0.0,193.76796666666664,0.0,0.0,0.0,0.0,0.0,0.0,0.0,0.0,0.0,0.0,0.0,0.0,0.0,0.0,0.0,0.0,0.0,0.0,0.0,649.195,620.3062833333333,605.2272666666667,601.6208333333333,566.8393166666667,553.2770833333332,513.4854166666668,523.0915166666668,561.5661,556.7495833333335,567.2692166666666,37.97568024691435,0.0,0.0,0.0,0.0,0.0,0.0,0.0,0.0,0.0,0.0,0.0,0.0,189.9083333333333,975.5932504115262,318.73448333333334,314.40583333333325,364.2171666666666,441.73558333333324,494.27375,519.68555,594.9234666666666,657.3570833333332,708.7171166666667,743.3274833333332,802.6654166666667,847.7519166666667,894.6257499999999,953.2616666666667,1049.2961333333333,981.3173833333334,798.7779166666666,830.1057666666668,903.6550833333334,929.4970833333333,961.8135,958.5941833333333,129.86166666666657,136.8539333333332,135.8864666666667,140.51999999999987,130.85540000000015,138.1986833333333,131.3599999999999,136.09145,655.1933666666664,138.65499999999997,147.72356666666667,965.9280666666667,964.8766666666668,965.8829666666667,959.4031833333333,965.06,985.7324666666667,901.1975666666668,1604.8516666666667,1603.0781666666667,803.9056666666668,1626.1083333333333,1620.7395666666666,774.3254333333333,1603.1149999999998,757.6513833333333,759.0662666666667,1602.935,1105.5255499999998,756.7137333333334,776.2666666666667,73014.2480473251,46915.5085875379
2025-08-25,1601.5703166666667,1587.5606500000001,1581.69,1499.9425201646104,1597.1805,761.8616666666666,747.9591166666668,721.5317333333334,752.1366666666667,733.7461166666667,736.2508500000001,723.1800000000001,746.74375,748.3348833333332,723.1766666666667,729.8481666666667,716.4038333333333,706.5883333333333,712.5815166666666,725.9417833333333,722.5683333333333,720.6651166666668,705.2484833333333,696.6383333333334,697.9210666666665,699.4494666666666,706.5833333333334,708.1568666666667,694.4952,684.1316666666667,682.5614666666667,672.62735,653.1133333333332,1431.6570166666668,636.3652166666666,0.0,0.0,0.0,0.0,0.0,0.0,0.0,0.0,0.0,0.0,0.0,0.0,0.0,0.0,0.0,0.0,0.0,0.0,0.0,0.0,0.0,0.0,0.0,0.0,0.0,0.0,0.0,0.0,0.0,0.0,629.6495833333333,620.3062833333333,605.2272666666667,601.6208333333333,566.8393166666667,553.2770833333332,513.4854166666668,523.0915166666668,561.5661,544.9066666666668,523.1600833333332,0.0,0.0,0.0,0.0,0.0,0.0,0.0,0.0,0.0,0.0,0.0,0.0,0.0,184.19916666666677,826.953338477366,297.05671666666666,335.2483333333335,364.2171666666666,441.73558333333324,492.5329166666667,519.5516833333334,594.9234666666666,657.3570833333332,688.2824833333335,722.2296,802.6654166666667,849.0318666666666,895.9682666666668,953.8466666666667,1055.1011166666667,982.2747499999999,803.6504166666667,836.0488166666668,905.53125,937.79375,962.3406333333334,969.3672666666666,129.74666666666656,136.8539333333332,135.8864666666667,136.67666666666673,130.60080000000005,138.1986833333333,131.3599999999999,136.09145,655.1933666666664,138.625,145.7417333333333,965.9280666666667,964.8766666666668,965.8829666666667,959.4031833333333,965.06,988.5337333333334,901.1975666666668,1604.8516666666667,1603.0781666666667,803.9056666666668,1625.3666666666668,1620.7395666666666,774.3254333333333,1602.1633333333334,757.6513833333333,1092.3996,1602.935,772.1922166666666,756.7137333333334,768.0183333333333,77397.64694197531,48651.39070038272
2025-08-26,1599.42455,1585.0993166666667,1581.69,1591.7870384773655,1597.1805,761.8616666666666,745.2870833333333,720.7776833333335,752.1366666666667,730.2529666666667,735.2689333333333,722.215,743.0030333333333,742.6146666666667,715.0616666666666,729.8481666666667,715.5849166666667,706.4283333333333,710.3879833333334,716.5922000000002,722.5683333333333,720.6651166666668,705.2484833333333,700.8566666666667,698.1047166666667,705.2192666666667,706.5833333333334,708.1568666666667,690.497,684.1316666666667,679.6036166666668,671.4939833333334,656.68125,1433.5247,643.8405333333334,0.0,0.0,0.0,0.0,0.0,0.0,0.0,0.0,0.0,0.0,0.0,0.0,0.0,0.0,0.0,0.0,0.0,0.0,0.0,0.0,0.0,0.0,0.0,0.0,0.0,0.0,0.0,0.0,0.0,0.0,613.6924604938291,616.0761333333334,597.7764833333333,594.2224999999999,560.0327666666666,553.2770833333332,513.4854166666668,523.0915166666668,549.5926833333333,539.5733333333333,523.1600833333332,0.0,0.0,0.0,0.0,0.0,0.0,0.0,0.0,0.0,0.0,0.0,0.0,0.0,184.19916666666677,826.953338477366,297.05671666666666,335.2483333333335,364.2171666666666,441.73558333333324,492.5329166666667,519.5516833333334,594.9234666666666,657.3570833333332,688.2824833333335,722.2296,802.6654166666667,849.0318666666666,894.8870166666668,953.8466666666667,1055.1011166666667,982.2747499999999,816.6729166666665,838.4257166666666,913.2656333333332,937.79375,962.3406333333334,969.3672666666666,129.74666666666656,136.8539333333332,135.8864666666667,136.67666666666673,130.60080000000005,138.1986833333333,131.3599999999999,136.09145,655.1933666666664,132.71500000000003,145.7417333333333,965.9280666666667,964.775,953.8081333333333,954.5067333333333,959.5266666666666,985.5202833333333,901.1975666666668,1604.8516666666667,1603.0781666666667,803.9056666666668,1625.3666666666668,1619.6700833333334,775.6457333333333,1602.1633333333334,762.15065,1092.3996,1600.9633333333331,768.2620666666667,756.7137333333334,768.0183333333333,77391.13490411523,48646.130152019075
2025-08-27,1599.42455,1582.6138666666666,1579.93,1217.496139300411,1597.1805,761.8616666666666,745.5218666666666,721.5317333333334,735.2083333333334,729.7240833333333,732.5583333333333,718.9483333333333,733.2592666666666,742.6146666666667,715.65,729.8481666666667,715.5849166666667,706.4283333333333,710.3879833333334,715.9187333333333,718.075,720.6651166666668,703.8498166666667,696.6383333333334,697.9210666666665,705.2192666666667,706.5833333333334,708.1568666666667,690.497,684.1316666666667,679.6036166666668,671.4939833333334,661.4445833333334,1433.5247,643.8405333333334,0.0,0.0,0.0,0.0,0.0,0.0,0.0,0.0,0.0,0.0,0.0,0.0,0.0,0.0,0.0,0.0,0.0,0.0,0.0,0.0,0.0,0.0,0.0,0.0,0.0,0.0,0.0,0.0,0.0,0.0,0.0,615.9388666666667,437.24564835390896,593.46625,547.4678666666666,495.10835000000014,499.05833333333345,516.790866666667,533.0570666666666,522.0566666666667,514.8756666666668,0.0,0.0,0.0,0.0,0.0,0.0,0.0,0.0,0.0,0.0,0.0,0.0,0.0,181.82458333333338,639.3801269547309,297.05671666666666,335.2483333333335,364.2171666666666,441.73558333333324,487.68375000000003,519.68555,598.4854666666666,652.9470833333334,688.2824833333335,722.2296,802.6654166666667,854.95735,895.9682666666668,953.8466666666667,1055.1011166666667,982.2747499999999,816.6729166666665,836.0488166666668,915.8558333333334,938.4025,962.3406333333334,958.5941833333333,118.94999999999993,124.92155000000002,135.8864666666667,134.94333333333327,130.51905,138.9681833333333,131.3599999999999,136.09145,655.1933666666664,132.71500000000003,140.96208333333323,963.7186166666667,964.775,953.8081333333333,959.4031833333333,965.06,985.5202833333333,901.1975666666668,1604.8516666666667,1603.0781666666667,803.9056666666668,1621.0183333333334,1619.5372166666666,775.6457333333333,1602.1633333333334,757.6513833333333,1089.5954,1600.9633333333331,768.2620666666667,756.7137333333334,767.725,75835.01113127572,47844.861196698395
2025-08-28,1599.42455,1582.6138666666666,1579.93,1553.666233333333,1590.7116999999998,755.9016666666666,745.2870833333333,735.4095666666667,735.2083333333334,721.4914333333332,727.7320666666667,718.9483333333333,732.8613833333334,737.4752833333333,715.65,729.8481666666667,713.5829833333335,702.6216666666666,706.7327333333332,713.2116333333335,718.075,720.6651166666668,703.8498166666667,696.0766666666666,691.7879666666666,699.4494666666666,703.2466666666666,708.1568666666667,690.497,684.1316666666667,670.4879999999999,671.4939833333334,664.9383333333334,1442.1497166666668,645.6125666666667,0.0,0.0,0.0,0.0,0.0,0.0,0.0,0.0,0.0,0.0,0.0,0.0,0.0,0.0,0.0,0.0,0.0,0.0,0.0,0.0,0.0,0.0,0.0,0.0,0.0,0.0,0.0,0.0,0.0,0.0,0.0,548.8569666666666,0.0,567.054661111116,547.4678666666666,491.69906666666674,492.3837500000002,492.45020000000005,466.84241666666674,492.2020833333335,498.3984666666666,0.0,0.0,0.0,0.0,0.0,0.0,0.0,0.0,0.0,0.0,0.0,0.0,0.0,178.86625000000004,713.6495127572022,263.96345,335.2483333333335,364.2171666666666,441.73558333333324,487.68375000000003,519.68555,598.4854666666666,652.9470833333334,688.2824833333335,722.2296,802.6654166666667,854.95735,900.3526833333332,960.2041666666667,1056.1075833333334,985.1893666666667,825.2637500000001,830.1057666666668,913.2656333333332,944.1116666666666,962.6015166666667,957.99095,118.94999999999993,124.92155000000002,135.8864666666667,134.94333333333327,130.51905,138.9681833333333,131.3599999999999,136.09145,655.1933666666664,132.71500000000003,140.96208333333323,963.7186166666667,963.9366666666666,952.1888833333335,959.4031833333333,965.06,983.95265,901.1975666666668,1604.8516666666667,1603.0781666666667,803.9056666666668,1621.0183333333334,1619.5372166666666,775.6457333333333,1597.5183333333334,757.6513833333333,1089.5954,1600.9633333333331,768.2620666666667,756.7137333333334,767.725,75502.52715720165,47680.687664251425
2025-08-29,1599.42455,1582.6138666666666,1579.93,1365.6693162551421,1590.7116999999998,755.9016666666666,745.5218666666666,723.0348833333335,722.965,721.4914333333332,727.7320666666667,710.0716666666667,732.8613833333334,737.4752833333333,715.0616666666666,729.8481666666667,715.5849166666667,702.6216666666666,710.37235,715.9187333333333,713.315,718.7192333333334,702.81245,693.4383333333334,691.7879666666666,697.6461666666667,703.2466666666666,703.6876833333334,685.5635166666666,682.0916666666667,670.4879999999999,671.4939833333334,664.9383333333334,1442.1497166666668,647.7850000000001,0.0,0.0,0.0,0.0,0.0,0.0,0.0,0.0,0.0,0.0,0.0,0.0,0.0,0.0,0.0,0.0,0.0,0.0,0.0,0.0,0.0,0.0,0.0,0.0,0.0,0.0,0.0,0.0,0.0,0.0,0.0,548.8569666666666,0.0,324.2096565843637,547.4678666666666,491.69906666666674,492.3837500000002,492.45020000000005,466.84241666666674,492.2020833333335,491.3239166666666,0.0,0.0,0.0,0.0,0.0,0.0,0.0,0.0,0.0,0.0,0.0,0.0,0.0,178.86625000000004,582.9259736625505,258.8120666666667,314.40583333333325,362.96021666666667,417.9176666666668,483.6549999999999,519.5516833333334,594.9234666666666,646.4220833333333,688.2824833333335,722.2296,784.9020833333332,854.95735,900.3526833333332,960.2041666666667,1055.1011166666667,985.1893666666667,825.2637500000001,836.0488166666668,915.8558333333334,949.0300000000001,962.6015166666667,957.99095,119.1916666666666,124.92155000000002,135.0859499999999,134.94333333333327,130.51905,131.83351666666658,131.3599999999999,135.8032333333333,646.5553333333332,121.6099999999999,130.96155,962.2860000000001,963.9366666666666,952.1888833333335,959.4031833333333,965.06,985.5202833333333,912.2241666666667,1604.9,1599.2779666666665,803.9056666666668,1621.0183333333334,1617.9189833333332,774.3254333333333,1602.1633333333334,764.3710333333333,1089.5954,1600.9633333333331,764.1927333333333,756.7137333333334,767.725,74790.33709650206,47280.219899231415
2025-08-30,766.0912166666666,749.2805333333333,746.5966666666667,762.1625999999999,757.3783666666666,755.9016666666666,745.5218666666666,723.0348833333335,722.965,721.4914333333332,727.7320666666667,710.0716666666667,732.8613833333334,737.4752833333333,715.0616666666666,729.8481666666667,715.5849166666667,702.6216666666666,710.37235,715.9187333333333,713.315,718.7192333333334,702.81245,693.4383333333334,691.7879666666666,697.6461666666667,703.2466666666666,703.6876833333334,685.5635166666666,682.0916666666667,670.4879999999999,671.4939833333334,664.9383333333334,608.8163833333333,647.7850000000001,0.0,0.0,0.0,0.0,0.0,0.0,0.0,0.0,0.0,0.0,0.0,0.0,0.0,0.0,0.0,0.0,0.0,0.0,0.0,0.0,0.0,0.0,0.0,0.0,0.0,0.0,0.0,0.0,0.0,0.0,0.0,548.8569666666666,0.0,324.2096565843637,547.4678666666666,491.69906666666674,492.3837500000002,492.45020000000005,466.84241666666674,492.2020833333335,491.3239166666666,0.0,0.0,0.0,0.0,0.0,0.0,0.0,0.0,0.0,0.0,0.0,0.0,0.0,178.86625000000004,582.9259736625505,258.8120666666667,314.40583333333325,362.96021666666667,417.9176666666668,483.6549999999999,519.5516833333334,594.9234666666666,646.4220833333333,688.2824833333335,722.2296,784.9020833333332,854.95735,900.3526833333332,960.2041666666667,1055.1011166666667,985.1893666666667,825.2637500000001,836.0488166666668,915.8558333333334,949.0300000000001,962.6015166666667,957.99095,119.1916666666666,124.92155000000002,135.0859499999999,134.94333333333327,130.51905,131.83351666666658,131.3599999999999,135.8032333333333,646.5553333333332,121.6099999999999,130.96155,962.2860000000001,963.9366666666666,952.1888833333335,959.4031833333333,965.06,985.5202833333333,912.2241666666667,1604.9,1599.2779666666665,803.9056666666668,1621.0183333333334,1617.9189833333332,774.3254333333333,1602.1633333333334,764.3710333333333,756.2620666666667,1600.9633333333331,1097.5260666666666,756.7137333333334,767.725,70020.16371358024,45293.56849671389
2025-08-31,766.0912166666666,749.2805333333333,746.5966666666667,762.1625999999999,757.3783666666666,755.9016666666666,745.5218666666666,723.0348833333335,722.965,721.4914333333332,727.7320666666667,710.0716666666667,732.8613833333334,737.4752833333333,715.0616666666666,729.8481666666667,715.5849166666667,702.6216666666666,710.37235,715.9187333333333,713.315,718.7192333333334,702.81245,693.4383333333334,691.7879666666666,697.6461666666667,703.2466666666666,703.6876833333334,685.5635166666666,682.0916666666667,670.4879999999999,671.4939833333334,664.9383333333334,608.8163833333333,647.7850000000001,0.0,0.0,0.0,0.0,0.0,0.0,0.0,0.0,0.0,0.0,0.0,0.0,0.0,0.0,0.0,0.0,0.0,0.0,0.0,0.0,0.0,0.0,0.0,0.0,0.0,0.0,0.0,0.0,0.0,0.0,0.0,548.8569666666666,0.0,324.2096565843637,547.4678666666666,491.69906666666674,492.3837500000002,492.45020000000005,466.84241666666674,492.2020833333335,491.3239166666666,0.0,0.0,0.0,0.0,0.0,0.0,0.0,0.0,0.0,0.0,0.0,0.0,0.0,178.86625000000004,582.9259736625505,258.8120666666667,314.40583333333325,362.96021666666667,417.9176666666668,483.6549999999999,519.5516833333334,594.9234666666666,646.4220833333333,688.2824833333335,722.2296,784.9020833333332,854.95735,900.3526833333332,960.2041666666667,1055.1011166666667,985.1893666666667,825.2637500000001,836.0488166666668,915.8558333333334,949.0300000000001,962.6015166666667,957.99095,119.1916666666666,124.92155000000002,135.0859499999999,134.94333333333327,130.51905,131.83351666666658,131.3599999999999,135.8032333333333,646.5553333333332,121.6099999999999,130.96155,962.2860000000001,963.9366666666666,952.1888833333335,959.4031833333333,965.06,985.5202833333333,912.2241666666667,1604.9,1599.2779666666665,803.9056666666668,1621.0183333333334,1617.9189833333332,774.3254333333333,1602.1633333333334,764.3710333333333,1089.5954,1600.9633333333331,764.1927333333333,756.7137333333334,766.84,70019.27871358025,45293.190070713885
2025-09-01,1599.42455,1582.6138666666666,1579.93,1181.4679041152206,1588.8045666666667,753.895,745.2870833333333,723.0348833333335,722.965,721.3339666666667,720.60625,710.0716666666667,732.8613833333334,737.4752833333333,702.0766666666666,729.8481666666667,715.5849166666667,701.9233333333334,710.37235,715.9187333333333,710.7166666666667,717.8638833333333,700.30075,685.9066666666665,681.9586833333334,697.6291500000001,697.9300000000001,703.4367166666666,685.0754166666667,677.7100000000002,670.4879999999999,671.4939833333334,664.9383333333334,1445.2440666666666,648.3728166666667,0.0,0.0,0.0,0.0,0.0,0.0,0.0,0.0,0.0,0.0,0.0,0.0,0.0,0.0,0.0,0.0,0.0,0.0,0.0,0.0,0.0,0.0,0.0,0.0,0.0,0.0,0.0,0.0,0.0,0.0,0.0,576.1739000000001,0.0,537.114516049382,532.3805,491.69906666666674,499.05833333333345,510.2523166666667,466.84241666666674,492.2020833333335,491.3239166666666,0.0,0.0,0.0,0.0,0.0,0.0,0.0,0.0,0.0,0.0,0.0,0.0,0.0,181.82458333333338,618.8904561728401,263.96345,335.2483333333335,364.2171666666666,441.73558333333324,487.68375000000003,519.68555,594.9234666666666,646.4220833333333,689.18225,743.3274833333332,802.6654166666667,854.95735,900.3526833333332,964.70375,1055.1011166666667,985.1893666666667,825.2637500000001,840.4354666666666,918.8356833333332,949.0300000000001,962.6015166666667,954.8033333333333,118.94999999999993,113.4348500000001,123.79279999999994,128.3983333333333,128.66885000000002,129.2638833333333,131.33500000000004,135.8032333333333,649.1166166666667,121.6099999999999,130.96155,962.2860000000001,958.0933333333335,952.1888833333335,954.5067333333333,959.5266666666666,985.5202833333333,901.1975666666668,1604.9,1593.3553833333335,802.3468166666667,1616.72,1612.8907333333334,768.6429499999999,1603.1149999999998,764.3710333333333,756.2620666666667,1600.9633333333331,1097.5260666666666,756.7137333333334,766.84,74861.9530430041,47334.678369212466
2025-09-02,765.0472499999998,944.3893516460903,746.5966666666667,752.038,755.4712333333334,753.895,745.2870833333333,723.0348833333335,722.965,719.7422833333333,711.0109,708.3299999999999,732.8613833333334,737.4752833333333,702.0766666666666,729.8481666666667,713.5829833333335,701.9233333333334,710.37235,715.9187333333333,710.0333333333333,715.6089166666667,697.1884333333334,685.9066666666665,677.021,694.8351833333334,697.0383333333333,695.1982499999999,685.0754166666667,677.7100000000002,670.4879999999999,671.4939833333334,664.9383333333334,1445.2440666666666,648.3728166666667,0.0,0.0,0.0,0.0,0.0,0.0,0.0,0.0,0.0,0.0,0.0,0.0,0.0,0.0,0.0,0.0,0.0,0.0,0.0,0.0,0.0,0.0,0.0,0.0,0.0,0.0,0.0,0.0,0.0,0.0,0.0,576.1739000000001,0.0,563.8420833333334,550.0185833333333,491.69906666666674,513.4854166666668,510.2523166666667,466.84241666666674,492.2020833333335,491.3239166666666,0.0,0.0,0.0,0.0,0.0,0.0,0.0,0.0,0.0,0.0,0.0,0.0,0.0,181.82458333333338,618.8904561728401,263.96345,335.2483333333335,362.96021666666667,441.73558333333324,487.68375000000003,519.68555,594.9234666666666,646.4220833333333,689.18225,743.3274833333332,802.6654166666667,849.0318666666666,894.8870166666668,964.70375,1055.1011166666667,985.1893666666667,825.2637500000001,840.4354666666666,918.8356833333332,949.0300000000001,962.6015166666667,952.4930333333334,117.15999999999997,113.4348500000001,123.79279999999994,128.3983333333333,128.66885000000002,129.2638833333333,129.44833333333315,135.8032333333333,649.1166166666667,121.6099999999999,130.96155,962.2860000000001,953.0783333333334,948.8083499999999,952.0776000000001,959.5266666666666,985.5202833333333,899.9188,1604.9,1591.8465666666666,775.0417833333333,1613.2133333333331,1608.2719833333335,768.6429499999999,1603.1149999999998,757.6513833333333,1086.4053833333335,1599.6750000000002,764.1927333333333,756.1492999999999,764.66,71232.58415781893,45772.75677783951
2025-09-03,756.4434500000001,1021.5007191358036,742.8616666666666,750.6981666666667,755.4712333333334,753.895,741.3109333333334,721.5317333333334,722.965,717.5565666666666,711.0109,708.3299999999999,719.5462833333332,734.7961666666667,702.0766666666666,729.8481666666667,713.5829833333335,701.9233333333334,710.37235,713.2116333333335,705.3883333333334,715.6089166666667,693.33665,679.3633333333332,677.021,694.8351833333334,691.9533333333334,686.63005,677.9678,677.7100000000002,670.4879999999999,671.4939833333334,664.9383333333334,1445.2440666666666,648.41405,0.0,0.0,0.0,0.0,0.0,0.0,0.0,0.0,0.0,0.0,0.0,0.0,0.0,0.0,0.0,0.0,0.0,0.0,0.0,0.0,0.0,0.0,0.0,0.0,0.0,0.0,0.0,0.0,0.0,0.0,0.0,556.72955,0.0,534.5823203703694,550.0185833333333,491.69906666666674,513.4854166666668,510.2523166666667,466.84241666666674,492.2020833333335,491.3239166666666,0.0,0.0,0.0,0.0,0.0,0.0,0.0,0.0,0.0,0.0,0.0,0.0,0.0,181.82458333333338,618.8904561728401,263.96345,335.2483333333335,362.96021666666667,441.73558333333324,487.68375000000003,519.68555,594.9234666666666,646.4220833333333,689.18225,743.3274833333332,802.6654166666667,849.0318666666666,894.8870166666668,964.70375,1055.1011166666667,985.1893666666667,825.2637500000001,840.4354666666666,918.8356833333332,949.0300000000001,962.6015166666667,944.7694833333334,111.1149999999999,108.70971666666662,123.79279999999994,128.3983333333333,128.66885000000002,125.49000000000012,129.44833333333315,127.67796666666663,646.5553333333332,121.6099999999999,130.96155,962.2860000000001,953.0783333333334,942.7142,939.5607333333334,959.5266666666666,985.5202833333333,897.2387166666667,1604.9,1591.8465666666666,773.2329500000001,1610.2966666666666,1600.66585,768.6429499999999,1602.1633333333334,757.6513833333333,1084.0701999999999,1595.3400000000001,762.4276166666666,752.8791666666667,764.66,71105.95279567901,45675.571222151666
2025-09-04,756.4434500000001,1120.4930125514418,734.77,747.5841166666668,755.4314166666666,753.895,736.6440666666666,715.4499500000001,722.965,717.5565666666666,711.0109,708.3299999999999,719.5462833333332,734.7961666666667,702.0766666666666,729.8481666666667,713.5829833333335,701.9233333333334,710.37235,712.3515666666667,702.1683333333334,715.4076166666667,691.9793500000001,679.3633333333332,673.1740333333333,689.1613833333334,691.9533333333334,686.63005,677.9678,677.7100000000002,670.4879999999999,670.2400666666667,664.9383333333334,1445.2440666666666,652.3325499999999,0.0,0.0,0.0,0.0,0.0,0.0,0.0,0.0,0.0,0.0,0.0,0.0,0.0,0.0,0.0,0.0,0.0,0.0,0.0,0.0,0.0,0.0,0.0,0.0,0.0,0.0,0.0,0.0,0.0,0.0,0.0,570.7261333333335,0.0,396.6439845679027,550.0185833333333,491.69906666666674,513.4854166666668,510.2523166666667,466.84241666666674,492.2020833333335,491.3239166666666,0.0,0.0,0.0,0.0,0.0,0.0,0.0,0.0,0.0,0.0,0.0,0.0,0.0,178.86625000000004,536.239060082305,250.89516666666668,302.59833333333336,362.96021666666667,441.73558333333324,483.6549999999999,519.5516833333334,577.4610166666666,638.6883333333334,689.18225,743.3274833333332,802.6654166666667,849.0318666666666,894.8870166666668,964.70375,1055.1011166666667,985.1893666666667,825.2637500000001,840.4354666666666,918.8356833333332,949.0300000000001,961.8135,944.7694833333334,111.1149999999999,108.70971666666662,123.79279999999994,128.3983333333333,128.66885000000002,125.49000000000012,129.44833333333315,123.50843333333319,646.5553333333332,121.6099999999999,130.96155,962.2860000000001,953.0783333333334,942.5272499999999,936.7534,956.2133333333333,982.0272666666666,895.9192833333333,1604.9,1591.8465666666666,773.2329500000001,1582.3716666666667,1595.2034999999998,768.6429499999999,1602.1633333333334,757.6513833333333,1082.5728666666666,1585.8283333333334,762.4276166666666,745.8878833333333,757.1283333333334,70810.83055720165,45486.428215245
2025-09-05,753.5090833333333,1069.6769067901275,734.77,736.6355000000001,750.107,749.3133333333334,736.6440666666666,715.4499500000001,710.2549999999999,716.8966999999999,709.5732333333333,697.5733333333333,719.1529333333333,731.5593833333334,700.89,729.8481666666667,713.5829833333335,701.9233333333334,710.37235,712.3515666666667,702.1683333333334,715.4076166666667,691.9793500000001,679.3633333333332,669.7400666666667,680.0792,691.9533333333334,686.63005,677.9678,653.3183333333333,666.4304833333333,667.5723833333334,664.9383333333334,1445.2440666666666,656.2449166666667,0.0,0.0,0.0,0.0,0.0,0.0,0.0,0.0,0.0,0.0,0.0,0.0,0.0,0.0,0.0,0.0,0.0,0.0,0.0,0.0,0.0,0.0,0.0,0.0,0.0,0.0,0.0,0.0,0.0,0.0,0.0,570.7261333333335,0.0,386.70993106996315,550.0185833333333,491.69906666666674,513.4854166666668,510.2523166666667,466.84241666666674,492.2020833333335,491.3239166666666,0.0,0.0,0.0,0.0,0.0,0.0,0.0,0.0,0.0,0.0,0.0,0.0,0.0,178.86625000000004,530.6888934156382,250.89516666666668,302.59833333333336,355.4748833333333,417.5668166666666,483.6549999999999,519.68555,577.4610166666666,638.6883333333334,689.18225,743.3274833333332,802.6654166666667,849.0318666666666,894.8870166666668,964.70375,1055.1011166666667,985.1893666666667,825.2637500000001,840.4354666666666,918.8356833333332,949.0300000000001,952.5656999999999,944.4824833333333,111.1149999999999,108.70971666666662,123.79279999999994,128.3983333333333,124.1889666666666,125.49000000000012,124.67333333333329,123.0266499999999,644.9721166666666,121.6099999999999,130.96155,962.2860000000001,953.0783333333334,941.9558166666667,936.4507666666667,956.2133333333333,982.0272666666666,895.9192833333333,1604.8516666666667,1589.0768666666665,769.9448833333333,1578.4983333333332,1593.2955166666666,768.6429499999999,1602.1633333333334,757.6513833333333,1079.7140166666666,1582.555,757.2437000000001,745.8878833333333,757.1283333333334,70574.18701460907,45354.058099532536
2025-09-06,753.5090833333333,738.1943166666666,734.77,736.6355000000001,750.107,749.3133333333334,736.6440666666666,715.4499500000001,710.2549999999999,716.8966999999999,709.5732333333333,697.5733333333333,719.1529333333333,731.5593833333334,700.89,729.8481666666667,713.5829833333335,701.9233333333334,710.37235,712.3515666666667,702.1683333333334,715.4076166666667,691.9793500000001,679.3633333333332,669.7400666666667,680.0792,691.9533333333334,686.63005,677.9678,653.3183333333333,666.4304833333333,667.5723833333334,664.9383333333334,611.9107333333334,656.2449166666667,0.0,0.0,0.0,0.0,0.0,0.0,0.0,0.0,0.0,0.0,0.0,0.0,0.0,0.0,0.0,0.0,0.0,0.0,0.0,0.0,0.0,0.0,0.0,0.0,0.0,0.0,0.0,0.0,0.0,0.0,0.0,570.7261333333335,0.0,386.70993106996315,550.0185833333333,491.69906666666674,513.4854166666668,510.2523166666667,466.84241666666674,492.2020833333335,491.3239166666666,0.0,0.0,0.0,0.0,0.0,0.0,0.0,0.0,0.0,0.0,0.0,0.0,0.0,178.86625000000004,530.6888934156382,250.89516666666668,302.59833333333336,355.4748833333333,417.5668166666666,483.6549999999999,519.68555,577.4610166666666,638.6883333333334,689.18225,743.3274833333332,802.6654166666667,849.0318666666666,894.8870166666668,964.70375,1055.1011166666667,985.1893666666667,825.2637500000001,840.4354666666666,918.8356833333332,949.0300000000001,952.5656999999999,944.4824833333333,111.1149999999999,108.70971666666662,123.79279999999994,128.3983333333333,124.1889666666666,125.49000000000012,124.67333333333329,123.0266499999999,644.9721166666666,121.6099999999999,130.96155,962.2860000000001,953.0783333333334,941.9558166666667,936.4507666666667,956.2133333333333,982.0272666666666,895.9192833333333,1604.8516666666667,1589.0768666666665,769.9448833333333,1578.4983333333332,1593.2955166666666,768.6429499999999,1602.1633333333334,757.6513833333333,1079.7140166666666,1582.555,757.2437000000001,745.8878833333333,757.1283333333334,69409.37109115226,44903.927073358456
2025-09-07,753.5090833333333,738.1943166666666,734.77,736.6355000000001,750.107,749.3133333333334,736.6440666666666,715.4499500000001,710.2549999999999,716.8966999999999,709.5732333333333,697.5733333333333,719.1529333333333,731.5593833333334,700.89,729.8481666666667,713.5829833333335,701.9233333333334,710.37235,712.3515666666667,702.1683333333334,715.4076166666667,691.9793500000001,679.3633333333332,669.7400666666667,680.0792,691.9533333333334,686.63005,677.9678,653.3183333333333,666.4304833333333,667.5723833333334,664.9383333333334,611.9107333333334,656.2449166666667,0.0,0.0,0.0,0.0,0.0,0.0,0.0,0.0,0.0,0.0,0.0,0.0,0.0,0.0,0.0,0.0,0.0,0.0,0.0,0.0,0.0,0.0,0.0,0.0,0.0,0.0,0.0,0.0,0.0,0.0,0.0,570.7261333333335,0.0,386.70993106996315,550.0185833333333,491.69906666666674,513.4854166666668,510.2523166666667,466.84241666666674,492.2020833333335,491.3239166666666,0.0,0.0,0.0,0.0,0.0,0.0,0.0,0.0,0.0,0.0,0.0,0.0,0.0,178.86625000000004,530.6888934156382,250.89516666666668,302.59833333333336,355.4748833333333,417.5668166666666,483.6549999999999,519.68555,577.4610166666666,638.6883333333334,689.18225,743.3274833333332,802.6654166666667,849.0318666666666,894.8870166666668,964.70375,1055.1011166666667,985.1893666666667,825.2637500000001,840.4354666666666,918.8356833333332,949.0300000000001,952.5656999999999,944.4824833333333,111.1149999999999,108.70971666666662,123.79279999999994,128.3983333333333,124.1889666666666,125.49000000000012,124.67333333333329,123.0266499999999,644.9721166666666,121.6099999999999,130.96155,962.2860000000001,953.0783333333334,941.9558166666667,936.4507666666667,956.2133333333333,982.0272666666666,895.9192833333333,1604.8516666666667,1589.0768666666665,769.9448833333333,1578.4983333333332,1593.2955166666666,768.6429499999999,1602.1633333333334,757.6513833333333,1079.7140166666666,1582.555,757.2437000000001,745.8878833333333,756.2883333333333,69408.53109115227,44903.567889358455
2025-09-08,752.6039666666668,1046.220930452676,733.0383333333333,731.8685166666668,747.9836166666668,745.2633333333334,736.6440666666666,715.4499500000001,706.9183333333334,715.8638833333333,709.5732333333333,697.0283333333333,719.1529333333333,731.5593833333334,700.89,719.68005,707.7098666666667,696.975,710.37235,712.3515666666667,702.1683333333334,715.4076166666667,691.9793500000001,673.1333333333333,667.3715166666666,680.0792,691.9533333333334,670.3478666666667,669.4682,653.3183333333333,651.1348666666667,667.5723833333334,664.9383333333334,1445.2440666666666,656.2449166666667,0.0,0.0,0.0,0.0,0.0,0.0,0.0,0.0,0.0,0.0,0.0,0.0,0.0,0.0,0.0,0.0,0.0,0.0,0.0,0.0,0.0,0.0,0.0,0.0,0.0,0.0,0.0,0.0,0.0,0.0,0.0,570.7261333333335,0.0,375.05811440329325,550.0185833333333,491.69906666666674,513.4854166666668,492.45020000000005,459.73684999999995,482.09208333333316,491.3239166666666,0.0,0.0,0.0,0.0,0.0,0.0,0.0,0.0,0.0,0.0,0.0,0.0,0.0,178.86625000000004,530.6888934156382,250.89516666666668,302.59833333333336,355.4748833333333,417.5668166666666,469.3116666666666,519.68555,577.4610166666666,638.6883333333334,689.18225,722.2296,802.6654166666667,849.0318666666666,894.8870166666668,964.70375,1055.1011166666667,985.1893666666667,825.2637500000001,840.4354666666666,918.8356833333332,949.0300000000001,952.5656999999999,944.4824833333333,111.1149999999999,97.51506666666671,123.79279999999994,128.3983333333333,124.1889666666666,125.49000000000012,124.67333333333329,123.0266499999999,641.1160499999999,109.46000000000004,123.65005000000008,953.5568666666666,950.3850000000001,939.7955000000001,936.4507666666667,956.2133333333333,982.0272666666666,895.9192833333333,1604.8516666666667,1588.381,768.6416666666667,1577.9166666666667,1593.2955166666666,768.6429499999999,1592.9516666666668,757.6513833333333,746.3806833333333,1579.8166666666666,1077.4421333333332,745.6334666666667,748.4216666666666,70295.74143827161,45176.068599523955
2025-09-09,752.6039666666668,1105.0892934156361,729.9383333333334,729.6340166666668,747.9836166666668,739.2483333333332,728.5399833333333,713.2414333333332,706.9183333333334,714.6291333333334,708.9286,697.0283333333333,719.1529333333333,731.5593833333334,700.7266666666667,719.68005,707.7098666666667,696.975,706.7327333333332,702.3580833333333,702.0100000000001,715.4076166666667,691.9793500000001,673.1333333333333,667.3715166666666,674.13025,690.3316666666666,668.9142166666666,669.4682,653.3183333333333,651.1348666666667,667.5723833333334,664.9383333333334,1445.2440666666666,658.9822333333334,0.0,0.0,0.0,0.0,0.0,0.0,0.0,0.0,0.0,0.0,0.0,0.0,0.0,0.0,0.0,0.0,0.0,0.0,0.0,0.0,0.0,0.0,0.0,0.0,0.0,0.0,0.0,0.0,0.0,0.0,0.0,570.7261333333335,0.0,259.6040913580296,550.0185833333333,491.69906666666674,513.4854166666668,492.45020000000005,459.73684999999995,482.09208333333316,491.3239166666666,0.0,0.0,0.0,0.0,0.0,0.0,0.0,0.0,0.0,0.0,0.0,0.0,0.0,181.82458333333338,606.7492627572024,250.89516666666668,332.4145833333333,355.4748833333333,417.5668166666666,469.3116666666666,519.68555,577.4610166666666,638.6883333333334,689.18225,735.7724833333334,802.6654166666667,849.0318666666666,894.8870166666668,964.70375,1055.1011166666667,985.1893666666667,825.2637500000001,840.4354666666666,918.8356833333332,949.0300000000001,952.5656999999999,944.4824833333333,101.44999999999993,96.28013333333342,123.79279999999994,126.44833333333315,122.41983333333337,125.49000000000012,124.67333333333329,115.32629999999995,635.1041166666666,109.46000000000004,123.65005000000008,950.8796333333333,950.3850000000001,939.7955000000001,936.4507666666667,956.2133333333333,982.0272666666666,895.9192833333333,1597.5816666666665,1587.1694666666667,762.6562333333333,1571.2716666666668,1585.64525,753.6329666666667,1592.8083333333334,757.6513833333333,746.3806833333333,1578.7833333333333,1077.2931,739.8466833333333,745.6166666666667,70233.0721308642,45148.94455905988
2025-09-10,737.2925666666667,1169.7775611111103,722.5266666666666,729.6340166666668,747.9836166666668,739.2483333333332,728.5399833333333,713.2414333333332,706.9183333333334,714.5941500000001,702.2681666666667,697.0283333333333,713.7409833333332,715.7546166666666,700.7266666666667,719.68005,707.7098666666667,696.975,694.1911166666667,702.2240666666668,700.6200000000001,697.1944000000001,691.9793500000001,673.1333333333333,666.2409333333333,674.13025,690.3316666666666,668.9142166666666,666.1118,645.4533333333333,649.7203333333333,663.2807333333333,664.9383333333334,1445.2440666666666,658.9822333333334,0.0,0.0,0.0,0.0,0.0,0.0,0.0,0.0,0.0,0.0,0.0,0.0,0.0,0.0,0.0,0.0,0.0,0.0,0.0,0.0,0.0,0.0,0.0,0.0,0.0,0.0,0.0,0.0,0.0,0.0,0.0,556.72955,0.0,193.97751255144408,550.0185833333333,491.69906666666674,513.4854166666668,492.45020000000005,459.73684999999995,482.09208333333316,480.9888333333335,0.0,0.0,0.0,0.0,0.0,0.0,0.0,0.0,0.0,0.0,0.0,0.0,0.0,178.86625000000004,545.7269592592611,250.23091666666673,297.3866666666666,355.4748833333333,403.5667666666667,457.1233333333333,519.5516833333334,575.8901000000001,634.78375,688.2824833333335,735.7724833333334,802.6654166666667,849.0318666666666,894.8870166666668,964.70375,1055.1011166666667,985.1893666666667,825.2637500000001,840.4354666666666,918.8356833333332,949.0300000000001,942.1513833333333,938.8593,94.30833333333328,95.70091666666667,120.58938333333322,122.31499999999994,111.44124999999997,113.2224666666666,122.43000000000006,115.32629999999995,635.1041166666666,108.15166666666664,123.65005000000008,950.8796333333333,950.2283333333332,939.6906333333333,936.4507666666667,956.2133333333333,982.0272666666666,895.9192833333333,1597.5816666666665,1585.43325,752.7916666666666,1569.9866666666667,1580.0906166666668,753.6329666666667,1592.8083333333334,757.6513833333333,736.8146333333334,1576.4283333333333,1077.2931,739.8466833333333,745.6166666666667,69885.94369958849,44905.5671952847
2025-09-11,737.2925666666667,1318.8254378600834,722.5266666666666,729.6340166666668,735.2918166666666,738.5316666666665,721.5638166666666,713.2414333333332,696.8,712.7863166666666,702.2681666666667,697.0283333333333,713.7409833333332,715.7546166666666,700.7266666666667,708.3063000000001,701.6863,692.1583333333333,693.7619833333333,702.2240666666668,700.6200000000001,697.1944000000001,691.9793500000001,671.375,666.2409333333333,670.4628666666666,683.2283333333332,663.71915,646.4535666666667,638.98,648.3357333333333,661.8133333333334,661.4445833333334,1445.2440666666666,659.72295,0.0,0.0,0.0,0.0,0.0,0.0,0.0,0.0,0.0,0.0,0.0,0.0,0.0,0.0,0.0,0.0,0.0,0.0,0.0,0.0,0.0,0.0,0.0,0.0,0.0,0.0,0.0,0.0,0.0,0.0,0.0,548.8569666666666,97.43285267489699,524.5458333333333,550.0185833333333,491.5597833333335,513.4854166666668,492.45020000000005,459.73684999999995,482.09208333333316,491.3239166666666,0.0,0.0,0.0,0.0,0.0,0.0,0.0,0.0,0.0,0.0,0.0,0.0,0.0,178.86625000000004,554.9311773662574,250.23091666666673,297.3866666666666,355.4748833333333,403.5667666666667,457.1233333333333,519.5516833333334,575.8901000000001,634.78375,688.2824833333335,735.7724833333334,802.6654166666667,849.0318666666666,894.8870166666668,964.70375,1050.4815166666665,982.2747499999999,825.2637500000001,840.4354666666666,913.2656333333332,949.0300000000001,941.9859166666666,932.1562333333333,94.30833333333328,95.70091666666667,120.58938333333322,117.2016666666666,111.44124999999997,113.2224666666666,122.43000000000006,115.32629999999995,631.6239833333332,104.58500000000004,122.19878333333327,950.7902666666668,950.2283333333332,937.2337000000001,933.1857,951.9983333333332,982.0272666666666,892.2837999999999,1580.7416666666668,1585.0987166666669,752.7916666666666,1566.5866666666668,1567.9774,751.7218333333333,1592.8083333333334,757.6513833333333,736.8146333333334,1576.4283333333333,1077.2931,739.8466833333333,742.8383333333333,70285.4822845679,45068.77015760432
2025-09-12,733.2303333333332,1060.7450853909486,718.215,726.9715833333333,720.3639333333334,736.3933333333333,718.1854666666666,713.2414333333332,696.8,707.40605,699.5548666666667,692.395,712.9815166666667,715.7546166666666,699.7866666666667,704.1628666666668,701.3983000000001,692.1583333333333,693.7619833333333,702.2240666666668,691.5266666666666,696.0995166666667,679.28385,667.8216666666666,664.0985833333333,666.1877333333334,672.6616666666666,663.71915,646.4535666666667,638.98,644.9027,660.8657166666667,661.4445833333334,1445.2440666666666,661.8865333333332,0.0,0.0,0.0,0.0,0.0,0.0,0.0,0.0,0.0,0.0,0.0,0.0,0.0,0.0,0.0,0.0,0.0,0.0,0.0,0.0,0.0,0.0,0.0,0.0,0.0,0.0,0.0,0.0,0.0,0.0,0.0,548.8569666666666,56.402616049380526,524.5458333333333,550.0185833333333,491.5597833333335,492.3837500000002,440.91574999999983,430.0851500000001,482.09208333333316,491.3239166666666,0.0,0.0,0.0,0.0,0.0,0.0,0.0,0.0,0.0,0.0,0.0,0.0,0.0,178.86625000000004,554.9311773662574,250.23091666666673,297.3866666666666,355.4748833333333,403.5667666666667,457.1233333333333,519.5516833333334,575.8901000000001,634.78375,688.2824833333335,735.7724833333334,784.9020833333332,847.7519166666667,894.8870166666668,953.8466666666667,1049.2961333333333,981.3173833333334,811.2516666666668,840.4354666666666,913.2656333333332,949.0300000000001,941.9859166666666,929.1488166666667,80.69666666666672,89.82766666666669,109.04410000000007,116.69999999999993,111.44124999999997,113.2224666666666,122.43000000000006,115.32629999999995,631.6239833333332,97.81499999999994,119.08260000000007,950.2611333333333,948.7566666666667,934.5303,931.2980333333333,951.9983333333332,982.0272666666666,892.2837999999999,1580.7416666666668,1585.0987166666669,752.7916666666666,1566.5866666666668,1564.2197500000002,737.26675,1588.4433333333334,745.4220999999999,736.8146333333334,1576.4283333333333,1073.4959999999999,739.8466833333333,742.8383333333333,69652.43026213993,44721.61663956778
2025-09-13,733.2303333333332,730.7315833333334,718.215,726.9715833333333,720.3639333333334,736.3933333333333,718.1854666666666,713.2414333333332,696.8,707.40605,699.5548666666667,692.395,712.9815166666667,715.7546166666666,699.7866666666667,704.1628666666668,701.3983000000001,692.1583333333333,693.7619833333333,702.2240666666668,691.5266666666666,696.0995166666667,679.28385,667.8216666666666,664.0985833333333,666.1877333333334,672.6616666666666,663.71915,646.4535666666667,638.98,644.9027,660.8657166666667,661.4445833333334,611.9107333333334,661.8865333333332,0.0,0.0,0.0,0.0,0.0,0.0,0.0,0.0,0.0,0.0,0.0,0.0,0.0,0.0,0.0,0.0,0.0,0.0,0.0,0.0,0.0,0.0,0.0,0.0,0.0,0.0,0.0,0.0,0.0,0.0,0.0,548.8569666666666,56.402616049380526,524.5458333333333,550.0185833333333,491.5597833333335,492.3837500000002,440.91574999999983,430.0851500000001,482.09208333333316,491.3239166666666,0.0,0.0,0.0,0.0,0.0,0.0,0.0,0.0,0.0,0.0,0.0,0.0,0.0,178.86625000000004,554.9311773662574,250.23091666666673,297.3866666666666,355.4748833333333,403.5667666666667,457.1233333333333,519.5516833333334,575.8901000000001,634.78375,688.2824833333335,735.7724833333334,784.9020833333332,847.7519166666667,894.8870166666668,953.8466666666667,1049.2961333333333,981.3173833333334,811.2516666666668,840.4354666666666,913.2656333333332,949.0300000000001,941.9859166666666,929.1488166666667,80.69666666666672,89.82766666666669,109.04410000000007,116.69999999999993,111.44124999999997,113.2224666666666,122.43000000000006,115.32629999999995,631.6239833333332,97.81499999999994,119.08260000000007,950.2611333333333,948.7566666666667,934.5303,931.2980333333333,951.9983333333332,982.0272666666666,892.2837999999999,1580.7416666666668,1585.0987166666669,752.7916666666666,1566.5866666666668,1564.2197500000002,737.26675,1588.4433333333334,745.4220999999999,736.8146333333334,1576.4283333333333,1073.4959999999999,739.8466833333333,742.8383333333333,68489.08342674897,44272.109241277656
2025-09-14,733.2303333333332,730.7315833333334,718.215,726.9715833333333,720.3639333333334,736.3933333333333,718.1854666666666,713.2414333333332,696.8,707.40605,699.5548666666667,692.395,712.9815166666667,715.7546166666666,699.7866666666667,704.1628666666668,701.3983000000001,692.1583333333333,693.7619833333333,702.2240666666668,691.5266666666666,696.0995166666667,679.28385,667.8216666666666,664.0985833333333,666.1877333333334,672.6616666666666,663.71915,646.4535666666667,638.98,644.9027,660.8657166666667,661.4445833333334,611.9107333333334,661.8865333333332,0.0,0.0,0.0,0.0,0.0,0.0,0.0,0.0,0.0,0.0,0.0,0.0,0.0,0.0,0.0,0.0,0.0,0.0,0.0,0.0,0.0,0.0,0.0,0.0,0.0,0.0,0.0,0.0,0.0,0.0,0.0,548.8569666666666,56.402616049380526,524.5458333333333,550.0185833333333,491.5597833333335,492.3837500000002,440.91574999999983,430.0851500000001,482.09208333333316,491.3239166666666,0.0,0.0,0.0,0.0,0.0,0.0,0.0,0.0,0.0,0.0,0.0,0.0,0.0,178.86625000000004,554.9311773662574,250.23091666666673,297.3866666666666,355.4748833333333,403.5667666666667,457.1233333333333,519.5516833333334,575.8901000000001,634.78375,688.2824833333335,735.7724833333334,784.9020833333332,847.7519166666667,894.8870166666668,953.8466666666667,1049.2961333333333,981.3173833333334,811.2516666666668,840.4354666666666,913.2656333333332,949.0300000000001,941.9859166666666,929.1488166666667,80.69666666666672,89.82766666666669,109.04410000000007,116.69999999999993,111.44124999999997,113.2224666666666,122.43000000000006,115.32629999999995,631.6239833333332,97.81499999999994,119.08260000000007,950.2611333333333,948.7566666666667,934.5303,931.2980333333333,951.9983333333332,982.0272666666666,892.2837999999999,1580.7416666666668,1585.0987166666669,752.7916666666666,1566.5866666666668,1564.2197500000002,737.26675,1588.4433333333334,745.4220999999999,1070.1479666666667,1576.4283333333333,740.1626666666666,739.8466833333333,742.8383333333333,68489.08342674897,44272.109241277656
2025-09-15,733.2303333333332,1386.3657207818915,717.2899999999998,721.97415,710.4218500000001,736.3933333333333,718.1854666666666,700.5074833333333,693.7366666666666,701.74935,699.5548666666667,692.395,712.9815166666667,706.4918666666667,698.1200000000001,689.9006666666668,698.41225,686.5483333333334,690.9474333333333,696.7690166666666,691.5266666666666,681.3122666666666,678.29715,667.8216666666666,664.0985833333333,666.0804833333333,672.6616666666666,655.099,645.1069,637.125,640.7611666666667,658.1787500000002,661.4445833333334,1445.2440666666666,661.8865333333332,0.0,0.0,0.0,0.0,0.0,0.0,0.0,0.0,0.0,0.0,0.0,0.0,0.0,0.0,0.0,0.0,0.0,0.0,0.0,0.0,0.0,0.0,0.0,0.0,0.0,0.0,0.0,0.0,0.0,0.0,0.0,548.8569666666666,280.52424444444387,524.5458333333333,550.0185833333333,491.5597833333335,494.2704166666668,492.45020000000005,459.73684999999995,482.09208333333316,514.8756666666668,0.0,0.0,0.0,0.0,0.0,0.0,0.0,0.0,0.0,0.0,0.0,0.0,0.0,178.86625000000004,554.9311773662574,250.23091666666673,297.3866666666666,355.4748833333333,403.5667666666667,457.1233333333333,519.5516833333334,575.3797500000001,634.78375,688.2824833333335,735.7724833333334,784.9020833333332,847.7519166666667,894.8870166666668,953.8466666666667,1042.7898666666667,980.4431166666667,811.2516666666668,840.4354666666666,913.2656333333332,922.285,932.5434833333334,926.9430333333332,80.69666666666672,88.41161666666665,97.8592666666666,104.57499999999993,109.7593333333333,111.81479999999999,122.43000000000006,115.32629999999995,619.2435500000001,91.56499999999994,101.65955000000008,950.2611333333333,948.7566666666667,934.5303,928.8491833333333,939.0166666666667,977.8514833333334,886.6852333333334,1579.7133333333331,1578.6965333333333,752.7916666666666,1566.5866666666668,1564.2197500000002,734.0959666666665,1559.665,745.4220999999999,1070.1479666666667,1575.525,734.7426166666667,727.3196,738.64,69997.10345925926,44777.48674492531
2025-09-16,730.4974500000001,1411.6373061728375,717.2899999999998,721.97415,710.4218500000001,733.84,718.1854666666666,700.5074833333333,691.8933333333333,699.9513166666668,699.3904500000001,668.05,712.7414666666666,703.48375,691.1333333333333,689.9006666666668,693.6104833333334,680.1516666666666,689.9686666666665,686.9351,685.5866666666667,681.3122666666666,678.29715,662.22,657.02215,663.74035,669.4816666666667,652.2330166666667,644.4060499999999,635.8216666666666,638.749,657.7355666666666,653.1133333333332,1451.429,669.55505,0.0,0.0,0.0,0.0,0.0,0.0,0.0,0.0,0.0,0.0,0.0,0.0,0.0,0.0,0.0,0.0,0.0,0.0,0.0,0.0,0.0,0.0,0.0,0.0,0.0,0.0,0.0,0.0,0.0,0.0,0.0,548.8569666666666,403.05263950617314,524.5458333333333,550.0185833333333,491.5597833333335,494.2704166666668,492.45020000000005,459.73684999999995,482.09208333333316,514.8756666666668,0.0,0.0,0.0,0.0,0.0,0.0,0.0,0.0,0.0,0.0,0.0,0.0,0.0,182.95541666666668,579.1646940329242,250.23091666666673,297.3866666666666,355.4748833333333,403.5667666666667,457.1233333333333,519.5516833333334,575.3797500000001,634.78375,688.2824833333335,735.7724833333334,783.4229166666665,847.7519166666667,894.8870166666668,940.75625,1035.0312000000001,980.4431166666667,819.11875,840.4354666666666,913.2656333333332,922.285,932.5434833333334,926.9430333333332,74.38666666666654,83.31518333333327,97.58114999999998,104.57499999999993,109.7593333333333,111.81479999999999,115.67833333333328,115.32629999999995,618.7697333333333,80.07999999999993,97.67728333333321,945.7221833333333,924.475,928.1199166666667,927.0223833333332,932.1649999999998,970.4620166666667,877.9948500000002,1579.4466666666667,1578.6965333333333,752.7916666666666,1559.5233333333335,1559.7338833333333,727.61785,1552.8649999999998,739.3275333333332,1070.1479666666667,1575.525,734.7426166666667,724.6121166666667,736.2800000000001,69936.5178063786,44698.9230342345
2025-09-17,952.8864018518514,1543.44445,717.2899999999998,707.1014,709.5551666666667,712.2633333333334,714.2706833333334,700.5074833333333,690.6766666666667,699.9513166666668,691.3790833333334,660.095,697.4453333333332,697.55955,685.5966666666667,681.9580833333333,670.3279166666667,680.1516666666666,682.6724666666668,663.4008166666666,670.7033333333333,660.3373333333333,671.4940166666668,658.45,657.02215,657.8465,648.9083333333333,651.2341833333334,643.1757999999999,634.8,636.3860333333334,649.2993333333333,647.69,1445.2440666666666,669.55505,0.0,0.0,0.0,0.0,0.0,0.0,0.0,0.0,0.0,0.0,0.0,0.0,0.0,0.0,0.0,0.0,0.0,0.0,0.0,0.0,0.0,0.0,0.0,0.0,0.0,0.0,0.0,0.0,0.0,0.0,23.076996707815283,556.72955,558.1508833333332,524.5458333333333,553.4583500000001,549.0118666666667,534.8025,492.45020000000005,459.73684999999995,498.0808333333335,514.8756666666668,0.0,0.0,0.0,0.0,0.0,0.0,0.0,0.0,0.0,0.0,0.0,0.0,0.0,178.86625000000004,579.1646940329242,250.89516666666668,325.60083333333324,360.7981166666667,389.94015,446.9679166666666,519.5516833333334,575.3797500000001,634.78375,688.2824833333335,735.7724833333334,783.4229166666665,847.7519166666667,894.8870166666668,940.75625,1035.0312000000001,980.4431166666667,819.11875,840.4354666666666,913.2656333333332,920.5799999999999,921.4932166666669,926.9430333333332,66.16166666666675,83.31518333333327,93.96853333333331,104.46500000000003,107.47215000000006,101.55259999999998,109.29666666666651,101.48901666666666,613.2935333333332,80.07999999999993,97.67728333333321,945.7221833333333,919.105,927.4863,910.3244833333333,929.7833333333333,946.59715,876.1198500000002,1579.4466666666667,1555.5358833333335,749.0507833333334,1559.4416666666666,1548.4648000000002,727.2913000000001,1552.8649999999998,739.3275333333332,1065.0981666666667,1575.525,732.4541166666666,694.0805833333335,736.2800000000001,70164.50237592592,44729.35658809574
2025-09-18,941.9341600823037,1516.15715,694.0916666666667,697.4120166666667,700.12565,703.6416666666667,714.2706833333334,700.5074833333333,689.9899999999999,697.1552499999999,685.8752833333333,644.2816666666666,673.7265,684.1446333333333,678.9033333333333,669.8278833333333,670.0492666666667,672.2583333333333,662.2353166666667,659.6913166666667,655.84,660.3373333333333,670.8511833333334,654.9066666666666,657.02215,657.8465,648.9083333333333,640.3794,641.8150166666667,634.8,636.3860333333334,641.8382333333334,642.9916666666667,1442.3843666666667,670.0419166666667,0.0,0.0,0.0,0.0,0.0,0.0,0.0,0.0,0.0,0.0,0.0,0.0,0.0,0.0,0.0,0.0,0.0,0.0,0.0,0.0,0.0,0.0,0.0,0.0,0.0,0.0,0.0,0.0,0.0,0.0,87.28259999999892,556.72955,558.1508833333332,524.5458333333333,553.4583500000001,491.5597833333335,494.2704166666668,440.91574999999983,430.0851500000001,482.09208333333316,499.0473333333334,0.0,0.0,0.0,0.0,0.0,0.0,0.0,0.0,0.0,0.0,0.0,0.0,0.0,174.04708333333338,563.5084800411505,250.89516666666668,325.60083333333324,360.7981166666667,389.94015,457.1233333333333,519.5516833333334,575.3797500000001,627.4308333333333,678.6092833333333,735.7724833333334,783.4229166666665,843.4321333333334,882.5439666666667,940.75625,1039.7542166666667,965.8399333333333,811.2516666666668,824.1461833333332,913.2656333333332,910.9200000000001,908.5051333333334,889.3607333333333,66.16166666666675,82.40719999999999,79.47456666666653,89.83833333333325,104.0999333333333,97.6373666666666,86.79666666666651,95.09141666666665,611.8704499999999,77.74333333333323,97.67728333333321,927.66875,899.6216666666666,915.3348833333332,910.3244833333333,926.0516666666667,943.7742999999999,876.1198500000002,1560.1783333333333,1542.5152333333335,738.4725833333334,1550.055,1524.2525666666668,715.7404333333335,1550.5333333333333,730.0682666666667,1054.5494833333335,1565.125,726.3131666666667,666.8635666666667,715.0949999999999,69330.07754012346,44179.849238336785
2025-09-19,1317.465566255145,1514.4933166666667,662.3333333333334,685.6156333333333,693.2202,659.12,699.4503833333333,695.7451833333332,667.7266666666667,681.5333666666667,667.0940833333333,639.9383333333334,643.7393,677.1441333333333,677.3933333333333,643.6531833333333,643.5706000000001,672.0916666666667,661.2113166666666,654.4229833333334,629.6533333333333,624.9762166666667,652.9243,646.375,647.9303666666667,649.83895,631.595,636.5337166666667,639.1725833333333,633.8683333333333,630.8523,637.3291333333333,642.9916666666667,1442.3843666666667,670.0419166666667,0.0,0.0,0.0,0.0,0.0,0.0,0.0,0.0,0.0,0.0,123.84446666666695,0.0,0.0,0.0,0.0,0.0,0.0,0.0,0.0,0.0,0.0,0.0,0.0,0.0,0.0,0.0,0.0,0.0,0.0,0.0,53.69085000000092,556.72955,558.1508833333332,524.5458333333333,550.0185833333333,485.2990666666668,494.2704166666668,439.00258333333346,424.27016666666685,471.5058333333333,491.3239166666666,0.0,0.0,0.0,0.0,0.0,0.0,0.0,0.0,0.0,0.0,0.0,0.0,0.0,174.04708333333338,552.6503524691346,250.23091666666673,325.60083333333324,360.7981166666667,389.94015,457.1233333333333,519.5516833333334,575.3797500000001,627.4308333333333,678.6092833333333,735.7724833333334,784.9020833333332,843.4321333333334,882.5439666666667,940.75625,1039.7542166666667,952.0240166666665,806.8816666666667,806.1707499999999,895.55395,910.9200000000001,900.31975,886.3236833333334,66.16166666666675,61.82136666666679,54.16295000000002,79.25666666666666,86.06966666666654,95.89808333333337,84.07999999999993,74.81078333333323,607.1830833333331,43.54833333333329,88.35933333333321,925.0158499999999,898.8633333333333,863.1483333333333,876.2362499999999,921.0583333333333,941.8411666666666,868.1925166666666,1519.3566666666666,1531.6570000000002,700.3672833333333,1500.8783333333333,1490.7060666666666,711.8668333333334,1549.295,688.2304833333333,1044.1017666666667,1555.8966666666668,709.7487166666666,656.69675,715.0949999999999,68752.40348539094,43719.751539786484
2025-09-20,702.97945,681.1599833333333,662.3333333333334,685.6156333333333,693.2202,659.12,699.4503833333333,695.7451833333332,667.7266666666667,681.5333666666667,667.0940833333333,639.9383333333334,643.7393,677.1441333333333,677.3933333333333,643.6531833333333,643.5706000000001,672.0916666666667,661.2113166666666,654.4229833333334,629.6533333333333,624.9762166666667,652.9243,646.375,647.9303666666667,649.83895,631.595,636.5337166666667,639.1725833333333,633.8683333333333,630.8523,637.3291333333333,642.9916666666667,609.0510333333333,670.0419166666667,0.0,0.0,0.0,0.0,0.0,0.0,0.0,0.0,0.0,0.0,123.84446666666695,0.0,0.0,0.0,0.0,0.0,0.0,0.0,0.0,0.0,0.0,0.0,0.0,0.0,0.0,0.0,0.0,0.0,0.0,0.0,53.69085000000092,556.72955,558.1508833333332,524.5458333333333,550.0185833333333,485.2990666666668,494.2704166666668,439.00258333333346,424.27016666666685,471.5058333333333,491.3239166666666,0.0,0.0,0.0,0.0,0.0,0.0,0.0,0.0,0.0,0.0,0.0,0.0,0.0,174.04708333333338,552.6503524691346,250.23091666666673,325.60083333333324,360.7981166666667,389.94015,457.1233333333333,519.5516833333334,575.3797500000001,627.4308333333333,678.6092833333333,735.7724833333334,784.9020833333332,843.4321333333334,882.5439666666667,940.75625,1039.7542166666667,952.0240166666665,806.8816666666667,806.1707499999999,895.55395,910.9200000000001,900.31975,886.3236833333334,66.16166666666675,61.82136666666679,54.16295000000002,79.25666666666666,86.06966666666654,95.89808333333337,84.07999999999993,74.81078333333323,607.1830833333331,43.54833333333329,88.35933333333321,925.0158499999999,898.8633333333333,863.1483333333333,876.2362499999999,921.0583333333333,941.8411666666666,868.1925166666666,1519.3566666666666,1531.6570000000002,700.3672833333333,1500.8783333333333,1490.7060666666666,711.8668333333334,1549.295,688.2304833333333,1044.1017666666667,1555.8966666666668,709.7487166666666,656.69675,715.0949999999999,66471.25070246913,42795.55117093463
2025-09-21,702.97945,681.1599833333333,662.3333333333334,685.6156333333333,693.2202,659.12,699.4503833333333,695.7451833333332,667.7266666666667,681.5333666666667,667.0940833333333,639.9383333333334,643.7393,677.1441333333333,677.3933333333333,643.6531833333333,643.5706000000001,672.0916666666667,661.2113166666666,654.4229833333334,629.6533333333333,624.9762166666667,652.9243,646.375,647.9303666666667,649.83895,631.595,636.5337166666667,639.1725833333333,633.8683333333333,630.8523,637.3291333333333,642.9916666666667,609.0510333333333,670.0419166666667,0.0,0.0,0.0,0.0,0.0,0.0,0.0,0.0,0.0,0.0,123.84446666666695,0.0,0.0,0.0,0.0,0.0,0.0,0.0,0.0,0.0,0.0,0.0,0.0,0.0,0.0,0.0,0.0,0.0,0.0,0.0,53.69085000000092,556.72955,558.1508833333332,524.5458333333333,550.0185833333333,485.2990666666668,494.2704166666668,439.00258333333346,424.27016666666685,471.5058333333333,491.3239166666666,0.0,0.0,0.0,0.0,0.0,0.0,0.0,0.0,0.0,0.0,0.0,0.0,0.0,174.04708333333338,552.6503524691346,250.23091666666673,325.60083333333324,360.7981166666667,389.94015,457.1233333333333,519.5516833333334,575.3797500000001,627.4308333333333,678.6092833333333,735.7724833333334,784.9020833333332,843.4321333333334,882.5439666666667,940.75625,1039.7542166666667,952.0240166666665,806.8816666666667,806.1707499999999,895.55395,910.9200000000001,900.31975,886.3236833333334,66.16166666666675,61.82136666666679,54.16295000000002,79.25666666666666,86.06966666666654,95.89808333333337,84.07999999999993,74.81078333333323,607.1830833333331,43.54833333333329,88.35933333333321,925.0158499999999,898.8633333333333,863.1483333333333,876.2362499999999,921.0583333333333,941.8411666666666,868.1925166666666,1519.3566666666666,1531.6570000000002,700.3672833333333,1500.8783333333333,1490.7060666666666,711.8668333333334,1549.295,688.2304833333333,710.7684333333333,1555.8966666666668,1043.08205,656.69675,668.9733333333334,66425.12903580247,42775.82954626796
2025-09-22,1471.138925925924,1500.06695,649.61,619.5752666666666,643.7186999999999,657.6,634.8131166666667,624.65105,625.5283333333333,642.6302666666667,624.6411833333333,627.3183333333333,603.7204666666668,610.8321333333333,624.9716666666667,633.2806666666668,621.6542166666666,615.61,633.8484833333333,631.33525,627.735,619.03065,611.90515,625.6416666666667,639.9982833333332,644.1480166666666,627.4516666666666,633.3117833333333,625.63625,623.7533333333333,630.8523,637.3291333333333,642.2716666666668,1442.3843666666667,672.1273666666667,0.0,0.0,0.0,0.0,0.0,0.0,0.0,0.0,0.0,0.0,172.47823333333358,0.0,0.0,0.0,0.0,0.0,0.0,0.0,0.0,0.0,0.0,0.0,0.0,0.0,0.0,0.0,0.0,0.0,0.0,0.0,69.9625166666676,570.7261333333335,559.1108166666667,532.4304166666666,553.4583500000001,491.5597833333335,531.7954166666666,439.00258333333346,424.27016666666685,471.5058333333333,491.3239166666666,0.0,0.0,0.0,0.0,0.0,0.0,0.0,0.0,0.0,0.0,0.0,0.0,0.0,174.04708333333338,487.16899629629677,248.63794999999996,292.5816666666668,360.7981166666667,389.94015,457.1233333333333,525.2528666666665,563.0690333333333,612.6237500000001,677.8457166666667,745.66325,788.0033333333334,843.4321333333334,882.5439666666667,940.75625,1032.8092333333334,950.3710666666666,802.0687499999999,799.6309833333332,855.72745,836.8883333333334,838.1878166666667,853.5210000000001,11.021666666666647,11.877033333333316,8.238266666666618,0.0,3.9787499999997635,30.954966666666678,15.409999999999968,19.183616666666467,514.9129499999997,0.0,2.463399999999865,861.6901666666666,859.8266666666666,838.44615,837.4872,821.3316666666666,893.9894166666667,779.2041166666666,1472.605,1495.6401500000002,675.9118666666667,1464.3533333333335,1480.2267833333335,688.17805,1512.7616666666668,650.5540500000001,979.4458666666667,1491.8466666666668,641.46035,636.6009833333334,653.885,66219.92383888889,41555.66434471055
2025-09-23,1488.7209833333334,1495.6201,1458.56,631.7317493827131,1475.3057,635.8433333333334,629.0153833333333,610.9842333333333,619.9583333333334,627.7184,624.6411833333333,624.7016666666666,603.4707500000001,608.5823833333333,614.6283333333333,620.2176000000001,621.6542166666666,610.5483333333334,627.8063500000001,622.0962999999999,621.9133333333334,619.03065,609.5149666666667,616.0399999999998,631.2388833333333,643.0294166666666,624.42,633.3117833333333,624.5160833333334,620.6783333333334,627.3305833333333,635.2196500000001,638.8916666666667,1438.5385,672.1273666666667,0.0,0.0,0.0,0.0,0.0,0.0,0.0,0.0,0.0,0.0,229.29998333333265,0.0,0.0,0.0,0.0,0.0,0.0,0.0,0.0,0.0,0.0,0.0,0.0,0.0,0.0,0.0,0.0,0.0,0.0,0.0,0.0,570.7261333333335,442.90541666667025,561.2370833333333,553.4583500000001,491.5597833333335,494.2704166666668,428.53471666666655,424.27016666666685,471.5058333333333,487.23166666666674,0.0,0.0,0.0,0.0,0.0,0.0,0.0,0.0,0.0,0.0,0.0,0.0,0.0,147.53416666666666,412.59835041152246,248.63794999999996,292.5816666666668,357.4724166666667,389.94015,457.1233333333333,510.63668333333334,563.0690333333333,612.6237500000001,677.8457166666667,735.7724833333334,788.0033333333334,843.4321333333334,882.5439666666667,952.9329166666666,1032.48795,950.3710666666666,792.8529166666667,797.2968500000001,850.0603666666667,827.8050000000001,826.6918833333334,848.9683,1.6866666666666106,9.651533333333418,2.2476166666666586,0.0,2.3526166666664494,10.05571666666674,10.906666666666524,0.0,502.6345000000002,0.0,0.0,832.6847666666666,836.2883333333333,838.44615,837.4872,814.6433333333333,868.3754666666667,779.2041166666666,1471.0133333333333,1470.8465166666665,664.62085,1464.3133333333335,1476.40295,651.5777333333333,1494.6366666666668,649.3845666666667,968.9898666666666,1484.1333333333332,640.9178833333334,624.1839666666667,628.6533333333333,67098.22749979424,41744.07680006957
2025-09-24,1475.0066333333334,1488.3832833333336,1451.7766666666666,1203.1709333333338,1467.9981333333335,618.455,623.7786166666666,605.2630333333333,597.5916666666667,620.4196833333333,616.5582833333334,621.295,603.4707500000001,607.79955,610.2233333333334,616.1158166666667,610.94245,608.9566666666666,625.0889,616.69605,619.2616666666668,615.0549333333333,608.7154833333333,616.0399999999998,625.9331666666668,627.8058833333333,624.2516666666668,632.6659666666667,623.8999333333334,618.1233333333332,626.4163833333333,631.6741833333333,632.7266666666667,1438.5385,672.1273666666667,0.0,0.0,0.0,0.0,0.0,0.0,0.0,0.0,0.0,0.0,247.04876666666672,0.0,0.0,0.0,0.0,0.0,0.0,0.0,0.0,0.0,0.0,0.0,0.0,0.0,0.0,0.0,0.0,0.0,0.0,0.0,7.582866666669048,573.0802333333334,559.1108166666667,561.2370833333333,553.4583500000001,491.5597833333335,494.2704166666668,428.53471666666655,424.27016666666685,445.89916666666664,487.23166666666674,0.0,0.0,0.0,0.0,0.0,0.0,0.0,0.0,0.0,0.0,0.0,0.0,0.0,174.04708333333338,487.16899629629677,248.63794999999996,309.73249999999996,357.4724166666667,374.0030666666667,461.27125,510.63668333333334,563.0690333333333,612.6237500000001,677.8457166666667,735.7724833333334,788.0033333333334,843.4321333333334,882.5439666666667,956.3837499999998,1032.48795,950.3710666666666,781.7199999999999,795.8744166666668,847.0006333333333,827.8050000000001,826.6918833333334,843.2322666666666,0.0,0.0,0.0,0.0,0.0,8.649233333333427,6.071666666666715,0.0,471.06251666666776,0.0,0.0,832.23365,836.2883333333333,838.44615,824.3075166666665,813.3816666666667,846.1977666666667,776.9880833333334,1471.0133333333333,1470.1100666666666,661.1521666666666,1464.3133333333335,1459.4535666666666,634.3490166666667,1492.6016666666667,635.57215,966.7284500000001,1479.915,634.1195833333334,618.8458833333333,623.9600000000002,67529.0977462963,41880.08314783223
2025-09-25,1466.8836666666666,1456.6610166666667,1442.6183333333333,795.1752660493805,1451.23945,613.0433333333334,622.4923666666667,600.2506166666667,597.5916666666667,618.7072499999999,614.0509166666667,608.7233333333334,603.4707500000001,607.79955,610.2233333333334,601.0641333333333,604.8680333333334,608.9566666666666,623.4173166666667,616.69605,619.2616666666668,615.0549333333333,608.7154833333333,614.65,617.1200166666666,627.3394166666666,621.6133333333332,632.1710833333333,623.8999333333334,618.1233333333332,625.1652666666668,630.3266166666667,632.7266666666667,1438.3576833333332,672.1273666666667,0.0,0.0,0.0,0.0,0.0,0.0,0.0,0.0,0.0,153.25501666666682,255.14883333333333,0.0,0.0,0.0,0.0,0.0,0.0,0.0,0.0,0.0,0.0,0.0,0.0,0.0,0.0,0.0,0.0,0.0,0.0,0.0,0.0,573.0802333333334,440.4568166666668,561.2370833333333,555.0414666666668,514.5402166666667,494.2704166666668,439.00258333333346,430.0851500000001,482.09208333333316,491.3239166666666,0.0,0.0,0.0,0.0,0.0,0.0,0.0,0.0,0.0,0.0,0.0,0.0,0.0,147.53416666666666,414.2436670781891,248.63794999999996,292.5816666666668,352.01726666666667,373.47685,448.455,507.1611166666667,555.4249666666667,612.6237500000001,669.7756833333333,732.8468333333333,788.0033333333334,843.4321333333334,882.5439666666667,956.3837499999998,1032.48795,947.7770999999999,775.7516666666668,791.86915,837.3354999999999,824.5733333333333,820.9600666666666,841.7783333333333,0.0,0.0,0.0,0.0,0.0,1.1717666666665991,0.0,0.0,444.48008333333394,0.0,0.0,832.1804833333334,833.6116666666666,834.2086999999999,824.3075166666665,813.3816666666667,838.43455,772.8994666666669,1467.02,1461.3403833333334,658.5136833333333,1462.3783333333333,1456.5314333333333,633.1398666666666,1477.35,632.4123666666667,957.2636833333333,1466.705,618.4672833333333,618.8458833333333,617.315,66769.75368312756,41484.77147706957
2025-09-26,1466.7102833333333,1452.2004000000002,1442.6183333333333,1305.981321399178,1445.6667333333335,608.6833333333333,615.7982333333333,600.2506166666667,597.5916666666667,614.7788166666667,607.1647666666667,602.61,603.4707500000001,607.79955,605.5883333333334,599.8278333333333,602.33315,608.9566666666666,623.3312000000001,616.69605,617.4466666666666,612.6985999999999,608.0377333333333,607.4216666666667,608.53525,624.6689166666667,620.3616666666666,631.0801333333333,620.5922833333333,618.1233333333332,625.1652666666668,624.0545,632.7266666666667,1438.3576833333332,672.1273666666667,0.0,0.0,0.0,0.0,0.0,0.0,0.0,0.0,0.0,210.73643333333303,256.3695333333333,0.0,0.0,0.0,0.0,0.0,0.0,0.0,0.0,0.0,0.0,0.0,0.0,0.0,0.0,0.0,0.0,0.0,0.0,0.0,0.0,570.7261333333335,220.27651666666537,524.5458333333333,555.0414666666668,498.52381666666685,491.7925000000001,439.00258333333346,430.0851500000001,467.57958333333323,492.22601666666674,0.0,0.0,0.0,0.0,0.0,0.0,0.0,0.0,0.0,0.0,0.0,0.0,0.0,143.57416666666663,398.4554837448559,248.63794999999996,292.5816666666668,352.01726666666667,374.0030666666667,461.27125,510.63668333333334,555.4249666666667,627.4308333333333,669.7756833333333,732.8468333333333,788.0033333333334,843.4321333333334,882.5439666666667,952.9329166666666,1021.2371499999998,947.7770999999999,775.7516666666668,784.3184,830.2272666666668,824.075,820.9600666666666,841.7783333333333,0.0,0.0,0.0,0.0,0.0,0.0,0.0,0.0,364.60195000000056,0.0,0.0,828.3051833333334,833.6116666666666,834.2086999999999,824.3075166666665,813.3816666666667,838.3152833333334,768.1864999999999,1455.3266666666668,1459.4490333333333,649.3430333333333,1447.3166666666666,1451.2912666666666,633.1398666666666,1477.35,632.4123666666667,955.0549333333333,1464.4066666666668,618.4672833333333,616.7699,617.315,66808.6156718107,41410.550861593336
2025-09-27,633.37695,618.8670666666668,609.285,603.8647833333333,612.3334,608.6833333333333,615.7982333333333,600.2506166666667,597.5916666666667,614.7788166666667,607.1647666666667,602.61,603.4707500000001,607.79955,605.5883333333334,599.8278333333333,602.33315,608.9566666666666,623.3312000000001,616.69605,617.4466666666666,612.6985999999999,608.0377333333333,607.4216666666667,608.53525,624.6689166666667,620.3616666666666,631.0801333333333,620.5922833333333,618.1233333333332,625.1652666666668,624.0545,632.7266666666667,605.0243499999999,672.1273666666667,0.0,0.0,0.0,0.0,0.0,0.0,0.0,0.0,0.0,210.73643333333303,256.3695333333333,0.0,0.0,0.0,0.0,0.0,0.0,0.0,0.0,0.0,0.0,0.0,0.0,0.0,0.0,0.0,0.0,0.0,0.0,0.0,0.0,570.7261333333335,220.27651666666537,524.5458333333333,555.0414666666668,498.52381666666685,491.7925000000001,439.00258333333346,430.0851500000001,467.57958333333323,492.22601666666674,0.0,0.0,0.0,0.0,0.0,0.0,0.0,0.0,0.0,0.0,0.0,0.0,0.0,143.57416666666663,398.4554837448559,248.63794999999996,292.5816666666668,352.01726666666667,374.0030666666667,461.27125,510.63668333333334,555.4249666666667,627.4308333333333,669.7756833333333,732.8468333333333,788.0033333333334,843.4321333333334,882.5439666666667,952.9329166666666,1021.2371499999998,947.7770999999999,775.7516666666668,784.3184,830.2272666666668,824.075,820.9600666666666,841.7783333333333,0.0,0.0,0.0,0.0,0.0,0.0,0.0,0.0,364.60195000000056,0.0,0.0,828.3051833333334,833.6116666666666,834.2086999999999,824.3075166666665,813.3816666666667,838.3152833333334,768.1864999999999,1455.3266666666668,1459.4490333333333,649.3430333333333,1447.3166666666666,1451.2912666666666,633.1398666666666,1477.35,632.4123666666667,955.0549333333333,1464.4066666666668,618.4672833333333,616.7699,617.315,61939.83246707819,39381.77334319827
2025-09-28,633.37695,618.8670666666668,609.285,603.8647833333333,612.3334,608.6833333333333,615.7982333333333,600.2506166666667,597.5916666666667,614.7788166666667,607.1647666666667,602.61,603.4707500000001,607.79955,605.5883333333334,599.8278333333333,602.33315,608.9566666666666,623.3312000000001,616.69605,617.4466666666666,612.6985999999999,608.0377333333333,607.4216666666667,608.53525,624.6689166666667,620.3616666666666,631.0801333333333,620.5922833333333,618.1233333333332,625.1652666666668,624.0545,632.7266666666667,605.0243499999999,672.1273666666667,0.0,0.0,0.0,0.0,0.0,0.0,0.0,0.0,0.0,210.73643333333303,256.3695333333333,0.0,0.0,0.0,0.0,0.0,0.0,0.0,0.0,0.0,0.0,0.0,0.0,0.0,0.0,0.0,0.0,0.0,0.0,0.0,0.0,570.7261333333335,220.27651666666537,524.5458333333333,555.0414666666668,498.52381666666685,491.7925000000001,439.00258333333346,430.0851500000001,467.57958333333323,492.22601666666674,0.0,0.0,0.0,0.0,0.0,0.0,0.0,0.0,0.0,0.0,0.0,0.0,0.0,143.57416666666663,398.4554837448559,248.63794999999996,292.5816666666668,352.01726666666667,374.0030666666667,461.27125,510.63668333333334,555.4249666666667,627.4308333333333,669.7756833333333,732.8468333333333,788.0033333333334,843.4321333333334,882.5439666666667,952.9329166666666,1021.2371499999998,947.7770999999999,775.7516666666668,784.3184,830.2272666666668,824.075,820.9600666666666,841.7783333333333,0.0,0.0,0.0,0.0,0.0,0.0,0.0,0.0,364.60195000000056,0.0,0.0,828.3051833333334,833.6116666666666,834.2086999999999,824.3075166666665,813.3816666666667,838.3152833333334,768.1864999999999,1455.3266666666668,1459.4490333333333,649.3430333333333,1447.3166666666666,1448.1068333333333,633.1398666666666,1477.35,632.4123666666667,955.0549333333333,1460.5183333333334,618.4672833333333,613.47605,617.285,61929.43585041152,39377.37983140327
2025-09-29,1466.2998333333335,1447.9560833333335,1435.1883333333335,1434.03465,1439.8439833333334,599.5016666666668,611.1962666666666,598.2117999999999,605.7689516460913,601.2531333333333,607.1647666666667,599.9366666666666,603.4707500000001,607.79955,604.4383333333334,598.5124,600.0934,604.8199999999999,608.00665,616.6950166666667,615.1266666666668,611.0681000000001,608.0377333333333,607.4216666666667,604.9483,617.3939333333333,619.5316666666666,616.8661666666666,618.546,618.1233333333332,621.2990666666667,624.0545,632.7266666666667,1436.7052333333334,670.0419166666667,0.0,0.0,0.0,0.0,0.0,0.0,0.0,0.0,0.0,361.3204166666667,256.3695333333333,0.0,0.0,0.0,0.0,0.0,0.0,0.0,0.0,0.0,0.0,0.0,0.0,0.0,0.0,0.0,0.0,0.0,0.0,0.0,0.0,570.7261333333335,477.86973333333043,524.5458333333333,555.0414666666668,498.52381666666685,474.7866666666668,439.00258333333346,430.0851500000001,481.3258333333334,499.0473333333334,0.0,0.0,0.0,0.0,0.0,0.0,0.0,0.0,0.0,0.0,0.0,0.0,0.0,143.57416666666663,404.59949362139906,246.54499999999993,292.5816666666668,350.7772833333334,373.47685,448.455,510.63668333333334,555.4249666666667,612.6237500000001,669.7756833333333,732.8468333333333,788.0033333333334,857.4610666666667,908.9261833333333,952.9329166666666,1021.2371499999998,947.7770999999999,765.6783333333333,782.5642833333333,823.9366833333333,822.8616666666666,803.998,831.0595,0.0,0.0,0.0,0.0,0.0,0.0,0.0,0.0,331.0268166666664,0.0,0.0,822.8084166666666,828.175,829.2753333333334,824.1245333333333,812.5466666666666,834.3891666666666,766.75715,1453.4366666666665,1448.6164,643.9100500000001,1446.5816666666665,1447.2219166666666,626.6666333333334,1477.18,629.7638000000001,952.1591166666667,1456.8400000000001,617.0673,613.47605,617.285,67107.78896193416,41535.68677295615
2025-09-30,1466.2998333333335,1438.40555,1435.1883333333335,1437.1981166666667,1439.8439833333334,599.5016666666668,598.4944166666667,597.4109166666666,608.0202345678993,601.2531333333333,607.1647666666667,599.9366666666666,603.4707500000001,608.5823833333333,604.4383333333334,598.5124,600.0934,608.9566666666666,623.3312000000001,616.69605,611.5183333333333,609.42985,608.0377333333333,610.0016666666668,608.53525,624.6689166666667,617.4966666666667,616.8661666666666,618.546,618.1233333333332,621.2990666666667,624.0545,632.7266666666667,1436.7052333333334,672.1273666666667,0.0,0.0,0.0,0.0,0.0,0.0,0.0,0.0,118.25431666666765,367.3170833333333,276.8417333333334,0.0,0.0,0.0,0.0,0.0,0.0,0.0,0.0,0.0,0.0,0.0,0.0,0.0,0.0,0.0,0.0,0.0,0.0,0.0,29.82398333333009,573.0802333333334,554.0457999999999,529.9795833333333,537.3927833333335,489.35688333333326,469.10125000000005,428.53471666666655,430.0851500000001,481.3258333333334,499.0473333333334,0.0,0.0,0.0,0.0,0.0,0.0,0.0,0.0,0.0,0.0,0.0,0.0,0.0,143.57416666666663,435.3588763374489,248.63794999999996,309.73249999999996,350.8471500000001,374.0030666666667,461.27125,517.4797666666667,569.4604166666667,627.4308333333333,677.8457166666667,735.7724833333334,799.0412499999999,860.7680999999999,913.0955333333334,952.9329166666666,1030.5213166666667,949.5146333333334,765.6783333333333,782.5642833333333,823.9366833333333,822.8616666666666,820.9600666666666,831.8396166666666,0.0,0.0,0.0,0.0,0.0,0.0,0.0,0.0,350.30288333333317,0.0,0.0,822.8084166666666,828.175,829.2753333333334,824.1245333333333,812.5466666666666,838.3152833333334,766.75715,1447.9316666666668,1444.61865,642.98985,1446.165,1447.2219166666666,627.72815,1477.18,629.6754166666666,950.0141166666667,1456.8400000000001,617.0673,615.3726,623.9600000000002,67511.32074423868,41855.61757812599
2025-10-01,1466.2998333333335,1433.6199666666666,1435.1883333333335,1362.0111742798363,1439.8439833333334,600.9083333333333,611.1962666666666,598.2117999999999,589.9616666666666,600.2704,604.6679166666668,599.9366666666666,603.4707500000001,608.5823833333333,605.5883333333334,598.5124,600.0934,610.5483333333334,623.3312000000001,616.69605,611.5183333333333,612.6985999999999,608.1889666666667,610.0016666666668,617.1200166666666,624.6689166666667,617.44,616.8661666666666,620.5922833333333,620.6783333333334,621.2990666666667,624.0545,632.7266666666667,1436.7052333333334,672.1273666666667,0.0,0.0,0.0,0.0,0.0,0.0,0.0,0.0,297.2371166666675,385.05250000000007,285.4682666666667,0.0,0.0,0.0,0.0,0.0,0.0,0.0,0.0,0.0,0.0,0.0,0.0,0.0,0.0,0.0,0.0,0.0,0.0,0.0,260.7296333333336,579.4725333333333,559.9172500000002,561.2370833333333,555.0414666666668,498.52381666666685,469.10125000000005,439.00258333333346,430.0851500000001,481.3258333333334,499.0473333333334,0.0,0.0,0.0,0.0,0.0,0.0,0.0,0.0,0.0,0.0,0.0,0.0,0.0,147.53416666666666,475.6057718106988,248.846,313.94624999999996,352.01726666666667,389.94015,463.2695833333333,525.3307666666667,575.3797500000001,634.5070833333334,678.6736833333333,735.9621333333332,802.6283333333334,871.7636333333334,913.3366166666667,956.3837499999998,1032.48795,952.0240166666665,775.7516666666668,782.5642833333333,823.9366833333333,824.075,820.9600666666666,831.8396166666666,0.0,0.0,0.0,0.0,0.0,0.0,0.0,0.0,331.5335000000013,0.0,0.0,828.3051833333334,828.175,829.5019166666666,824.1245333333333,812.5466666666666,838.3152833333334,766.75715,1447.96,1442.7739000000001,637.66565,1444.67,1445.9512166666668,626.6666333333334,1477.18,629.6754166666666,950.0141166666667,1456.8400000000001,617.0673,615.3726,623.9600000000002,68060.68741275721,42222.814686794074
2025-10-02,1456.6951833333333,1433.1251000000002,930.3343020576124,600.7013166666667,606.51065,599.5016666666668,598.4944166666667,598.2117999999999,589.9616666666666,600.2704,604.6679166666668,599.9366666666666,602.1844166666667,607.79955,605.5883333333334,598.5124,600.0934,613.3866666666668,613.5052,614.9139666666667,615.1266666666668,612.6985999999999,608.1889666666667,610.0016666666668,617.1200166666666,624.6689166666667,617.4966666666667,616.8661666666666,620.5922833333333,618.1233333333332,619.9093666666666,624.0545,632.7266666666667,1436.7052333333334,672.1273666666667,0.0,0.0,0.0,0.0,0.0,0.0,0.0,0.0,307.4409333333324,385.05250000000007,285.4682666666667,0.0,0.0,0.0,0.0,0.0,0.0,0.0,0.0,0.0,0.0,0.0,0.0,0.0,0.0,0.0,0.0,0.0,0.0,0.0,260.7296333333336,579.4725333333333,554.0457999999999,561.2370833333333,555.0414666666668,498.52381666666685,469.10125000000005,439.00258333333346,430.0851500000001,481.3258333333334,499.0473333333334,0.0,0.0,0.0,0.0,0.0,0.0,0.0,0.0,0.0,0.0,0.0,0.0,0.0,147.53416666666666,474.6499051440321,248.846,313.94624999999996,350.8471500000001,374.0030666666667,463.2695833333333,525.3307666666667,575.3797500000001,634.5070833333334,678.6736833333333,735.9621333333332,802.6283333333334,871.7636333333334,913.3366166666667,956.3837499999998,1032.48795,952.0240166666665,775.7516666666668,776.9768833333333,816.2508500000001,824.075,820.9600666666666,814.9752333333332,0.0,0.0,0.0,0.0,0.0,0.0,0.0,0.0,320.25999999999993,0.0,0.0,820.2962833333332,814.9133333333333,829.2753333333334,824.1245333333333,812.5466666666666,838.3152833333334,766.75715,1447.96,1442.76905,635.3632999999999,1442.9483333333333,1441.6338333333333,621.9866333333334,1471.2166666666667,627.4427166666667,949.6005500000001,1456.8400000000001,617.0673,615.3726,623.9600000000002,65827.5887238683,41217.17065033679
2025-10-03,1456.6951833333333,1433.1251000000002,679.2245905349781,600.7013166666667,606.51065,599.5016666666668,598.4944166666667,598.2117999999999,589.9616666666666,601.2531333333333,604.6679166666668,599.9366666666666,603.4707500000001,609.5007,605.5883333333334,596.3852666666667,598.5169666666666,613.3866666666668,613.5052,614.9139666666667,615.1266666666668,612.6985999999999,608.1889666666667,610.9833333333333,617.1200166666666,624.6689166666667,619.5316666666666,618.8752333333334,620.5922833333333,618.1233333333332,618.3110166666667,621.12735,632.7266666666667,1430.5285666666668,680.2623499999999,0.0,0.0,0.0,0.0,0.0,0.0,0.0,0.0,372.54643333333433,385.05250000000007,285.4682666666667,0.0,0.0,0.0,0.0,0.0,0.0,0.0,0.0,0.0,0.0,0.0,0.0,0.0,0.0,0.0,0.0,0.0,0.0,0.0,260.7296333333336,579.4725333333333,554.0457999999999,561.2370833333333,555.0414666666668,498.52381666666685,469.10125000000005,439.00258333333346,430.0851500000001,481.3258333333334,499.0473333333334,0.0,0.0,0.0,0.0,0.0,0.0,0.0,0.0,0.0,0.0,0.0,0.0,0.0,147.53416666666666,474.6499051440321,248.846,313.94624999999996,350.8471500000001,374.0030666666667,461.27125,517.4797666666667,575.3797500000001,634.5070833333334,678.6736833333333,735.9621333333332,802.6283333333334,871.7636333333334,913.3366166666667,956.3837499999998,1032.48795,952.0240166666665,775.7516666666668,764.32985,813.8331166666667,824.075,820.9600666666666,814.9752333333332,0.0,0.0,0.0,0.0,0.0,0.0,0.0,0.0,304.0635166666667,0.0,0.0,810.6304666666667,814.9133333333333,829.2753333333334,824.1245333333333,812.5466666666666,838.3152833333334,766.75715,1447.96,1436.7219,627.3169333333334,1442.9483333333333,1441.6338333333333,621.9866333333334,1461.871666666667,626.7773333333333,948.88985,1456.665,609.1421833333333,615.3726,623.9600000000002,65560.61859567901,41090.19082657945
2025-10-04,623.36185,599.7917666666667,594.3416666666667,600.7013166666667,606.51065,599.5016666666668,598.4944166666667,598.2117999999999,589.9616666666666,601.2531333333333,604.6679166666668,599.9366666666666,603.4707500000001,609.5007,605.5883333333334,596.3852666666667,598.5169666666666,613.3866666666668,613.5052,614.9139666666667,615.1266666666668,612.6985999999999,608.1889666666667,610.9833333333333,617.1200166666666,624.6689166666667,619.5316666666666,618.8752333333334,620.5922833333333,618.1233333333332,618.3110166666667,621.12735,632.7266666666667,597.1952333333334,680.2623499999999,0.0,0.0,0.0,0.0,0.0,0.0,0.0,0.0,372.54643333333433,385.05250000000007,285.4682666666667,0.0,0.0,0.0,0.0,0.0,0.0,0.0,0.0,0.0,0.0,0.0,0.0,0.0,0.0,0.0,0.0,0.0,0.0,0.0,260.7296333333336,579.4725333333333,554.0457999999999,561.2370833333333,555.0414666666668,498.52381666666685,469.10125000000005,439.00258333333346,430.0851500000001,481.3258333333334,499.0473333333334,0.0,0.0,0.0,0.0,0.0,0.0,0.0,0.0,0.0,0.0,0.0,0.0,0.0,147.53416666666666,474.6499051440321,248.846,313.94624999999996,350.8471500000001,374.0030666666667,461.27125,517.4797666666667,575.3797500000001,634.5070833333334,678.6736833333333,735.9621333333332,802.6283333333334,871.7636333333334,913.3366166666667,956.3837499999998,1032.48795,952.0240166666665,775.7516666666668,764.32985,813.8331166666667,824.075,820.9600666666666,814.9752333333332,0.0,0.0,0.0,0.0,0.0,0.0,0.0,0.0,304.0635166666667,0.0,0.0,810.6304666666667,814.9133333333333,829.2753333333334,824.1245333333333,812.5466666666666,838.3152833333334,766.75715,1447.96,1436.7219,627.3169333333334,1442.9483333333333,1441.6338333333333,621.9866333333334,1461.871666666667,626.7773333333333,615.5565166666668,1456.665,942.4755166666666,615.3726,623.9600000000002,62975.735671810704,40036.787639713395
2025-10-05,623.36185,599.7917666666667,594.3416666666667,600.7013166666667,606.51065,599.5016666666668,598.4944166666667,598.2117999999999,589.9616666666666,601.2531333333333,604.6679166666668,599.9366666666666,603.4707500000001,609.5007,605.5883333333334,596.3852666666667,598.5169666666666,613.3866666666668,613.5052,614.9139666666667,615.1266666666668,612.6985999999999,608.1889666666667,610.9833333333333,617.1200166666666,624.6689166666667,619.5316666666666,618.8752333333334,620.5922833333333,618.1233333333332,618.3110166666667,621.12735,632.7266666666667,597.1952333333334,680.2623499999999,0.0,0.0,0.0,0.0,0.0,0.0,0.0,0.0,372.54643333333433,385.05250000000007,285.4682666666667,0.0,0.0,0.0,0.0,0.0,0.0,0.0,0.0,0.0,0.0,0.0,0.0,0.0,0.0,0.0,0.0,0.0,0.0,0.0,260.7296333333336,579.4725333333333,554.0457999999999,561.2370833333333,555.0414666666668,498.52381666666685,469.10125000000005,439.00258333333346,430.0851500000001,481.3258333333334,499.0473333333334,0.0,0.0,0.0,0.0,0.0,0.0,0.0,0.0,0.0,0.0,0.0,0.0,0.0,147.53416666666666,474.6499051440321,248.846,313.94624999999996,350.8471500000001,374.0030666666667,461.27125,517.4797666666667,575.3797500000001,634.5070833333334,678.6736833333333,735.9621333333332,802.6283333333334,871.7636333333334,913.3366166666667,956.3837499999998,1032.48795,952.0240166666665,775.7516666666668,764.32985,813.8331166666667,824.075,820.9600666666666,814.9752333333332,0.0,0.0,0.0,0.0,0.0,0.0,0.0,0.0,304.0635166666667,0.0,0.0,810.6304666666667,814.9133333333333,829.2753333333334,824.1245333333333,812.5466666666666,838.3152833333334,766.75715,1447.96,1436.7219,627.3169333333334,1442.9483333333333,1441.6338333333333,621.9866333333334,1461.871666666667,626.7773333333333,615.5565166666668,1456.665,942.4755166666666,615.3726,623.9600000000002,62975.735671810704,40036.787639713395
2025-10-06,1456.6951833333333,1433.1251000000002,1034.6183220164621,600.7013166666667,606.51065,599.5016666666668,598.4944166666667,600.2506166666667,589.9616666666666,601.2531333333333,602.5450166666667,597.5116666666668,603.4707500000001,609.5007,605.5883333333334,598.5124,600.0934,615.3666666666667,613.5052,614.9139666666667,615.455,612.6985999999999,608.1889666666667,610.9833333333333,620.34445,624.6689166666667,619.5316666666666,618.8752333333334,623.8999333333334,620.6783333333334,612.7374500000001,619.5076833333334,632.7266666666667,1430.5285666666668,680.2623499999999,0.0,0.0,0.0,0.0,0.0,0.0,0.0,0.0,392.7488666666673,385.05250000000007,285.4682666666667,0.0,0.0,0.0,0.0,0.0,0.0,0.0,0.0,0.0,0.0,0.0,0.0,0.0,0.0,0.0,0.0,0.0,0.0,0.0,253.03448333333208,579.4725333333333,554.0457999999999,561.2370833333333,555.0414666666668,498.52381666666685,469.10125000000005,439.00258333333346,430.0851500000001,467.57958333333323,492.22601666666674,0.0,0.0,0.0,0.0,0.0,0.0,0.0,0.0,0.0,0.0,0.0,0.0,0.0,147.53416666666666,474.6499051440321,248.846,313.94624999999996,350.8471500000001,374.0030666666667,461.27125,517.4797666666667,575.3797500000001,634.5070833333334,678.6736833333333,735.9621333333332,802.6283333333334,871.7636333333334,913.3366166666667,956.3837499999998,1039.7542166666667,952.0240166666665,775.7516666666668,764.32985,813.8331166666667,824.075,820.9600666666666,810.3647,0.0,0.0,0.0,0.0,0.0,0.0,0.0,0.0,294.27696666666657,0.0,0.0,810.6304666666667,814.9133333333333,822.75545,815.6447499999999,812.5466666666666,838.3152833333334,766.75715,1447.96,1436.7219,627.3169333333334,1442.9483333333333,1441.6338333333333,621.9866333333334,1461.871666666667,626.7773333333333,948.88985,1454.6383333333333,609.0389,615.3726,623.9600000000002,65889.0882771605,41220.88424950556
2025-10-07,1456.6951833333333,1433.1251000000002,1331.9303711934144,600.7013166666667,606.51065,592.1466666666668,597.35335,598.2117999999999,589.9616666666666,601.2531333333333,602.5450166666667,597.5116666666668,603.4707500000001,610.8321333333333,610.2233333333334,598.5124,600.0934,615.3666666666667,613.5052,604.6191,615.455,612.6985999999999,608.0377333333333,613.0933333333334,620.34445,624.6689166666667,619.5316666666666,616.8661666666666,620.5922833333333,620.6783333333334,612.7374500000001,619.5076833333334,632.7266666666667,1430.5285666666668,672.1273666666667,0.0,0.0,0.0,0.0,0.0,0.0,0.0,0.0,426.378,385.05250000000007,285.4682666666667,0.0,0.0,0.0,0.0,0.0,0.0,0.0,0.0,0.0,0.0,0.0,0.0,0.0,0.0,0.0,0.0,0.0,0.0,0.0,182.7313333333308,579.4725333333333,554.0457999999999,561.2370833333333,555.0414666666668,498.52381666666685,445.46041666666684,453.5607833333334,453.3363500000001,467.57958333333323,492.22601666666674,0.0,0.0,0.0,0.0,0.0,0.0,0.0,0.0,0.0,0.0,0.0,0.0,0.0,143.57416666666663,422.24235967078226,248.63794999999996,309.73249999999996,350.7772833333334,373.47685,461.27125,524.7221833333334,591.4094333333334,641.2079166666665,679.3317000000001,747.9132500000001,809.1725,872.5997666666665,913.3366166666667,962.8279166666666,1039.7542166666667,952.0240166666665,775.7516666666668,764.32985,813.8331166666667,824.075,820.9600666666666,810.3647,0.0,0.0,0.0,0.0,0.0,0.0,0.0,0.0,294.27696666666657,0.0,0.0,810.6304666666667,814.1316666666667,822.6224166666666,815.6447499999999,812.5466666666666,834.3891666666666,766.75715,1447.9316666666668,1435.1815500000002,615.0310833333333,1442.9483333333333,1441.6338333333333,621.9866333333334,1458.9216666666666,620.2519166666666,948.88985,1454.6383333333333,609.0389,611.99295,609.855,66086.90431419753,41320.424065555184
2025-10-08,1456.6951833333333,1433.1251000000002,1077.1370300411556,600.7013166666667,606.51065,592.1466666666668,597.35335,600.2506166666667,593.3866666666668,601.2531333333333,602.5450166666667,594.05,603.4707500000001,610.8321333333333,605.5883333333334,599.8278333333333,604.8680333333334,615.3666666666667,613.5052,604.6191,615.455,612.6985999999999,608.0377333333333,613.0933333333334,617.1200166666666,622.0894499999999,619.5316666666666,616.8661666666666,617.37775,620.6783333333334,612.7374500000001,621.12735,626.8,1430.5285666666668,672.1273666666667,0.0,0.0,0.0,0.0,0.0,0.0,0.0,55.276083333334725,450.0687333333333,385.32708333333346,298.3468833333333,0.0,0.0,0.0,0.0,0.0,0.0,0.0,0.0,0.0,0.0,0.0,0.0,0.0,0.0,0.0,0.0,0.0,0.0,0.0,182.7313333333308,579.4725333333333,554.0457999999999,561.2370833333333,555.0414666666668,498.52381666666685,445.46041666666684,453.5607833333334,453.3363500000001,467.57958333333323,492.22601666666674,0.0,0.0,0.0,0.0,0.0,0.0,0.0,0.0,0.0,0.0,0.0,0.0,0.0,143.57416666666663,419.2099316872443,248.63794999999996,313.94624999999996,349.3344,374.0030666666667,462.77583333333325,524.7221833333334,591.4094333333334,641.2079166666665,679.3317000000001,747.9132500000001,809.1725,872.5997666666665,913.3366166666667,962.8279166666666,1039.7542166666667,952.0240166666665,765.6783333333333,763.5538666666667,809.0069833333333,822.8616666666666,820.9600666666666,810.3647,0.0,0.0,0.0,0.0,0.0,0.0,0.0,0.0,247.16888333333247,0.0,0.0,810.6304666666667,814.1316666666667,822.6224166666666,815.6447499999999,812.5466666666666,834.3891666666666,766.75715,1442.885,1433.06255,615.0310833333333,1442.9483333333333,1441.1283,617.3649666666666,1457.7166666666667,614.1458666666666,948.88985,1454.6383333333333,609.0389,606.9488833333332,607.4149999999998,65825.0471617284,41186.19540283482
2025-10-09,1456.6951833333333,1433.1251000000002,1164.4731102880664,598.5089166666668,605.84375,592.1466666666668,588.9846333333334,598.2117999999999,589.9616666666666,600.2704,601.8616166666667,594.05,603.4707500000001,609.5007,605.5883333333334,601.0641333333333,610.94245,616.8333333333334,613.5052,608.7756499999999,617.4466666666666,612.6985999999999,608.0377333333333,613.4816666666667,617.1200166666666,622.0894499999999,619.5316666666666,616.8661666666666,617.37775,620.6933333333333,612.7374500000001,621.12735,626.8,1430.5285666666668,670.0419166666667,0.0,0.0,0.0,0.0,0.0,0.0,0.0,79.84526666666738,456.18710000000004,386.72625,308.17096666666663,0.0,0.0,0.0,0.0,0.0,0.0,0.0,0.0,0.0,0.0,0.0,0.0,0.0,0.0,0.0,0.0,0.0,0.0,0.0,0.0,579.4725333333333,519.0583666666689,561.2370833333333,555.0414666666668,504.91328333333337,474.7866666666668,460.8223,459.3013833333335,467.57958333333323,487.23166666666674,0.0,0.0,0.0,0.0,0.0,0.0,0.0,0.0,0.0,0.0,0.0,0.0,0.0,135.8129166666666,388.45054897119445,248.63794999999996,313.94624999999996,349.3344,374.0030666666667,462.77583333333325,524.7221833333334,591.4094333333334,641.2079166666665,679.3317000000001,747.9132500000001,809.1725,872.5997666666665,913.3366166666667,962.8279166666666,1039.7542166666667,952.0240166666665,765.6783333333333,763.5538666666667,809.0069833333333,822.8616666666666,820.9600666666666,808.6481333333334,0.0,0.0,0.0,0.0,0.0,0.0,0.0,0.0,229.9492000000006,0.0,0.0,810.6304666666667,805.3683333333333,822.6224166666666,815.6447499999999,808.6766666666667,834.0772166666667,761.4535500000001,1442.885,1426.3389166666666,609.7264833333334,1442.9483333333333,1441.1283,617.3649666666666,1452.6566666666668,605.6095499999999,948.88985,1454.6383333333333,609.0389,606.9488833333332,603.9466666666666,65669.27862592593,41084.42021497797
2025-10-10,1451.3254166666666,1433.1251000000002,1174.0731923868289,598.5089166666668,605.84375,592.1466666666668,586.8067,594.8606666666667,589.9616666666666,600.2704,601.8616166666667,592.8316666666666,604.4209333333333,615.2510166666667,604.0916666666667,599.8278333333333,610.94245,616.8333333333334,613.5052,608.7756499999999,617.4466666666666,612.6985999999999,608.0377333333333,613.4816666666667,617.1200166666666,620.35405,619.5316666666666,616.8661666666666,617.37775,621.175,612.4518833333333,619.5076833333334,626.8,1430.5285666666668,667.3087833333334,0.0,0.0,0.0,0.0,0.0,0.0,0.0,171.96058333333394,465.4264666666666,393.3133333333333,312.90568333333334,0.0,0.0,0.0,0.0,0.0,0.0,0.0,0.0,0.0,0.0,0.0,0.0,0.0,0.0,0.0,0.0,0.0,0.0,0.0,0.0,579.4725333333333,519.0583666666689,561.2370833333333,555.0414666666668,504.91328333333337,474.7866666666668,460.8223,459.3013833333335,467.57958333333323,487.23166666666674,0.0,0.0,0.0,0.0,0.0,0.0,0.0,0.0,0.0,0.0,0.0,0.0,0.0,135.8129166666666,388.45054897119445,248.63794999999996,313.94624999999996,349.3344,385.0246666666666,462.77583333333325,524.7221833333334,591.4094333333334,641.2079166666665,680.0544166666666,747.9132500000001,809.1725,872.5997666666665,913.7447333333334,963.1345833333332,1039.7542166666667,952.0240166666665,765.6783333333333,760.1003000000001,804.1794333333333,801.8683333333333,820.9600666666666,808.6481333333334,0.0,0.0,0.0,0.0,0.0,0.0,0.0,0.0,194.5497666666663,0.0,0.0,809.9327166666667,805.3683333333333,820.2095333333333,804.5951833333334,800.075,834.0772166666667,761.4535500000001,1442.885,1425.2907833333334,605.1032833333334,1442.9483333333333,1440.2532,617.3649666666666,1452.6566666666668,605.6095499999999,948.34735,1454.6383333333333,609.0389,606.9488833333332,603.9466666666666,65695.44787469135,41073.668747257594
2025-10-11,617.9920833333333,599.7917666666667,589.0566666666667,598.5089166666668,605.84375,592.1466666666668,586.8067,594.8606666666667,589.9616666666666,600.2704,601.8616166666667,592.8316666666666,604.4209333333333,615.2510166666667,604.0916666666667,599.8278333333333,610.94245,616.8333333333334,613.5052,608.7756499999999,617.4466666666666,612.6985999999999,608.0377333333333,613.4816666666667,617.1200166666666,620.35405,619.5316666666666,616.8661666666666,617.37775,621.175,612.4518833333333,619.5076833333334,626.8,597.1952333333334,667.3087833333334,0.0,0.0,0.0,0.0,0.0,0.0,0.0,171.96058333333394,465.4264666666666,393.3133333333333,312.90568333333334,0.0,0.0,0.0,0.0,0.0,0.0,0.0,0.0,0.0,0.0,0.0,0.0,0.0,0.0,0.0,0.0,0.0,0.0,0.0,0.0,579.4725333333333,519.0583666666689,561.2370833333333,555.0414666666668,504.91328333333337,474.7866666666668,460.8223,459.3013833333335,467.57958333333323,487.23166666666674,0.0,0.0,0.0,0.0,0.0,0.0,0.0,0.0,0.0,0.0,0.0,0.0,0.0,135.8129166666666,388.45054897119445,248.63794999999996,313.94624999999996,349.3344,385.0246666666666,462.77583333333325,524.7221833333334,591.4094333333334,641.2079166666665,680.0544166666666,747.9132500000001,809.1725,872.5997666666665,913.7447333333334,963.1345833333332,1039.7542166666667,952.0240166666665,765.6783333333333,760.1003000000001,804.1794333333333,801.8683333333333,820.9600666666666,808.6481333333334,0.0,0.0,0.0,0.0,0.0,0.0,0.0,0.0,194.5497666666663,0.0,0.0,809.9327166666667,805.3683333333333,820.2095333333333,804.5951833333334,800.075,834.0772166666667,761.4535500000001,1442.885,1425.2907833333334,605.1032833333334,1442.9483333333333,1440.2532,617.3649666666666,1452.6566666666668,605.6095499999999,615.0140166666666,1454.6383333333333,942.3722333333333,606.9488833333332,603.9466666666666,62610.43134897119,39806.75852576099
2025-10-12,617.9920833333333,599.7917666666667,589.0566666666667,598.5089166666668,605.84375,592.1466666666668,586.8067,594.8606666666667,589.9616666666666,600.2704,601.8616166666667,592.8316666666666,604.4209333333333,615.2510166666667,604.0916666666667,599.8278333333333,610.94245,616.8333333333334,613.5052,608.7756499999999,617.4466666666666,612.6985999999999,608.0377333333333,613.4816666666667,617.1200166666666,620.35405,619.5316666666666,616.8661666666666,617.37775,621.175,612.4518833333333,619.5076833333334,626.8,597.1952333333334,667.3087833333334,0.0,0.0,0.0,0.0,0.0,0.0,0.0,171.96058333333394,465.4264666666666,393.3133333333333,312.90568333333334,0.0,0.0,0.0,0.0,0.0,0.0,0.0,0.0,0.0,0.0,0.0,0.0,0.0,0.0,0.0,0.0,0.0,0.0,0.0,0.0,579.4725333333333,519.0583666666689,561.2370833333333,555.0414666666668,504.91328333333337,474.7866666666668,460.8223,459.3013833333335,467.57958333333323,487.23166666666674,0.0,0.0,0.0,0.0,0.0,0.0,0.0,0.0,0.0,0.0,0.0,0.0,0.0,135.8129166666666,388.45054897119445,248.63794999999996,313.94624999999996,349.3344,385.0246666666666,462.77583333333325,524.7221833333334,591.4094333333334,641.2079166666665,680.0544166666666,747.9132500000001,809.1725,872.5997666666665,913.7447333333334,963.1345833333332,1039.7542166666667,952.0240166666665,765.6783333333333,760.1003000000001,804.1794333333333,801.8683333333333,820.9600666666666,808.6481333333334,0.0,0.0,0.0,0.0,0.0,0.0,0.0,0.0,194.5497666666663,0.0,0.0,809.9327166666667,805.3683333333333,820.2095333333333,804.5951833333334,800.075,834.0772166666667,761.4535500000001,1442.885,1425.2907833333334,605.1032833333334,1442.9483333333333,1440.2532,617.3649666666666,1452.6566666666668,605.6095499999999,615.0140166666666,1454.6383333333333,942.3722333333333,606.9488833333332,603.9466666666666,62610.43134897119,39806.75852576099
2025-10-13,1445.2979,1425.2554666666667,1422.39,598.5089166666668,725.6929438271602,592.1466666666668,586.8067,594.8606666666667,589.9616666666666,600.2704,601.8616166666667,594.05,604.4209333333333,615.2510166666667,604.0916666666667,601.0641333333333,610.94245,616.8333333333334,613.5052,608.7756499999999,617.4466666666666,612.6985999999999,608.1889666666667,613.4816666666667,605.9758666666665,618.5182166666666,619.5316666666666,616.2582500000001,616.3478333333334,621.175,612.7374500000001,621.12735,624.6166666666667,1430.5285666666668,667.3087833333334,0.0,0.0,0.0,0.0,0.0,0.0,0.0,233.87573333333455,467.1188499999999,393.3133333333333,319.7566833333333,0.0,0.0,0.0,0.0,0.0,0.0,0.0,0.0,0.0,0.0,0.0,0.0,0.0,0.0,0.0,0.0,0.0,0.0,0.0,0.0,590.5099,472.97579999999994,561.2370833333333,555.0414666666668,513.5823333333335,460.1837500000001,453.5607833333334,453.3363500000001,455.56458333333336,477.28344999999996,0.0,0.0,0.0,0.0,0.0,0.0,0.0,0.0,0.0,0.0,0.0,0.0,0.0,135.8129166666666,388.45054897119445,248.63794999999996,313.94624999999996,349.3344,385.0246666666666,462.77583333333325,525.3307666666667,591.4094333333334,641.2079166666665,680.0544166666666,747.9260333333333,811.85625,877.0869833333334,920.4736666666668,964.8137499999999,1039.8855333333333,952.0240166666665,765.6783333333333,749.2313833333333,790.4517833333333,801.09,791.9465166666668,808.6481333333334,0.0,0.0,0.0,0.0,0.0,0.0,0.0,0.0,186.6170833333333,0.0,0.0,808.5144333333333,801.0683333333333,820.2095333333333,804.5951833333334,800.075,829.8691333333334,761.4535500000001,1438.0833333333335,1421.8883999999998,591.3099,1431.81,1440.2532,617.3649666666666,1452.355,604.4078166666666,608.7535,1445.775,942.0609166666666,606.9488833333332,601.0066666666667,65922.78629279835,41144.5612098579
2025-10-14,1437.2525666666668,1425.2554666666667,1422.39,598.5089166666668,758.4854650205771,590.3933333333333,586.8067,594.8606666666667,589.9616666666666,590.1457666666666,597.8509166666666,594.05,604.56305,615.2510166666667,604.0916666666667,601.0641333333333,610.94245,616.8333333333334,613.5052,608.7756499999999,617.4466666666666,609.4200500000001,608.1889666666667,613.4816666666667,605.9758666666665,618.5182166666666,619.5316666666666,616.8661666666666,617.37775,622.4883333333332,616.01275,621.12735,624.6166666666667,1430.3758833333334,667.3087833333334,0.0,0.0,0.0,0.0,0.0,0.0,0.0,251.09773333333527,470.4465666666667,393.3133333333333,319.7566833333333,0.0,0.0,0.0,0.0,0.0,0.0,0.0,0.0,0.0,0.0,0.0,0.0,0.0,0.0,0.0,0.0,0.0,0.0,0.0,0.0,590.5099,472.97579999999994,561.2370833333333,555.0414666666668,513.5823333333335,460.1837500000001,453.5607833333334,453.3363500000001,455.56458333333336,477.28344999999996,0.0,0.0,0.0,0.0,0.0,0.0,0.0,0.0,0.0,0.0,0.0,0.0,0.0,122.79833333333333,379.13100534979395,246.54499999999993,313.94624999999996,349.3344,385.0246666666666,463.2695833333333,535.40775,591.4094333333334,641.2079166666665,700.5249500000001,747.9561333333332,814.0537500000002,878.3253666666666,922.5133,966.9133333333333,1039.8855333333333,949.5146333333334,756.5450000000001,747.9256666666666,790.4517833333333,801.09,791.9465166666668,808.6481333333334,0.0,0.0,0.0,0.0,0.0,0.0,0.0,0.0,165.81458333333399,0.0,0.0,808.5144333333333,798.3233333333333,820.2095333333333,804.5951833333334,800.075,829.8691333333334,761.4535500000001,1438.0833333333335,1421.8883999999998,589.1425999999999,1416.8466666666668,1430.0331833333332,613.9806833333333,1452.355,604.4078166666666,597.4531666666667,1443.6583333333333,942.0609166666666,606.9488833333332,598.2383333333332,65885.93507037037,41118.475164251155
2025-10-15,1432.1516666666666,1423.1997166666667,1421.8566666666666,598.5089166666668,778.5363401234563,590.3933333333333,597.35335,594.8606666666667,589.9616666666666,594.3364833333333,595.1714666666667,592.8316666666666,611.5105333333333,620.8425333333332,602.0783333333333,599.8278333333333,604.8680333333334,616.8333333333334,608.2093,608.7756499999999,617.4466666666666,609.4200500000001,608.0377333333333,613.4816666666667,605.8254666666667,617.3939333333333,619.1133333333332,616.8661666666666,617.37775,623.38,616.01275,621.12735,626.8,1430.5285666666668,667.3087833333334,0.0,0.0,0.0,0.0,0.0,0.0,0.0,394.18648333333323,475.00056666666666,397.60916666666657,322.0754666666668,0.0,0.0,0.0,0.0,0.0,0.0,0.0,0.0,0.0,0.0,0.0,0.0,0.0,0.0,0.0,0.0,0.0,0.0,0.0,0.0,590.5099,499.6912833333336,529.9795833333333,537.3927833333335,504.91328333333337,445.46041666666684,453.5607833333334,453.3363500000001,454.3475,464.0652666666667,0.0,0.0,0.0,0.0,0.0,0.0,0.0,0.0,0.0,0.0,0.0,0.0,0.0,115.41958333333332,316.00333045267587,246.54499999999993,313.94624999999996,349.3344,393.5421999999999,485.6362500000001,538.1784333333333,599.46175,641.6087499999999,716.3475333333333,750.4897833333332,821.3654166666664,879.3826833333333,922.5133,966.9133333333333,1039.8855333333333,949.5146333333334,752.645,743.5941166666667,790.4517833333333,800.4200000000001,781.3599166666667,766.83865,0.0,0.0,0.0,0.0,0.0,0.0,0.0,0.0,104.37825000000134,0.0,0.0,806.6253499999999,782.685,818.0624666666665,804.5951833333334,800.075,829.8691333333334,759.5119833333333,1437.685,1416.5829,584.1847166666666,1411.21,1414.1325666666667,610.8176833333333,1431.3166666666666,602.6010666666666,593.3914666666667,1440.5383333333334,942.0609166666666,588.4149,593.7983333333334,65768.2910872428,41019.44816134549
2025-10-16,1424.8103166666667,1421.8416333333334,1419.5566666666668,598.5089166666668,1103.5560232510315,589.77,586.9015666666667,590.0273500000001,589.2100000000002,594.3364833333333,595.1714666666667,594.05,611.5105333333333,620.8425333333332,605.5883333333334,601.0641333333333,610.94245,618.13,613.5052,608.7756499999999,615.455,609.4200500000001,608.0377333333333,613.4816666666667,605.9758666666665,618.5182166666666,619.1133333333332,618.8752333333334,628.19845,623.38,616.01275,621.12735,624.6166666666667,1430.5285666666668,667.1066,0.0,0.0,0.0,0.0,0.0,0.0,0.0,504.4228999999997,477.36621666666673,398.575,322.94629999999995,0.0,0.0,0.0,0.0,0.0,0.0,0.0,0.0,0.0,0.0,0.0,0.0,0.0,0.0,0.0,0.0,0.0,0.0,0.0,45.90815000000089,595.3916166666668,554.0457999999999,528.1212500000001,532.0299,513.5823333333335,460.1837500000001,453.5607833333334,459.3013833333335,455.56458333333336,477.28344999999996,0.0,0.0,0.0,0.0,0.0,0.0,0.0,0.0,0.0,0.0,0.0,0.0,0.0,122.79833333333333,412.5457547325105,246.54499999999993,313.94624999999996,349.3344,393.5421999999999,485.6362500000001,538.1784333333333,599.46175,661.5412499999999,716.3475333333333,756.47855,823.5116666666667,881.20055,924.1649666666667,967.0850000000002,1041.9011,949.5146333333334,752.645,742.5893500000001,785.4511666666668,800.4200000000001,780.6751500000001,764.7762166666666,0.0,0.0,0.0,0.0,0.0,0.0,0.0,0.0,67.93056666666655,0.0,0.0,806.6253499999999,782.685,811.6645333333332,802.6469,784.4533333333334,816.85685,758.1956333333333,1431.585,1392.6211333333333,582.6785666666667,1411.21,1412.0668,590.9339833333335,1424.3416666666667,602.6010666666666,593.3914666666667,1434.155,934.7408833333334,579.0481500000001,587.1633333333334,66314.11587798354,41285.40327242231
2025-10-17,1422.4213333333332,1421.8416333333334,1419.5566666666668,793.2721333333307,1434.7821,590.3933333333333,597.35335,594.8606666666667,592.7883333333334,594.3364833333333,595.1714666666667,594.05,611.5105333333333,620.8425333333332,606.48,601.47005,605.8985166666666,618.13,613.5052,608.7756499999999,611.5183333333333,608.3888166666667,608.1889666666667,613.0933333333334,605.9758666666665,618.5182166666666,619.5316666666666,618.8752333333334,628.19845,623.38,619.9093666666666,621.12735,617.6016666666667,1430.5285666666668,667.3087833333334,0.0,0.0,0.0,0.0,0.0,0.0,81.54938333333416,545.5896333333334,483.9020166666668,399.6345833333333,352.4489166666666,0.0,0.0,0.0,0.0,0.0,0.0,0.0,0.0,0.0,0.0,0.0,0.0,0.0,0.0,0.0,0.0,0.0,0.0,0.0,147.14688333333288,595.3916166666668,554.0457999999999,528.1212500000001,532.0299,513.5823333333335,460.1837500000001,453.5607833333334,459.3013833333335,463.99208333333337,487.23166666666674,0.0,0.0,0.0,0.0,0.0,0.0,0.0,0.0,0.0,0.0,0.0,0.0,0.0,135.8129166666666,454.0773934156359,248.846,317.7950000000001,350.7772833333334,400.3360166666667,493.5824999999999,546.2020666666666,600.1584666666665,663.8629166666667,718.3843666666667,764.8226833333333,825.1833333333333,881.9500666666667,925.7959833333334,973.9841666666666,1041.9011,949.5146333333334,752.645,736.5195999999999,781.7833166666666,799.7600000000001,780.6751500000001,761.3834000000005,0.0,0.0,0.0,0.0,0.0,0.0,0.0,0.0,0.0,0.0,0.0,801.6618,781.9216666666666,807.6603833333334,802.6469,770.9366666666666,807.4129833333333,722.6610666666668,1431.585,1391.8316333333332,582.1579666666668,1408.9716666666668,1412.0668,590.9339833333335,1418.145,585.5010666666666,577.6800000000001,1434.155,930.9438333333333,579.0481500000001,587.1633333333334,67038.13484341564,41593.66394352265
2025-10-18,589.088,588.5083,586.2233333333334,598.5089166666668,601.4487666666666,590.3933333333333,597.35335,594.8606666666667,592.7883333333334,594.3364833333333,595.1714666666667,594.05,611.5105333333333,620.8425333333332,606.48,601.47005,605.8985166666666,618.13,613.5052,608.7756499999999,611.5183333333333,608.3888166666667,608.1889666666667,613.0933333333334,605.9758666666665,618.5182166666666,619.5316666666666,618.8752333333334,628.19845,623.38,619.9093666666666,621.12735,617.6016666666667,597.1952333333334,667.3087833333334,0.0,0.0,0.0,0.0,0.0,0.0,81.54938333333416,545.5896333333334,483.9020166666668,399.6345833333333,352.4489166666666,0.0,0.0,0.0,0.0,0.0,0.0,0.0,0.0,0.0,0.0,0.0,0.0,0.0,0.0,0.0,0.0,0.0,0.0,0.0,147.14688333333288,595.3916166666668,554.0457999999999,528.1212500000001,532.0299,513.5823333333335,460.1837500000001,453.5607833333334,459.3013833333335,463.99208333333337,487.23166666666674,0.0,0.0,0.0,0.0,0.0,0.0,0.0,0.0,0.0,0.0,0.0,0.0,0.0,135.8129166666666,454.0773934156359,248.846,317.7950000000001,350.7772833333334,400.3360166666667,493.5824999999999,546.2020666666666,600.1584666666665,663.8629166666667,718.3843666666667,764.8226833333333,825.1833333333333,881.9500666666667,925.7959833333334,973.9841666666666,1041.9011,949.5146333333334,752.645,736.5195999999999,781.7833166666666,799.7600000000001,780.6751500000001,761.3834000000005,0.0,0.0,0.0,0.0,0.0,0.0,0.0,0.0,0.0,0.0,0.0,801.6618,781.9216666666666,807.6603833333334,802.6469,770.9366666666666,807.4129833333333,722.6610666666668,1431.585,1391.8316333333332,582.1579666666668,1408.9716666666668,1412.0668,590.9339833333335,1418.145,585.5010666666666,577.6800000000001,1434.155,930.9438333333333,579.0481500000001,587.1633333333334,62676.7049600823,39781.62776402932
2025-10-19,589.088,588.5083,586.2233333333334,598.5089166666668,601.4487666666666,590.3933333333333,597.35335,594.8606666666667,592.7883333333334,594.3364833333333,595.1714666666667,594.05,611.5105333333333,620.8425333333332,606.48,601.47005,605.8985166666666,618.13,613.5052,608.7756499999999,611.5183333333333,608.3888166666667,608.1889666666667,613.0933333333334,605.9758666666665,618.5182166666666,619.5316666666666,618.8752333333334,628.19845,623.38,619.9093666666666,621.12735,617.6016666666667,597.1952333333334,667.3087833333334,0.0,0.0,0.0,0.0,0.0,0.0,81.54938333333416,545.5896333333334,483.9020166666668,399.6345833333333,352.4489166666666,0.0,0.0,0.0,0.0,0.0,0.0,0.0,0.0,0.0,0.0,0.0,0.0,0.0,0.0,0.0,0.0,0.0,0.0,0.0,147.14688333333288,595.3916166666668,554.0457999999999,528.1212500000001,532.0299,513.5823333333335,460.1837500000001,453.5607833333334,459.3013833333335,463.99208333333337,487.23166666666674,0.0,0.0,0.0,0.0,0.0,0.0,0.0,0.0,0.0,0.0,0.0,0.0,0.0,135.8129166666666,454.0773934156359,248.846,317.7950000000001,350.7772833333334,400.3360166666667,493.5824999999999,546.2020666666666,600.1584666666665,663.8629166666667,718.3843666666667,764.8226833333333,825.1833333333333,881.9500666666667,925.7959833333334,973.9841666666666,1041.9011,949.5146333333334,752.645,736.5195999999999,781.7833166666666,799.7600000000001,780.6751500000001,761.3834000000005,0.0,0.0,0.0,0.0,0.0,0.0,0.0,0.0,0.0,0.0,0.0,801.6618,781.9216666666666,807.6603833333334,802.6469,770.9366666666666,807.4129833333333,722.6610666666668,1431.585,1391.8316333333332,582.1579666666668,1408.9716666666668,1412.0668,590.9339833333335,1418.145,585.5010666666666,911.0133333333333,1434.155,597.6105,579.0481500000001,579.62,62669.16162674897,39778.40223469599
2025-10-20,1422.4213333333332,1421.8416333333334,1421.8566666666666,1205.8177487654302,1431.7092666666667,590.3933333333333,598.1010666666666,599.6518666666667,592.7883333333334,590.1457666666666,590.568,594.05,611.5105333333333,620.8425333333332,606.48,602.9040833333333,605.8985166666666,618.13,608.9405333333333,605.5526833333333,611.5183333333333,608.3888166666667,610.1597666666665,613.4816666666667,605.9758666666665,618.5182166666666,619.5316666666666,616.8661666666666,628.19845,624.755,622.1425166666667,621.12735,616.6316666666667,1428.0693166666667,667.3087833333334,0.0,0.0,0.0,0.0,0.0,0.0,167.16073333333247,559.7340333333334,501.82646666666665,430.3341666666666,357.04816666666665,0.0,0.0,0.0,0.0,0.0,0.0,0.0,0.0,0.0,0.0,0.0,0.0,0.0,0.0,0.0,0.0,0.0,0.0,0.0,202.56543333333317,595.3916166666668,545.0864833333333,522.3620833333334,530.5345666666667,504.91328333333337,445.46041666666684,453.5607833333334,459.3013833333335,467.57958333333323,489.47968333333336,0.0,0.0,0.0,0.0,0.0,0.0,0.0,0.0,0.0,0.0,0.0,0.0,0.0,158.99374999999995,587.7615788065845,257.31963333333334,322.5620833333334,350.8471500000001,410.27641666666676,501.8304166666667,552.0313666666666,601.9984166666668,666.4058333333334,720.2935999999999,768.0300166666668,826.4662500000001,881.9500666666667,932.3183666666666,977.2279166666667,1048.70105,949.5146333333334,744.985,724.0686666666667,758.5761500000001,799.7600000000001,758.6149333333332,696.3986999999985,0.0,0.0,0.0,0.0,0.0,0.0,0.0,0.0,0.0,0.0,0.0,783.8133333333334,774.8799999999999,805.5286666666666,790.2350166666668,761.2583333333333,804.80665,712.6438333333334,1427.0916666666667,1386.7749,577.1531166666667,1406.395,1405.5328,579.9625333333333,1417.4583333333335,585.5010666666666,911.0133333333333,1434.155,597.6105,579.0481500000001,586.045,67608.45559423868,41817.862579589935
2025-10-21,1422.4213333333332,1421.4015166666668,1421.8566666666666,1262.9220409465026,1420.7493833333333,590.3933333333333,598.4944166666667,599.6518666666667,592.7883333333334,588.6660166666666,587.8557999999999,592.8316666666666,611.5105333333333,620.8425333333332,606.48,605.4878833333333,605.8985166666666,618.13,608.9405333333333,605.5526833333333,611.125,608.3510833333333,610.1597666666665,613.4816666666667,605.8254666666667,617.3939333333333,619.5316666666666,616.8661666666666,628.19845,624.755,622.1425166666667,619.81185,608.6966666666666,1428.0693166666667,672.3357666666667,0.0,0.0,0.0,0.0,0.0,0.0,280.51560000000103,561.2347333333332,502.4797499999999,435.05333333333334,358.86535,0.0,0.0,0.0,0.0,0.0,0.0,0.0,0.0,0.0,0.0,0.0,0.0,0.0,0.0,0.0,0.0,0.0,0.0,0.0,462.7734666666652,613.8935666666666,554.0457999999999,522.3620833333334,530.5345666666667,504.91328333333337,460.1837500000001,458.2651000000001,454.1837833333333,463.99208333333337,489.47968333333336,0.0,0.0,0.0,0.0,0.0,0.0,0.0,0.0,0.0,0.0,0.0,0.0,0.0,186.39541666666673,600.7949668724286,273.8910333333333,327.5354166666666,350.8471500000001,430.7457166666666,501.8304166666667,571.6290166666666,613.0840333333333,666.4058333333334,721.6196333333334,779.4393166666667,828.1350000000001,884.7325666666668,934.4321333333332,981.6066666666666,1048.70105,945.7876500000001,743.0516666666667,715.9534500000002,755.2405,734.1716666666666,733.5046666666666,598.3100833333328,0.0,0.0,0.0,0.0,0.0,0.0,0.0,0.0,0.0,0.0,0.0,777.4709833333333,768.2083333333334,788.16345,780.3544,756.8983333333333,769.1650833333333,712.5415666666667,1406.6883333333335,1386.6546166666667,577.1531166666667,1406.395,1405.5328,567.7176666666667,1406.63,573.57885,910.5209499999999,1426.5983333333334,595.4494333333333,579.2833333333333,587.1633333333334,67852.4082744856,41824.13510138482
2025-10-22,1422.4213333333332,1421.4015166666668,1421.8566666666666,1411.212633333333,1420.2605666666668,590.3933333333333,598.4944166666667,599.6518666666667,592.7883333333334,588.6660166666666,587.8557999999999,592.8316666666666,611.5105333333333,620.8425333333332,606.48,605.4878833333333,605.8985166666666,618.13,608.9405333333333,605.5526833333333,611.125,608.3510833333333,611.2017666666667,613.0933333333334,605.8254666666667,617.3939333333333,619.5316666666666,618.8752333333334,634.4881499999999,624.755,619.9093666666666,626.9725666666667,616.6316666666667,1430.5285666666668,677.5463,0.0,0.0,0.0,0.0,0.0,0.0,394.80898333333283,562.5451999999999,508.18875,439.6837500000001,373.7267000000001,0.0,0.0,0.0,0.0,0.0,0.0,0.0,0.0,0.0,0.0,0.0,0.0,0.0,0.0,0.0,0.0,0.0,0.0,0.0,613.2310833333333,617.36625,571.1734166666668,528.1212500000001,530.5345666666667,513.5823333333335,474.10375000000016,460.8223,459.3564833333332,467.57958333333323,492.22601666666674,0.0,0.0,0.0,0.0,0.0,0.0,0.0,0.0,0.0,0.0,0.0,0.0,0.0,186.39541666666673,625.3275800411523,273.8910333333333,335.6808333333333,379.5490166666668,448.10021666666665,507.14416666666665,568.0427666666667,613.0840333333333,666.4058333333334,729.4660000000001,786.27385,828.6666666666666,888.93405,934.4321333333332,990.1429166666666,1048.70105,940.4700166666667,741.4033333333333,713.2778999999999,749.7053833333333,728.8,732.04915,341.47239999999914,0.0,0.0,0.0,0.0,0.0,0.0,0.0,0.0,0.0,0.0,0.0,754.4793166666666,736.7566666666667,756.7603333333333,765.2572666666667,754.3583333333333,767.3038166666666,706.1785833333332,1391.25,1385.5853166666666,571.2111166666667,1399.7783333333332,1396.7262,567.7176666666667,1406.63,573.57885,911.0133333333333,1426.5983333333334,593.9033666666667,579.2833333333333,587.1633333333334,68062.90559670782,41722.23792190383
2025-10-23,1422.4213333333332,1420.3265333333334,1419.5566666666668,1415.8004333333333,1420.2605666666668,585.1866666666666,598.4944166666667,599.6518666666667,656.7771312757208,588.6660166666666,590.568,592.8316666666666,611.5105333333333,617.8439500000001,602.0783333333333,605.4878833333333,605.8985166666666,618.13,608.2093,604.6191,607.5966666666667,608.3510833333333,611.2017666666667,613.0933333333334,605.8254666666667,616.4963833333334,619.5316666666666,618.8752333333334,634.4881499999999,624.755,619.9093666666666,619.81185,608.6966666666666,1430.5285666666668,680.2623499999999,0.0,0.0,0.0,0.0,0.0,0.0,594.5773333333345,569.02665,533.9032000000001,485.59499999999997,379.35226666666665,0.0,0.0,0.0,0.0,0.0,0.0,0.0,0.0,0.0,0.0,0.0,0.0,0.0,0.0,0.0,0.0,0.0,0.0,0.0,632.965,620.1741666666667,583.2908833333333,528.1212500000001,530.5345666666667,513.5823333333335,474.10375000000016,460.8223,459.3564833333332,467.57958333333323,492.22601666666674,0.0,0.0,0.0,0.0,0.0,0.0,0.0,0.0,0.0,0.0,0.0,0.0,0.0,186.39541666666673,668.7279800411523,293.38969999999983,338.57874999999996,387.65706666666665,452.1707666666667,511.78625000000005,571.6290166666666,616.2761333333333,670.5825000000001,731.2189,802.5917666666666,846.0833333333334,892.7906666666665,934.8708666666666,1007.2604166666666,1049.3363166666666,936.2186,730.0550000000001,713.2778999999999,749.7053833333333,728.8,728.2067999999999,266.936116666668,0.0,0.0,0.0,0.0,0.0,0.0,0.0,0.0,0.0,0.0,0.0,741.6415000000001,731.9166666666666,754.9755166666667,750.7383166666666,752.9116666666667,767.3038166666666,695.33365,1383.4099999999999,1383.0016166666667,570.12985,1399.7783333333332,1391.2766666666666,565.2005666666666,1405.605,573.57885,911.0133333333333,1426.5983333333334,590.0349333333335,579.0481500000001,586.045,68403.04066131687,41932.79082791338
2025-10-24,1422.4213333333332,1420.3265333333334,1416.7,1240.3235018518506,1419.7097333333334,585.1866666666666,598.1010666666666,594.8606666666667,589.2100000000002,590.1457666666666,597.8509166666666,594.05,611.5105333333333,617.8439500000001,602.0783333333333,609.6962666666666,611.8391833333334,617.5850000000002,605.3661833333333,602.9105999999999,607.4916666666667,608.3888166666667,611.9733,613.0933333333334,605.8254666666667,618.1187166666666,622.2516666666668,618.8752333333334,634.4881499999999,624.755,616.01275,619.81185,608.6966666666666,1430.5285666666668,680.2623499999999,0.0,0.0,0.0,0.0,0.0,190.97803333333428,621.7375,582.9025666666665,546.7325166666667,485.59499999999997,379.35226666666665,0.0,0.0,0.0,0.0,0.0,0.0,0.0,0.0,0.0,0.0,0.0,0.0,0.0,0.0,0.0,0.0,0.0,0.0,0.0,632.965,620.1741666666667,583.2908833333333,529.9795833333333,532.0299,513.5823333333335,474.10375000000016,467.12275,459.3564833333332,481.3258333333334,498.9520166666668,1.5864500000004114,0.0,0.0,0.0,0.0,0.0,0.0,0.0,0.0,0.0,0.0,0.0,0.0,186.39541666666673,815.5168650205778,306.188,338.7295833333334,389.6453000000001,453.98616666666663,521.3554166666667,571.6290166666666,626.0247833333335,672.6408333333333,738.8985833333332,802.5917666666666,856.3270833333333,895.3085666666666,938.2203499999998,1007.2604166666666,1049.3363166666666,936.2186,729.0633333333334,713.2778999999999,749.7053833333333,720.9383333333334,726.65425,227.45559999999927,0.0,0.0,0.0,0.0,0.0,0.0,0.0,0.0,0.0,0.0,0.0,738.9116166666666,730.3983333333333,742.4864833333334,749.0878833333334,752.0566666666667,767.1017833333334,692.2177833333334,1383.0983333333334,1382.3022166666667,570.22045,1397.645,1389.3798833333335,560.1359833333333,1404.8883333333333,572.96415,910.5209499999999,1425.445,587.39255,579.0481500000001,586.045,68564.77121687242,42109.27819201803
2025-10-25,589.088,586.9932,583.3666666666667,581.4754166666667,586.3764,585.1866666666666,598.1010666666666,594.8606666666667,589.2100000000002,590.1457666666666,597.8509166666666,594.05,611.5105333333333,617.8439500000001,602.0783333333333,609.6962666666666,611.8391833333334,617.5850000000002,605.3661833333333,602.9105999999999,607.4916666666667,608.3888166666667,611.9733,613.0933333333334,605.8254666666667,618.1187166666666,622.2516666666668,618.8752333333334,634.4881499999999,624.755,616.01275,619.81185,608.6966666666666,597.1952333333334,680.2623499999999,0.0,0.0,0.0,0.0,0.0,190.97803333333428,621.7375,582.9025666666665,546.7325166666667,485.59499999999997,379.35226666666665,0.0,0.0,0.0,0.0,0.0,0.0,0.0,0.0,0.0,0.0,0.0,0.0,0.0,0.0,0.0,0.0,0.0,0.0,0.0,632.965,620.1741666666667,583.2908833333333,529.9795833333333,532.0299,513.5823333333335,474.10375000000016,467.12275,459.3564833333332,481.3258333333334,498.9520166666668,1.5864500000004114,0.0,0.0,0.0,0.0,0.0,0.0,0.0,0.0,0.0,0.0,0.0,0.0,186.39541666666673,815.5168650205778,306.188,338.7295833333334,389.6453000000001,453.98616666666663,521.3554166666667,571.6290166666666,626.0247833333335,672.6408333333333,738.8985833333332,802.5917666666666,856.3270833333333,895.3085666666666,938.2203499999998,1007.2604166666666,1049.3363166666666,936.2186,729.0633333333334,713.2778999999999,749.7053833333333,720.9383333333334,726.65425,227.45559999999927,0.0,0.0,0.0,0.0,0.0,0.0,0.0,0.0,0.0,0.0,0.0,738.9116166666666,730.3983333333333,742.4864833333334,749.0878833333334,752.0566666666667,767.1017833333334,692.2177833333334,1383.0983333333334,1382.3022166666667,570.22045,1397.645,1389.3798833333335,560.1359833333333,1404.8883333333333,572.96415,910.5209499999999,1425.445,587.39255,579.0481500000001,586.045,63739.256465020575,40098.98495669358
2025-10-26,589.088,586.9932,583.3666666666667,581.4754166666667,586.3764,585.1866666666666,598.1010666666666,594.8606666666667,589.2100000000002,590.1457666666666,597.8509166666666,594.05,611.5105333333333,617.8439500000001,602.0783333333333,609.6962666666666,611.8391833333334,617.5850000000002,605.3661833333333,602.9105999999999,607.4916666666667,608.3888166666667,611.9733,613.0933333333334,605.8254666666667,618.1187166666666,622.2516666666668,618.8752333333334,634.4881499999999,624.755,616.01275,619.81185,608.6966666666666,597.1952333333334,680.2623499999999,0.0,0.0,0.0,0.0,0.0,190.97803333333428,621.7375,582.9025666666665,546.7325166666667,485.59499999999997,379.35226666666665,0.0,0.0,0.0,0.0,0.0,0.0,0.0,0.0,0.0,0.0,0.0,0.0,0.0,0.0,0.0,0.0,0.0,0.0,0.0,632.965,620.1741666666667,583.2908833333333,529.9795833333333,532.0299,513.5823333333335,474.10375000000016,467.12275,459.3564833333332,481.3258333333334,498.9520166666668,1.5864500000004114,0.0,0.0,0.0,0.0,0.0,0.0,0.0,0.0,0.0,0.0,0.0,0.0,186.39541666666673,815.5168650205778,306.188,338.7295833333334,389.6453000000001,453.98616666666663,521.3554166666667,571.6290166666666,626.0247833333335,672.6408333333333,738.8985833333332,802.5917666666666,856.3270833333333,895.3085666666666,938.2203499999998,1007.2604166666666,1049.3363166666666,936.2186,729.0633333333334,713.2778999999999,749.7053833333333,720.9383333333334,726.65425,227.45559999999927,0.0,0.0,0.0,0.0,0.0,0.0,0.0,0.0,0.0,0.0,0.0,738.9116166666666,730.3983333333333,742.4864833333334,749.0878833333334,752.0566666666667,767.1017833333334,692.2177833333334,1383.0983333333334,1382.3022166666667,570.22045,1397.645,1389.3798833333335,560.1359833333333,1404.8883333333333,572.96415,910.5209499999999,1425.445,587.39255,579.0481500000001,580.895,63734.10646502058,40096.78281669358
2025-10-27,1422.4213333333332,1410.1634,1416.37,1414.8087500000001,1419.7097333333334,584.6633333333334,598.1010666666666,594.8606666666667,684.265650000001,590.1457666666666,597.8509166666666,592.8316666666666,601.4278833333334,615.2510166666667,606.48,609.7523166666666,611.8391833333334,617.5850000000002,605.3661833333333,602.9105999999999,607.4916666666667,612.2267166666666,611.9733,613.0933333333334,605.8254666666667,618.1187166666666,622.2516666666668,618.8752333333334,634.4881499999999,624.755,616.01275,619.81185,616.6316666666667,1430.5285666666668,680.2623499999999,0.0,0.0,0.0,0.0,0.0,257.6201833333347,626.9783333333334,583.8857,547.9127666666667,492.9333333333334,393.3130333333333,0.0,0.0,0.0,0.0,0.0,0.0,0.0,0.0,0.0,0.0,0.0,0.0,0.0,0.0,0.0,0.0,0.0,0.0,0.0,632.965,624.77295,583.2908833333333,529.9795833333333,533.32455,513.5823333333335,463.9870833333335,470.02311666666674,459.3564833333332,481.6462500000001,498.9520166666668,9.390328806586012,0.0,0.0,0.0,0.0,0.0,0.0,0.0,0.0,0.0,0.0,0.0,0.0,186.39541666666673,865.5359185185205,315.03785,346.9695833333334,416.38366666666667,454.3793833333333,521.3554166666667,572.0279666666667,626.8776666666666,677.1658333333334,749.1348,804.5733,860.2375,905.2993,944.0253166666668,1007.2604166666666,1049.3363166666666,936.2186,729.0633333333334,702.7446500000001,728.9432333333333,720.9383333333334,722.4734666666666,192.30476666666823,0.0,0.0,0.0,0.0,0.0,0.0,0.0,0.0,0.0,0.0,0.0,730.6177,729.7816666666665,741.6505666666667,742.8071333333334,740.4316666666667,760.6008833333333,685.3873499999999,1382.5533333333333,1373.2681333333335,570.12985,1392.8616666666667,1389.3798833333335,560.1359833333333,1400.7533333333333,567.9104166666667,901.8915000000002,1424.0950000000003,586.1938333333333,578.9425666666667,577.925,68905.06433065844,42255.825166681796
2025-10-28,1419.5847666666668,1410.1634,1416.37,1413.9340166666666,1416.5383833333335,584.6633333333334,598.1010666666666,594.8606666666667,804.7978255144037,590.1457666666666,597.8509166666666,594.05,601.4278833333334,615.2510166666667,606.48,609.7523166666666,611.8391833333334,616.8333333333334,605.3661833333333,602.9105999999999,607.4916666666667,612.2267166666666,612.2332166666667,613.0933333333334,605.8254666666667,616.4963833333334,622.2516666666668,618.8752333333334,634.4881499999999,624.755,616.01275,619.81185,608.6966666666666,1435.0484833333335,681.87875,0.0,0.0,0.0,0.0,0.0,326.49361666666744,643.5916666666667,595.4327,560.1740666666666,496.08083333333343,404.05528333333336,0.0,0.0,0.0,0.0,0.0,0.0,0.0,0.0,0.0,0.0,0.0,0.0,0.0,0.0,0.0,0.0,0.0,0.0,0.0,617.5875,620.1741666666667,571.1734166666668,528.1212500000001,533.32455,513.5823333333335,463.9870833333335,470.02311666666674,459.3564833333332,481.6462500000001,498.9520166666668,45.71651213991885,0.0,0.0,0.0,0.0,0.0,0.0,0.0,0.0,0.0,0.0,0.0,0.0,219.65916666666666,979.6958267489717,317.4270833333333,355.6670833333332,419.95369999999997,460.3841666666667,521.4304166666667,579.0199166666666,640.7680833333333,696.4466666666666,749.8841833333332,814.4289000000001,863.7120833333333,905.9745,945.4050833333334,1007.2604166666666,1049.3363166666666,934.3594499999999,727.4083333333333,701.4702666666667,725.7243,719.6083333333333,722.4734666666666,174.1044666666678,0.0,0.0,0.0,0.0,0.0,0.0,0.0,0.0,0.0,0.0,0.0,728.7256833333333,728.645,741.6505666666667,740.9809499999999,739.0116666666667,760.1646833333332,680.6061333333333,1382.5533333333333,1373.2681333333335,568.3922,1390.96,1389.3798833333335,560.1359833333333,1399.5983333333334,567.9104166666667,910.5209499999999,1423.0616666666665,583.3302000000001,574.4526666666666,577.6666666666666,69322.1961644033,42523.219932563174
2025-10-29,1416.9508500000002,1410.1634,1416.37,1412.9866833333335,1413.9487166666668,581.9016666666666,591.4816833333333,594.8606666666667,737.8262409465013,594.3364833333333,597.8509166666666,594.05,601.4278833333334,615.2510166666667,600.5116666666668,610.7087166666666,612.0845166666666,616.8333333333334,605.0971666666667,602.1399333333334,606.5483333333334,608.3888166666667,612.5817833333333,613.0933333333334,604.6496833333333,613.6088,622.2516666666668,616.2582500000001,615.8549666666665,622.515,616.01275,619.81185,617.6016666666667,1435.0484833333335,681.87875,0.0,0.0,0.0,0.0,0.0,392.30341666666715,655.3112500000001,600.5249833333332,561.0185666666669,515.09375,405.3264499999999,0.0,0.0,0.0,0.0,0.0,0.0,0.0,0.0,0.0,0.0,0.0,0.0,0.0,0.0,0.0,0.0,0.0,0.0,0.0,594.1041666666667,620.1741666666667,555.8916333333334,528.1212500000001,533.32455,513.5823333333335,464.11541666666676,470.02311666666674,459.3564833333332,483.5170833333334,509.4232333333333,31.360616666666544,0.0,0.0,0.0,0.0,0.0,0.0,0.0,0.0,0.0,0.0,0.0,0.0,219.65916666666666,923.2461971193377,317.4270833333333,355.6670833333332,419.95369999999997,476.8736166666667,524.4604166666667,582.8447166666667,642.51365,701.48875,756.2900666666668,816.7977500000001,865.7883333333334,920.4234666666666,961.6143166666666,1007.2604166666666,1048.70105,933.8992333333334,726.8466666666667,696.0546833333333,721.8911333333333,718.77,722.3617166666666,134.8443500000002,0.0,0.0,0.0,0.0,0.0,0.0,0.0,0.0,0.0,0.0,0.0,728.7256833333333,726.2883333333333,738.6827833333334,739.5833500000001,738.935,760.1646833333332,677.9615166666666,1380.8333333333335,1371.394,567.2386,1389.496666666667,1389.3798833333335,560.1359833333333,1396.3483333333334,567.7944,898.4233666666667,1411.71,577.2341,573.9776833333333,577.925,69193.36840473251,42476.47209741644
2025-10-30,1416.9508500000002,1410.1634,1411.7433333333333,1412.6613,1413.9487166666668,581.9016666666666,591.4816833333333,594.8606666666667,798.6347495884763,594.3364833333333,597.8509166666666,594.05,601.4278833333334,615.2510166666667,600.5116666666668,611.1693666666666,615.0026333333334,616.8333333333334,605.0971666666667,602.1399333333334,605.83,612.2267166666666,613.7415666666667,612.2833333333333,601.3884666666668,613.6088,622.2516666666668,618.8752333333334,615.8549666666665,622.515,612.7374500000001,626.5149666666667,625.5466666666667,1445.4408166666667,681.87875,0.0,0.0,0.0,0.0,0.0,580.7175166666686,660.1045833333334,604.4609833333332,567.7833333333333,518.1491666666666,407.811,0.0,0.0,0.0,0.0,0.0,0.0,0.0,0.0,0.0,0.0,0.0,0.0,0.0,0.0,0.0,0.0,0.0,0.0,0.0,617.5875,624.77295,571.1734166666668,533.1683333333334,546.7565,521.9402833333334,474.10375000000016,502.13163333333324,490.8608333333334,495.3754166666668,529.0378166666667,198.60490000000073,0.0,0.0,0.0,0.0,0.0,0.0,0.0,0.0,0.0,0.0,0.0,0.0,237.25458333333322,1026.7307853909463,329.88853333333344,392.7608333333332,427.6121166666668,497.0339666666667,543.3470833333333,588.8919999999999,653.3889666666666,708.0179166666666,758.0081666666666,819.5198166666667,870.3587499999999,927.7001,962.6457166666665,1008.5062499999999,1049.3363166666666,934.3594499999999,727.4083333333333,701.4702666666667,725.7243,718.77,722.3617166666666,141.32858333333274,0.0,0.0,0.0,0.0,0.0,0.0,0.0,0.0,0.0,0.0,0.0,729.3069,728.645,738.6827833333334,739.5833500000001,739.0116666666667,760.1646833333332,677.9615166666666,1380.8333333333335,1373.2681333333335,568.3922,1389.496666666667,1389.3798833333335,560.1359833333333,1391.3433333333332,567.7944,898.4233666666667,1411.71,576.8316666666666,567.1168666666667,577.925,70099.68236831276,43074.30833990527
2025-10-31,1416.7838333333334,1410.1634,1411.7433333333333,1412.6613,1416.5383833333335,584.6633333333334,591.4816833333333,594.8606666666667,661.7239388888886,590.1457666666666,597.8509166666666,594.05,598.7370999999999,607.2944166666667,600.4533333333333,611.1693666666666,615.0026333333334,616.8333333333334,605.3661833333333,604.6191,606.5483333333334,612.2267166666666,613.7415666666667,612.2833333333333,604.6496833333333,613.6088,620.1666666666666,616.2582500000001,617.9631333333333,622.515,612.7374500000001,626.5149666666667,625.5466666666667,1445.4408166666667,677.5463,0.0,0.0,0.0,0.0,0.0,621.8149833333343,662.5762500000001,606.37635,576.9845,525.665,414.1049166666666,0.0,0.0,0.0,0.0,0.0,0.0,0.0,0.0,0.0,0.0,0.0,0.0,0.0,0.0,0.0,0.0,0.0,0.0,0.0,617.5875,624.77295,571.1734166666668,535.5633333333335,549.9826166666667,538.0272,477.50333333333344,502.13163333333324,505.6032666666667,503.86916666666673,529.0378166666667,206.02450000000056,0.0,0.0,0.0,0.0,0.0,0.0,0.0,0.0,0.0,0.0,0.0,0.0,267.7129166666667,1040.0035530864188,330.3442166666666,402.88416666666666,429.73886666666664,498.2819,569.5320833333333,626.8618000000001,661.2100166666665,708.1804166666666,765.8142000000001,819.6428666666667,874.5916666666667,946.3956666666667,976.4901333333333,1009.2233333333334,1051.1055333333334,936.2186,728.0016666666668,701.4702666666667,725.7243,719.6083333333333,722.4734666666666,144.47151666666662,0.0,0.0,0.0,0.0,0.0,0.0,0.0,0.0,0.0,0.0,0.0,729.3069,729.7816666666665,738.6827833333334,739.5833500000001,740.4316666666667,760.3241833333334,677.9615166666666,1380.315,1371.394,567.2386,1389.496666666667,1389.3798833333335,560.1359833333333,1391.3433333333332,567.9104166666667,910.5209499999999,1411.71,576.8316666666666,567.1168666666667,577.925,70272.06035864197,43250.70853617759
2025-11-01,583.4505,576.8300666666667,578.41,579.3279666666666,583.20505,584.6633333333334,591.4816833333333,594.8606666666667,590.37,590.1457666666666,597.8509166666666,594.05,598.7370999999999,607.2944166666667,600.4533333333333,611.1693666666666,615.0026333333334,616.8333333333334,605.3661833333333,604.6191,606.5483333333334,612.2267166666666,613.7415666666667,612.2833333333333,604.6496833333333,613.6088,620.1666666666666,616.2582500000001,617.9631333333333,622.515,612.7374500000001,626.5149666666667,625.5466666666667,612.1074833333333,677.5463,0.0,0.0,0.0,0.0,0.0,621.8149833333343,662.5762500000001,606.37635,576.9845,525.665,414.1049166666666,0.0,0.0,0.0,0.0,0.0,0.0,0.0,0.0,0.0,0.0,0.0,0.0,0.0,0.0,0.0,0.0,0.0,0.0,0.0,617.5875,624.77295,571.1734166666668,535.5633333333335,549.9826166666667,538.0272,477.50333333333344,502.13163333333324,505.6032666666667,503.86916666666673,529.0378166666667,206.02450000000056,0.0,0.0,0.0,0.0,0.0,0.0,0.0,0.0,0.0,0.0,0.0,0.0,267.7129166666667,1040.0035530864188,330.3442166666666,402.88416666666666,429.73886666666664,498.2819,569.5320833333333,626.8618000000001,661.2100166666665,708.1804166666666,765.8142000000001,819.6428666666667,874.5916666666667,946.3956666666667,976.4901333333333,1009.2233333333334,1051.1055333333334,936.2186,728.0016666666668,701.4702666666667,725.7243,719.6083333333333,722.4734666666666,144.47151666666662,0.0,0.0,0.0,0.0,0.0,0.0,0.0,0.0,0.0,0.0,0.0,729.3069,729.7816666666665,738.6827833333334,739.5833500000001,740.4316666666667,760.3241833333334,677.9615166666666,1380.315,1371.394,567.2386,1389.496666666667,1389.3798833333335,560.1359833333333,1391.3433333333332,567.9104166666667,910.5209499999999,1411.71,576.8316666666666,567.1168666666667,577.925,65200.706419753085,41135.342852393704
2025-11-02,583.4505,576.8300666666667,578.41,579.3279666666666,583.20505,584.6633333333334,591.4816833333333,594.8606666666667,590.37,590.1457666666666,597.8509166666666,594.05,598.7370999999999,607.2944166666667,600.4533333333333,611.1693666666666,615.0026333333334,616.8333333333334,605.3661833333333,604.6191,606.5483333333334,612.2267166666666,613.7415666666667,612.2833333333333,604.6496833333333,613.6088,620.1666666666666,616.2582500000001,617.9631333333333,622.515,612.7374500000001,626.5149666666667,625.5466666666667,612.1074833333333,677.5463,0.0,0.0,0.0,0.0,0.0,621.8149833333343,662.5762500000001,606.37635,576.9845,525.665,414.1049166666666,0.0,0.0,0.0,0.0,0.0,0.0,0.0,0.0,0.0,0.0,0.0,0.0,0.0,0.0,0.0,0.0,0.0,0.0,0.0,617.5875,624.77295,571.1734166666668,535.5633333333335,549.9826166666667,538.0272,477.50333333333344,502.13163333333324,505.6032666666667,503.86916666666673,529.0378166666667,206.02450000000056,0.0,0.0,0.0,0.0,0.0,0.0,0.0,0.0,0.0,0.0,0.0,0.0,267.7129166666667,1040.0035530864188,330.3442166666666,402.88416666666666,429.73886666666664,498.2819,569.5320833333333,626.8618000000001,661.2100166666665,708.1804166666666,765.8142000000001,819.6428666666667,874.5916666666667,946.3956666666667,976.4901333333333,1009.2233333333334,1051.1055333333334,936.2186,728.0016666666668,701.4702666666667,725.7243,719.6083333333333,722.4734666666666,144.47151666666662,0.0,0.0,0.0,0.0,0.0,0.0,0.0,0.0,0.0,0.0,0.0,729.3069,729.7816666666665,738.6827833333334,739.5833500000001,740.4316666666667,760.3241833333334,677.9615166666666,1380.315,1371.394,567.2386,1389.496666666667,1389.3798833333335,560.1359833333333,1391.3433333333332,567.9104166666667,910.5209499999999,1411.71,576.8316666666666,567.1168666666667,577.925,65200.706419753085,41135.342852393704
2025-11-03,1413.7245166666667,1406.7992,1411.17,1412.6613,1416.5383833333335,584.6633333333334,591.4816833333333,590.0273500000001,713.9139611111118,592.21705,598.5752333333332,598.2183333333334,598.9018333333333,607.2944166666667,600.5116666666668,613.0595666666667,615.0026333333334,617.5850000000002,608.2093,604.6191,605.83,612.2267166666666,613.7415666666667,612.2833333333333,601.3884666666668,607.36405,620.1666666666666,614.5219,617.9631333333333,622.515,616.01275,626.5149666666667,625.5466666666667,1445.4408166666667,677.5463,0.0,0.0,0.0,0.0,0.0,707.89395,669.3470833333333,622.2709,582.1651166666666,528.9795833333333,743.4315057613185,0.0,0.0,0.0,0.0,0.0,0.0,0.0,0.0,0.0,0.0,0.0,0.0,0.0,0.0,0.0,0.0,0.0,0.0,0.0,661.4666666666667,627.85805,587.58185,540.4504166666668,555.9176666666667,553.7117999999998,492.1729166666666,502.13163333333324,509.34476666666677,519.2508333333335,549.3471333333334,353.07291666666583,0.0,0.0,0.0,0.0,0.0,0.0,0.0,0.0,0.0,0.0,0.0,0.0,267.7129166666667,1114.4541629629637,345.5847999999999,412.55750000000006,445.26876666666664,512.2457166666667,573.1145833333334,629.4713833333333,675.6951833333333,716.9475000000001,776.4425833333335,828.2204666666668,876.0174999999999,949.2546500000001,986.1558499999999,1009.6208333333332,1051.1055333333334,936.2186,728.0016666666668,701.4702666666667,728.9432333333333,720.9383333333334,725.7481666666666,158.2452500000004,0.0,0.0,0.0,0.0,0.0,0.0,0.0,0.0,0.0,0.0,0.0,729.4056333333333,730.3983333333333,736.32235,739.3143333333334,739.0116666666667,760.3241833333334,680.6061333333333,1382.5533333333333,1372.7950333333333,567.2386,1388.6633333333334,1388.1159166666666,560.1359833333333,1396.3483333333334,567.9104166666667,577.1876166666666,1411.71,910.165,567.1168666666667,577.925,71273.31449650206,43921.35216072807
2025-11-04,1412.778,1406.7992,1411.7433333333333,1412.6613,1416.5383833333335,585.1866666666666,591.4816833333333,590.0273500000001,775.1705506172841,594.3364833333333,599.0152166666667,598.2183333333334,598.7370999999999,606.10915,600.5116666666668,613.0595666666667,615.0026333333334,617.5850000000002,608.9405333333333,605.5526833333333,605.83,612.2267166666666,613.7415666666667,612.2833333333333,604.6496833333333,607.36405,620.1666666666666,616.1587000000001,617.9631333333333,622.515,616.01275,626.5149666666667,625.5466666666667,1445.4408166666667,677.5463,0.0,0.0,0.0,0.0,0.0,713.2479,678.3304166666666,624.6286666666667,586.5773333333334,530.0875,916.461017901235,0.0,0.0,0.0,0.0,0.0,0.0,0.0,0.0,0.0,0.0,0.0,0.0,0.0,0.0,0.0,0.0,0.0,0.0,0.0,668.6475,632.6982166666667,596.8959833333333,560.34125,597.7887833333333,569.9376333333335,513.0654166666667,512.5527500000001,519.9387,530.7583333333334,550.4258166666666,564.7430333333313,0.0,0.0,0.0,0.0,0.0,0.0,0.0,0.0,0.0,0.0,0.0,0.0,280.397998971193,1157.6105666666667,368.53720000000004,417.1070833333334,449.3658166666667,515.2066166666667,582.0445833333334,638.4802333333333,682.5069333333334,730.9225,795.9338833333335,847.3573333333334,886.7079166666667,954.0374499999999,989.8508,1009.6208333333332,1051.1055333333334,936.2186,729.0633333333334,701.4702666666667,728.9432333333333,719.6083333333333,722.4734666666666,151.11560000000168,0.0,0.0,0.0,0.0,0.0,0.0,0.0,0.0,0.0,0.0,0.0,729.4056333333333,730.3983333333333,736.5766333333333,739.3143333333334,739.0116666666667,760.1646833333332,680.6061333333333,1383.0983333333334,1372.7950333333333,567.2386,1388.6633333333334,1388.1159166666666,563.2299833333333,1398.805,567.9104166666667,565.0900333333334,1406.7533333333333,910.165,573.9776833333333,579.5716666666666,72077.11930082305,44414.519711315515
2025-11-05,1413.7245166666667,1406.7992,1411.7433333333333,1412.6613,1417.3561333333334,585.1866666666666,591.4816833333333,589.7659333333334,796.6626722222227,594.3364833333333,599.0152166666667,598.2183333333334,598.7370999999999,606.10915,606.48,613.0595666666667,612.0845166666666,613.4766666666667,608.9405333333333,605.5526833333333,606.5483333333334,616.7970833333333,616.1600166666666,614.205,604.6496833333333,607.36405,620.1666666666666,616.1587000000001,617.9631333333333,622.515,616.01275,626.5149666666667,625.5466666666667,1445.4408166666667,677.5463,0.0,0.0,0.0,0.0,0.0,730.3480833333332,681.0375,624.9188166666667,596.1900999999999,531.7633333333332,1008.122779835393,0.0,0.0,0.0,0.0,0.0,0.0,0.0,0.0,0.0,0.0,0.0,0.0,0.0,0.0,0.0,0.0,0.0,0.0,0.0,673.0191666666667,646.71155,611.0982000000001,581.1708333333335,607.5863333333334,569.9376333333335,513.0654166666667,512.5527500000001,519.9387,530.7583333333334,550.4258166666666,582.0919333333326,0.0,0.0,0.0,0.0,0.0,0.0,0.0,0.0,0.0,0.0,0.0,0.0,294.58001028806547,1157.6105666666667,368.53720000000004,417.1070833333334,470.4448166666667,517.5287166666666,592.265,642.5278666666667,688.8526500000002,736.8866666666668,806.7906,859.0107166666666,911.21625,955.3783833333333,992.4176000000001,1009.7325,1055.6005166666666,937.8163499999999,729.0633333333334,702.7446500000001,729.10045,719.6083333333333,722.4734666666666,160.79125000000238,0.0,0.0,0.0,0.0,0.0,0.0,0.0,0.0,0.0,0.0,0.0,729.4056333333333,730.3983333333333,738.6827833333334,739.5833500000001,738.935,760.1646833333332,680.6061333333333,1383.0983333333334,1373.2681333333335,568.3922,1388.6633333333334,1388.1159166666666,563.2299833333333,1391.3433333333332,557.53525,565.0900333333334,1406.7533333333333,910.165,574.4526666666666,579.5716666666666,72431.25821234568,44669.90722744916
2025-11-06,1413.7245166666667,1406.7992,1412.8616666666667,1412.9866833333335,1417.3561333333334,584.6633333333334,591.4816833333333,590.0273500000001,702.7364500000006,595.0176666666667,599.0152166666667,598.2183333333334,598.7370999999999,601.72975,606.48,613.0595666666667,611.8391833333334,608.9066666666666,608.9405333333333,602.1399333333334,605.83,612.2267166666666,616.1600166666666,614.0333333333333,604.6496833333333,607.36405,620.1666666666666,616.1587000000001,617.9631333333333,624.755,624.2240666666668,626.5149666666667,625.5466666666667,1445.4408166666667,677.5463,0.0,0.0,0.0,0.0,0.0,740.6027166666667,684.3345833333333,635.9605833333334,604.53335,536.4220833333334,1283.0857333333333,4.949933333334684,0.0,0.0,0.0,0.0,0.0,0.0,0.0,0.0,0.0,0.0,0.0,0.0,0.0,0.0,0.0,0.0,0.0,0.0,679.0745833333333,657.0607833333333,621.7529166666667,596.1216666666667,613.0823166666667,599.1276833333335,540.1583333333333,535.2356833333333,541.4818833333334,540.2491666666668,568.5137333333334,607.9576500000001,0.0,0.0,0.0,0.0,0.0,0.0,0.0,0.0,0.0,0.0,0.0,0.0,321.2594650205773,1167.7579666666668,395.00528333333335,420.80458333333337,485.2195499999999,542.1954666666667,595.6329166666667,647.4006666666666,695.5404,760.0024999999999,808.1676333333332,862.1588499999999,916.0945833333332,960.4153333333333,1000.8223833333334,1017.6283333333334,1055.6005166666666,937.8163499999999,730.0550000000001,706.0766166666667,729.10045,718.77,725.7481666666666,154.44361666666953,0.0,0.0,0.0,0.0,0.0,0.0,0.0,0.0,0.0,0.0,0.0,729.4056333333333,731.9166666666666,738.6827833333334,739.5833500000001,735.9233333333334,760.1646833333332,680.6061333333333,1383.4099999999999,1378.9273333333333,568.3922,1388.6633333333334,1389.3798833333335,563.2299833333333,1398.5133333333333,557.53525,565.0900333333334,1407.9700000000003,910.165,574.4526666666666,579.5716666666666,73040.30636502059,45090.756300731446
2025-11-07,1413.7245166666667,1406.7992,1415.025,1412.9866833333335,1417.3561333333334,584.6633333333334,591.4816833333333,589.7659333333334,755.6329051440324,595.7767833333332,599.1647166666667,598.2183333333334,597.0594833333333,600.9163166666666,606.48,613.0595666666667,612.0845166666666,613.4766666666667,613.5065333333333,602.1399333333334,605.83,612.2267166666666,616.8275166666666,614.0333333333333,604.6496833333333,604.3044166666666,619.1133333333332,616.1587000000001,617.9631333333333,622.515,624.2240666666668,626.5149666666667,626.825,1445.4408166666667,681.87875,0.0,0.0,0.0,0.0,0.0,748.5018666666667,695.4075,638.7207833333334,604.9234833333334,537.3966666666668,1283.73245,81.67993333333641,0.0,0.0,0.0,0.0,0.0,0.0,0.0,0.0,0.0,0.0,0.0,0.0,0.0,0.0,0.0,0.0,0.0,0.0,710.3170833333334,679.0987166666666,676.0428666666667,643.4779166666667,648.6051166666666,608.72535,569.3104166666667,551.6114333333335,565.9879833333333,545.8716666666667,572.7561833333333,615.8502833333334,0.0,0.0,0.0,0.0,0.0,0.0,0.0,0.0,0.0,0.0,0.0,0.0,346.8849150205801,1167.7579666666668,395.00528333333335,420.80458333333337,485.2195499999999,542.1954666666667,595.6329166666667,652.4221833333334,702.0937833333335,767.6879166666665,808.6638666666669,863.77545,918.0741666666667,974.8538166666668,1000.8223833333334,1017.6283333333334,1057.83765,939.0391666666668,730.0550000000001,706.0766166666667,729.10045,719.6083333333333,726.65425,156.5526666666682,0.0,0.0,0.0,0.0,0.0,0.0,0.0,0.0,0.0,0.0,0.0,729.4056333333333,731.9166666666666,741.6505666666667,739.5833500000001,738.935,760.3241833333334,682.4224166666667,1383.4099999999999,1378.9273333333333,567.2386,1389.496666666667,1389.3798833333335,563.2299833333333,1398.5133333333333,567.9104166666667,577.1876166666666,1411.71,910.5674333333334,574.4526666666666,579.5716666666666,73596.12150349795,45418.96929480758
2025-11-08,580.3911833333333,573.4658666666667,581.6916666666667,579.65335,584.0228000000001,584.6633333333334,591.4816833333333,589.7659333333334,589.065,595.7767833333332,599.1647166666667,598.2183333333334,597.0594833333333,600.9163166666666,606.48,613.0595666666667,612.0845166666666,613.4766666666667,613.5065333333333,602.1399333333334,605.83,612.2267166666666,616.8275166666666,614.0333333333333,604.6496833333333,604.3044166666666,619.1133333333332,616.1587000000001,617.9631333333333,622.515,624.2240666666668,626.5149666666667,626.825,612.1074833333333,681.87875,0.0,0.0,0.0,0.0,0.0,748.5018666666667,695.4075,638.7207833333334,604.9234833333334,537.3966666666668,1283.73245,81.67993333333641,0.0,0.0,0.0,0.0,0.0,0.0,0.0,0.0,0.0,0.0,0.0,0.0,0.0,0.0,0.0,0.0,0.0,0.0,710.3170833333334,679.0987166666666,676.0428666666667,643.4779166666667,648.6051166666666,608.72535,569.3104166666667,551.6114333333335,565.9879833333333,545.8716666666667,572.7561833333333,615.8502833333334,0.0,0.0,0.0,0.0,0.0,0.0,0.0,0.0,0.0,0.0,0.0,0.0,346.8849150205801,1167.7579666666668,395.00528333333335,420.80458333333337,485.2195499999999,542.1954666666667,595.6329166666667,652.4221833333334,702.0937833333335,767.6879166666665,808.6638666666669,863.77545,918.0741666666667,974.8538166666668,1000.8223833333334,1017.6283333333334,1057.83765,939.0391666666668,730.0550000000001,706.0766166666667,729.10045,719.6083333333333,726.65425,156.5526666666682,0.0,0.0,0.0,0.0,0.0,0.0,0.0,0.0,0.0,0.0,0.0,729.4056333333333,731.9166666666666,741.6505666666667,739.5833500000001,738.935,760.3241833333334,682.4224166666667,1383.4099999999999,1378.9273333333333,567.2386,1389.496666666667,1389.3798833333335,563.2299833333333,1398.5133333333333,567.9104166666667,910.5209499999999,1411.71,577.2341,574.4526666666666,579.5716666666666,68429.55359835392,43262.86155486311
2025-11-09,580.3911833333333,573.4658666666667,581.6916666666667,579.65335,584.0228000000001,584.6633333333334,591.4816833333333,589.7659333333334,589.065,595.7767833333332,599.1647166666667,598.2183333333334,597.0594833333333,600.9163166666666,606.48,613.0595666666667,612.0845166666666,613.4766666666667,613.5065333333333,602.1399333333334,605.83,612.2267166666666,616.8275166666666,614.0333333333333,604.6496833333333,604.3044166666666,619.1133333333332,616.1587000000001,617.9631333333333,622.515,624.2240666666668,626.5149666666667,626.825,612.1074833333333,681.87875,0.0,0.0,0.0,0.0,0.0,748.5018666666667,695.4075,638.7207833333334,604.9234833333334,537.3966666666668,1283.73245,81.67993333333641,0.0,0.0,0.0,0.0,0.0,0.0,0.0,0.0,0.0,0.0,0.0,0.0,0.0,0.0,0.0,0.0,0.0,0.0,710.3170833333334,679.0987166666666,676.0428666666667,643.4779166666667,648.6051166666666,608.72535,569.3104166666667,551.6114333333335,565.9879833333333,545.8716666666667,572.7561833333333,615.8502833333334,0.0,0.0,0.0,0.0,0.0,0.0,0.0,0.0,0.0,0.0,0.0,0.0,346.8849150205801,1167.7579666666668,395.00528333333335,420.80458333333337,485.2195499999999,542.1954666666667,595.6329166666667,652.4221833333334,702.0937833333335,767.6879166666665,808.6638666666669,863.77545,918.0741666666667,974.8538166666668,1000.8223833333334,1017.6283333333334,1057.83765,939.0391666666668,730.0550000000001,706.0766166666667,729.10045,719.6083333333333,726.65425,156.5526666666682,0.0,0.0,0.0,0.0,0.0,0.0,0.0,0.0,0.0,0.0,0.0,729.4056333333333,731.9166666666666,741.6505666666667,739.5833500000001,738.935,760.3241833333334,682.4224166666667,1383.4099999999999,1378.9273333333333,567.2386,1389.496666666667,1389.3798833333335,563.2299833333333,1398.5133333333333,567.9104166666667,910.5209499999999,1411.71,577.2341,574.4526666666666,579.5716666666666,68429.55359835392,43262.86155486311
2025-11-10,1413.7245166666667,1406.7992,1416.7,1413.9340166666666,1417.3561333333334,584.6633333333334,591.4816833333333,590.0273500000001,694.2805181069964,595.7767833333332,599.0152166666667,592.4283333333334,598.7370999999999,601.72975,606.48,613.0595666666667,612.0845166666666,613.4766666666667,613.5065333333333,605.5526833333333,606.5483333333334,612.2267166666666,617.6942333333333,614.0333333333333,604.6496833333333,608.9433166666666,619.1133333333332,616.1587000000001,617.9631333333333,622.515,624.2240666666668,626.5149666666667,626.825,1445.4408166666667,681.87875,0.0,0.0,0.0,0.0,0.0,764.48775,697.8824999999999,643.07575,606.5941833333333,551.6333333333333,1292.9940833333335,234.30586666666835,0.0,0.0,0.0,0.0,0.0,0.0,0.0,0.0,0.0,0.0,0.0,0.0,0.0,0.0,0.0,0.0,0.0,0.0,714.4845833333334,679.0987166666666,680.2039500000001,643.5649999999999,670.0336666666666,636.6930166666668,601.9408333333334,566.9863333333335,567.57355,583.7366666666667,593.7102666666667,616.3108000000001,0.0,0.0,0.0,0.0,0.0,0.0,0.0,0.0,0.0,0.0,0.0,0.0,457.99689567901146,1179.1360333333334,395.4983500000001,445.10958333333326,490.7740666666667,553.5642166666665,612.9733333333332,654.9135666666666,702.4064333333333,768.6895833333333,816.7142833333334,864.8419833333332,921.9516666666666,978.4258166666665,1003.5395000000001,1021.6033333333332,1057.83765,939.0391666666668,730.0550000000001,706.0766166666667,728.9432333333333,719.6083333333333,727.1128000000001,141.84348333333367,0.0,0.0,0.0,0.0,0.0,0.0,0.0,0.0,0.0,0.0,0.0,729.6703166666666,734.9016666666666,741.6505666666667,739.5833500000001,738.935,760.3241833333334,682.4224166666667,1383.0983333333334,1373.2681333333335,567.2386,1389.496666666667,1387.4394499999999,558.9967666666666,1391.3433333333332,567.9104166666667,577.1876166666666,1407.9700000000003,905.3483833333332,573.9776833333333,580.895,74081.16694711935,45766.07170123718
2025-11-11,1412.778,1406.7992,1418.5866666666666,1416.2318833333334,1413.9487166666668,584.6633333333334,591.4816833333333,593.9897666666667,781.8635471193417,595.7767833333332,599.0152166666667,592.4283333333334,597.0594833333333,601.72975,606.48,613.0595666666667,612.0845166666666,613.4766666666667,613.5065333333333,605.5526833333333,606.5483333333334,612.2267166666666,617.6942333333333,614.3199999999999,605.6198833333333,613.6088,615.7166666666667,616.1587000000001,617.9631333333333,615.9283333333334,624.2240666666668,626.5149666666667,626.825,1445.4408166666667,681.87875,0.0,0.0,0.0,0.0,0.0,766.7941000000002,698.3379166666667,655.4982166666667,607.7866666666667,554.2262499999999,1299.2833833333334,357.44896666666926,0.0,0.0,0.0,0.0,0.0,0.0,0.0,0.0,0.0,0.0,0.0,0.0,0.0,0.0,0.0,0.0,0.0,0.0,717.4154166666667,697.5040333333335,686.0386833333332,662.0675,670.0504166666667,688.3988833333333,628.84625,597.5914833333334,603.9001333333334,607.2375,601.1658166666668,634.2798,0.0,0.0,0.0,0.0,0.0,0.0,0.0,0.0,0.0,0.0,0.0,0.0,675.6732991769554,1185.6717833333332,397.0101,446.58000000000004,491.3988499999999,556.3887166666667,616.8654166666668,657.7594333333333,707.2171833333334,770.2641666666666,831.6442833333332,871.8230500000001,938.2854166666667,982.2548,1005.0678333333333,1021.6033333333332,1057.83765,939.0391666666668,729.0633333333334,709.0541333333334,729.10045,719.6083333333333,728.2067999999999,139.16173333333404,0.0,0.0,0.0,0.0,0.0,0.0,0.0,0.0,0.0,0.0,0.0,729.6703166666666,741.5733333333333,741.6505666666667,739.5833500000001,743.8716666666666,760.3241833333334,682.4224166666667,1383.4099999999999,1373.2681333333335,567.2386,1389.496666666667,1387.4394499999999,558.9967666666666,1394.4133333333334,567.9104166666667,577.1876166666666,1407.9700000000003,910.5674333333334,573.9776833333333,580.895,74863.4983462963,46261.06364546309
2025-11-12,1412.778,1408.1279666666667,1418.5866666666666,1416.2318833333334,1413.9487166666668,581.9016666666666,589.3798166666667,593.9897666666667,869.6989024691359,596.89905,599.1647166666667,595.1466666666668,595.3930166666667,600.9163166666666,606.48,613.0595666666667,612.0845166666666,613.4766666666667,613.5065333333333,602.1399333333334,606.5483333333334,617.0060833333334,618.9547500000001,614.0333333333333,605.6198833333333,613.6088,615.7166666666667,614.5219,616.5683333333333,614.5033333333333,624.2240666666668,631.72155,626.825,1435.9452833333335,681.87875,0.0,0.0,0.0,0.0,0.0,773.6439666666666,707.72125,655.6873166666667,611.9786666666666,554.2445833333333,1317.5765666666666,531.837166666669,0.0,0.0,0.0,0.0,0.0,0.0,0.0,0.0,0.0,0.0,0.0,0.0,0.0,0.0,0.0,0.0,0.0,0.0,717.54375,712.8913666666666,693.7576000000001,663.5566666666666,670.0504166666667,688.3988833333333,628.84625,597.5914833333334,603.9001333333334,620.3120833333335,611.6825166666666,662.7772666666667,0.0,0.0,0.0,0.0,0.0,0.0,0.0,0.0,0.0,0.0,0.0,0.0,839.4558343621406,1194.9198333333334,416.95300000000003,450.4329166666667,503.5088166666666,559.2006666666665,627.0291666666667,663.8424666666666,713.8215666666667,775.9254166666666,833.4782166666666,885.0977333333334,938.2854166666667,984.9584666666667,1006.2803166666666,1022.8966666666668,1057.83765,939.0391666666668,731.3033333333333,709.4160166666666,729.10045,719.6083333333333,728.2067999999999,136.37273333333337,0.0,0.0,0.0,0.0,0.0,0.0,0.0,0.0,0.0,0.0,0.0,729.6703166666666,741.5733333333333,741.6505666666667,735.9454000000001,743.8716666666666,760.3241833333334,678.9888666666667,1382.5533333333333,1373.2681333333335,567.2386,1389.1599999999999,1387.4394499999999,558.9967666666666,1394.4133333333334,569.7731666666666,578.0398,1407.9700000000003,905.3483833333332,568.1041333333334,581.105,75476.98978683128,46689.98391829523
2025-11-13,1412.0884166666667,1408.1279666666667,1418.5866666666666,1416.2318833333334,1413.7349166666668,581.9016666666666,589.3798166666667,593.9897666666667,657.8974000000019,596.89905,599.1647166666667,592.4283333333334,595.3930166666667,600.9163166666666,600.4533333333333,613.0595666666667,611.8391833333334,608.9066666666666,608.9405333333333,602.1399333333334,606.5483333333334,617.0060833333334,619.09785,614.0333333333333,604.6496833333333,608.9433166666666,620.1666666666666,614.5219,616.5683333333333,614.5033333333333,624.2240666666668,631.72155,633.6533333333333,1435.9452833333335,681.87875,0.0,0.0,0.0,0.0,163.24691666666865,779.4359833333333,717.4179166666668,656.2793666666668,623.1649333333334,579.8512499999999,1319.8215666666667,550.6208333333333,0.0,0.0,0.0,0.0,0.0,0.0,0.0,0.0,0.0,0.0,0.0,0.0,0.0,0.0,0.0,0.0,0.0,0.0,721.2966666666666,712.8913666666666,693.7576000000001,663.5566666666666,672.9198500000001,688.3988833333333,628.84625,597.5914833333334,603.9001333333334,620.3120833333335,611.6825166666666,662.7772666666667,0.0,0.0,0.0,0.0,0.0,0.0,0.0,0.0,0.0,0.0,0.0,0.0,988.0498316872436,1194.9198333333334,416.95300000000003,452.3891666666666,517.4290500000001,560.4301166666667,627.0291666666667,665.8742166666667,719.381,777.8945833333333,834.2124833333334,896.7600666666665,939.8570833333334,991.8361333333335,1013.3565166666667,1024.6633333333332,1056.4210833333334,938.3554000000001,731.3033333333333,709.4160166666666,729.10045,723.9116666666667,729.5745333333335,137.23011666666662,0.0,0.0,0.0,0.0,0.0,0.0,0.0,0.0,0.0,0.0,0.0,729.6703166666666,741.5733333333333,736.5766333333333,734.6184666666667,743.8716666666666,760.3241833333334,682.4224166666667,1382.5533333333333,1372.7950333333333,566.8690166666668,1389.496666666667,1389.3798833333335,558.9967666666666,1394.4133333333334,569.7731666666666,578.0398,1407.9700000000003,905.3483833333332,568.1041333333334,581.105,75703.56021502058,46948.82281346811
2025-11-14,1412.0884166666667,1408.1279666666667,1420.82,1387.7923763374497,1413.7336833333334,581.9016666666666,589.3798166666667,592.846,590.37,596.89905,599.1647166666667,595.1466666666668,597.0594833333333,600.9163166666666,600.3483333333334,610.7087166666666,611.8391833333334,613.4766666666667,609.4345666666667,602.1399333333334,606.5483333333334,617.0060833333334,619.09785,614.3199999999999,605.6198833333333,608.9433166666666,615.7166666666667,614.2502166666668,617.69345,614.5033333333333,624.2240666666668,626.5149666666667,633.6533333333333,1435.9452833333335,681.87875,0.0,0.0,0.0,0.0,197.9731500000005,785.7661,734.9241666666666,668.0543166666668,623.1649333333334,588.12,1334.8163166666668,562.0884000000001,0.0,0.0,0.0,0.0,0.0,0.0,0.0,0.0,0.0,0.0,0.0,0.0,0.0,0.0,0.0,0.0,0.0,0.0,722.2995833333334,719.6720166666668,704.32285,687.8262500000001,710.90065,688.3988833333333,632.8654166666668,614.29215,612.4106833333334,621.9145833333334,620.6569166666667,669.0018833333334,0.0,0.0,0.0,0.0,0.0,0.0,0.0,0.0,0.0,0.0,0.0,0.0,1080.2116650205771,1194.9198333333334,416.95300000000003,452.8675,519.0992666666667,567.8798000000002,633.8733333333332,674.1954166666667,725.1491166666667,783.8975000000002,840.5240833333332,897.6504166666667,944.1804166666667,995.7671833333333,1019.9737666666666,1028.8,1057.83765,938.3554000000001,731.3033333333333,709.4160166666666,729.10045,723.9116666666667,729.5745333333335,136.03038333333348,0.0,0.0,0.0,0.0,0.0,0.0,0.0,0.0,0.0,0.0,0.0,729.4056333333333,741.5733333333333,736.8340833333333,734.6184666666667,743.8716666666666,760.1646833333332,681.7018833333333,1382.5533333333333,1373.2746,566.8690166666668,1389.496666666667,1387.4394499999999,560.8027666666666,1394.4133333333334,572.96415,578.0398,1407.9700000000003,905.3483833333332,568.1041333333334,581.105,75997.6004580247,47170.61106662447
2025-11-15,578.7550833333333,574.7946333333333,587.4866666666666,582.89855,580.40035,581.9016666666666,589.3798166666667,592.846,590.37,596.89905,599.1647166666667,595.1466666666668,597.0594833333333,600.9163166666666,600.3483333333334,610.7087166666666,611.8391833333334,613.4766666666667,609.4345666666667,602.1399333333334,606.5483333333334,617.0060833333334,619.09785,614.3199999999999,605.6198833333333,608.9433166666666,615.7166666666667,614.2502166666668,617.69345,614.5033333333333,624.2240666666668,626.5149666666667,633.6533333333333,602.61195,681.87875,0.0,0.0,0.0,0.0,197.9731500000005,785.7661,734.9241666666666,668.0543166666668,623.1649333333334,588.12,1334.8163166666668,562.0884000000001,0.0,0.0,0.0,0.0,0.0,0.0,0.0,0.0,0.0,0.0,0.0,0.0,0.0,0.0,0.0,0.0,0.0,0.0,722.2995833333334,719.6720166666668,704.32285,687.8262500000001,710.90065,688.3988833333333,632.8654166666668,614.29215,612.4106833333334,621.9145833333334,620.6569166666667,669.0018833333334,0.0,0.0,0.0,0.0,0.0,0.0,0.0,0.0,0.0,0.0,0.0,0.0,1080.2116650205771,1194.9198333333334,416.95300000000003,452.8675,519.0992666666667,567.8798000000002,633.8733333333332,674.1954166666667,725.1491166666667,783.8975000000002,840.5240833333332,897.6504166666667,944.1804166666667,995.7671833333333,1019.9737666666666,1028.8,1057.83765,938.3554000000001,731.3033333333333,709.4160166666666,729.10045,723.9116666666667,729.5745333333335,136.03038333333348,0.0,0.0,0.0,0.0,0.0,0.0,0.0,0.0,0.0,0.0,0.0,729.4056333333333,741.5733333333333,736.8340833333333,734.6184666666667,743.8716666666666,760.1646833333332,681.7018833333333,1382.5533333333333,1373.2746,566.8690166666668,1389.496666666667,1387.4394499999999,560.8027666666666,1394.4133333333334,572.96415,911.3731333333333,1407.9700000000003,572.01505,568.1041333333334,581.105,71026.03996502058,45097.927090679776
2025-11-16,578.7550833333333,574.7946333333333,587.4866666666666,582.89855,580.40035,581.9016666666666,589.3798166666667,592.846,590.37,596.89905,599.1647166666667,595.1466666666668,597.0594833333333,600.9163166666666,600.3483333333334,610.7087166666666,611.8391833333334,613.4766666666667,609.4345666666667,602.1399333333334,606.5483333333334,617.0060833333334,619.09785,614.3199999999999,605.6198833333333,608.9433166666666,615.7166666666667,614.2502166666668,617.69345,614.5033333333333,624.2240666666668,626.5149666666667,633.6533333333333,602.61195,681.87875,0.0,0.0,0.0,0.0,197.9731500000005,785.7661,734.9241666666666,668.0543166666668,623.1649333333334,588.12,1334.8163166666668,562.0884000000001,0.0,0.0,0.0,0.0,0.0,0.0,0.0,0.0,0.0,0.0,0.0,0.0,0.0,0.0,0.0,0.0,0.0,0.0,722.2995833333334,719.6720166666668,704.32285,687.8262500000001,710.90065,688.3988833333333,632.8654166666668,614.29215,612.4106833333334,621.9145833333334,620.6569166666667,669.0018833333334,0.0,0.0,0.0,0.0,0.0,0.0,0.0,0.0,0.0,0.0,0.0,0.0,1080.2116650205771,1194.9198333333334,416.95300000000003,452.8675,519.0992666666667,567.8798000000002,633.8733333333332,674.1954166666667,725.1491166666667,783.8975000000002,840.5240833333332,897.6504166666667,944.1804166666667,995.7671833333333,1019.9737666666666,1028.8,1057.83765,938.3554000000001,731.3033333333333,709.4160166666666,729.10045,723.9116666666667,729.5745333333335,136.03038333333348,0.0,0.0,0.0,0.0,0.0,0.0,0.0,0.0,0.0,0.0,0.0,729.4056333333333,741.5733333333333,736.8340833333333,734.6184666666667,743.8716666666666,760.1646833333332,681.7018833333333,1382.5533333333333,1373.2746,566.8690166666668,1389.496666666667,1387.4394499999999,560.8027666666666,1394.4133333333334,572.96415,911.3731333333333,1407.9700000000003,572.01505,568.1041333333334,581.105,71026.03996502058,45097.927090679776
2025-11-17,1412.0884166666667,1408.1279666666667,1418.5866666666666,1416.2318833333334,1413.7349166666668,582.9733333333334,584.5813166666667,587.3924666666667,771.8445419753086,596.89905,599.1647166666667,598.2183333333334,597.0594833333333,600.9163166666666,600.3483333333334,610.7087166666666,611.8391833333334,613.4766666666667,609.4345666666667,602.1399333333334,607.4916666666667,617.0060833333334,618.9547500000001,614.0333333333333,607.4236999999999,608.9433166666666,613.8433333333334,616.1587000000001,617.69345,614.0916666666667,610.3496,631.72155,633.6533333333333,1435.9452833333335,681.87875,0.0,0.0,0.0,0.0,353.63467966666855,794.2208833333334,742.0258333333333,684.0085999999999,625.6055833333334,603.2820833333333,1347.6666833333334,565.4635833333334,0.0,0.0,0.0,0.0,0.0,0.0,0.0,0.0,0.0,0.0,0.0,0.0,0.0,0.0,0.0,0.0,0.0,0.0,726.1854166666667,721.6638833333334,723.3133166666667,727.9083333333333,724.7392166666667,688.6984166666666,632.8654166666668,614.29215,612.4106833333334,628.1691666666668,621.3454833333334,669.0018833333334,0.0,0.0,0.0,0.0,0.0,0.0,0.0,0.0,0.0,0.0,0.0,0.0,1162.7104166666668,1197.8055333333334,418.09478333333334,486.2191666666667,526.3527333333333,586.8307666666667,634.9220833333333,680.2038166666666,734.78415,787.6716666666667,851.08965,908.9122333333336,949.6154166666664,1001.331,1019.9737666666666,1032.3,1057.83765,938.4059500000001,733.3133333333334,709.0541333333334,727.4591833333335,723.9116666666667,732.65835,136.51690000000121,0.0,0.0,0.0,0.0,0.0,0.0,0.0,0.0,0.0,0.0,0.0,729.4056333333333,741.5733333333333,736.8340833333333,732.2667166666666,742.1966666666667,759.9326,681.7018833333333,1382.5533333333333,1373.2746,566.8690166666668,1389.496666666667,1387.4394499999999,560.8027666666666,1396.7433333333333,572.96415,578.0398,1406.7533333333333,905.3483833333332,570.43295,581.105,76705.16467164198,47636.26088155754
2025-11-18,1410.6116833333335,1408.1279666666667,1418.5866666666666,1416.2318833333334,1413.7349166666668,585.1866666666666,584.5813166666667,592.846,675.4286246913574,596.89905,599.1647166666667,598.4083333333333,598.7370999999999,600.9163166666666,600.3483333333334,609.7523166666666,609.9716833333333,613.7,613.5065333333333,602.1467166666666,606.5483333333334,617.0060833333334,618.9547500000001,614.0333333333333,607.4236999999999,608.9433166666666,613.8433333333334,619.493,617.9631333333333,614.0916666666667,627.9245,633.1629333333333,633.6533333333333,1430.0086333333334,677.08545,0.0,0.0,0.0,0.0,616.6765599999973,802.9806500000001,748.1916666666667,686.5423999999999,642.3445166666667,603.5266666666666,1347.6728166666667,580.0943166666667,0.0,0.0,0.0,0.0,0.0,0.0,0.0,0.0,0.0,0.0,0.0,0.0,0.0,0.0,0.0,0.0,0.0,0.0,729.8604166666668,725.1371666666666,731.6866666666667,739.86625,728.8125666666667,688.6984166666666,632.8654166666668,614.29215,612.4106833333334,628.1691666666668,631.6802500000001,678.8341333333333,0.0,0.0,0.0,0.0,0.0,0.0,0.0,0.0,0.0,0.0,0.0,0.0,1162.7104166666668,1217.24815,425.6648666666667,491.26625,526.3527333333333,586.8307666666667,635.2412499999999,698.6602333333334,751.38725,796.1075000000001,872.6172833333333,913.1205166666666,963.2454166666666,1013.1241333333332,1019.9737666666666,1032.3,1057.83765,938.4059500000001,733.3133333333334,709.0541333333334,727.4591833333335,723.9116666666667,732.65835,128.46208333333493,0.0,0.0,0.0,0.0,0.0,0.0,0.0,0.0,0.0,0.0,0.0,729.4056333333333,741.5733333333333,736.5766333333333,731.3756833333333,742.1966666666667,759.9326,682.4224166666667,1382.5533333333333,1378.9273333333333,566.8690166666668,1389.496666666667,1387.37285,558.9967666666666,1394.4133333333334,572.96415,578.0398,1406.155,905.3483833333332,568.1041333333334,580.895,77109.9368180247,47990.092271843096
2025-11-19,1412.0884166666667,1411.2941500000002,1418.5866666666666,1407.45635,1413.9487166666668,585.1866666666666,589.3798166666667,593.9897666666667,778.6426814814818,596.89905,599.0152166666667,598.4083333333333,598.7370999999999,600.9163166666666,600.3483333333334,609.7523166666666,609.9716833333333,613.7,613.5065333333333,607.1466333333334,611.88,617.0060833333334,618.9547500000001,614.0333333333333,607.4236999999999,611.40925,613.8433333333334,619.493,617.9631333333333,614.0916666666667,627.9245,633.1629333333333,631.56,1429.8303666666666,673.8257,0.0,0.0,0.0,0.0,787.0407290000043,802.9806500000001,754.6945833333334,693.0749833333333,651.4758166666666,604.3508333333333,1347.6728166666667,580.0943166666667,0.0,0.0,0.0,0.0,0.0,0.0,0.0,0.0,0.0,0.0,0.0,0.0,0.0,0.0,0.0,0.0,0.0,0.0,739.2983333333334,733.9230333333334,736.1710499999999,746.2491666666667,740.3355166666668,690.1699833333334,632.9875,632.7988,642.5885333333333,630.6420833333334,633.3008166666666,681.87165,0.0,0.0,0.0,0.0,0.0,0.0,0.0,0.0,0.0,0.0,0.0,0.0,1177.98875,1225.3360333333333,445.4747,494.03249999999997,540.5267,594.8196499999999,643.1324999999999,702.7560166666667,757.17285,810.7629166666666,874.9912166666667,921.9144500000001,967.8350000000002,1015.7152166666667,1019.9737666666666,1032.3,1056.4210833333334,938.4059500000001,733.3133333333334,709.0541333333334,727.4591833333335,723.9116666666667,732.65835,133.1176833333344,0.0,0.0,0.0,0.0,0.0,0.0,0.0,0.0,0.0,0.0,0.0,729.6703166666666,750.3233333333333,736.8340833333333,731.3756833333333,742.1966666666667,759.9326,682.4224166666667,1382.5533333333333,1378.9273333333333,566.8690166666668,1390.265,1387.4394499999999,558.9967666666666,1396.7433333333333,569.7731666666666,574.5437833333333,1404.185,905.3483833333332,568.1041333333334,580.895,77639.57014381482,48353.065071622164
2025-11-20,1412.0884166666667,1411.2941500000002,1418.5866666666666,1410.1829333333335,1415.0528333333332,587.8316666666666,584.5813166666667,593.9897666666667,862.0257351851859,596.89905,599.0152166666667,599.83,598.9018333333333,600.9163166666666,600.3483333333334,609.7523166666666,609.9716833333333,613.4766666666667,613.8022166666667,609.8553833333334,612.1766666666666,612.2267166666666,618.9547500000001,622.0516666666666,607.4236999999999,608.9433166666666,615.7166666666667,619.493,617.9631333333333,614.0916666666667,627.9245,633.1629333333333,631.56,1429.8303666666666,673.8257,0.0,0.0,236.19688733333305,0.0,812.3108166666667,803.3741999999999,755.4479166666666,699.1075500000001,656.7853166666666,609.0729166666665,1354.4615833333335,584.1374166666667,0.0,0.0,0.0,0.0,0.0,0.0,0.0,0.0,0.0,0.0,0.0,0.0,0.0,0.0,0.0,0.0,0.0,0.0,792.1166666666667,779.5457500000001,742.9168833333333,753.3670833333334,741.8967,698.5774,644.2049999999999,632.7988,642.5885333333333,641.2783333333334,657.8734333333334,695.3061,0.0,0.0,0.0,0.0,26.746733333333243,0.0,0.0,0.0,0.0,0.0,0.0,0.0,1182.8304166666667,1225.8711833333334,452.2108,497.6454166666668,543.5312333333333,600.5527666666666,647.4979166666667,706.7945,759.1738666666666,818.6341666666666,878.8632166666666,921.9144500000001,967.8350000000002,1015.7152166666667,1019.9737666666666,1032.3,1056.4210833333334,938.4059500000001,733.3133333333334,706.0766166666667,726.9574833333332,716.8533333333332,732.65835,129.10243333333437,0.0,0.0,0.0,0.0,0.0,0.0,0.0,0.0,0.0,0.0,0.0,729.6703166666666,754.0783333333334,742.4614166666667,731.3756833333333,741.775,753.1303,681.7018833333333,1380.315,1378.9273333333333,568.3922,1392.375,1388.6255333333334,560.8027666666666,1398.5133333333333,569.7731666666666,569.4141666666667,1396.0283333333332,905.3483833333332,570.43295,581.105,78259.23790585186,48770.34833850394
2025-11-21,1412.0884166666667,1411.2941500000002,1418.5866666666666,1410.1829333333335,1415.0528333333332,588.905,589.3798166666667,593.9897666666667,662.184193209877,595.7767833333332,599.0152166666667,599.83,598.9018333333333,598.7482333333334,600.3483333333334,607.3291166666667,609.9716833333333,613.4766666666667,613.8022166666667,609.8553833333334,612.1766666666666,612.2267166666666,619.09785,622.0516666666666,609.3177,603.4421333333333,613.8433333333334,620.4639,618.0131333333334,614.0916666666667,627.9245,633.1629333333333,631.56,1430.0086333333334,673.8257,0.0,0.0,418.29789450000294,0.0,812.3108166666667,803.3741999999999,756.6908333333334,700.4133833333332,666.2705166666667,609.0729166666665,1354.4615833333335,584.1374166666667,0.0,0.0,0.0,0.0,0.0,0.0,0.0,0.0,0.0,0.0,0.0,0.0,0.0,0.0,0.0,0.0,0.0,0.0,808.5216666666665,779.5457500000001,742.9168833333333,753.3670833333334,743.06435,704.8111166666666,665.4729166666668,648.0645,647.1848,645.3029166666668,660.7357166666666,719.89485,0.0,0.0,0.0,0.0,32.484733333333374,0.0,0.0,0.0,0.0,0.0,0.0,0.0,1196.9679166666667,1246.7324333333333,457.8449166666667,497.79708333333343,545.4261,602.5479333333333,647.4979166666667,708.4187000000001,765.4365999999999,832.3570833333334,878.8632166666666,932.4539999999998,982.9558333333333,1021.1461999999999,1019.9737666666666,1034.4383333333333,1056.4210833333334,938.3554000000001,734.9050000000001,709.0541333333334,727.4591833333335,716.8533333333332,732.65835,126.25618333333409,0.0,0.0,0.0,0.0,0.0,0.0,0.0,0.0,0.0,0.0,0.0,731.7657333333334,754.0783333333334,745.8156999999999,732.2667166666666,742.1966666666667,753.1303,681.7018833333333,1380.315,1378.9273333333333,566.8690166666668,1392.375,1390.535116666667,560.8027666666666,1398.5133333333333,569.7731666666666,574.5437833333333,1404.185,909.5801833333333,570.43295,581.105,78478.05630437654,49001.094718174274
2025-11-22,578.7550833333333,577.9608166666668,585.2533333333333,576.8496,581.7194999999999,588.905,589.3798166666667,593.9897666666667,594.4833333333333,595.7767833333332,599.0152166666667,599.83,598.9018333333333,598.7482333333334,600.3483333333334,607.3291166666667,609.9716833333333,613.4766666666667,613.8022166666667,609.8553833333334,612.1766666666666,612.2267166666666,619.09785,622.0516666666666,609.3177,603.4421333333333,613.8433333333334,620.4639,618.0131333333334,614.0916666666667,627.9245,633.1629333333333,631.56,596.6753000000001,673.8257,0.0,0.0,418.29789450000294,0.0,812.3108166666667,803.3741999999999,756.6908333333334,700.4133833333332,666.2705166666667,609.0729166666665,1354.4615833333335,584.1374166666667,0.0,0.0,0.0,0.0,0.0,0.0,0.0,0.0,0.0,0.0,0.0,0.0,0.0,0.0,0.0,0.0,0.0,0.0,808.5216666666665,779.5457500000001,742.9168833333333,753.3670833333334,743.06435,704.8111166666666,665.4729166666668,648.0645,647.1848,645.3029166666668,660.7357166666666,719.89485,0.0,0.0,0.0,0.0,32.484733333333374,0.0,0.0,0.0,0.0,0.0,0.0,0.0,1196.9679166666667,1246.7324333333333,457.8449166666667,497.79708333333343,545.4261,602.5479333333333,647.4979166666667,708.4187000000001,765.4365999999999,832.3570833333334,878.8632166666666,932.4539999999998,982.9558333333333,1021.1461999999999,1019.9737666666666,1034.4383333333333,1056.4210833333334,938.3554000000001,734.9050000000001,709.0541333333334,727.4591833333335,716.8533333333332,732.65835,126.25618333333409,0.0,0.0,0.0,0.0,0.0,0.0,0.0,0.0,0.0,0.0,0.0,731.7657333333334,754.0783333333334,745.8156999999999,732.2667166666666,742.1966666666667,753.1303,681.7018833333333,1380.315,1378.9273333333333,566.8690166666668,1392.375,1390.535116666667,560.8027666666666,1398.5133333333333,569.7731666666666,907.8771166666666,1404.185,576.24685,570.43295,581.105,73410.3554445,46887.29218689977
2025-11-23,578.7550833333333,577.9608166666668,585.2533333333333,576.8496,581.7194999999999,588.905,589.3798166666667,593.9897666666667,594.4833333333333,595.7767833333332,599.0152166666667,599.83,598.9018333333333,598.7482333333334,600.3483333333334,607.3291166666667,609.9716833333333,613.4766666666667,613.8022166666667,609.8553833333334,612.1766666666666,612.2267166666666,619.09785,622.0516666666666,609.3177,603.4421333333333,613.8433333333334,620.4639,618.0131333333334,614.0916666666667,627.9245,633.1629333333333,631.56,596.6753000000001,673.8257,0.0,0.0,418.29789450000294,0.0,812.3108166666667,803.3741999999999,756.6908333333334,700.4133833333332,666.2705166666667,609.0729166666665,1354.4615833333335,584.1374166666667,0.0,0.0,0.0,0.0,0.0,0.0,0.0,0.0,0.0,0.0,0.0,0.0,0.0,0.0,0.0,0.0,0.0,0.0,808.5216666666665,779.5457500000001,742.9168833333333,753.3670833333334,743.06435,704.8111166666666,665.4729166666668,648.0645,647.1848,645.3029166666668,660.7357166666666,719.89485,0.0,0.0,0.0,0.0,32.484733333333374,0.0,0.0,0.0,0.0,0.0,0.0,0.0,1196.9679166666667,1246.7324333333333,457.8449166666667,497.79708333333343,545.4261,602.5479333333333,647.4979166666667,708.4187000000001,765.4365999999999,832.3570833333334,878.8632166666666,932.4539999999998,982.9558333333333,1021.1461999999999,1019.9737666666666,1034.4383333333333,1056.4210833333334,938.3554000000001,734.9050000000001,709.0541333333334,727.4591833333335,716.8533333333332,732.65835,126.25618333333409,0.0,0.0,0.0,0.0,0.0,0.0,0.0,0.0,0.0,0.0,0.0,731.7657333333334,754.0783333333334,745.8156999999999,732.2667166666666,742.1966666666667,753.1303,681.7018833333333,1380.315,1378.9273333333333,566.8690166666668,1392.375,1390.535116666667,560.8027666666666,1398.5133333333333,569.7731666666666,907.8771166666666,1404.185,576.24685,570.43295,581.105,73410.3554445,46887.29218689977
2025-11-24,1410.6116833333335,1411.2941500000002,1418.5866666666666,1416.3119333333334,1417.3561333333334,588.905,589.3798166666667,593.9897666666667,753.4765576131699,595.6305333333332,597.0927833333334,601.51,598.9018333333333,598.7482333333334,600.3366666666666,607.0079166666667,609.9716833333333,613.7,613.8022166666667,609.8553833333334,615.01,617.0060833333334,619.09785,622.0516666666666,609.3177,608.9433166666666,615.7166666666667,620.4639,620.1684666666666,614.5033333333333,627.9245,633.1629333333333,627.4616666666666,1435.9452833333335,677.08545,0.0,0.0,604.3920445000019,0.0,812.3108166666667,803.3741999999999,768.39375,702.3302333333334,670.0213000000001,611.9941666666667,1363.9311666666667,587.8594666666667,0.0,0.0,0.0,0.0,0.0,0.0,0.0,0.0,0.0,0.0,0.0,0.0,0.0,0.0,0.0,0.0,0.0,17.702266666666674,814.1279166666667,791.6668166666667,749.7535666666668,757.4433333333334,752.8266000000001,728.8196666666666,665.8425000000001,648.8181833333333,647.1848,645.3029166666668,660.7357166666666,719.89485,0.0,0.0,0.0,0.0,32.484733333333374,0.0,0.0,0.0,0.0,0.0,0.0,0.0,1196.9679166666667,1246.7324333333333,457.8449166666667,497.79708333333343,545.4261,602.5479333333333,663.6049999999999,710.7819999999999,773.44705,832.3570833333334,883.4519333333333,938.5270166666667,992.7875,1021.5004833333332,1024.3962833333333,1032.3,1055.6005166666666,937.8163499999999,734.9050000000001,709.4160166666666,727.9246166666667,716.8533333333332,732.65835,132.3644833333326,0.0,0.0,0.0,0.0,0.0,0.0,0.0,0.0,0.0,0.0,0.0,740.1607000000001,754.0783333333334,748.3759166666666,734.6184666666667,742.1966666666667,753.1303,681.7018833333333,1380.315,1378.9273333333333,566.8690166666668,1392.5683333333334,1390.535116666667,560.8027666666666,1398.5133333333333,569.7731666666666,574.5437833333333,1404.185,905.3483833333332,568.3399666666667,582.3966666666668,78962.92831877984,49349.86089567911
2025-11-25,1412.0884166666667,1411.2941500000002,1416.0533333333333,1416.3119333333334,1417.3561333333334,592.5699999999999,592.8684333333333,594.0031166666666,939.5530660493828,595.6305333333332,597.0927833333334,599.83,598.9018333333333,598.7482333333334,600.3366666666666,607.0079166666667,609.9716833333333,613.7,613.8022166666667,609.8553833333334,615.01,617.0060833333334,618.9547500000001,622.0516666666666,609.3177,603.4421333333333,615.7166666666667,621.5059833333332,620.6929333333334,614.0916666666667,627.9245,633.1629333333333,631.56,1430.0086333333334,673.8257,0.0,0.0,677.267732666667,0.0,812.3108166666667,803.3741999999999,772.4341666666667,712.6826166666666,670.2696166666666,618.7020833333335,1364.9676166666668,594.8093166666665,0.0,0.0,0.0,0.0,0.0,0.0,0.0,0.0,0.0,0.0,0.0,0.0,0.0,0.0,0.0,0.0,0.0,17.702266666666674,814.1279166666667,791.6668166666667,756.7611833333334,757.4433333333334,752.8266000000001,728.8196666666666,665.8425000000001,651.10975,649.4643500000001,672.3520833333332,704.9545666666667,736.4882333333334,0.0,0.0,0.0,6.204583333333328,39.33269999999993,0.0,0.0,0.0,0.0,0.0,0.0,0.0,1200.4537500000001,1249.8173333333334,491.88004362139895,500.3116666666667,555.59815,612.9958166666667,677.01875,714.00865,788.17415,834.6366666666667,888.9748000000001,945.5550833333333,992.7875,1021.5004833333332,1024.3962833333333,1032.3,1056.4210833333334,937.8163499999999,734.9050000000001,709.4160166666666,727.9246166666667,719.0416666666666,732.65835,151.03433333333385,0.0,0.0,0.0,0.0,0.0,0.0,0.0,0.0,0.0,0.0,0.0,742.3044166666666,755.6933333333333,748.3759166666666,732.2667166666666,742.1966666666667,753.1303,681.7018833333333,1386.265,1378.9273333333333,565.5335666666666,1392.5683333333334,1388.6255333333334,560.8027666666666,1398.805,569.7731666666666,574.5437833333333,1404.185,906.3193333333334,570.43295,582.3966666666668,79497.63610900412,49689.3217453969
2025-11-26,1410.6116833333335,1408.1279666666667,1415.63,1416.3119333333334,1417.3561333333334,592.5699999999999,592.8684333333333,593.9897666666667,832.0935687242795,595.0176666666667,596.3121833333333,599.83,598.9018333333333,598.7482333333334,600.3366666666666,607.0079166666667,609.2201833333334,613.4766666666667,613.8022166666667,609.8553833333334,615.01,621.5508166666666,618.9547500000001,624.3133333333334,611.9566333333333,608.9433166666666,609.8616666666666,621.9459666666667,622.0750666666667,618.7216666666667,627.9245,633.1629333333333,631.56,1430.0086333333334,673.8257,0.0,0.0,799.653990333333,0.0,812.3108166666667,803.3741999999999,773.2904166666667,716.8368499999999,674.3570833333332,625.4758333333334,1372.3512833333334,609.4238833333333,0.0,0.0,0.0,0.0,0.0,0.0,0.0,0.0,0.0,0.0,0.0,0.0,0.0,0.0,0.0,0.0,0.0,22.062183333333298,841.2675000000002,806.6374166666667,768.3937666666668,761.6304166666667,762.8367166666667,733.7326166666667,679.335,666.41795,676.3409999999999,680.9991666666668,706.5363333333333,744.3146,0.0,0.0,0.0,14.910833333333358,54.00603333333326,0.0,0.0,0.0,0.0,0.0,0.0,0.0,1200.4537500000001,1256.9252000000001,516.3067611111114,502.3225000000001,558.92405,617.9635999999999,677.01875,733.7647999999998,790.8887666666667,836.4195833333334,893.0468000000001,953.5112166666669,992.7875,1021.5004833333332,1024.3962833333333,1032.3,1056.4210833333334,937.8163499999999,734.9050000000001,709.4160166666666,727.9246166666667,719.0416666666666,732.65835,156.91295000000048,0.0,0.0,0.0,0.0,0.0,0.0,0.0,0.0,0.0,0.0,0.0,742.3044166666666,755.6933333333333,748.3759166666666,731.3756833333333,743.8716666666666,759.9326,682.4224166666667,1386.265,1378.9273333333333,565.5335666666666,1392.5683333333334,1387.4394499999999,558.9967666666666,1398.805,569.7731666666666,574.5437833333333,1406.155,909.5801833333333,570.6835333333333,582.3966666666668,79827.64920350206,49955.45370178661
2025-11-27,1410.6116833333335,1408.1279666666667,1415.63,1416.3119333333334,1417.3561333333334,594.2733333333333,592.8684333333333,593.9897666666667,690.4134765432093,595.0176666666667,596.3121833333333,599.83,598.9018333333333,600.9163166666666,600.3483333333334,607.0079166666667,609.2201833333334,613.4766666666667,613.8022166666667,609.8553833333334,615.01,621.5508166666666,618.9547500000001,624.3133333333334,611.9566333333333,608.9433166666666,608.285,621.5059833333332,622.0750666666667,618.7216666666667,627.9245,633.1629333333333,631.56,1427.9566,671.2178,0.0,0.0,806.3694833333334,250.94700333333697,812.3108166666667,803.3741999999999,773.2904166666667,720.2745,675.7906999999999,625.4879166666667,1372.3512833333334,611.0171666666666,0.0,0.0,0.0,0.0,0.0,0.0,0.0,0.0,0.0,0.0,0.0,0.0,0.0,0.0,0.0,0.0,0.0,27.290733333333264,841.2675000000002,806.8492,773.7298666666668,761.6304166666667,785.6943666666666,733.9818,689.2808333333332,672.1474000000001,695.3161333333335,686.4804166666667,715.9391,749.7589333333334,0.0,0.0,0.0,26.21124999999999,54.88449999999997,0.0,0.0,0.0,0.0,0.0,0.0,0.0,1206.1745833333334,1260.70685,555.4676654320983,504.66624999999993,573.5932666666666,625.2745166666667,678.6729166666665,743.1746833333333,792.8850166666668,840.4783333333332,896.4808333333334,957.8485999999999,995.0095833333336,1021.5004833333332,1024.3962833333333,1032.3,1055.6005166666666,935.1890333333333,734.9050000000001,709.4160166666666,727.9246166666667,719.0416666666666,732.65835,155.56455000000028,0.0,0.0,0.0,0.0,0.0,0.0,0.0,0.0,0.0,0.0,0.0,740.1607000000001,755.6933333333333,748.3759166666666,729.8867833333334,742.1966666666667,759.9326,682.4224166666667,1386.265,1373.2746,564.03845,1396.2633333333333,1387.4394499999999,558.9967666666666,1398.805,570.2652666666668,578.0398,1407.9700000000003,909.5801833333333,570.6835333333333,583.5366666666666,80141.84184530865,50245.13838513152
2025-11-28,1409.6050333333333,1408.1279666666667,1416.0533333333333,1327.8179989711944,1415.0528333333332,594.2733333333333,592.8684333333333,593.9897666666667,591.1466666666668,595.6305333333332,599.0152166666667,599.83,598.9018333333333,600.9163166666666,600.3483333333334,607.0079166666667,609.2201833333334,606.5399999999998,612.9552666666666,607.1466333333334,614.8166666666667,621.5508166666666,618.9547500000001,624.3133333333334,611.9566333333333,608.9433166666666,608.285,621.5059833333332,622.2220666666667,623.0583333333333,627.9245,633.1629333333333,631.56,1427.9566,677.08545,0.0,0.0,805.1006166666666,330.2334286666676,812.3108166666667,803.3741999999999,782.44875,725.64475,678.0047333333333,631.6004166666667,1379.9416999999999,611.4265166666667,0.0,0.0,0.0,0.0,0.0,0.0,0.0,0.0,0.0,0.0,0.0,0.0,0.0,0.0,0.0,0.0,0.0,27.290733333333264,843.9575,826.92265,798.3549,800.0858333333333,786.1491500000001,739.63795,708.7591666666667,706.3648166666667,696.3579333333334,686.4804166666667,715.9391,750.2389666666667,0.0,0.0,23.452616666666774,26.21124999999999,56.35956666666667,0.0,0.0,0.0,0.0,0.0,0.0,0.0,1211.19875,1263.1856500000001,643.9502273662556,521.0433333333333,574.65305,630.7838499999999,680.0958333333333,744.6545666666666,793.1334666666667,841.8004166666666,902.6936166666668,962.3056333333334,1002.425,1021.5004833333332,1024.3962833333333,1032.3,1056.4210833333334,935.1890333333333,734.9050000000001,709.4160166666666,727.9246166666667,719.0416666666666,729.5745333333335,162.34118333333402,0.0,0.0,0.0,0.0,0.0,0.0,0.0,0.0,0.0,0.0,0.0,740.1607000000001,755.6933333333333,748.3759166666666,729.8867833333334,742.1966666666667,759.9326,682.4224166666667,1386.265,1373.2746,564.03845,1396.2633333333333,1388.38645,558.9967666666666,1398.805,569.7731666666666,579.4783166666667,1407.9700000000003,909.5801833333333,570.6835333333333,583.5366666666666,80383.04563833745,50460.70440173819
2025-11-29,576.2717,574.7946333333333,582.72,583.2692499999999,581.7194999999999,594.2733333333333,592.8684333333333,593.9897666666667,591.1466666666668,595.6305333333332,599.0152166666667,599.83,598.9018333333333,600.9163166666666,600.3483333333334,607.0079166666667,609.2201833333334,606.5399999999998,612.9552666666666,607.1466333333334,614.8166666666667,621.5508166666666,618.9547500000001,624.3133333333334,611.9566333333333,608.9433166666666,608.285,621.5059833333332,622.2220666666667,623.0583333333333,627.9245,633.1629333333333,631.56,594.6232666666667,677.08545,0.0,0.0,805.1006166666666,330.2334286666676,812.3108166666667,803.3741999999999,782.44875,725.64475,678.0047333333333,631.6004166666667,1379.9416999999999,611.4265166666667,0.0,0.0,0.0,0.0,0.0,0.0,0.0,0.0,0.0,0.0,0.0,0.0,0.0,0.0,0.0,0.0,0.0,27.290733333333264,843.9575,826.92265,798.3549,800.0858333333333,786.1491500000001,739.63795,708.7591666666667,706.3648166666667,696.3579333333334,686.4804166666667,715.9391,750.2389666666667,0.0,0.0,23.452616666666774,26.21124999999999,56.35956666666667,0.0,0.0,0.0,0.0,0.0,0.0,0.0,1211.19875,1263.1856500000001,643.9502273662556,521.0433333333333,574.65305,630.7838499999999,680.0958333333333,744.6545666666666,793.1334666666667,841.8004166666666,902.6936166666668,962.3056333333334,1002.425,1021.5004833333332,1024.3962833333333,1032.3,1056.4210833333334,935.1890333333333,734.9050000000001,709.4160166666666,727.9246166666667,719.0416666666666,729.5745333333335,162.34118333333402,0.0,0.0,0.0,0.0,0.0,0.0,0.0,0.0,0.0,0.0,0.0,740.1607000000001,755.6933333333333,748.3759166666666,729.8867833333334,742.1966666666667,759.9326,682.4224166666667,1386.265,1373.2746,564.03845,1396.2633333333333,1388.38645,558.9967666666666,1398.805,569.7731666666666,912.8116500000001,1407.9700000000003,576.24685,570.6835333333333,583.5366666666666,75471.83022269959,48413.79984284436
2025-11-30,576.2717,574.7946333333333,582.72,583.2692499999999,581.7194999999999,594.2733333333333,592.8684333333333,593.9897666666667,591.1466666666668,595.6305333333332,599.0152166666667,599.83,598.9018333333333,600.9163166666666,600.3483333333334,607.0079166666667,609.2201833333334,606.5399999999998,612.9552666666666,607.1466333333334,614.8166666666667,621.5508166666666,618.9547500000001,624.3133333333334,611.9566333333333,608.9433166666666,608.285,621.5059833333332,622.2220666666667,623.0583333333333,627.9245,633.1629333333333,631.56,594.6232666666667,677.08545,0.0,0.0,805.1006166666666,330.2334286666676,812.3108166666667,803.3741999999999,782.44875,725.64475,678.0047333333333,631.6004166666667,1379.9416999999999,611.4265166666667,0.0,0.0,0.0,0.0,0.0,0.0,0.0,0.0,0.0,0.0,0.0,0.0,0.0,0.0,0.0,0.0,0.0,27.290733333333264,843.9575,826.92265,798.3549,800.0858333333333,786.1491500000001,739.63795,708.7591666666667,706.3648166666667,696.3579333333334,686.4804166666667,715.9391,750.2389666666667,0.0,0.0,23.452616666666774,26.21124999999999,56.35956666666667,0.0,0.0,0.0,0.0,0.0,0.0,0.0,1211.19875,1263.1856500000001,643.9502273662556,521.0433333333333,574.65305,630.7838499999999,680.0958333333333,744.6545666666666,793.1334666666667,841.8004166666666,902.6936166666668,962.3056333333334,1002.425,1021.5004833333332,1024.3962833333333,1032.3,1056.4210833333334,935.1890333333333,734.9050000000001,709.4160166666666,727.9246166666667,719.0416666666666,729.5745333333335,162.34118333333402,0.0,0.0,0.0,0.0,0.0,0.0,0.0,0.0,0.0,0.0,0.0,740.1607000000001,755.6933333333333,748.3759166666666,729.8867833333334,742.1966666666667,759.9326,682.4224166666667,1386.265,1373.2746,564.03845,1396.2633333333333,1388.38645,558.9967666666666,1398.805,569.7731666666666,912.8116500000001,1407.9700000000003,576.24685,570.6835333333333,583.5366666666666,75471.83022269959,48413.79984284436
2025-12-01,1409.0738333333334,1408.1279666666667,1416.0533333333333,1416.6025833333333,1413.7349166666668,594.2733333333333,584.5813166666667,593.9897666666667,798.6409141975287,595.6305333333332,596.3121833333333,599.83,597.0594833333333,598.7482333333334,600.3366666666666,606.881,608.3290333333333,605.8533333333332,609.4345666666667,607.1466333333334,614.8166666666667,622.89485,621.7354,626.0083333333333,611.9566333333333,608.9433166666666,609.8616666666666,621.5059833333332,622.0750666666667,618.7216666666667,627.9245,633.1629333333333,631.56,1430.0086333333334,677.08545,0.0,0.0,805.1006166666666,553.1421749999993,813.3485333333333,803.6445,784.1554166666668,735.3136666666668,678.0047333333333,631.6004166666667,1388.2085666666667,619.3745166666666,0.0,0.0,0.0,0.0,0.0,0.0,0.0,0.0,0.0,0.0,0.0,0.0,0.0,0.0,0.0,0.0,0.0,36.29823333333328,844.3216666666667,850.2140000000002,821.2534333333333,809.4966666666667,795.0875,753.7914333333333,720.3020833333334,721.9010499999999,729.9461500000001,707.9495833333334,722.8483,759.5759666666668,0.0,0.0,28.049499999999927,49.59708333333341,70.8711,0.0,0.0,0.0,0.0,0.0,0.0,0.0,1213.2058333333334,1272.9958333333334,789.0921257201655,526.5133333333333,587.0015833333333,632.9326,690.8979166666668,748.4967499999999,796.60445,848.6037500000001,905.50585,968.0253833333334,1009.4424999999999,1023.50415,1024.3962833333333,1032.3,1056.4210833333334,935.1890333333333,734.9050000000001,709.4160166666666,727.4591833333335,716.8533333333332,729.5745333333335,158.371566666666,0.0,0.0,0.0,0.0,0.0,0.0,0.0,0.0,0.0,0.0,0.0,740.1607000000001,755.6933333333333,748.3759166666666,731.3756833333333,742.4116666666667,759.9326,681.7018833333333,1380.115,1378.9273333333333,564.03845,1396.2633333333333,1388.38645,560.8027666666666,1398.5133333333333,570.2652666666668,579.4783166666667,1407.9700000000003,909.5801833333333,570.6835333333333,583.6183333333333,81358.29979825103,51082.30465979653
2025-12-02,1409.6050333333333,1408.1279666666667,1419.9666666666667,1421.6950833333335,1415.0528333333332,594.2899999999998,586.919,594.0031166666666,1000.0656030864207,595.6305333333332,596.3121833333333,601.51,598.9517166666667,598.7482333333334,600.3366666666666,607.0079166666667,609.2201833333334,606.5399999999998,609.4345666666667,607.1466333333334,615.2816666666666,623.0851333333334,621.7481666666666,627.2633333333334,611.9566333333333,610.5714,615.7166666666667,621.9459666666667,623.5175,623.0583333333333,627.9245,633.1629333333333,633.6533333333333,1435.9452833333335,681.8068666666666,0.0,2.0105333333332283,816.8461333333332,720.3018666666665,817.8828833333333,809.42495,791.5550000000001,738.8506500000001,683.2176499999999,632.3316666666666,1397.01345,633.9116333333333,0.0,0.0,0.0,0.0,0.0,0.0,0.0,0.0,0.0,0.0,0.0,0.0,0.0,0.0,0.0,0.0,0.0,62.13251666666671,882.4008333333335,864.0899,846.3179166666667,812.0966666666667,805.2764666666667,758.53715,729.2674999999999,726.9715166666667,736.3590333333334,742.4475,767.6676500000001,775.6300833333335,0.0,18.092249999999996,38.05501666666669,64.59541666666655,72.49506666666669,0.0,0.0,0.0,0.0,0.0,0.0,0.0,1220.5320833333335,1283.3813166666666,894.0595002057607,530.7466666666666,588.7935833333333,649.0888166666666,691.2008333333334,759.5456833333333,807.9333499999999,849.9675,907.0709499999999,971.8426333333334,1014.6204166666666,1023.50415,1024.3962833333333,1032.3,1056.4210833333334,936.7942166666667,732.7416666666667,709.4160166666666,727.4591833333335,719.0416666666666,729.5745333333335,174.8268999999999,0.0,0.0,0.0,0.0,0.0,0.0,0.0,0.0,0.0,0.0,0.0,740.1607000000001,755.6933333333333,748.3759166666666,729.8867833333334,742.4116666666667,759.9326,682.4224166666667,1380.115,1380.2706833333334,564.03845,1396.2633333333333,1388.38645,560.8027666666666,1398.5133333333333,570.8258333333334,579.4783166666667,1407.9700000000003,909.5801833333333,570.6835333333333,585.5833333333334,82319.63421995885,51704.64777567584
2025-12-03,1409.6050333333333,1408.1279666666667,1420.82,1421.6950833333335,1415.0528333333332,594.2899999999998,594.1086,594.0435833333333,1002.2747141975321,599.3203166666666,599.8673833333334,602.4566666666666,602.1243833333333,601.72975,600.3366666666666,607.3291166666667,609.9716833333333,613.7,612.9552666666666,609.8553833333334,615.72,623.0851333333334,621.7481666666666,627.2633333333334,620.1498666666666,611.40925,620.1649999999998,622.0854166666667,629.80765,624.3716666666667,628.17885,633.4676833333334,633.6533333333333,1436.7823833333332,681.9638666666667,0.0,2.0105333333332283,816.8461333333332,820.565,820.5698166666666,809.4697166666666,796.8174999999999,740.7911666666666,690.0755,635.5170833333334,1405.8429166666667,642.2658166666666,0.0,0.0,0.0,0.0,0.0,0.0,0.0,0.0,0.0,0.0,0.0,0.0,0.0,0.0,0.0,0.0,0.0,73.48129999999992,884.7783333333334,873.5417166666666,849.1172666666666,826.1683333333334,805.8090166666666,784.9957333333334,734.3741666666667,750.1073,737.73955,775.0145833333333,771.1949666666667,800.7824166666668,0.0,35.76828333333333,48.47460000000001,108.02833333333335,74.43576666666665,0.0,0.0,0.0,0.0,0.0,0.0,0.0,1249.4979166666667,1291.2103000000002,992.7897043209903,530.9670833333333,599.5881999999999,663.1489833333333,708.0620833333331,759.8629833333332,812.0098666666667,861.6954166666668,909.8038666666666,973.3307166666667,1020.9854166666665,1023.9882833333334,1024.7730166666668,1034.4383333333333,1054.8557833333332,935.1767,732.7416666666667,715.3365166666665,727.4591833333335,723.9116666666667,732.65835,169.59933333333345,0.0,0.0,0.0,0.0,0.0,0.0,0.0,0.0,0.0,0.0,0.0,740.1607000000001,755.6933333333333,745.8156999999999,729.8867833333334,743.8716666666666,764.4791833333334,682.4224166666667,1389.39,1373.2746,564.03845,1398.6100000000001,1388.6255333333334,560.8027666666666,1398.5133333333333,573.54395,579.9972333333334,1409.121666666667,911.4905833333332,570.6835333333333,585.5833333333334,82977.99501851852,52162.30747247192
2025-12-04,1410.6116833333335,1425.7185833333333,1422.5133333333333,1421.6950833333335,1422.68565,595.12,594.8914333333333,594.0435833333333,1041.6345300411501,602.3539,604.4299,612.69,602.6900833333333,603.3457833333334,600.3483333333334,611.7427833333334,610.2630166666667,616.8183333333333,613.8022166666667,613.3746833333333,619.6949999999999,624.6881666666667,623.3785833333333,627.89,624.0542333333334,616.6418333333334,622.365,627.0549833333333,632.6476500000001,624.3716666666667,628.17885,637.4105999999999,636.5816666666666,1443.4781833333334,690.8668833333334,0.0,6.062833333333401,829.6928333333333,821.2583333333333,820.5698166666666,809.4697166666666,798.3983333333332,742.9155833333334,694.4220166666667,643.2833333333333,1415.482633333333,649.9750499999999,0.0,0.0,0.0,0.0,0.0,0.0,0.0,0.0,0.0,0.0,0.0,0.0,0.0,0.0,0.0,0.0,0.0,96.05013333333333,898.7591666666667,874.6226833333334,858.9267166666666,838.1716666666666,822.7826166666667,788.3098333333332,751.9370833333332,761.1946500000001,771.0062333333334,793.3387500000001,785.2306166666666,804.5612833333333,19.203333333333376,52.55408333333329,77.22920000000006,112.9366666666668,74.89978333333329,0.0,0.0,0.0,0.0,0.0,0.0,0.0,1250.3129166666665,1296.4638333333332,1338.8274000000001,617.9875462962963,604.4252166666666,664.2294666666666,720.8991666666667,761.4067333333332,814.4344500000001,867.8454166666668,918.4948333333334,974.2893833333334,1020.9854166666665,1023.9882833333334,1024.3962833333333,1034.4383333333333,1054.8557833333332,935.1767,731.355,709.4160166666666,727.9246166666667,729.7466666666666,732.65835,176.62516666666636,0.0,0.0,0.0,0.0,0.0,0.0,0.0,0.0,0.0,0.0,0.0,740.1607000000001,757.6350000000001,748.3759166666666,729.8867833333334,743.8716666666666,768.1036666666666,683.8684499999999,1381.81,1373.2746,563.7502499999999,1396.2633333333333,1388.6255333333334,560.8027666666666,1397.615,574.3471000000001,585.5223666666666,1411.8766666666668,915.9229166666667,573.8630166666667,590.455,83930.53490967078,52788.926495101274
2025-12-05,1415.88935,1430.5032666666666,1422.5133333333333,1416.6025833333333,1427.2770833333334,599.0233333333333,595.5850666666666,594.0435833333333,727.6762886831277,602.3539,604.4299,622.0316666666666,608.5571333333334,604.0954333333334,621.22,620.5511833333333,610.2630166666667,616.8183333333333,613.8022166666667,619.3347,628.14,626.02125,627.2483833333333,636.9300000000001,630.1294333333334,618.26675,624.44,629.3544833333333,633.5730833333333,634.8716666666667,631.8402000000001,641.4911833333334,636.5816666666666,1443.4781833333334,693.5017666666666,0.626449999997817,18.83966666666663,833.2405166666666,835.3850000000001,820.5698166666666,813.5769500000001,801.7608333333333,752.1074833333332,709.6200166666665,646.1858333333332,1416.8965,653.6056000000001,0.0,0.0,0.0,0.0,0.0,0.0,0.0,0.0,0.0,0.0,0.0,0.0,0.0,0.0,0.0,0.0,0.0,110.65823333333326,926.6466666666668,885.4404166666667,865.2924,852.5979166666666,828.5691166666668,825.9644833333334,810.5883333333334,771.76385,810.6342666666667,805.6425000000002,786.1514333333334,809.3760500000001,21.085833333333387,69.4100166666667,77.22920000000006,112.9366666666668,101.09966666666666,0.0,0.0,0.0,0.0,0.0,0.0,0.0,1252.1879166666665,1318.0344833333334,1380.5852666666665,1239.2818467078177,637.8512666666667,681.06725,722.74375,779.6145333333334,831.2094166666666,870.6370833333334,924.0616499999999,974.6522499999999,1026.3241666666665,1025.71955,1024.7730166666668,1034.4383333333333,1054.8557833333332,935.1767,732.7416666666667,709.4160166666666,727.9246166666667,726.3666666666667,727.8764666666667,182.38051666666672,0.0,0.0,0.0,0.0,0.0,0.0,0.0,0.0,0.0,0.0,0.0,742.3044166666666,755.6933333333333,745.8156999999999,729.8517333333332,742.4116666666667,764.4791833333334,683.8684499999999,1382.4466666666667,1376.3645000000001,563.5386166666666,1392.5683333333334,1388.6255333333334,562.2565,1397.615,574.3471000000001,588.3470666666667,1413.3016666666667,915.9229166666667,573.8630166666667,590.455,84885.93775205761,53503.78931615825
2025-12-06,582.5560166666667,597.1699333333333,589.1800000000001,583.2692499999999,593.94375,599.0233333333333,595.5850666666666,594.0435833333333,609.0583333333333,602.3539,604.4299,622.0316666666666,608.5571333333334,604.0954333333334,621.22,620.5511833333333,610.2630166666667,616.8183333333333,613.8022166666667,619.3347,628.14,626.02125,627.2483833333333,636.9300000000001,630.1294333333334,618.26675,624.44,629.3544833333333,633.5730833333333,634.8716666666667,631.8402000000001,641.4911833333334,636.5816666666666,610.14485,693.5017666666666,0.626449999997817,18.83966666666663,833.2405166666666,835.3850000000001,820.5698166666666,813.5769500000001,801.7608333333333,752.1074833333332,709.6200166666665,646.1858333333332,1416.8965,653.6056000000001,0.0,0.0,0.0,0.0,0.0,0.0,0.0,0.0,0.0,0.0,0.0,0.0,0.0,0.0,0.0,0.0,0.0,110.65823333333326,926.6466666666668,885.4404166666667,865.2924,852.5979166666666,828.5691166666668,825.9644833333334,810.5883333333334,771.76385,810.6342666666667,805.6425000000002,786.1514333333334,809.3760500000001,21.085833333333387,69.4100166666667,77.22920000000006,112.9366666666668,101.09966666666666,0.0,0.0,0.0,0.0,0.0,0.0,0.0,1252.1879166666665,1318.0344833333334,1380.5852666666665,1239.2818467078177,637.8512666666667,681.06725,722.74375,779.6145333333334,831.2094166666666,870.6370833333334,924.0616499999999,974.6522499999999,1026.3241666666665,1025.71955,1024.7730166666668,1034.4383333333333,1054.8557833333332,935.1767,732.7416666666667,709.4160166666666,727.9246166666667,726.3666666666667,727.8764666666667,182.38051666666672,0.0,0.0,0.0,0.0,0.0,0.0,0.0,0.0,0.0,0.0,0.0,742.3044166666666,755.6933333333333,745.8156999999999,729.8517333333332,742.4116666666667,764.4791833333334,683.8684499999999,1382.4466666666667,1376.3645000000001,563.5386166666666,1392.5683333333334,1388.6255333333334,562.2565,1397.615,574.3471000000001,921.6804,1413.3016666666667,582.5895833333333,573.8630166666667,590.455,79767.31979670782,51368.19935973074
2025-12-07,582.5560166666667,597.1699333333333,589.1800000000001,583.2692499999999,593.94375,599.0233333333333,595.5850666666666,594.0435833333333,609.0583333333333,602.3539,604.4299,622.0316666666666,608.5571333333334,604.0954333333334,621.22,620.5511833333333,610.2630166666667,616.8183333333333,613.8022166666667,619.3347,628.14,626.02125,627.2483833333333,636.9300000000001,630.1294333333334,618.26675,624.44,629.3544833333333,633.5730833333333,634.8716666666667,631.8402000000001,641.4911833333334,636.5816666666666,610.14485,693.5017666666666,0.626449999997817,18.83966666666663,833.2405166666666,835.3850000000001,820.5698166666666,813.5769500000001,801.7608333333333,752.1074833333332,709.6200166666665,646.1858333333332,1416.8965,653.6056000000001,0.0,0.0,0.0,0.0,0.0,0.0,0.0,0.0,0.0,0.0,0.0,0.0,0.0,0.0,0.0,0.0,0.0,110.65823333333326,926.6466666666668,885.4404166666667,865.2924,852.5979166666666,828.5691166666668,825.9644833333334,810.5883333333334,771.76385,810.6342666666667,805.6425000000002,786.1514333333334,809.3760500000001,21.085833333333387,69.4100166666667,77.22920000000006,112.9366666666668,101.09966666666666,0.0,0.0,0.0,0.0,0.0,0.0,0.0,1252.1879166666665,1318.0344833333334,1380.5852666666665,1239.2818467078177,637.8512666666667,681.06725,722.74375,779.6145333333334,831.2094166666666,870.6370833333334,924.0616499999999,974.6522499999999,1026.3241666666665,1025.71955,1024.7730166666668,1034.4383333333333,1054.8557833333332,935.1767,732.7416666666667,709.4160166666666,727.9246166666667,726.3666666666667,727.8764666666667,182.38051666666672,0.0,0.0,0.0,0.0,0.0,0.0,0.0,0.0,0.0,0.0,0.0,742.3044166666666,755.6933333333333,745.8156999999999,729.8517333333332,742.4116666666667,764.4791833333334,683.8684499999999,1382.4466666666667,1376.3645000000001,563.5386166666666,1392.5683333333334,1388.6255333333334,562.2565,1397.615,574.3471000000001,921.6804,1413.3016666666667,582.5895833333333,573.8630166666667,590.455,79767.31979670782,51368.19935973074
2025-12-08,1420.0043,1430.5032666666666,1422.5133333333333,1421.6950833333335,1432.7826666666667,599.2783333333333,596.4016833333334,595.9574833333334,932.8938876543209,603.7779833333333,608.0968666666666,622.0316666666666,609.6787666666667,609.2076666666667,628.2966666666667,629.9879500000001,625.8979,626.7233333333334,615.0779666666666,622.9525833333333,634.115,628.8316166666666,644.8303333333333,641.7566666666667,636.7702666666667,621.59455,629.3883333333334,629.9733,635.2007833333333,638.4283333333334,633.0439166666667,643.6505999999998,638.47,1444.2951166666667,695.5075666666667,412.67501666666567,32.993166666666525,845.8117500000001,845.1066666666667,836.0740666666667,839.4482666666665,829.8658333333333,759.957,727.1671,691.5929166666666,1427.4037666666668,668.2483833333334,0.0,0.0,0.0,0.0,0.0,0.0,0.0,0.0,0.0,0.0,0.0,0.0,0.0,0.0,0.0,0.0,0.0,117.29400000000003,929.5141666666667,892.5588666666666,879.8643333333334,871.4591666666668,874.1204666666667,873.257,816.6029166666667,794.5839333333333,846.4050833333334,822.6254166666668,840.0945833333334,847.8249,58.30250000000009,72.23176666666662,96.84351666666664,124.64333333333343,123.84913333333331,0.0,0.0,0.0,0.0,0.0,0.0,0.0,1308.7620833333333,1344.6967666666667,1398.5482000000002,1369.3406430041168,640.991,691.17865,737.7175000000001,787.5684666666668,840.7415500000001,897.5266666666666,938.1806833333334,982.1592833333333,1026.3241666666665,1025.71955,1024.3962833333333,1034.4383333333333,1056.4210833333334,936.7942166666667,732.7416666666667,715.3365166666665,731.4847666666666,729.7466666666666,727.8764666666667,189.4786333333335,0.0,0.0,0.0,0.0,0.0,0.0,0.0,0.0,0.0,0.0,0.0,742.3044166666666,752.1416666666667,742.3331,729.8517333333332,742.4116666666667,764.4791833333334,683.8684499999999,1384.8116666666665,1381.38005,563.7502499999999,1396.2633333333333,1388.6255333333334,562.2565,1399.3333333333335,577.1276999999999,593.5836166666667,1415.6566666666668,926.72865,582.5686333333334,590.455,86636.13578065844,54705.96206556803
2025-12-09,1420.0043,1430.5032666666666,1419.9666666666667,1420.7086,1436.8701666666666,610.6683333333334,601.2865833333333,600.3433166666667,767.0184407407426,621.1557666666666,611.716,626.715,633.0059,630.2826166666667,634.1416666666667,644.1932166666667,634.9859833333334,631.6816666666667,643.8870333333333,635.9687166666666,638.6266666666668,641.4668333333334,662.1221833333333,676.1783333333334,661.0124166666667,659.9234166666666,648.505,687.6424833333333,689.6360666666666,674.9816666666667,654.6663666666667,667.7984666666667,654.8583333333333,1471.4651,758.8970333333333,897.4183333333334,54.90003333333334,845.9729166666668,892.7266666666667,888.56655,882.6152666666666,863.8929166666666,824.1571333333335,799.6331166666665,718.4191666666667,1490.1433499999998,724.1961666666666,58.116250000000036,37.91376666666656,0.0,0.0,0.0,0.0,0.0,0.0,0.0,0.0,0.0,0.0,0.0,0.0,0.0,0.0,0.0,132.51801666666674,930.9495833333334,913.623,925.8706333333333,922.3116666666667,931.4994166666668,898.9408666666667,836.5795833333334,815.8014666666667,848.1011333333335,861.45875,858.9842166666666,883.4410666666666,76.5291666666667,102.62225000000005,131.17290000000003,137.68291666666664,149.13044999999997,118.84488333333134,0.0,0.0,0.0,0.0,0.0,0.0,1337.6879166666665,1358.5865,1414.1163333333334,1461.1375,662.9918,694.0704999999999,762.3558333333334,807.8663833333334,860.9173666666667,899.5841666666668,945.0755166666665,989.8516999999998,1027.80875,1025.71955,1017.2452833333334,1034.4383333333333,1054.8557833333332,935.1767,732.7416666666667,703.9110999999999,727.9246166666667,729.7466666666666,727.0164833333333,192.49186666666594,0.0,0.0,0.0,0.0,0.0,0.0,0.0,0.0,0.0,0.0,0.0,745.1734333333334,737.5666666666667,742.3331,729.8517333333332,742.1966666666667,759.9326,681.7018833333333,1382.4466666666667,1381.38005,564.03845,1396.2633333333333,1388.6255333333334,562.2565,1399.3333333333335,577.1276999999999,593.5836166666667,1415.6566666666668,926.72865,582.7212666666667,590.455,88960.30837407407,56396.0912685213
2025-12-10,1420.0043,1431.7609499999999,1422.5133333333333,1421.6950833333335,1438.4918666666667,613.355,602.9226,601.8410500000001,865.0674726337465,622.9969833333333,623.2058666666667,626.715,633.0059,630.2826166666667,634.1416666666667,651.8284166666667,651.1793,636.4666666666667,646.1463000000001,636.1128166666666,639.2116666666666,651.7856833333334,669.3439333333333,676.1783333333334,676.4432833333334,660.25675,658.5533333333334,697.1542666666666,701.5659833333334,677.455,685.4783166666665,705.3463666666667,675.8050000000001,1479.6559666666667,758.8970333333333,897.4183333333334,167.75528333333216,863.89165,905.3216666666667,900.3233833333335,891.9950333333333,873.265,824.1571333333335,806.1008666666665,750.7399999999999,1502.9157166666666,737.5962666666667,71.69333333333327,42.360450000000014,0.0,0.0,0.0,0.0,0.0,0.0,0.0,0.0,0.0,0.0,0.0,0.0,0.0,0.0,0.0,132.51801666666674,936.4166666666667,932.9562666666668,925.8706333333333,941.1129166666667,932.7241166666668,898.9408666666667,836.7491666666667,820.7607499999999,852.4935,878.1008333333334,867.6151,883.4410666666666,110.25,181.93850000000006,152.91823333333332,149.1504166666667,220.7419500000001,218.0988666666671,0.0,0.0,0.0,0.0,0.0,0.0,1343.4079166666666,1379.3843,1414.1163333333334,1464.61125,667.4756,696.4946666666667,762.3558333333334,810.6958500000001,866.0342333333333,902.3658333333333,945.2821000000001,989.8516999999998,1027.80875,1029.3392999999999,1017.2452833333334,1036.31,1059.0744,936.7942166666667,731.355,703.9110999999999,731.4847666666666,730.8333333333334,727.8764666666667,190.30211666666628,0.0,0.0,0.0,0.0,0.0,0.0,0.0,0.0,0.0,0.0,0.0,745.1734333333334,742.3416666666667,745.8156999999999,729.8867833333334,742.4116666666667,758.6890333333334,681.7018833333333,1384.8116666666665,1377.1634833333333,563.7502499999999,1396.2633333333333,1390.9838833333333,563.1845333333333,1399.3333333333335,577.1276999999999,588.3470666666667,1413.3016666666667,926.72865,582.98545,585.5833333333334,89991.19095596707,57126.63758054331
2025-12-11,1420.0043,1434.8628833333332,1432.28,1436.2663000000002,1438.4918666666667,613.355,605.0016166666667,606.02835,1021.8244971193399,622.9969833333333,623.2058666666667,628.34,634.5916,640.2049000000001,634.1416666666667,651.8284166666667,656.0715166666666,641.91,647.2352833333333,654.8433833333333,653.895,655.5740499999999,669.3439333333333,676.1916666666667,678.7939166666667,664.2941833333333,670.4183333333334,697.1542666666666,701.5659833333334,684.105,689.73485,705.3463666666667,676.8083333333333,1484.7273166666669,758.8970333333333,897.4183333333334,221.28901666666673,872.4469166666665,906.0366666666667,900.3233833333335,891.9950333333333,873.265,835.0896666666667,807.7784333333334,755.1270833333334,1510.8547166666667,752.4236999999999,75.4516666666666,42.360450000000014,0.0,0.0,0.0,0.0,0.0,0.0,0.0,0.0,129.0862499999987,0.0,0.0,0.0,0.0,0.0,0.0,175.56791666666655,966.6970833333335,942.5012666666667,959.7609499999999,957.2133333333334,938.8411166666667,899.3823500000001,839.3883333333333,826.2277166666667,860.8269166666668,905.1141666666666,873.1408999999999,898.9379333333334,134.29458333333332,187.43788333333336,185.32974999999988,172.72958333333327,224.58046666666678,285.45926666666674,0.0,0.0,0.0,0.0,0.0,0.0,1356.8404166666667,1394.0147,1426.4986833333332,1474.0375,739.3447388888907,698.8876,764.7979166666665,821.7993166666668,878.5608166666667,903.8033333333334,949.9286166666667,996.8548166666666,1027.80875,1029.3392999999999,1017.2452833333334,1036.31,1059.0744,936.7942166666667,731.355,707.7678500000001,736.5953333333333,730.8333333333334,727.0164833333333,182.97549999999876,0.0,0.0,0.0,0.0,0.0,0.0,0.0,0.0,0.0,0.0,0.0,745.1734333333334,744.7016666666666,747.8670833333333,732.0796833333334,742.4116666666667,758.6890333333334,680.2164833333334,1389.39,1381.38005,564.03845,1398.6100000000001,1390.9838833333333,565.5890666666667,1411.5616666666665,584.5109166666666,588.3470666666667,1413.3016666666667,926.72865,582.98545,590.455,91082.21731934157,57860.82889435125
2025-12-12,1422.4956333333334,1436.2451833333334,1432.28,1387.4404592592605,1438.8979666666667,625.525,606.5876333333333,606.02835,636.15,635.9238166666667,624.6713166666667,631.2483333333332,638.8744333333333,647.3687000000001,651.7633333333334,651.8284166666667,656.0715166666666,641.9300000000001,647.2352833333333,654.8433833333333,655.58,666.9979666666666,671.0782999999999,676.1916666666667,678.7939166666667,664.2941833333333,671.625,697.1542666666666,701.5659833333334,684.105,689.73485,705.9780833333333,684.2166666666667,1489.0140333333334,758.8970333333333,905.6283333333334,221.45681666666667,872.4469166666665,906.0366666666667,900.3233833333335,891.9950333333333,883.7458333333332,847.8751666666667,807.7784333333334,755.1270833333334,1510.8547166666667,762.2528666666668,75.4516666666666,42.9470666666665,0.0,0.0,0.0,0.0,0.0,0.0,0.0,0.0,243.4413666666663,0.0,0.0,0.0,0.0,0.0,0.0,178.95224999999996,981.8966666666668,975.3231833333333,962.1345333333334,963.22,943.3588500000001,903.43605,846.9516666666667,873.0802000000001,865.40895,905.1141666666666,873.1408999999999,898.9379333333334,134.29458333333332,187.43788333333336,189.4704500000001,172.72958333333327,224.58046666666678,285.45926666666674,0.0,0.0,0.0,0.0,0.0,0.0,1356.8404166666667,1394.0147,1426.4986833333332,1474.0375,739.3447388888907,712.3729666666666,764.8466666666667,830.8986166666667,878.5608166666667,909.5933333333335,949.9286166666667,996.8548166666666,1029.7237499999999,1029.8839333333333,1017.2452833333334,1036.31,1054.8557833333332,936.7942166666667,732.7416666666667,715.2466333333334,736.5953333333333,730.8333333333334,727.8764666666667,160.44444999999882,0.0,0.0,0.0,0.0,0.0,0.0,0.0,0.0,0.0,0.0,0.0,745.1734333333334,744.7016666666666,747.8670833333333,732.0796833333334,742.5100000000001,757.6678166666667,680.2164833333334,1391.4483333333333,1383.249,565.1182833333334,1404.4483333333333,1390.9838833333333,565.5890666666667,1415.3633333333332,577.1276999999999,588.3470666666667,1413.3016666666667,926.72865,582.98545,590.455,91048.62929814815,57928.37408713611
2025-12-13,589.1623000000001,602.9118500000001,598.9466666666666,602.9329666666667,605.5646333333333,625.525,606.5876333333333,606.02835,636.15,635.9238166666667,624.6713166666667,631.2483333333332,638.8744333333333,647.3687000000001,651.7633333333334,651.8284166666667,656.0715166666666,641.9300000000001,647.2352833333333,654.8433833333333,655.58,666.9979666666666,671.0782999999999,676.1916666666667,678.7939166666667,664.2941833333333,671.625,697.1542666666666,701.5659833333334,684.105,689.73485,705.9780833333333,684.2166666666667,655.6807000000001,758.8970333333333,905.6283333333334,221.45681666666667,872.4469166666665,906.0366666666667,900.3233833333335,891.9950333333333,883.7458333333332,847.8751666666667,807.7784333333334,755.1270833333334,1510.8547166666667,762.2528666666668,75.4516666666666,42.9470666666665,0.0,0.0,0.0,0.0,0.0,0.0,0.0,0.0,243.4413666666663,0.0,0.0,0.0,0.0,0.0,0.0,178.95224999999996,981.8966666666668,975.3231833333333,962.1345333333334,963.22,943.3588500000001,903.43605,846.9516666666667,873.0802000000001,865.40895,905.1141666666666,873.1408999999999,898.9379333333334,134.29458333333332,187.43788333333336,189.4704500000001,172.72958333333327,224.58046666666678,285.45926666666674,0.0,0.0,0.0,0.0,0.0,0.0,1356.8404166666667,1394.0147,1426.4986833333332,1474.0375,739.3447388888907,712.3729666666666,764.8466666666667,830.8986166666667,878.5608166666667,909.5933333333335,949.9286166666667,996.8548166666666,1029.7237499999999,1029.8839333333333,1017.2452833333334,1036.31,1054.8557833333332,936.7942166666667,732.7416666666667,715.2466333333334,736.5953333333333,730.8333333333334,727.8764666666667,160.44444999999882,0.0,0.0,0.0,0.0,0.0,0.0,0.0,0.0,0.0,0.0,0.0,745.1734333333334,744.7016666666666,747.8670833333333,732.0796833333334,742.5100000000001,757.6678166666667,680.2164833333334,1391.4483333333333,1383.249,565.1182833333334,1404.4483333333333,1390.9838833333333,565.5890666666667,1415.3633333333332,577.1276999999999,921.6804,1413.3016666666667,593.3953166666666,582.98545,590.455,86097.4551388889,55864.39915296722
2025-12-14,589.1623000000001,602.9118500000001,598.9466666666666,602.9329666666667,605.5646333333333,625.525,606.5876333333333,606.02835,636.15,635.9238166666667,624.6713166666667,631.2483333333332,638.8744333333333,647.3687000000001,651.7633333333334,651.8284166666667,656.0715166666666,641.9300000000001,647.2352833333333,654.8433833333333,655.58,666.9979666666666,671.0782999999999,676.1916666666667,678.7939166666667,664.2941833333333,671.625,697.1542666666666,701.5659833333334,684.105,689.73485,705.9780833333333,684.2166666666667,655.6807000000001,758.8970333333333,905.6283333333334,221.45681666666667,872.4469166666665,906.0366666666667,900.3233833333335,891.9950333333333,883.7458333333332,847.8751666666667,807.7784333333334,755.1270833333334,1510.8547166666667,762.2528666666668,75.4516666666666,42.9470666666665,0.0,0.0,0.0,0.0,0.0,0.0,0.0,0.0,243.4413666666663,0.0,0.0,0.0,0.0,0.0,0.0,178.95224999999996,981.8966666666668,975.3231833333333,962.1345333333334,963.22,943.3588500000001,903.43605,846.9516666666667,873.0802000000001,865.40895,905.1141666666666,873.1408999999999,898.9379333333334,134.29458333333332,187.43788333333336,189.4704500000001,172.72958333333327,224.58046666666678,285.45926666666674,0.0,0.0,0.0,0.0,0.0,0.0,1356.8404166666667,1394.0147,1426.4986833333332,1474.0375,739.3447388888907,712.3729666666666,764.8466666666667,830.8986166666667,878.5608166666667,909.5933333333335,949.9286166666667,996.8548166666666,1029.7237499999999,1029.8839333333333,1017.2452833333334,1036.31,1054.8557833333332,936.7942166666667,732.7416666666667,715.2466333333334,736.5953333333333,730.8333333333334,727.8764666666667,160.44444999999882,0.0,0.0,0.0,0.0,0.0,0.0,0.0,0.0,0.0,0.0,0.0,745.1734333333334,744.7016666666666,747.8670833333333,732.0796833333334,742.5100000000001,757.6678166666667,680.2164833333334,1391.4483333333333,1383.249,565.1182833333334,1404.4483333333333,1390.9838833333333,565.5890666666667,1415.3633333333332,577.1276999999999,921.6804,1413.3016666666667,593.3953166666666,582.98545,590.455,86097.4551388889,55864.39915296722
2025-12-15,1426.0245666666667,1436.2451833333334,1432.28,1438.94225,1439.3957666666665,625.525,606.5876333333333,606.02835,887.2346460905344,635.9238166666667,624.6713166666667,631.2483333333332,638.8744333333333,647.3687000000001,653.0716666666666,651.9457833333333,656.9206166666667,648.6783333333334,647.2352833333333,656.3656333333333,656.6,666.9979666666666,671.0782999999999,676.1916666666667,678.7939166666667,673.98475,679.61,697.6826166666666,702.925,684.105,689.73485,705.9780833333333,684.2166666666667,1493.7965666666669,760.7890666666667,905.6283333333334,225.27904999999987,875.6052333333333,906.0366666666667,900.3233833333335,892.9376833333334,886.4354166666667,856.2565666666667,807.7784333333334,760.55625,1510.9254666666666,762.2528666666668,75.4516666666666,48.41018333333341,0.0,0.0,0.0,0.0,0.0,0.0,0.0,0.0,437.8075166666666,0.0,0.0,0.0,0.0,0.0,0.0,198.10806666666667,993.1754166666667,983.9332499999999,979.6055833333334,967.8595833333334,967.9907333333334,923.0786666666667,853.7508333333333,877.0042500000002,866.7612833333333,913.2104166666667,900.6510666666668,931.4688166666667,151.65916666666666,199.8209166666667,194.28765000000007,243.61833333333334,254.79688333333328,285.45926666666674,0.0,0.0,0.0,0.0,0.0,0.0,1361.2375000000002,1402.4223333333334,1432.66375,1488.9420833333334,801.182728189301,719.7384999999999,771.3766666666668,830.8986166666667,878.5608166666667,912.8383333333333,957.9635166666666,1001.70375,1027.80875,1037.7973,1023.1363833333332,1036.8816666666667,1057.7831833333332,935.1767,731.355,715.6142666666667,740.4971333333332,730.8333333333334,727.0164833333333,173.72078333333286,0.0,0.0,0.0,0.0,0.0,0.0,0.0,0.0,0.0,0.0,0.0,742.3044166666666,744.7016666666666,747.8670833333333,732.0796833333334,742.5100000000001,757.6678166666667,683.0635166666666,1395.015,1385.4402666666665,568.8175666666667,1404.4483333333333,1390.9838833333333,565.5890666666667,1415.3633333333332,578.14965,588.3470666666667,1413.3016666666667,926.72865,582.98545,590.455,92103.94535761316,58629.697121584955
2025-12-16,1426.0245666666667,1436.2451833333334,1438.8766666666668,1439.5288833333334,1444.9128166666667,629.505,606.5876333333333,614.5305166666668,752.0256993827168,635.9238166666667,624.6713166666667,631.2483333333332,640.0855333333333,647.3687000000001,653.0716666666666,653.4525666666667,659.2710333333333,649.2716666666668,652.3294833333333,656.3656333333333,656.6,681.2749,671.2721833333333,676.1916666666667,678.7939166666667,673.98475,679.61,697.6826166666666,702.925,684.105,690.4384666666666,705.9780833333333,684.41,1495.48835,760.7890666666667,905.6283333333334,227.34051666666664,887.5913,911.8416666666667,900.8941,892.9376833333334,886.4354166666667,857.2053000000001,812.0652833333334,762.3050000000001,1533.0116333333335,763.6411333333333,78.78666666666675,61.79866666666658,0.0,0.0,0.0,0.0,0.0,0.0,0.0,0.0,440.6726,0.0,0.0,0.0,0.0,108.68578333333267,0.0,216.4612833333334,1031.84875,992.0760333333333,993.3687833333332,985.9929166666668,981.11965,931.19405,890.4120833333334,914.8566666666668,917.8773500000001,921.3379166666666,903.9793833333333,940.1343333333334,168.38958333333326,199.8209166666667,199.4388333333333,243.61833333333334,260.48988333333335,285.45926666666674,0.0,0.0,0.0,0.0,0.0,0.0,1374.7670833333334,1403.95675,1443.2994333333334,1489.8483333333334,850.9245014403295,735.0563500000002,778.8024999999999,830.8986166666667,878.5608166666667,912.8383333333333,976.0424500000001,1002.1233666666666,1027.80875,1037.7973,1027.4510166666666,1036.9533333333334,1059.0744,935.1767,731.355,715.6142666666667,740.4971333333332,730.8333333333334,727.0164833333333,175.07031666666592,0.0,0.0,0.0,0.0,0.0,0.0,0.0,0.0,0.0,0.0,0.0,742.3044166666666,744.7016666666666,747.8670833333333,732.0796833333334,742.5100000000001,757.6678166666667,680.2164833333334,1391.4483333333333,1383.249,568.8175666666667,1404.4483333333333,1392.9995166666668,566.5341666666667,1415.3633333333332,578.14965,588.3470666666667,1415.6566666666668,927.69605,582.98545,590.455,92614.82166748971,59009.317388302676
2025-12-17,1426.0245666666667,1437.27565,1446.4250000000002,1442.3441,1444.9128166666667,629.505,606.5876333333333,614.5305166666668,1010.2322434156385,635.9238166666667,624.6713166666667,631.6283333333333,640.2615666666666,649.5647833333334,653.0716666666666,653.4525666666667,659.2710333333333,650.38,653.9120666666666,672.44525,673.39,681.2749,671.2721833333333,676.1916666666667,684.2999833333332,685.83955,688.8766666666668,697.7063666666667,702.925,684.105,690.4384666666666,705.9780833333333,690.8433333333335,1495.48835,760.7890666666667,910.7483333333332,232.86803333333341,895.46725,912.8583333333333,900.8941,892.9376833333334,890.9866666666666,857.2488,819.6177499999999,766.1191666666667,1533.0116333333335,773.2330833333333,87.33791666666662,62.76536666666664,0.0,0.0,0.0,0.0,0.0,0.0,0.0,0.0,456.4515166666667,0.0,0.0,0.0,0.0,245.37708333333234,0.0,250.29661666666667,1037.4904166666665,1036.0842,1006.69925,989.8545833333333,987.8376000000001,939.9794333333333,913.8025000000001,928.7145833333334,920.6986666666667,933.4091666666667,914.07725,951.6923,191.0683333333333,203.00586666666655,216.76003333333333,243.61833333333334,262.6214499999999,290.35206666666664,0.0,0.0,0.0,0.0,0.0,0.0,1374.7670833333334,1403.95675,1443.2994333333334,1489.8483333333334,867.3658594650221,735.0563500000002,778.8024999999999,830.8986166666667,878.5608166666667,912.8383333333333,976.0424500000001,1002.1233666666666,1027.80875,1037.9175833333334,1034.6122666666668,1038.5166666666667,1063.3272166666668,935.1767,731.355,717.1170833333333,741.3487833333334,730.8333333333334,727.0164833333333,185.1669166666677,0.0,0.0,0.0,0.0,0.0,0.0,0.0,0.0,0.0,0.0,0.0,740.1607000000001,744.675,747.8670833333333,732.0796833333334,742.5100000000001,758.6890333333334,683.0635166666666,1391.4483333333333,1385.4402666666665,569.8221833333334,1402.0566666666668,1392.9995166666668,566.5341666666667,1411.7766666666666,584.5109166666666,593.5836166666667,1415.6566666666668,927.69605,588.6720833333333,595.6166666666667,93466.43940288066,59543.394853365164
2025-12-18,1429.9102666666668,1437.27565,1446.4250000000002,1433.1787123456754,1444.9128166666667,629.505,609.0727666666667,619.6042,636.15,635.9238166666667,625.4613,635.2516666666668,645.4946666666667,649.5647833333334,653.0716666666666,653.4525666666667,659.2710333333333,650.38,653.91305,672.44525,673.39,681.2749,675.5424666666667,682.5966666666667,684.2999833333332,685.83955,688.8766666666668,697.7063666666667,702.925,684.105,701.0648833333332,708.2784333333334,696.2450000000001,1498.9384166666669,762.01225,910.7483333333332,234.7566166666668,896.7779499999999,912.8583333333333,901.4108833333333,895.3751833333334,891.2433333333333,859.0534666666666,827.7356166666667,766.1191666666667,1533.0116333333335,773.2330833333333,87.33791666666662,68.2029,0.0,0.0,0.0,0.0,0.0,0.0,0.0,0.0,456.4515166666667,0.0,0.0,0.0,0.0,269.8902499999995,0.0,250.29661666666667,1040.6825000000001,1036.0842,1015.4235666666667,1008.77875,993.3935,950.2370500000001,913.8025000000001,931.8143333333335,944.6693833333333,946.8258333333333,957.5599000000001,973.4607,206.79833333333332,203.6021666666667,221.54605000000006,243.61833333333334,262.6214499999999,290.35206666666664,0.0,0.0,0.0,0.0,0.0,0.0,1374.7670833333334,1403.95675,1443.2994333333334,1489.8483333333334,867.3658594650221,744.57465,783.7270833333332,830.8986166666667,878.5608166666667,916.4225,977.4429833333332,1009.9943666666666,1034.1133333333335,1037.9175833333334,1034.6122666666668,1038.5166666666667,1063.5103833333333,935.1767,731.355,717.1170833333333,744.6746833333333,732.0816666666666,727.0164833333333,191.46716666666725,0.0,0.0,0.0,0.0,0.0,0.0,0.0,0.0,0.0,0.0,0.0,740.1607000000001,742.3416666666667,746.05545,740.244,743.31,758.6890333333334,683.0635166666666,1391.4483333333333,1385.4402666666665,569.8221833333334,1399.295,1394.8414833333334,566.5341666666667,1411.7766666666666,584.5109166666666,593.5836166666667,1415.8983333333335,929.8491333333332,593.4850333333333,590.455,93408.35520514403,59582.95135350669
2025-12-19,1429.9102666666668,1437.27565,1447.2083333333335,1190.4692405349758,1445.4669666666668,629.505,609.0727666666667,619.6042,636.15,635.9238166666667,635.8001166666667,636.83,651.7603833333334,649.5647833333334,653.0716666666666,653.4525666666667,659.2710333333333,651.1949999999999,663.0762833333333,672.44525,673.39,681.2749,677.0965333333334,688.4866666666666,684.2999833333332,685.83955,695.4933333333333,697.7063666666667,702.925,684.105,701.0648833333332,708.2784333333334,696.2450000000001,1504.84245,764.3458833333334,910.7483333333332,234.7566166666668,896.7779499999999,912.8583333333333,901.4108833333333,895.3751833333334,894.95,865.0391333333333,830.3834166666664,770.3483333333334,1533.5738000000001,773.2330833333333,88.88333333333321,86.06713333333323,0.2538166666665802,0.0,0.0,0.0,0.0,0.0,0.0,0.0,458.2547833333335,95.48338333333311,0.0,0.0,0.0,282.7304166666666,0.0,250.29661666666667,1052.4145833333334,1036.0842,1015.4235666666667,1008.77875,993.3935,950.2370500000001,913.8025000000001,931.8143333333335,944.6693833333333,946.8258333333333,957.5599000000001,973.4607,206.79833333333332,203.6021666666667,221.54605000000006,243.61833333333334,262.6214499999999,290.35206666666664,0.0,0.0,0.0,0.0,0.0,0.0,1374.7670833333334,1403.95675,1443.2994333333334,1489.8483333333334,892.0179563786032,744.57465,783.7270833333332,830.8986166666667,878.5608166666667,916.4225,977.4429833333332,1021.3516166666667,1034.1133333333335,1037.9175833333334,1034.6122666666668,1038.9166666666667,1063.5103833333333,935.1767,727.5966666666667,715.6142666666667,744.6746833333333,732.0816666666666,727.0164833333333,188.5601333333317,0.0,0.0,0.0,0.0,0.0,0.0,0.0,0.0,0.0,0.0,0.0,741.184,742.3416666666667,742.3331,732.0796833333334,742.5100000000001,758.6890333333334,683.0635166666666,1391.4483333333333,1386.2519499999999,571.7149333333333,1399.295,1390.9838833333333,569.9723333333333,1415.3633333333332,584.5109166666666,593.5836166666667,1415.8983333333335,927.69605,593.4850333333333,590.455,93396.39293024692,59659.729389080516
2025-12-20,596.5769333333334,603.9423166666667,613.875,612.7311666666667,612.1336333333334,629.505,609.0727666666667,619.6042,636.15,635.9238166666667,635.8001166666667,636.83,651.7603833333334,649.5647833333334,653.0716666666666,653.4525666666667,659.2710333333333,651.1949999999999,663.0762833333333,672.44525,673.39,681.2749,677.0965333333334,688.4866666666666,684.2999833333332,685.83955,695.4933333333333,697.7063666666667,702.925,684.105,701.0648833333332,708.2784333333334,696.2450000000001,671.5091166666666,764.3458833333334,910.7483333333332,234.7566166666668,896.7779499999999,912.8583333333333,901.4108833333333,895.3751833333334,894.95,865.0391333333333,830.3834166666664,770.3483333333334,1533.5738000000001,773.2330833333333,88.88333333333321,86.06713333333323,0.2538166666665802,0.0,0.0,0.0,0.0,0.0,0.0,0.0,458.2547833333335,95.48338333333311,0.0,0.0,0.0,282.7304166666666,0.0,250.29661666666667,1052.4145833333334,1036.0842,1015.4235666666667,1008.77875,993.3935,950.2370500000001,913.8025000000001,931.8143333333335,944.6693833333333,946.8258333333333,957.5599000000001,973.4607,206.79833333333332,203.6021666666667,221.54605000000006,243.61833333333334,262.6214499999999,290.35206666666664,0.0,0.0,0.0,0.0,0.0,0.0,1374.7670833333334,1403.95675,1443.2994333333334,1489.8483333333334,892.0179563786032,744.57465,783.7270833333332,830.8986166666667,878.5608166666667,916.4225,977.4429833333332,1021.3516166666667,1034.1133333333335,1037.9175833333334,1034.6122666666668,1038.9166666666667,1063.5103833333333,935.1767,727.5966666666667,715.6142666666667,744.6746833333333,732.0816666666666,727.0164833333333,188.5601333333317,0.0,0.0,0.0,0.0,0.0,0.0,0.0,0.0,0.0,0.0,0.0,741.184,742.3416666666667,742.3331,732.0796833333334,742.5100000000001,758.6890333333334,683.0635166666666,1391.4483333333333,1386.2519499999999,571.7149333333333,1399.295,1390.9838833333333,569.9723333333333,1415.3633333333332,584.5109166666666,926.91695,1415.8983333333335,594.3627166666666,593.4850333333333,590.455,88651.98818971193,57684.08635059064
2025-12-21,596.5769333333334,603.9423166666667,613.875,612.7311666666667,612.1336333333334,629.505,609.0727666666667,619.6042,636.15,635.9238166666667,635.8001166666667,636.83,651.7603833333334,649.5647833333334,653.0716666666666,653.4525666666667,659.2710333333333,651.1949999999999,663.0762833333333,672.44525,673.39,681.2749,677.0965333333334,688.4866666666666,684.2999833333332,685.83955,695.4933333333333,697.7063666666667,702.925,684.105,701.0648833333332,708.2784333333334,696.2450000000001,671.5091166666666,764.3458833333334,910.7483333333332,234.7566166666668,896.7779499999999,912.8583333333333,901.4108833333333,895.3751833333334,894.95,865.0391333333333,830.3834166666664,770.3483333333334,1533.5738000000001,773.2330833333333,88.88333333333321,86.06713333333323,0.2538166666665802,0.0,0.0,0.0,0.0,0.0,0.0,0.0,458.2547833333335,95.48338333333311,0.0,0.0,0.0,282.7304166666666,0.0,250.29661666666667,1052.4145833333334,1036.0842,1015.4235666666667,1008.77875,993.3935,950.2370500000001,913.8025000000001,931.8143333333335,944.6693833333333,946.8258333333333,957.5599000000001,973.4607,206.79833333333332,203.6021666666667,221.54605000000006,243.61833333333334,262.6214499999999,290.35206666666664,0.0,0.0,0.0,0.0,0.0,0.0,1374.7670833333334,1403.95675,1443.2994333333334,1489.8483333333334,892.0179563786032,744.57465,783.7270833333332,830.8986166666667,878.5608166666667,916.4225,977.4429833333332,1021.3516166666667,1034.1133333333335,1037.9175833333334,1034.6122666666668,1038.9166666666667,1063.5103833333333,935.1767,727.5966666666667,715.6142666666667,744.6746833333333,732.0816666666666,727.0164833333333,188.5601333333317,0.0,0.0,0.0,0.0,0.0,0.0,0.0,0.0,0.0,0.0,0.0,741.184,742.3416666666667,742.3331,732.0796833333334,742.5100000000001,758.6890333333334,683.0635166666666,1391.4483333333333,1386.2519499999999,571.7149333333333,1399.295,1390.9838833333333,569.9723333333333,1415.3633333333332,584.5109166666666,926.91695,1415.8983333333335,594.3627166666666,593.4850333333333,590.455,88651.98818971193,57684.08635059064
2025-12-22,1429.9102666666668,1437.27565,1447.2083333333335,1446.0645,1444.9128166666667,629.505,610.3485166666667,619.9779166666666,747.4666228395089,636.3686833333334,635.8001166666667,636.83,651.7603833333334,649.6414166666667,653.0716666666666,653.4525666666667,659.2710333333333,651.1949999999999,663.8356,676.1867833333333,673.39,683.7274999999998,679.6600500000001,688.4866666666666,684.2999833333332,685.83955,695.4933333333333,697.7063666666667,702.925,684.105,702.9899833333334,708.5557833333334,696.2450000000001,1512.95775,769.18205,915.1083333333333,234.7566166666668,901.3054166666667,916.2266666666667,901.4108833333333,895.3751833333334,895.7,865.0391333333333,830.3834166666664,770.3483333333334,1533.5738000000001,773.2330833333333,101.94791666666663,86.06713333333323,0.2538166666665802,0.0,0.0,0.0,0.0,0.0,0.0,0.0,464.6523833333334,130.09133333333244,0.0,0.0,0.0,304.6708333333333,0.0,253.581,1071.027916666667,1041.6093166666667,1024.3257333333336,1010.42625,1003.1842166666668,987.5801,913.8025000000001,932.8280333333335,944.6693833333333,946.8258333333333,957.5599000000001,980.7182166666666,212.0999999999999,220.06711666666675,225.38616666666667,243.61833333333334,262.6214499999999,290.35206666666664,0.0,0.0,0.0,0.0,0.0,0.0,1380.0558333333333,1418.0102333333334,1455.1206000000002,1494.8891666666668,906.4031368312784,744.57465,795.9304166666667,830.8986166666667,878.5608166666667,923.07375,977.4429833333332,1021.3516166666667,1034.1133333333335,1037.80605,1034.6122666666668,1042.695,1063.5103833333333,933.0707166666666,727.3966666666668,715.4144500000001,744.6746833333333,730.8333333333334,727.8764666666667,194.64688333333368,0.0,0.0,0.0,0.0,0.0,0.0,0.0,0.0,0.0,0.0,0.0,737.5097166666667,742.3416666666667,741.5117166666666,728.0570333333333,742.5100000000001,758.6890333333334,683.0635166666666,1395.015,1386.2519499999999,571.7149333333333,1399.295,1390.9838833333333,569.9723333333333,1418.0183333333334,585.0215499999999,593.5836166666667,1415.8983333333335,927.69605,595.3318333333334,590.455,94073.95725967079,60037.60886040838
2025-12-23,1437.6043666666667,1440.7062999999998,1447.2083333333335,1446.0645,1445.4669666666668,633.765,621.80685,621.2859333333333,853.5451514403281,637.4892666666667,636.17015,639.2816666666666,651.7603833333334,649.6414166666667,653.4466666666666,654.7442333333333,659.2710333333333,651.1949999999999,663.8356,676.6075833333333,676.485,684.2205333333333,679.6600500000001,688.4866666666666,684.2999833333332,685.83955,695.4933333333333,697.7063666666667,704.1011166666667,685.6733333333334,708.4253666666665,708.8747333333334,705.8166666666667,1512.95775,769.18205,915.2366666666666,234.7566166666668,901.3054166666667,916.2266666666667,901.4108833333333,895.3751833333334,895.7,867.4745500000001,832.7798833333333,774.48375,1534.76615,782.1396,101.94791666666663,86.82691666666676,1.1528333333333194,0.0,0.0,0.0,0.0,0.0,0.0,0.0,464.6523833333334,148.34631666666547,0.0,0.0,0.0,304.6708333333333,0.0,253.581,1071.027916666667,1041.6093166666667,1031.76075,1027.1325000000002,1008.5109166666668,987.5801,922.9704166666668,932.8280333333335,944.6693833333333,946.8258333333333,964.8803333333334,980.7182166666666,212.0999999999999,220.77245000000008,226.98401666666678,243.61833333333334,262.6214499999999,290.35206666666664,0.0,0.0,0.0,0.0,0.0,0.0,1380.0558333333333,1418.0102333333334,1455.1206000000002,1501.9858333333334,927.0998034979415,744.57465,795.9304166666667,830.8986166666667,878.5608166666667,923.07375,977.4429833333332,1021.3516166666667,1034.1133333333335,1037.9175833333334,1036.9432666666667,1042.695,1063.5103833333333,933.0707166666666,727.3966666666668,717.1170833333333,744.6746833333333,730.8333333333334,727.8764666666667,191.11510000000123,0.0,0.0,0.0,0.0,0.0,0.0,0.0,0.0,0.0,0.0,0.0,736.819,742.3416666666667,742.3331,732.0796833333334,742.5100000000001,758.6890333333334,683.0635166666666,1395.015,1386.2519499999999,571.7149333333333,1399.295,1390.9838833333333,569.9723333333333,1418.0183333333334,584.5109166666666,588.3470666666667,1415.8983333333335,929.8491333333332,597.9528000000001,591.3350000000002,94356.26395493827,60190.01654936833
2025-12-24,1437.6043666666667,1440.7062999999998,1447.2083333333335,1439.983930864193,1445.4669666666668,633.765,621.80685,621.8876833333333,637.1883333333334,637.4892666666667,641.6240166666666,648.1433333333333,651.7603833333334,649.6414166666667,653.4466666666666,654.7442333333333,659.2710333333333,651.1949999999999,674.4038166666667,680.2313666666666,679.5366666666666,684.2205333333333,679.6600500000001,688.4866666666666,684.2999833333332,685.83955,697.1533333333333,701.8518833333333,705.8483833333333,685.6733333333334,708.4253666666665,708.8747333333334,705.8166666666667,1512.95775,769.18205,915.2366666666666,234.7566166666668,901.3054166666667,916.2266666666667,901.4108833333333,895.3751833333334,895.7,867.4745500000001,832.7798833333333,774.48375,1534.76615,782.1396,101.94791666666663,86.82691666666676,1.1528333333333194,0.0,0.0,0.0,0.0,0.0,0.0,0.0,464.6523833333334,171.42348333333177,0.0,0.0,0.0,304.6708333333333,0.0,263.7052833333334,1071.027916666667,1054.5518833333333,1034.02585,1027.1325000000002,1008.5109166666668,987.5801,923.8279166666666,932.8280333333335,944.9295333333333,953.9295833333334,964.8803333333334,980.7182166666666,212.0999999999999,220.77245000000008,226.98401666666678,243.61833333333334,262.6214499999999,290.35206666666664,0.0,0.0,0.0,0.0,0.0,0.0,1380.0558333333333,1418.0102333333334,1455.1206000000002,1501.9858333333334,959.8628076131658,744.57465,795.9304166666667,830.8986166666667,882.8276666666666,923.07375,977.4429833333332,1021.3516166666667,1034.1133333333335,1037.9175833333334,1036.9432666666667,1042.695,1063.7946333333334,936.7942166666667,727.3966666666668,717.1170833333333,744.6746833333333,732.0816666666666,727.8764666666667,188.23001666666744,0.0,0.0,0.0,0.0,0.0,0.0,0.0,0.0,0.0,0.0,0.0,736.819,742.3416666666667,742.3331,732.0796833333334,742.4116666666667,758.6890333333334,683.0635166666666,1395.015,1386.2519499999999,571.7149333333333,1402.0566666666668,1394.8414833333334,573.1774833333333,1418.0183333333334,584.5109166666666,588.3470666666667,1419.1566666666668,929.8491333333332,597.9528000000001,596.5783333333333,94287.79942181069,60191.24868902094
2025-12-25,1441.1745333333333,1442.0292666666667,1447.2083333333335,1446.0645,1445.4669666666668,633.765,621.80685,621.8876833333333,673.8038726337425,637.4892666666667,641.6240166666666,648.1433333333333,651.7603833333334,649.6414166666667,653.4466666666666,654.7442333333333,659.2710333333333,651.1949999999999,674.4038166666667,680.2313666666666,679.5366666666666,684.2205333333333,679.6600500000001,688.8933333333333,684.7073666666668,686.2563166666666,697.1533333333333,701.8518833333333,705.8483833333333,685.6733333333334,708.4253666666665,708.8747333333334,705.8366666666667,1515.7540666666669,769.18205,915.2366666666666,234.7566166666668,901.3054166666667,916.2266666666667,903.8225500000001,906.8590333333334,896.6200000000001,867.4745500000001,836.9587499999999,776.9,1534.76615,782.1396,106.82124999999985,86.82691666666676,1.1528333333333194,0.0,0.0,0.0,0.0,0.0,0.0,0.0,481.45886666666667,206.03418333333212,0.0,0.0,0.0,304.6708333333333,0.0,263.7052833333334,1071.027916666667,1054.5518833333333,1034.02585,1027.1325000000002,1008.5109166666668,987.5801,923.8279166666666,932.8280333333335,944.9295333333333,953.9295833333334,964.8803333333334,980.7182166666666,212.0999999999999,223.76909999999998,230.15636666666674,246.7808333333334,272.41433333333345,290.71349999999995,0.0,0.0,0.0,0.0,0.0,0.0,1380.0558333333333,1418.0102333333334,1455.1206000000002,1501.9858333333334,1005.3894973251042,744.7099500000002,795.9304166666667,838.3688500000001,882.8276666666666,923.07375,977.4429833333332,1022.3532,1034.8545833333335,1039.2540666666669,1036.9432666666667,1042.695,1063.7946333333334,936.7942166666667,727.3966666666668,717.1170833333333,744.6746833333333,732.0816666666666,726.8847333333334,195.8825833333359,0.0,0.0,0.0,0.0,0.0,0.0,0.0,0.0,0.0,0.0,0.0,736.819,742.3416666666667,742.3331,732.0796833333334,742.4116666666667,758.6890333333334,683.0635166666666,1395.015,1386.2519499999999,571.7149333333333,1403.0483333333334,1399.0366833333333,573.5151999999999,1418.1616666666666,584.5109166666666,587.9633333333334,1419.1566666666668,929.8491333333332,597.9528000000001,596.5783333333333,94504.77931995885,60356.545095189715
2025-12-26,1441.1745333333333,1442.0292666666667,1447.2083333333335,1297.7047460905333,1445.4669666666668,633.765,623.7163333333333,633.23595,637.4766666666667,637.4892666666667,641.6240166666666,648.1433333333333,656.2272166666667,649.6414166666667,653.4466666666666,658.90185,659.7676833333334,651.1949999999999,674.4038166666667,680.2313666666666,679.5366666666666,684.2205333333333,679.6600500000001,691.395,689.7361333333333,686.2563166666666,697.1533333333333,701.8518833333333,706.89375,690.0083333333333,711.6460333333332,708.8747333333334,705.8366666666667,1515.7540666666669,769.18205,915.2366666666666,244.56876666666665,903.63675,916.2266666666667,903.8225500000001,906.8590333333334,898.1466666666668,874.4341,836.9587499999999,776.9,1534.76615,782.1396,106.82124999999985,86.82691666666676,1.1528333333333194,0.0,0.0,0.0,0.0,0.0,0.0,0.0,481.45886666666667,206.03418333333212,0.0,0.0,0.0,304.6708333333333,0.0,263.7052833333334,1071.027916666667,1054.5518833333333,1034.7158833333333,1037.7020833333333,1009.4188333333334,988.87235,950.4408333333333,936.1527833333333,947.4267,953.9295833333334,964.8803333333334,980.7182166666666,212.0999999999999,237.54106666666667,237.87896666666666,246.7808333333334,272.41433333333345,290.71349999999995,0.0,0.0,0.0,0.0,0.0,0.0,1380.0558333333333,1418.0102333333334,1455.1206000000002,1501.9858333333334,1005.3894973251042,749.6342333333331,798.2470833333333,839.4890333333333,882.8276666666666,923.07375,977.4429833333332,1022.3532,1034.8545833333335,1040.12555,1036.9432666666667,1042.695,1063.7946333333334,936.7942166666667,727.5966666666667,717.1170833333333,744.6746833333333,730.8333333333334,727.3117833333333,218.46380000000136,0.0,0.0,0.0,0.0,0.0,0.0,0.0,0.0,0.0,0.0,0.0,737.5097166666667,742.3416666666667,742.3331,732.0796833333334,741.1366666666667,757.6678166666667,683.0635166666666,1395.015,1386.2519499999999,571.7149333333333,1403.0483333333334,1399.0366833333333,573.5151999999999,1418.1616666666666,584.5109166666666,587.9633333333334,1421.7133333333334,930.1444833333333,597.9528000000001,596.5783333333333,94479.06062674898,60387.36847278128
2025-12-27,607.8412000000001,608.6959333333333,613.875,612.7311666666667,612.1336333333334,633.765,623.7163333333333,633.23595,637.4766666666667,637.4892666666667,641.6240166666666,648.1433333333333,656.2272166666667,649.6414166666667,653.4466666666666,658.90185,659.7676833333334,651.1949999999999,674.4038166666667,680.2313666666666,679.5366666666666,684.2205333333333,679.6600500000001,691.395,689.7361333333333,686.2563166666666,697.1533333333333,701.8518833333333,706.89375,690.0083333333333,711.6460333333332,708.8747333333334,705.8366666666667,682.4207333333335,769.18205,915.2366666666666,244.56876666666665,903.63675,916.2266666666667,903.8225500000001,906.8590333333334,898.1466666666668,874.4341,836.9587499999999,776.9,1534.76615,782.1396,106.82124999999985,86.82691666666676,1.1528333333333194,0.0,0.0,0.0,0.0,0.0,0.0,0.0,481.45886666666667,206.03418333333212,0.0,0.0,0.0,304.6708333333333,0.0,263.7052833333334,1071.027916666667,1054.5518833333333,1034.7158833333333,1037.7020833333333,1009.4188333333334,988.87235,950.4408333333333,936.1527833333333,947.4267,953.9295833333334,964.8803333333334,980.7182166666666,212.0999999999999,237.54106666666667,237.87896666666666,246.7808333333334,272.41433333333345,290.71349999999995,0.0,0.0,0.0,0.0,0.0,0.0,1380.0558333333333,1418.0102333333334,1455.1206000000002,1501.9858333333334,1005.3894973251042,749.6342333333331,798.2470833333333,839.4890333333333,882.8276666666666,923.07375,977.4429833333332,1022.3532,1034.8545833333335,1040.12555,1036.9432666666667,1042.695,1063.7946333333334,936.7942166666667,727.5966666666667,717.1170833333333,744.6746833333333,730.8333333333334,727.3117833333333,218.46380000000136,0.0,0.0,0.0,0.0,0.0,0.0,0.0,0.0,0.0,0.0,0.0,737.5097166666667,742.3416666666667,742.3331,732.0796833333334,741.1366666666667,757.6678166666667,683.0635166666666,1395.015,1386.2519499999999,571.7149333333333,1403.0483333333334,1399.0366833333333,573.5151999999999,1418.1616666666666,584.5109166666666,921.2966666666666,1421.7133333333334,596.81115,597.9528000000001,596.5783333333333,89627.42038065844,58365.914426318064
2025-12-28,607.8412000000001,608.6959333333333,613.875,612.7311666666667,612.1336333333334,633.765,623.7163333333333,633.23595,637.4766666666667,637.4892666666667,641.6240166666666,648.1433333333333,656.2272166666667,649.6414166666667,653.4466666666666,658.90185,659.7676833333334,651.1949999999999,674.4038166666667,680.2313666666666,679.5366666666666,684.2205333333333,679.6600500000001,691.395,689.7361333333333,686.2563166666666,697.1533333333333,701.8518833333333,706.89375,690.0083333333333,711.6460333333332,708.8747333333334,705.8366666666667,682.4207333333335,769.18205,915.2366666666666,244.56876666666665,903.63675,916.2266666666667,903.8225500000001,906.8590333333334,898.1466666666668,874.4341,836.9587499999999,776.9,1534.76615,782.1396,106.82124999999985,86.82691666666676,1.1528333333333194,0.0,0.0,0.0,0.0,0.0,0.0,0.0,481.45886666666667,206.03418333333212,0.0,0.0,0.0,304.6708333333333,0.0,263.7052833333334,1071.027916666667,1054.5518833333333,1034.7158833333333,1037.7020833333333,1009.4188333333334,988.87235,950.4408333333333,936.1527833333333,947.4267,953.9295833333334,964.8803333333334,980.7182166666666,212.0999999999999,237.54106666666667,237.87896666666666,246.7808333333334,272.41433333333345,290.71349999999995,0.0,0.0,0.0,0.0,0.0,0.0,1380.0558333333333,1418.0102333333334,1455.1206000000002,1501.9858333333334,1005.3894973251042,749.6342333333331,798.2470833333333,839.4890333333333,882.8276666666666,923.07375,977.4429833333332,1022.3532,1034.8545833333335,1040.12555,1036.9432666666667,1042.695,1063.7946333333334,936.7942166666667,727.5966666666667,717.1170833333333,744.6746833333333,730.8333333333334,727.3117833333333,218.46380000000136,0.0,0.0,0.0,0.0,0.0,0.0,0.0,0.0,0.0,0.0,0.0,737.5097166666667,742.3416666666667,742.3331,732.0796833333334,741.1366666666667,757.6678166666667,683.0635166666666,1395.015,1386.2519499999999,571.7149333333333,1403.0483333333334,1399.0366833333333,573.5151999999999,1418.1616666666666,584.5109166666666,921.2966666666666,1421.7133333333334,596.81115,597.9528000000001,596.5783333333333,89627.42038065844,58365.914426318064
2025-12-29,1446.2518,1446.8047833333333,1447.2083333333335,1278.8443152263367,1445.4669666666668,633.765,623.7163333333333,633.23595,637.4766666666667,637.4892666666667,641.6240166666666,648.1433333333333,656.2272166666667,649.6414166666667,653.4466666666666,666.4071,663.4041833333333,651.1949999999999,674.4038166666667,680.2313666666666,679.5366666666666,684.3720166666667,696.7558000000001,692.355,692.4875166666667,692.2243833333334,697.1533333333333,701.8518833333333,711.1028166666667,692.1716666666666,711.6460333333332,708.8747333333334,705.8366666666667,1515.7540666666669,769.18205,915.2366666666666,244.56876666666665,903.63675,916.2266666666667,903.8225500000001,906.8590333333334,898.1466666666668,874.4341,836.9587499999999,785.1470833333333,1538.0549666666666,783.0073833333335,111.4416666666666,87.30321666666657,2.444433333333336,0.0,0.0,0.0,0.0,0.0,0.0,0.0,481.45886666666667,208.59081666666543,0.0,0.0,0.0,304.6708333333333,0.0,263.7052833333334,1071.027916666667,1054.5518833333333,1034.7158833333333,1044.9275,1014.0283333333334,991.3437000000001,950.4408333333333,936.1527833333333,947.4267,953.9295833333334,964.8803333333334,980.7182166666666,212.0999999999999,237.54106666666667,237.87896666666666,246.7808333333334,272.41433333333345,290.71349999999995,0.0,0.0,0.0,0.0,0.0,0.0,1380.0558333333333,1418.0102333333334,1455.1206000000002,1501.9858333333334,1005.3894973251042,749.6342333333331,798.2470833333333,839.4890333333333,882.8276666666666,923.07375,977.4429833333332,1022.3532,1034.1133333333335,1040.12555,1036.9432666666667,1042.695,1071.0308,945.0320833333334,731.355,717.1170833333333,744.6746833333333,732.0816666666666,729.8503666666668,208.59886666666773,0.0,0.0,0.0,0.0,0.0,0.0,0.0,0.0,0.0,0.0,0.0,737.5097166666667,742.3416666666667,742.3331,732.0796833333334,741.1366666666667,757.1282166666666,683.0635166666666,1395.015,1386.2519499999999,571.7149333333333,1403.0483333333334,1399.0366833333333,573.5151999999999,1418.1616666666666,584.5109166666666,587.9633333333334,1421.7133333333334,930.1444833333333,597.9528000000001,596.5783333333333,94562.02221255144,60440.22539067276
2025-12-30,1441.1745333333333,1442.0292666666667,1447.2083333333335,1446.6288333333334,1445.4669666666668,633.765,624.34455,633.23595,734.1562736625513,637.4892666666667,642.8430999999999,648.1433333333333,656.2272166666667,649.6414166666667,656.7033333333333,666.4071,663.4041833333333,651.1949999999999,666.6254166666666,678.3014833333333,679.5366666666666,684.3720166666667,696.7558000000001,695.9666666666667,700.3726333333335,692.2243833333334,697.1533333333333,697.7063666666667,711.1028166666667,696.1666666666666,708.9345333333333,708.5557833333334,705.8366666666667,1515.7540666666669,764.3458833333334,915.1083333333333,234.7566166666668,903.63675,916.2266666666667,903.8225500000001,906.8590333333334,896.6200000000001,868.0694000000001,836.9587499999999,785.1470833333333,1539.6315,783.0073833333335,111.4416666666666,87.30321666666657,2.444433333333336,0.0,0.0,0.0,0.0,0.0,0.0,0.0,481.45886666666667,195.16708333333227,0.0,0.0,0.0,297.7466666666666,0.0,263.7052833333334,1071.027916666667,1054.5518833333333,1034.7158833333333,1044.9275,1021.1674666666667,993.3614833333334,950.4408333333333,941.6693833333334,956.8443,960.6641666666667,969.4868,993.8154333333334,212.20749999999998,237.54106666666667,237.87896666666666,246.7808333333334,263.6568333333333,290.71349999999995,0.0,0.0,0.0,0.0,0.0,0.0,1380.0558333333333,1418.0102333333334,1455.1206000000002,1501.9858333333334,1011.8984479423891,749.6342333333331,798.2470833333333,839.4890333333333,882.8276666666666,925.1091666666666,977.4429833333332,1022.3532,1035.155,1040.12555,1036.9432666666667,1042.695,1071.0308,945.0320833333334,727.5966666666667,717.1170833333333,744.6746833333333,732.0816666666666,729.8503666666668,221.9150166666684,0.0,0.0,0.0,0.0,0.0,0.0,0.0,0.0,0.0,0.0,0.0,737.5097166666667,742.3416666666667,742.3331,732.0796833333334,742.5100000000001,754.0738,680.2164833333334,1396.1383333333333,1385.4402666666665,571.7149333333333,1403.0483333333334,1402.3067833333334,573.5151999999999,1418.1616666666666,583.0876333333333,587.9633333333334,1421.7133333333334,930.1444833333333,595.3318333333334,596.5783333333333,94832.93828827162,60545.87644598334
2025-12-31,1437.6043666666667,1442.0292666666667,1452.315,1384.6260751028772,1445.4669666666668,633.765,624.34455,634.6223333333332,636.15,637.4892666666667,642.8430999999999,646.0966666666667,656.2272166666667,649.6414166666667,653.0716666666666,658.90185,659.7676833333334,650.38,666.6254166666666,678.3014833333333,679.5366666666666,684.2205333333333,679.6600500000001,694.355,700.3726333333335,692.2243833333334,697.1533333333333,697.7063666666667,711.1028166666667,692.1716666666666,708.4253666666665,708.5557833333334,705.8366666666667,1515.7540666666669,764.3458833333334,915.1083333333333,233.07095000000004,901.3054166666667,916.2266666666667,901.4108833333333,895.3751833333334,896.6200000000001,868.0694000000001,837.1435666666667,786.8770833333333,1538.0549666666666,782.1396,111.4416666666666,92.93376666666654,2.444433333333336,0.0,0.0,0.0,0.0,0.0,0.0,0.0,464.6523833333334,173.5233333333321,0.0,0.0,0.0,288.56458333333336,0.0,263.7052833333334,1070.38125,1047.30165,1036.7947333333334,1044.9275,1021.1674666666667,993.3614833333334,950.4408333333333,941.6693833333334,956.8443,960.6641666666667,969.4868,993.8154333333334,212.20749999999998,237.54106666666667,237.87896666666666,246.7808333333334,263.6568333333333,290.71349999999995,0.0,0.0,0.0,0.0,0.0,0.0,1380.0558333333333,1418.0102333333334,1455.1206000000002,1501.9858333333334,1011.8984479423891,749.6342333333331,799.1254166666665,838.3688500000001,878.6889333333334,925.1091666666666,977.4429833333332,1022.3532,1034.1133333333335,1040.12555,1034.6122666666668,1042.4533333333334,1071.0308,945.0320833333334,727.5966666666667,716.6204333333334,746.5818833333334,732.0816666666666,729.8503666666668,212.8583500000026,0.0,0.0,0.0,0.0,0.0,0.0,0.0,0.0,0.0,0.0,0.0,737.5097166666667,742.3416666666667,742.0147833333334,732.0796833333334,741.1366666666667,754.0738,682.0935833333333,1396.1383333333333,1385.4402666666665,572.5098666666668,1402.0566666666668,1405.3093166666667,576.08755,1418.1616666666666,583.0876333333333,582.3762833333334,1419.1566666666668,929.8491333333332,595.3318333333334,596.5783333333333,94550.0756563786,60385.145735547085
