date,interval,charge_kwh,discharge_kwh,storage_start_kwh,storage_end_kwh
2025-02-01,00:00-04:00,0.0,0.0,10800.0,10800.0
2025-02-01,04:00-08:00,351.1018106995875,463.77663333333345,10800.0,10600.684259259258
2025-02-01,08:00-12:00,953.5113991769564,592.9600666666665,10600.684259259258,10800.0
2025-02-01,12:00-16:00,0.0,0.0,10800.0,10800.0
2025-02-01,16:00-20:00,0.0,3247.977333333334,10800.0,7191.136296296297
2025-02-01,20:00-24:00,6225.24781893004,1794.4733999999999,7191.136296296297,10800.0
2025-02-02,00:00-04:00,0.0,0.0,10800.0,10800.0
2025-02-02,04:00-08:00,761.055308641975,1307.0652166666666,10800.0,10032.655092592593
2025-02-02,08:00-12:00,6542.007383333332,5931.59025,10032.655092592593,9329.805904259258
2025-02-02,12:00-16:00,3159.165867695477,1235.7496666666666,9329.805904259258,10800.0
2025-02-02,16:00-20:00,0.0,5463.691233333334,10800.0,4729.231962962962
2025-02-02,20:00-24:00,5992.862816666667,2826.3649166666664,4729.231962962962,6982.403034999999
2025-02-03,00:00-04:00,4241.774405555554,0.0,6982.403034999999,10800.0
2025-02-03,04:00-08:00,782.7631069958815,1252.0868666666665,10800.0,10113.279166666667
2025-02-03,08:00-12:00,6188.666416666666,5739.541616666667,10113.279166666667,9305.810478703703
2025-02-03,12:00-16:00,3371.884859053498,1386.4561666666668,9305.810478703703,10800.0
2025-02-03,16:00-20:00,0.0,5451.355983333332,10800.0,4742.937796296297
2025-02-03,20:00-24:00,5813.080116666667,2881.8067833333334,4742.937796296297,6772.702364259259
2025-02-04,00:00-04:00,4474.775150823047,0.0,6772.702364259259,10800.0
2025-02-04,04:00-08:00,782.0145473251055,1335.7992833333328,10800.0,10019.591666666667
2025-02-04,08:00-12:00,6112.50325,6302.445100000001,10019.591666666667,8518.127813888887
2025-02-04,12:00-16:00,4818.583951646093,1849.3680333333336,8518.127813888887,10800.0
2025-02-04,16:00-20:00,8.415637860083129,5465.267966666665,10800.0,4735.054111111113
2025-02-04,20:00-24:00,5864.062716666666,2794.8292333333334,4735.054111111113,6907.344741296299
2025-02-05,00:00-04:00,4306.079259670778,0.0,6907.344741296299,10782.816074999995
2025-02-05,04:00-08:00,818.9926944444505,1395.1685499999994,10782.816074999995,9969.722222222223
2025-02-05,08:00-12:00,6002.7977666666675,6509.307950000001,9969.722222222223,8139.675823333333
2025-02-05,12:00-16:00,4783.2514308641985,1480.1419,8139.675823333333,10800.0
2025-02-05,16:00-20:00,7.191934156378718,5489.475566666665,10800.0,4707.055444444446
2025-02-05,20:00-24:00,5843.2255000000005,2840.8669333333337,4707.055444444446,6809.439579629632
2025-02-06,00:00-04:00,4424.3035226337415,3.7966666666666242,6809.439579629632,10787.09423148148
2025-02-06,04:00-08:00,818.0848251028787,1412.6447666666666,10787.09423148148,9953.765277777778
2025-02-06,08:00-12:00,6175.8364,6065.324133333335,9953.765277777778,8772.769000740738
2025-02-06,12:00-16:00,4248.832015637862,1617.0460333333335,8772.769000740738,10800.0
2025-02-06,16:00-20:00,0.0,5417.927816666665,10800.0,4780.0802037037065
2025-02-06,20:00-24:00,5897.945016666667,2909.1940333333337,4780.0802037037065,6855.792903888893
2025-02-07,00:00-04:00,4382.452329012342,0.0,6855.792903888893,10800.0
2025-02-07,04:00-08:00,333.2624485596716,438.81633333333343,10800.0,10612.3625
2025-02-07,08:00-12:00,1528.7039917695472,1069.3764833333335,10612.3625,10800.0
2025-02-07,12:00-16:00,0.0,0.0,10800.0,10800.0
2025-02-07,16:00-20:00,0.0,3416.327533333333,10800.0,7004.080518518517
2025-02-07,20:00-24:00,6495.542119341566,1845.0615833333331,7004.080518518517,10800.0
2025-02-08,00:00-04:00,0.0,0.0,10800.0,10800.0
2025-02-08,04:00-08:00,300.00366255143996,391.16588333333334,10800.0,10635.374537037036
2025-02-08,08:00-12:00,591.4632921810709,330.92235000000016,10635.374537037036,10800.0
2025-02-08,12:00-16:00,0.0,0.0,10800.0,10800.0
2025-02-08,16:00-20:00,0.0,3401.548116666667,10800.0,7020.502092592592
2025-02-08,20:00-24:00,6518.210925925929,1878.2027333333335,7020.502092592592,10800.0
2025-02-09,00:00-04:00,0.0,0.0,10800.0,10800.0
2025-02-09,04:00-08:00,769.7805967078215,1304.2947833333335,10800.0,10043.586111111112
2025-02-09,08:00-12:00,5945.6691666666675,6126.703383333335,10043.586111111112,8587.240157407407
2025-02-09,12:00-16:00,4392.8506893004105,1566.7251999999999,8587.240157407407,10800.0
2025-02-09,16:00-20:00,0.0,5540.825366666666,10800.0,4643.5273703703715
2025-02-09,20:00-24:00,5814.094216666666,2801.6844833333334,4643.5273703703715,6763.229406111113
2025-02-10,00:00-04:00,4485.30065987654,0.0,6763.229406111113,10800.0
2025-02-10,04:00-08:00,754.3494650205788,1270.7497333333336,10800.0,10066.97037037037
2025-02-10,08:00-12:00,6531.583066666668,4718.230150000001,10066.97037037037,10702.917185925926
2025-02-10,12:00-16:00,1712.4443407407407,1299.705383333333,10702.917185925926,10800.0
2025-02-10,16:00-20:00,0.0,5529.416066666667,10800.0,4656.20437037037
2025-02-10,20:00-24:00,5604.94675,2839.7895,4656.20437037037,6545.334778703705
2025-02-11,00:00-04:00,4727.405801440331,0.0,6545.334778703705,10800.0
2025-02-11,04:00-08:00,791.3100000000012,1320.545266666667,10800.0,10044.906481481481
2025-02-11,08:00-12:00,6361.842149999999,5534.847466666666,10044.906481481481,9620.733897962962
2025-02-11,12:00-16:00,2698.2216771604953,1124.2200666666668,9620.733897962962,10800.0
2025-02-11,16:00-20:00,0.0,5562.633583333332,10800.0,4619.296018518519
2025-02-11,20:00-24:00,5715.06035,2905.9092666666666,4619.296018518519,6534.062259444445
2025-02-12,00:00-04:00,4739.930822839507,0.0,6534.062259444445,10800.0
2025-02-12,04:00-08:00,785.2627160493814,1305.6286333333337,10800.0,10056.037962962962
2025-02-12,08:00-12:00,6230.502716666666,5145.695666666667,10056.037962962962,9946.05077833333
2025-02-12,12:00-16:00,2746.7227154321035,1456.2911,9946.05077833333,10800.0
2025-02-12,16:00-20:00,0.0,5534.082200000001,10800.0,4651.019777777777
2025-02-12,20:00-24:00,5639.632416666667,2872.4230333333335,4651.019777777777,6535.107804629629
2025-02-13,00:00-04:00,4502.454239300414,6.466766666666558,6535.107804629629,10580.131323703701
2025-02-13,04:00-08:00,994.5780148148174,1289.4463833333339,10580.131323703701,10042.533333333333
2025-02-13,08:00-12:00,5901.1900411522665,4098.243933333333,10042.533333333333,10800.0
2025-02-13,12:00-16:00,954.4791152263376,773.1280833333336,10800.0,10800.0
2025-02-13,16:00-20:00,0.0,5628.829616666666,10800.0,4545.744870370369
2025-02-13,20:00-24:00,5863.983383333334,2864.1467833333336,4545.744870370369,6640.944600555554
2025-02-14,00:00-04:00,4621.172666049383,0.0,6640.944600555554,10800.0
2025-02-14,04:00-08:00,370.28886831275827,445.4814833333336,10800.0,10638.280555555555
2025-02-14,08:00-12:00,413.5677160493837,189.44235000000015,10638.280555555555,10800.0
2025-02-14,12:00-16:00,0.0,0.0,10800.0,10800.0
2025-02-14,16:00-20:00,0.0,3409.2519666666676,10800.0,7011.942259259258
2025-02-14,20:00-24:00,6468.1745267489705,1829.9694,7011.942259259258,10800.0
2025-02-15,00:00-04:00,0.0,0.0,10800.0,10800.0
2025-02-15,04:00-08:00,378.72995884773724,391.29126666666696,10800.0,10706.08888888889
2025-02-15,08:00-12:00,271.4511316872449,135.35541666666666,10706.08888888889,10800.0
2025-02-15,12:00-16:00,0.0,0.0,10800.0,10800.0
2025-02-15,16:00-20:00,0.0,3507.3429666666675,10800.0,6902.952259259259
2025-02-15,20:00-24:00,6571.380308641974,1815.4750833333333,6902.952259259259,10800.0
2025-02-16,00:00-04:00,1.9306172839504951,1.5638000000001284,10800.0,10800.0
2025-02-16,04:00-08:00,792.3437860082297,1290.7076333333334,10800.0,10078.989814814815
2025-02-16,08:00-12:00,5917.908016666666,5783.425766666667,10078.989814814815,8979.078400185183
2025-02-16,12:00-16:00,2923.6383002057664,729.3175833333337,8979.078400185183,10800.0
2025-02-16,16:00-20:00,9.621543209876917,5663.923683333333,10800.0,4515.410851851852
2025-02-16,20:00-24:00,5753.3669666666665,2855.0522666666666,4515.410851851852,6521.160825555555
2025-02-17,00:00-04:00,4594.417549382717,14.227333333333377,6521.160825555555,10640.328471851852
2025-02-17,04:00-08:00,946.5101341563804,1244.3838333333333,10640.328471851852,10109.538888888888
2025-02-17,08:00-12:00,5760.62174897119,4044.6886166666663,10109.538888888888,10800.0
2025-02-17,12:00-16:00,823.1433950617287,666.7461499999997,10800.0,10800.0
2025-02-17,16:00-20:00,0.0,5678.690916666666,10800.0,4490.3434259259275
2025-02-17,20:00-24:00,5553.9031,2904.982666666667,4490.3434259259275,6261.09769740741
2025-02-18,00:00-04:00,4906.124563991765,0.0,6261.09769740741,10676.609805
2025-02-18,04:00-08:00,1045.275154938272,1374.2696166666665,10676.609805,10090.391203703704
2025-02-18,08:00-12:00,6014.9992,4360.199733333335,10090.391203703704,10659.224113333334
2025-02-18,12:00-16:00,1388.2826518518514,997.8106499999999,10659.224113333334,10800.0
2025-02-18,16:00-20:00,0.0,5587.496066666667,10800.0,4591.6710370370365
2025-02-18,20:00-24:00,5745.610733333333,2928.387833333333,4591.6710370370365,6508.956437777778
2025-02-19,00:00-04:00,4379.351680246913,20.034616666666807,6508.956437777778,10428.112264814816
2025-02-19,04:00-08:00,1435.4692942386828,1494.8499166666675,10428.112264814816,10059.090277777777
2025-02-19,08:00-12:00,6028.156916666667,5264.261266666667,10059.090277777777,9635.252317592593
2025-02-19,12:00-16:00,2543.879873456794,1012.2697833333337,9635.252317592593,10800.0
2025-02-19,16:00-20:00,0.0,5641.0171666666665,10800.0,4532.203148148148
2025-02-19,20:00-24:00,5407.121916666667,2979.2535166666667,4532.203148148148,6088.331187962964
2025-02-20,00:00-04:00,5097.891352263374,11.078033333333451,6088.331187962964,10664.124479074075
2025-02-20,04:00-08:00,1379.6306405349842,1701.3778500000014,10664.124479074075,10015.372222222222
2025-02-20,08:00-12:00,5948.244350000001,4976.866800000002,10015.372222222222,9838.940137222222
2025-02-20,12:00-16:00,1485.3454442386828,338.17593333333343,9838.940137222222,10800.0
2025-02-20,16:00-20:00,0.0,5520.6087333333335,10800.0,4665.990296296292
2025-02-20,20:00-24:00,5745.70075,2969.082966666667,4665.990296296292,6538.139897222219
2025-02-21,00:00-04:00,4735.400114197532,0.0,6538.139897222219,10800.0
2025-02-21,04:00-08:00,539.9352057613171,537.6125166666667,10800.0,10688.594444444445
2025-02-21,08:00-12:00,278.93248971193657,125.67031666666662,10688.594444444445,10800.0
2025-02-21,12:00-16:00,0.0,0.0,10800.0,10800.0
2025-02-21,16:00-20:00,0.0,3394.2503000000006,10800.0,7028.610777777776
2025-02-21,20:00-24:00,6364.90302469136,1761.32115,7028.610777777776,10800.0
2025-02-22,00:00-04:00,0.0,0.0,10800.0,10800.0
2025-02-22,04:00-08:00,581.8177160493838,568.9269333333347,10800.0,10691.494907407407
2025-02-22,08:00-12:00,298.4563991769557,144.0951,10691.494907407407,10800.0
2025-02-22,12:00-16:00,0.0,0.0,10800.0,10800.0
2025-02-22,16:00-20:00,0.0,3496.242383333334,10800.0,6915.286240740744
2025-02-22,20:00-24:00,6572.514999999996,1827.4947666666667,6915.286240740744,10800.0
2025-02-23,00:00-04:00,32.14853909465113,26.040316666666627,10800.0,10800.0
2025-02-23,04:00-08:00,1508.5637448559685,1886.291216666668,10800.0,10061.82824074074
2025-02-23,08:00-12:00,6034.900883333334,4936.355166666667,10061.82824074074,10008.399961666666
2025-02-23,12:00-16:00,1593.8294253086437,578.5618000000002,10008.399961666666,10800.0
2025-02-23,16:00-20:00,0.0,5646.6416500000005,10800.0,4525.9537222222225
2025-02-23,20:00-24:00,5626.736083333334,2942.2489833333334,4525.9537222222225,6320.850660185185
2025-02-24,00:00-04:00,4797.672399794241,0.0,6320.850660185185,10638.755820000002
2025-02-24,04:00-08:00,1844.7749119341524,1960.4870833333348,10638.755820000002,10120.73425925926
2025-02-24,08:00-12:00,5247.455637860081,3639.0999,10120.73425925926,10800.0
2025-02-24,12:00-16:00,687.1849176954755,556.6197833333331,10800.0,10800.0
2025-02-24,16:00-20:00,25.90773662551406,5560.200683333333,10800.0,4645.316203703704
2025-02-24,20:00-24:00,5501.2678000000005,3010.209633333333,4645.316203703704,6251.779853333333
2025-02-25,00:00-04:00,4667.490390740741,8.677849999999921,6251.779853333333,10442.879149444449
2025-02-25,04:00-08:00,2010.4617450617225,2081.106266666668,10442.879149444449,9939.9544237037
2025-02-25,08:00-12:00,4741.116772016467,3066.2635666666665,9939.9544237037,10800.0
2025-02-25,12:00-16:00,468.0944855967108,379.15653333333375,10800.0,10800.0
2025-02-25,16:00-20:00,0.5768930041146328,5671.757,10800.0,4498.566981481483
2025-02-25,20:00-24:00,5484.543250000001,2908.838733333333,4498.566981481483,6202.612869444446
2025-02-26,00:00-04:00,4613.478839506172,30.637849999999844,6202.612869444446,10320.701769444448
2025-02-26,04:00-08:00,2208.9322561728377,2208.5314833333337,10320.701769444448,9854.816929629631
2025-02-26,08:00-12:00,5202.3733909465,3363.2576833333337,9854.816929629631,10800.0
2025-02-26,12:00-16:00,937.5951440329239,759.4520666666666,10800.0,10800.0
2025-02-26,16:00-20:00,19.023559670780134,5649.060033333332,10800.0,4540.387833333335
2025-02-26,20:00-24:00,5502.95205,2890.6829,4540.387833333335,6281.174789444447
2025-02-27,00:00-04:00,4695.547767283949,13.537533333333386,6281.174789444447,10492.126076296294
2025-02-27,04:00-08:00,1948.642287448562,2310.892816666667,10492.126076296294,9678.245449814816
2025-02-27,08:00-12:00,6346.3261999999995,4645.2863333333335,9678.245449814816,10228.509770555556
2025-02-27,12:00-16:00,1305.728732304526,543.2990666666666,10228.509770555556,10800.0
2025-02-27,16:00-20:00,11.785411522632785,5665.697566666666,10800.0,4515.387351851857
2025-02-27,20:00-24:00,5720.449166666667,2924.089433333334,4515.387351851857,6414.803342592597
2025-02-28,00:00-04:00,4872.4407304526685,0.0,6414.803342592597,10800.0
2025-02-28,04:00-08:00,1144.7544238683124,990.864,10800.0,10729.318981481481
2025-02-28,08:00-12:00,134.89666666666656,45.65338333333341,10729.318981481481,10800.0
2025-02-28,12:00-16:00,0.0,0.0,10800.0,10800.0
2025-02-28,16:00-20:00,0.0,3491.558299999998,10800.0,6920.49077777778
2025-02-28,20:00-24:00,6603.928662551439,1857.6239166666667,6920.49077777778,10800.0
2025-03-01,00:00-04:00,0.0,0.0,10800.0,10800.0
2025-03-01,04:00-08:00,1062.6063786008228,982.4757500000001,10800.0,10664.706018518518
2025-03-01,08:00-12:00,184.7419547325093,27.876399999999876,10664.706018518518,10800.0
2025-03-01,12:00-16:00,0.0,0.0,10800.0,10800.0
2025-03-01,16:00-20:00,0.0,3571.0807333333314,10800.0,6832.132518518521
2025-03-01,20:00-24:00,6643.003477366254,1809.7520833333333,6832.132518518521,10800.0
2025-03-02,00:00-04:00,0.0,0.0,10800.0,10800.0
2025-03-02,04:00-08:00,1862.2062757201643,2132.0175,10800.0,10107.077314814815
2025-03-02,08:00-12:00,5807.516383333334,4084.2152000000006,10107.077314814815,10795.825170925926
2025-03-02,12:00-16:00,2353.0246419753094,2412.6245,10795.825170925926,10232.853459814818
2025-03-02,16:00-20:00,651.6153890946472,5800.104149999997,10232.853459814818,4374.747143333334
2025-03-02,20:00-24:00,5410.9805,2888.1934083333335,4374.747143333334,6035.525806296297
2025-03-03,00:00-04:00,5063.18494855967,0.4550000000000409,6035.525806296297,10591.886704444445
2025-03-03,04:00-08:00,2157.486974485596,2206.529566666666,10591.886704444445,10081.925462962963
2025-03-03,08:00-12:00,5930.154833333334,5257.739350000001,10081.925462962963,9577.132201851853
2025-03-03,12:00-16:00,2969.3807016460883,1304.6173500000004,9577.132201851853,10800.0
2025-03-03,16:00-20:00,0.0,5627.857533333332,10800.0,4546.824962962964
2025-03-03,20:00-24:00,5402.5297,3031.7280833333343,4546.824962962964,6040.514933703704
2025-03-04,00:00-04:00,5043.321606995884,39.63943333333316,6040.514933703704,10535.460565185183
2025-03-04,04:00-08:00,2247.1110886831275,2267.623150000002,10535.460565185183,10038.27926722222
2025-03-04,08:00-12:00,6018.370916666667,4370.5409666666665,10038.27926722222,10598.656462592588
2025-03-04,12:00-16:00,1159.6233131687304,758.0857,10598.656462592588,10800.0
2025-03-04,16:00-20:00,0.0,5616.229133333333,10800.0,4559.745407407406
2025-03-04,20:00-24:00,5418.096416666667,2986.9468666666667,4559.745407407406,6117.202330555556
2025-03-05,00:00-04:00,5105.715804938271,4.338333333333367,6117.202330555556,10707.526184629625
2025-03-05,04:00-08:00,1960.1125337448598,2560.405775,10707.526184629625,9626.732159444444
2025-03-05,08:00-12:00,5202.278814609055,3157.9047833333334,9626.732159444444,10800.0
2025-03-05,12:00-16:00,1088.0656378600847,881.3331666666669,10800.0,10800.0
2025-03-05,16:00-20:00,0.0,5627.46595,10800.0,4547.260055555557
2025-03-05,20:00-24:00,5502.773316666668,2991.65845,4547.260055555557,6175.691096111115
2025-03-06,00:00-04:00,5023.262187654316,0.0,6175.691096111115,10696.627064999999
2025-03-06,04:00-08:00,2209.493516666668,2616.641824333333,10696.627064999999,9777.791425185183
2025-03-06,08:00-12:00,5001.252696296297,3131.026966666667,9777.791425185183,10800.0
2025-03-06,12:00-16:00,1085.8578600823016,879.5448666666663,10800.0,10800.0
2025-03-06,16:00-20:00,45.01681666666684,5579.035550000001,10800.0,4641.5867461111075
2025-03-06,20:00-24:00,5643.990716666667,2983.297583333333,4641.5867461111075,6406.403298518516
2025-03-07,00:00-04:00,4881.774112757206,0.0,6406.403298518516,10800.0
2025-03-07,04:00-08:00,1451.7645884773683,1175.929316666667,10800.0,10800.0
2025-03-07,08:00-12:00,0.0,0.0,10800.0,10800.0
2025-03-07,12:00-16:00,0.0,0.0,10800.0,10800.0
2025-03-07,16:00-20:00,0.0,3400.7163666666684,10800.0,7021.42625925926
2025-03-07,20:00-24:00,6374.9153909465,1762.9651,7021.42625925926,10800.0
2025-03-08,00:00-04:00,0.0,0.0,10800.0,10800.0
2025-03-08,04:00-08:00,1432.7452057613145,1170.0982000000001,10800.0,10789.361574074073
2025-03-08,08:00-12:00,11.8204732510296,0.0,10789.361574074073,10800.0
2025-03-08,12:00-16:00,0.0,0.0,10800.0,10800.0
2025-03-08,16:00-20:00,0.0,3448.139783333335,10800.0,6968.733574074072
2025-03-08,20:00-24:00,6451.951893004117,1777.94125,6968.733574074072,10800.0
2025-03-09,00:00-04:00,0.0,0.0,10800.0,10800.0
2025-03-09,04:00-08:00,1931.720733333333,2896.5688010000003,10800.0,9320.138881111112
2025-03-09,08:00-12:00,5566.94651069959,3177.351666666667,9320.138881111112,10800.0
2025-03-09,12:00-16:00,622.3897119341564,504.13566666666645,10800.0,10800.0
2025-03-09,16:00-20:00,0.0,5641.274100000001,10800.0,4531.917666666665
2025-03-09,20:00-24:00,5502.943616666667,2914.8164,4531.917666666665,6245.882032777776
2025-03-10,00:00-04:00,4797.59617469136,11.503033333333406,6245.882032777776,10550.937441851855
2025-03-10,04:00-08:00,2203.815192386828,3231.2975935000013,10550.937441851855,8944.040455555552
2025-03-10,08:00-12:00,5651.83645,3880.4134500000005,8944.040455555552,9719.12276055555
2025-03-10,12:00-16:00,1711.480574691362,413.5097499999995,9719.12276055555,10800.0
2025-03-10,16:00-20:00,1.7510288065851556,5767.975883333334,10800.0,4392.713833333332
2025-03-10,20:00-24:00,5429.164833333334,2842.427649999999,4392.713833333332,6120.709238888889
2025-03-11,00:00-04:00,5087.666240123457,13.76909999999998,6120.709238888889,10684.309855
2025-03-11,04:00-08:00,1989.3601222222244,3292.0539764999967,10684.309855,8816.896213333337
2025-03-11,08:00-12:00,5306.774433744852,2513.693883333333,8816.896213333337,10800.0
2025-03-11,12:00-16:00,747.9714609053513,605.8568833333337,10800.0,10800.0
2025-03-11,16:00-20:00,3.490925925925694,5585.911700000001,10800.0,4596.573277777777
2025-03-11,20:00-24:00,5619.616133333333,2881.743566666667,4596.573277777777,6452.290501481481
2025-03-12,00:00-04:00,4513.073931687242,35.63973333333354,6452.290501481481,10474.457336296291
2025-03-12,04:00-08:00,2082.4319541152327,3509.077512333336,10474.457336296291,8449.671081296296
2025-03-12,08:00-12:00,5592.014210082307,2414.235483333334,8449.671081296296,10800.0
2025-03-12,12:00-16:00,495.7400205761304,401.54941666666673,10800.0,10800.0
2025-03-12,16:00-20:00,1.2480833333333976,5636.0975,10800.0,4538.792719444445
2025-03-12,20:00-24:00,5490.8195,2996.63,4538.792719444445,6150.941380555555
2025-03-13,00:00-04:00,4981.60825493827,5.471666666666692,6150.941380555555,10628.309180370372
2025-03-13,04:00-08:00,2024.5531440329205,3868.2241931666676,10628.309180370372,8152.380128703704
2025-03-13,08:00-12:00,5350.002583333334,3745.231316666667,8152.380128703704,8806.014324074074
2025-03-13,12:00-16:00,2822.276656378601,491.4569833333329,8806.014324074074,10800.0
2025-03-13,16:00-20:00,18.09629999999993,5813.901299999998,10800.0,4356.3963366666685
2025-03-13,20:00-24:00,5677.546066666667,2889.3160363333345,4356.3963366666685,6255.836645185185
2025-03-14,00:00-04:00,5049.070394238683,0.0,6255.836645185185,10800.0
2025-03-14,04:00-08:00,2010.3849382716026,1628.4118000000003,10800.0,10800.0
2025-03-14,08:00-12:00,0.0,0.0,10800.0,10800.0
2025-03-14,12:00-16:00,0.0,0.0,10800.0,10800.0
2025-03-14,16:00-20:00,0.0,3424.836699999998,10800.0,6994.6258888888915
2025-03-14,20:00-24:00,6503.568436213989,1843.0537333333332,6994.6258888888915,10800.0
2025-03-15,00:00-04:00,0.0,0.0,10800.0,10800.0
2025-03-15,04:00-08:00,2034.6406172839497,1648.0589000000002,10800.0,10800.0
2025-03-15,08:00-12:00,0.0,0.0,10800.0,10800.0
2025-03-15,12:00-16:00,0.0,0.0,10800.0,10800.0
2025-03-15,16:00-20:00,0.0,3414.925016666665,10800.0,7005.638870370372
2025-03-15,20:00-24:00,6546.93049382716,1894.6920166666669,7005.638870370372,10792.662962962962
2025-03-16,00:00-04:00,17.749341563786917,7.773633333333464,10792.662962962962,10800.0
2025-03-16,04:00-08:00,1447.8935666666666,3911.7195543333337,10800.0,7756.749149629626
2025-03-16,08:00-12:00,6181.74713827161,2268.289416666667,7756.749149629626,10800.0
2025-03-16,12:00-16:00,697.5004526748972,564.9753666666671,10800.0,10800.0
2025-03-16,16:00-20:00,23.795616666666547,5530.197983333332,10800.0,4676.751629074078
2025-03-16,20:00-24:00,5493.424583333333,2846.8014166666667,4676.751629074078,6457.721068888893
2025-03-17,00:00-04:00,4451.264384567898,15.807833333333292,6457.721068888893,10446.294755740742
2025-03-17,04:00-08:00,2291.153176954728,3862.479040833336,10446.294755740742,8216.689236296294
2025-03-17,08:00-12:00,4884.701342386835,1631.6284,8216.689236296294,10800.0
2025-03-17,12:00-16:00,48.12508230452699,38.981316666666544,10800.0,10800.0
2025-03-17,16:00-20:00,0.0,5615.082699999997,10800.0,4561.019222222227
2025-03-17,20:00-24:00,5614.306916666666,2940.2124333333336,4561.019222222227,6346.992743518524
2025-03-18,00:00-04:00,4711.242540534973,4.2104833333334,6346.992743518524,10582.432715185185
2025-03-18,04:00-08:00,1933.9159275720185,3900.699897333334,10582.432715185185,7988.846052962961
2025-03-18,08:00-12:00,6351.243966666667,3301.2994166666663,7988.846052962961,10036.85516
2025-03-18,12:00-16:00,1182.2350279835398,270.7800166666668,10036.85516,10800.0
2025-03-18,16:00-20:00,7.079349999999977,5610.233766666664,10800.0,4572.778340925929
2025-03-18,20:00-24:00,5570.512366666667,2851.8693166666662,4572.778340925929,6417.4957857407435
2025-03-19,00:00-04:00,4486.583226954731,53.63013333333345,6417.4957857407435,10395.831652962965
2025-03-19,04:00-08:00,2272.3781911522615,4114.971633333335,10395.831652962965,7868.781321296296
2025-03-19,08:00-12:00,6547.831183333334,3034.798316666667,7868.781321296296,10389.831256666665
2025-03-19,12:00-16:00,825.8892004115235,299.8183833333334,10389.831256666665,10800.0
2025-03-19,16:00-20:00,0.0,5559.226499999999,10800.0,4623.081666666671
2025-03-19,20:00-24:00,5571.973733333334,2873.6615,4623.081666666671,6444.900804444448
2025-03-20,00:00-04:00,4280.7631228395,19.839483333333305,6444.900804444448,10275.54374462963
2025-03-20,04:00-08:00,2191.4320893004146,4112.133100000001,10275.54374462963,7678.7958472222235
2025-03-20,08:00-12:00,6291.457016666667,2777.3772166666668,7678.7958472222235,10255.132477037037
2025-03-20,12:00-16:00,919.8809308641971,254.7227833333335,10255.132477037037,10800.0
2025-03-20,16:00-20:00,10.872613168725769,5734.199883333331,10800.0,4438.452148148152
2025-03-20,20:00-24:00,5695.6488500000005,2923.4186000000045,4438.452148148152,6316.293224259261
2025-03-21,00:00-04:00,4981.89641748971,0.0,6316.293224259261,10800.0
2025-03-21,04:00-08:00,2366.387942386832,1916.7742333333333,10800.0,10800.0
2025-03-21,08:00-12:00,0.0,0.0,10800.0,10800.0
2025-03-21,12:00-16:00,0.0,0.0,10800.0,10800.0
2025-03-21,16:00-20:00,0.0,3604.2471333333324,10800.0,6795.280962962965
2025-03-21,20:00-24:00,6770.70088477366,1880.0205833333332,6795.280962962965,10800.0
2025-03-22,00:00-04:00,0.0,0.0,10800.0,10800.0
2025-03-22,04:00-08:00,2290.65473251029,1855.430333333333,10800.0,10800.0
2025-03-22,08:00-12:00,0.0,0.0,10800.0,10800.0
2025-03-22,12:00-16:00,0.0,0.0,10800.0,10800.0
2025-03-22,16:00-20:00,0.0,3433.679699999999,10800.0,6984.800333333333
2025-03-22,20:00-24:00,6462.196872427985,1807.0547666666666,6984.800333333333,10792.93888888889
2025-03-23,00:00-04:00,71.4372427983516,51.50916666666683,10792.93888888889,10800.0
2025-03-23,04:00-08:00,1539.1241833333333,4617.608666666666,10800.0,7054.535468703707
2025-03-23,08:00-12:00,6284.931533333334,2550.772233333334,7054.535468703707,9876.782478333334
2025-03-23,12:00-16:00,1030.5979458847733,3.888566666666634,9876.782478333334,10800.0
2025-03-23,16:00-20:00,16.603395061728303,5742.256483333333,10800.0,4434.658074074075
2025-03-23,20:00-24:00,5536.794933333334,2888.3418,4434.658074074075,6208.504847407409
2025-03-24,00:00-04:00,4688.063113991766,0.9800000000000182,6208.504847407409,10426.672761111107
2025-03-24,04:00-08:00,1718.222726337451,4528.653566666666,10426.672761111107,6941.235918518518
2025-03-24,08:00-12:00,7085.279083333334,2436.6965833333334,6941.235918518518,10610.546445370372
2025-03-24,12:00-16:00,598.10302366255,313.9552500000001,10610.546445370372,10800.0
2025-03-24,16:00-20:00,17.9563374485617,5524.270416666665,10800.0,4678.082462962965
2025-03-24,20:00-24:00,5487.957133333334,2932.3196833333327,4678.082462962965,6359.110901481484
2025-03-25,00:00-04:00,4446.14247057613,59.97916666666663,6359.110901481484,10293.995606481483
2025-03-25,04:00-08:00,1651.9989567901212,4486.237516666666,10293.995606481483,6796.086315740741
2025-03-25,08:00-12:00,5848.317133333334,2944.298633333334,6796.086315740741,8788.128809814814
2025-03-25,12:00-16:00,2420.0694500000022,149.57218333333333,8788.128809814814,10800.0
2025-03-25,16:00-20:00,0.0,5706.272899999999,10800.0,4459.69677777778
2025-03-25,20:00-24:00,5486.2912166666665,2949.0018833333334,4459.69677777778,6120.690113518522
2025-03-26,00:00-04:00,4716.011407201642,29.778066666666746,6120.690113518522,10332.013639259256
2025-03-26,04:00-08:00,1729.4886051440385,4474.96975,10332.013639259256,6916.364772777779
2025-03-26,08:00-12:00,7069.440170164604,2230.9748333333328,6916.364772777779,10800.0
2025-03-26,12:00-16:00,0.0,0.0,10800.0,10800.0
2025-03-26,16:00-20:00,0.0,5660.441166666667,10800.0,4510.620925925925
2025-03-26,20:00-24:00,5550.99855,2962.8130166666665,4510.620925925925,6214.505157962963
2025-03-27,00:00-04:00,4485.6731355967095,108.04403333333323,6214.505157962963,10131.562054074073
2025-03-27,04:00-08:00,1919.0747216049404,4361.290766666667,10131.562054074073,7012.850673888889
2025-03-27,08:00-12:00,6458.481766666668,2361.6196,7012.850673888889,10201.462486111112
2025-03-27,12:00-16:00,728.4158796296288,51.333099999999604,10201.462486111112,10800.0
2025-03-27,16:00-20:00,0.0,5700.237083333335,10800.0,4466.403240740741
2025-03-27,20:00-24:00,5623.1186,2957.6045166666663,4466.403240740741,6240.98274
2025-03-28,00:00-04:00,5065.574733333332,0.0,6240.98274,10800.0
2025-03-28,04:00-08:00,2094.7060530864214,1814.7256166666668,10800.0,10668.873651481485
2025-03-28,08:00-12:00,145.6959427983504,0.0,10668.873651481485,10800.0
2025-03-28,12:00-16:00,0.0,0.0,10800.0,10800.0
2025-03-28,16:00-20:00,0.0,3456.2505500000007,10800.0,6959.721611111111
2025-03-28,20:00-24:00,6525.281213991768,1829.2272333333333,6959.721611111111,10800.0
2025-03-29,00:00-04:00,0.0,0.0,10800.0,10800.0
2025-03-29,04:00-08:00,2057.2875925925932,1666.40295,10800.0,10800.0
2025-03-29,08:00-12:00,0.0,0.0,10800.0,10800.0
2025-03-29,12:00-16:00,0.0,0.0,10800.0,10800.0
2025-03-29,16:00-20:00,0.0,3451.1692500000004,10800.0,6965.367499999999
2025-03-29,20:00-24:00,6573.461234567902,1873.3343499999999,6965.367499999999,10800.0
2025-03-30,00:00-04:00,117.44923868312183,145.8833500000003,10800.0,10743.611703703706
2025-03-30,04:00-08:00,947.714666255145,4242.935016666666,10743.611703703706,6882.182662592597
2025-03-30,08:00-12:00,6831.680899999999,2082.79885,6882.182662592597,10716.474528148152
2025-03-30,12:00-16:00,369.8072732510243,224.3709666666665,10716.474528148152,10800.0
2025-03-30,16:00-20:00,0.0,5617.05705,10800.0,4558.825499999998
2025-03-30,20:00-24:00,5574.84115,2873.1331833333334,4558.825499999998,6383.812331296294
2025-03-31,00:00-04:00,4420.189304115229,8.38133333333326,6383.812331296294,10352.670112407408
2025-03-31,04:00-08:00,1277.6939306584377,4241.9044166666645,10352.670112407408,6789.367520370373
2025-03-31,08:00-12:00,6057.6656975308615,1297.1399833333326,6789.367520370373,10800.0
2025-03-31,12:00-16:00,486.6768724279816,394.20826666666665,10800.0,10800.0
2025-03-31,16:00-20:00,0.0,5575.500266666667,10800.0,4604.999703703704
2025-03-31,20:00-24:00,5620.404350000001,2873.578066666667,4604.999703703704,6470.499100185185
2025-04-01,00:00-04:00,4107.822588683129,130.17454999999984,6470.499100185185,10022.901041111112
2025-04-01,04:00-08:00,1645.568066666667,4451.416366666665,10022.901041111112,6557.8941159259275
2025-04-01,08:00-12:00,5948.775366666667,1632.0572833333335,6557.8941159259275,10098.394964444446
2025-04-01,12:00-16:00,1013.1928378600811,189.24166666666667,10098.394964444446,10800.0
2025-04-01,16:00-20:00,0.0,5643.742266666667,10800.0,4529.175259259258
2025-04-01,20:00-24:00,5526.661416666666,3005.5041666666666,4529.175259259258,6163.721460185186
2025-04-02,00:00-04:00,4535.705583127573,50.608499999999935,6163.721460185186,10189.62481833333
2025-04-02,04:00-08:00,1193.2936666666694,4992.26485,10189.62481833333,5716.628173888888
2025-04-02,08:00-12:00,5813.077833333334,3508.1361000000006,5716.628173888888,7050.469223888889
2025-04-02,12:00-16:00,4166.145306790124,0.0,7050.469223888889,10800.0
2025-04-02,16:00-20:00,4.4732304526749225,5595.891383333334,10800.0,4586.368814814814
2025-04-02,20:00-24:00,5494.547550000001,3004.232166666667,4586.368814814814,6193.4258690740735
2025-04-03,00:00-04:00,4448.6400676954745,36.80139999999983,6193.4258690740735,10156.31148555556
2025-04-03,04:00-08:00,1131.668247942384,4916.4465833333325,10156.31148555556,5712.094482777778
2025-04-03,08:00-12:00,7299.02505,2262.297733333334,5712.094482777778,9767.55287962963
2025-04-03,12:00-16:00,1261.8113683127578,92.86479999999995,9767.55287962963,10800.0
2025-04-03,16:00-20:00,0.0,5696.32115,10800.0,4470.754277777778
2025-04-03,20:00-24:00,5625.600333333333,2995.1404666666667,4470.754277777778,6205.860725925927
2025-04-04,00:00-04:00,5104.599193415637,0.0,6205.860725925927,10800.0
2025-04-04,04:00-08:00,1698.9549500000016,1820.1523833333333,10800.0,10306.667917962966
2025-04-04,08:00-12:00,548.1467578189248,0.0,10306.667917962966,10800.0
2025-04-04,12:00-16:00,0.0,0.0,10800.0,10800.0
2025-04-04,16:00-20:00,0.0,3460.4827166666673,10800.0,6955.019203703703
2025-04-04,20:00-24:00,6547.134300411522,1842.6960666666666,6955.019203703703,10800.0
2025-04-05,00:00-04:00,0.0,0.0,10800.0,10800.0
2025-04-05,04:00-08:00,2034.7430166666682,1748.7268833333333,10800.0,10688.238844629632
2025-04-05,08:00-12:00,124.17906152263134,0.0,10688.238844629632,10800.0
2025-04-05,12:00-16:00,0.0,0.0,10800.0,10800.0
2025-04-05,16:00-20:00,0.0,3483.0323500000004,10800.0,6929.964055555555
2025-04-05,20:00-24:00,6573.030555555555,1841.1224000000002,6929.964055555555,10800.0
2025-04-06,00:00-04:00,28.165679012344537,28.26195000000007,10800.0,10793.946944444444
2025-04-06,04:00-08:00,422.261976543212,4800.730816666664,10793.946944444444,5839.8373714814825
2025-04-06,08:00-12:00,7349.054766666666,1729.0060333333336,5839.8373714814825,10532.868846666666
2025-04-06,12:00-16:00,374.43932674897144,62.87781666666672,10532.868846666666,10800.0
2025-04-06,16:00-20:00,0.0,5686.991616666667,10800.0,4481.120425925925
2025-04-06,20:00-24:00,5500.789450000001,2951.5235166666666,4481.120425925925,6152.36035685185
2025-04-07,00:00-04:00,4550.124281275723,48.27036666666663,6152.36035685185,10193.83846925926
2025-04-07,04:00-08:00,1147.1142753086426,4573.248849999999,10193.83846925926,6144.853705925926
2025-04-07,08:00-12:00,6871.097528395062,1375.9573333333337,6144.853705925926,10800.0
2025-04-07,12:00-16:00,147.0151646090512,119.08228333333352,10800.0,10800.0
2025-04-07,16:00-20:00,0.0,5513.37775,10800.0,4674.024722222226
2025-04-07,20:00-24:00,5468.407666666666,2870.67795,4674.024722222226,6405.949455555559
2025-04-08,00:00-04:00,4378.347616049378,7.241550000000075,6405.949455555559,10338.416143333336
2025-04-08,04:00-08:00,722.7968905349737,5179.68975,10338.416143333336,5233.722511481482
2025-04-08,08:00-12:00,6903.718383333335,2133.4674333333332,5233.722511481482,9076.549686111113
2025-04-08,12:00-16:00,1915.4613981481452,0.4184499999998934,9076.549686111113,10800.0
2025-04-08,16:00-20:00,2.8551499999999805,5657.666883333335,10800.0,4516.273097962961
2025-04-08,20:00-24:00,5406.1256,3003.627183333333,4516.273097962961,6044.422600925925
2025-04-09,00:00-04:00,4699.190837860083,18.48613333333344,6044.422600925925,10253.15420685185
2025-04-09,04:00-08:00,893.6054125514437,5212.8447166666665,10253.15420685185,5265.349392962963
2025-04-09,08:00-12:00,6177.9871,1897.9170833333333,5265.349392962963,8716.741023703704
2025-04-09,12:00-16:00,2603.2299279835406,254.42471666666688,8716.741023703704,10776.953829259257
2025-04-09,16:00-20:00,43.53242304526993,5587.032516666668,10776.953829259257,4608.319102592592
2025-04-09,20:00-24:00,5413.069116666666,2981.5545666666667,4608.319102592592,6167.242900185185
2025-04-10,00:00-04:00,4499.083072016461,57.120283333333305,6167.242900185185,10152.950683518517
2025-04-10,04:00-08:00,993.8952209876602,5028.0940833333325,10152.950683518517,5460.685178703707
2025-04-10,08:00-12:00,6623.70965,1971.0340333333338,5460.685178703707,9231.986048888892
2025-04-10,12:00-16:00,1824.843114403289,66.91036666666639,9231.986048888892,10800.0
2025-04-10,16:00-20:00,72.90166666666528,5730.748383333334,10800.0,4498.113296296295
2025-04-10,20:00-24:00,5698.591850000001,2931.5956166666665,4498.113296296295,6369.517498333334
2025-04-11,00:00-04:00,4922.758335185184,0.0,6369.517498333334,10800.0
2025-04-11,04:00-08:00,1650.6141000000011,1927.0278,10800.0,10144.410690000004
2025-04-11,08:00-12:00,728.4325666666614,0.0,10144.410690000004,10800.0
2025-04-11,12:00-16:00,0.0,0.0,10800.0,10800.0
2025-04-11,16:00-20:00,0.0,3626.9698500000004,10800.0,6770.033499999999
2025-04-11,20:00-24:00,6649.608353909466,1759.2129166666664,6770.033499999999,10800.0
2025-04-12,00:00-04:00,0.0,0.0,10800.0,10800.0
2025-04-12,04:00-08:00,1798.787433333334,1469.8071166666668,10800.0,10785.789671481483
2025-04-12,08:00-12:00,15.789253909462989,0.0,10785.789671481483,10800.0
2025-04-12,12:00-16:00,0.0,0.0,10800.0,10800.0
2025-04-12,16:00-20:00,0.0,3405.7808333333332,10800.0,7015.799074074076
2025-04-12,20:00-24:00,6535.783559670779,1888.2038499999999,7015.799074074076,10800.0
2025-04-13,00:00-04:00,75.73736625514262,61.347266666666656,10800.0,10800.0
2025-04-13,04:00-08:00,334.7921267489721,5103.3427999999985,10800.0,5430.932025185186
2025-04-13,08:00-12:00,6615.660183333333,1701.5809833333337,5430.932025185186,9494.38065314815
2025-04-13,12:00-16:00,1450.6881631687227,0.0,9494.38065314815,10800.0
2025-04-13,16:00-20:00,0.0,5574.82325,10800.0,4605.751944444443
2025-04-13,20:00-24:00,5562.050583333334,2968.2999166666664,4605.751944444443,6313.486450925924
2025-04-14,00:00-04:00,4267.942821193417,85.51743333333354,6313.486450925924,10059.615619629629
2025-04-14,04:00-08:00,1058.5490419753119,5103.493349999998,10059.615619629629,5341.761590740745
2025-04-14,08:00-12:00,6975.015600000001,1491.0586000000003,5341.761590740745,9962.543852962968
2025-04-14,12:00-16:00,930.506830041146,0.0,9962.543852962968,10800.0
2025-04-14,16:00-20:00,0.0,5704.656366666667,10800.0,4461.492925925925
2025-04-14,20:00-24:00,5488.929666666666,2891.632666666667,4461.492925925925,6188.60444074074
2025-04-15,00:00-04:00,4645.195893621401,14.835216666666497,6188.60444074074,10352.797170925927
2025-04-15,04:00-08:00,852.4474156378587,4943.7920166666645,10352.797170925927,5626.897604259261
2025-04-15,08:00-12:00,6791.513464403291,845.33375,5626.897604259261,10800.0
2025-04-15,12:00-16:00,49.384773662552305,40.001666666666665,10800.0,10800.0
2025-04-15,16:00-20:00,0.0,5732.6218333333345,10800.0,4430.420185185184
2025-04-15,20:00-24:00,5543.06595,2907.08345,4430.420185185184,6189.0868179629615
2025-04-16,00:00-04:00,4449.460135596711,127.01606666666646,6189.0868179629615,10052.471977037036
2025-04-16,04:00-08:00,1044.163092181071,5031.86345,10052.471977037036,5401.259371111111
2025-04-16,08:00-12:00,6204.594383333334,1550.0392499999998,5401.259371111111,9263.128482777778
2025-04-16,12:00-16:00,1828.6872002057637,98.05226666666647,9263.128482777778,10800.0
2025-04-16,16:00-20:00,0.0,5660.562466666666,10800.0,4510.4861481481485
2025-04-16,20:00-24:00,5406.471066666667,2913.0169166666665,4510.4861481481485,6139.624645185185
2025-04-17,00:00-04:00,4531.253055349796,65.58400000000017,6139.624645185185,10144.881283888888
2025-04-17,04:00-08:00,908.396667901235,5135.411833333335,10144.881283888888,5256.42513685185
2025-04-17,08:00-12:00,7352.16425,1400.9938499999998,5256.42513685185,10316.713128518517
2025-04-17,12:00-16:00,631.2407831275726,76.3468499999999,10316.713128518517,10800.0
2025-04-17,16:00-20:00,0.0,5692.0751666666665,10800.0,4475.472037037035
2025-04-17,20:00-24:00,5788.8238666666675,2941.7815500000006,4475.472037037035,6416.767350370367
2025-04-18,00:00-04:00,4870.258499588484,0.0,6416.767350370367,10800.0
2025-04-18,04:00-08:00,1214.1037833333362,1640.6093666666666,10800.0,10069.794108703705
2025-04-18,08:00-12:00,811.3398792181046,0.0,10069.794108703705,10800.0
2025-04-18,12:00-16:00,0.0,0.0,10800.0,10800.0
2025-04-18,16:00-20:00,0.0,3450.559533333333,10800.0,6966.044962962965
2025-04-18,20:00-24:00,6501.588065843621,1815.7268,6966.044962962965,10800.0
2025-04-19,00:00-04:00,0.0,0.0,10800.0,10800.0
2025-04-19,04:00-08:00,749.7496500000029,1578.9036333333333,10800.0,9720.437314629631
2025-04-19,08:00-12:00,1199.5140948559663,0.0,9720.437314629631,10800.0
2025-04-19,12:00-16:00,0.0,0.0,10800.0,10800.0
2025-04-19,16:00-20:00,0.0,3465.9304999999995,10800.0,6948.966111111111
2025-04-19,20:00-24:00,6516.821111111112,1812.6946,6948.966111111111,10800.0
2025-04-20,00:00-04:00,37.275843621398344,39.22820000000013,10800.0,10789.96137037037
2025-04-20,04:00-08:00,198.7979162551422,5221.092033333331,10789.96137037037,5167.666124629633
2025-04-20,08:00-12:00,7649.733200000001,1957.4118166666667,5167.666124629633,9877.523986111113
2025-04-20,12:00-16:00,1027.450200617281,2.006249999999909,9877.523986111113,10800.0
2025-04-20,16:00-20:00,3.0082304526755856,5521.93365,10800.0,4667.225574074075
2025-04-20,20:00-24:00,5576.085316666667,2828.731183333334,4667.225574074075,6542.667710925926
2025-04-21,00:00-04:00,4094.918260082305,80.53786666666679,6542.667710925926,10138.607626481482
2025-04-21,04:00-08:00,1130.121938271604,5038.0857166666665,10138.607626481482,5557.84435240741
2025-04-21,08:00-12:00,7242.282859465016,1148.309033333333,5557.84435240741,10800.0
2025-04-21,12:00-16:00,0.0,0.0,10800.0,10800.0
2025-04-21,16:00-20:00,0.0,5556.022349999999,10800.0,4626.641833333334
2025-04-21,20:00-24:00,5436.49215,3011.21775,4626.641833333334,6173.687268333333
2025-04-22,00:00-04:00,4486.257296296297,29.156516666666676,6173.687268333333,10178.922705370369
2025-04-22,04:00-08:00,757.0474166666653,5222.376133333334,10178.922705370369,5057.6252322222235
2025-04-22,08:00-12:00,7451.052333333333,1107.8408500000003,5057.6252322222235,10532.638054444446
2025-04-22,12:00-16:00,469.1854950617262,139.41449999999998,10532.638054444446,10800.0
2025-04-22,16:00-20:00,0.0,5609.253199999999,10800.0,4567.496444444446
2025-04-22,20:00-24:00,5420.080483333333,2941.4688166666674,4567.496444444446,6177.270194259261
2025-04-23,00:00-04:00,4413.078417489711,87.67476666666676,6177.270194259261,10051.62436259259
2025-04-23,04:00-08:00,947.9722619341592,5135.631783333335,10051.62436259259,5198.541861296296
2025-04-23,08:00-12:00,7687.805421604939,1185.810066666666,5198.541861296296,10800.0
2025-04-23,12:00-16:00,5.975905349793417,4.840483333333168,10800.0,10800.0
2025-04-23,16:00-20:00,0.0,5533.764883333331,10800.0,4651.3723518518555
2025-04-23,20:00-24:00,5492.19765,2913.0855333333334,4651.3723518518555,6357.588533148151
2025-04-24,00:00-04:00,4261.177807613165,45.13115000000016,6357.588533148151,10142.502837777774
2025-04-24,04:00-08:00,808.969252469142,5104.0844,10142.502837777774,5199.370276111112
2025-04-24,08:00-12:00,7552.5874092592585,1077.0290499999999,5199.370276111112,10800.0
2025-04-24,12:00-16:00,0.0,0.0,10800.0,10800.0
2025-04-24,16:00-20:00,4.810050000000047,5633.689599999997,10800.0,4544.673933888893
2025-04-24,20:00-24:00,5708.591416666668,2942.334033333333,4544.673933888893,6413.146171851856
2025-04-25,00:00-04:00,4874.282031275717,0.0,6413.146171851856,10800.0
2025-04-25,04:00-08:00,537.9345166666697,1282.8783666666668,10800.0,9858.720657592596
2025-04-25,08:00-12:00,1045.8659360082268,0.0,9858.720657592596,10800.0
2025-04-25,12:00-16:00,0.0,0.0,10800.0,10800.0
2025-04-25,16:00-20:00,0.0,3551.3490666666644,10800.0,6854.056592592595
2025-04-25,20:00-24:00,6711.684465020575,1885.11535,6854.056592592595,10800.0
2025-04-26,00:00-04:00,0.0,0.0,10800.0,10800.0
2025-04-26,04:00-08:00,831.4928000000032,1184.8310666666666,10800.0,10231.864557037035
2025-04-26,08:00-12:00,631.2616032921824,0.0,10231.864557037035,10800.0
2025-04-26,12:00-16:00,0.0,0.0,10800.0,10800.0
2025-04-26,16:00-20:00,0.0,3542.2522499999977,10800.0,6864.164166666669
2025-04-26,20:00-24:00,6634.025226337446,1831.308183333333,6864.164166666669,10800.0
2025-04-27,00:00-04:00,92.93442386831427,160.92481666666674,10800.0,10704.83562962963
2025-04-27,04:00-08:00,105.73818930041358,5375.803366666663,10704.83562962963,4826.885148148152
2025-04-27,08:00-12:00,8054.903999999999,1460.762666666667,4826.885148148152,10453.22911851852
2025-04-27,12:00-16:00,385.3009794238662,0.0,10453.22911851852,10800.0
2025-04-27,16:00-20:00,0.0,5619.353983333331,10800.0,4556.273351851854
2025-04-27,20:00-24:00,5541.437383333334,2914.953016666666,4556.273351851854,6304.73031166667
2025-04-28,00:00-04:00,4393.346331481478,144.5281500000001,6304.73031166667,10098.155176666665
2025-04-28,04:00-08:00,779.8275814814825,4992.983433333333,10098.155176666665,5252.240629629629
2025-04-28,08:00-12:00,4861.804266666665,2264.6466833333334,5252.240629629629,7111.590377037036
2025-04-28,12:00-16:00,4346.6670913580265,201.23168333333342,7111.590377037036,10800.0
2025-04-28,16:00-20:00,0.0,5557.193066666667,10800.0,4625.341037037037
2025-04-28,20:00-24:00,5524.466350000001,2902.754766666667,4625.341037037037,6372.077677962961
2025-04-29,00:00-04:00,4392.707007818933,12.370183333333557,6372.077677962961,10311.769336851854
2025-04-29,04:00-08:00,542.4785146090534,4524.472866666667,10311.769336851854,5772.807925925925
2025-04-29,08:00-12:00,6509.775452674899,748.4452500000003,5772.807925925925,10800.0
2025-04-29,12:00-16:00,39.91537037037105,62.749816666666675,10800.0,10766.201814814814
2025-04-29,16:00-20:00,83.5679423868319,5670.385449999999,10766.201814814814,4540.984685185188
2025-04-29,20:00-24:00,5657.025116666667,2946.616183333333,4540.984685185188,6358.289308703706
2025-04-30,00:00-04:00,4381.468368106993,89.74963333333346,6358.289308703706,10201.889025185186
2025-04-30,04:00-08:00,664.5677497942378,5067.952283333333,10201.889025185186,5168.941907407409
2025-04-30,08:00-12:00,6976.895740740736,583.3332666666662,5168.941907407409,10800.0
2025-04-30,12:00-16:00,0.0,0.0,10800.0,10800.0
2025-04-30,16:00-20:00,0.0,5601.3466499999995,10800.0,4576.2815
2025-04-30,20:00-24:00,5505.44145,3076.4277166666666,4576.2815,6112.925786481483
2025-05-01,00:00-04:00,4591.829203909464,112.04053333333331,6112.925786481483,10121.082588518517
2025-05-01,04:00-08:00,805.1201074074087,5597.6911,10121.082588518517,4626.033907407409
2025-05-01,08:00-12:00,7747.140854115225,1362.2728999999997,4626.033907407409,10084.824120555557
2025-05-01,12:00-16:00,794.6398660493812,0.0,10084.824120555557,10800.0
2025-05-01,16:00-20:00,0.4035666666668476,6509.333866666666,10800.0,3567.770024814814
2025-05-01,20:00-24:00,5120.1205666666665,2365.539638999999,3567.770024814814,5547.5011581481485
2025-05-02,00:00-04:00,5836.1098242798325,0.0,5547.5011581481485,10800.0
2025-05-02,04:00-08:00,272.8761999999999,1687.5096,10800.0,9170.577913333333
2025-05-02,08:00-12:00,1810.4689851851847,0.0,9170.577913333333,10800.0
2025-05-02,12:00-16:00,0.0,0.0,10800.0,10800.0
2025-05-02,16:00-20:00,0.0,3942.0581333333325,10800.0,6419.935407407408
2025-05-02,20:00-24:00,7415.9867283950625,2064.8911166666667,6419.935407407408,10800.0
2025-05-03,00:00-04:00,0.0,0.0,10800.0,10800.0
2025-05-03,04:00-08:00,429.1715666666667,1358.5979166666666,10800.0,9676.70116925926
2025-05-03,08:00-12:00,1248.109811934155,0.0,9676.70116925926,10800.0
2025-05-03,12:00-16:00,0.0,0.0,10800.0,10800.0
2025-05-03,16:00-20:00,0.0,4133.158566666666,10800.0,6207.601592592594
2025-05-03,20:00-24:00,7503.930016666667,2117.7476,6207.601592592594,10608.085718703705
2025-05-04,00:00-04:00,325.22636666666654,185.2328500000002,10608.085718703705,10694.975170925933
2025-05-04,04:00-08:00,149.30962489711206,4407.844300000001,10694.975170925933,5931.749055555556
2025-05-04,08:00-12:00,6452.033971193412,844.7216666666667,5931.749055555556,10800.0
2025-05-04,12:00-16:00,0.0,0.0,10800.0,10800.0
2025-05-04,16:00-20:00,0.0,6294.552883333333,10800.0,3806.052351851852
2025-05-04,20:00-24:00,5057.9239333333335,2517.4307499999995,3806.052351851852,5561.038614074074
2025-05-05,00:00-04:00,5194.445783333334,87.80951666666647,5561.038614074074,10138.473689444445
2025-05-05,04:00-08:00,771.3757771604941,5996.633500000001,10138.473689444445,4169.785777777779
2025-05-05,08:00-12:00,5980.204490946502,1729.9067333333337,4169.785777777779,7629.85122703704
2025-05-05,12:00-16:00,3522.387525514399,0.0,7629.85122703704,10800.0
2025-05-05,16:00-20:00,95.80031666666673,6393.169250000001,10800.0,3782.698896111116
2025-05-05,20:00-24:00,5065.6068000000005,2486.460256500005,3782.698896111116,5579.011397777777
2025-05-06,00:00-04:00,5048.41136358025,63.67795000000012,5579.011397777777,10051.828347222221
2025-05-06,04:00-08:00,962.2818166666665,5708.841866666668,10051.828347222221,4574.724352592589
2025-05-06,08:00-12:00,6449.370499999999,1829.3643166666666,4574.724352592589,8346.530784074072
2025-05-06,12:00-16:00,2726.076906584365,0.0,8346.530784074072,10800.0
2025-05-06,16:00-20:00,2.5064609053495386,6221.845666666666,10800.0,3889.093962962964
2025-05-06,20:00-24:00,4884.650883333333,2582.0510333333345,3889.093962962964,5416.334165370372
2025-05-07,00:00-04:00,5228.946510699588,31.926916666666557,5416.334165370372,10086.911673148148
2025-05-07,04:00-08:00,807.6621944444422,5475.7874,10086.911673148148,4729.599425925925
2025-05-07,08:00-12:00,6022.886608847735,1466.8686666666658,4729.599425925925,8520.343299814813
2025-05-07,12:00-16:00,2623.5907137860095,178.9025333333335,8520.343299814813,10682.794349629628
2025-05-07,16:00-20:00,146.40073333333282,6409.913666666665,10682.794349629628,3692.428713333338
2025-05-07,20:00-24:00,5087.008783333333,2409.654042000004,3692.428713333338,5593.343238333334
2025-05-08,00:00-04:00,5125.092929629628,20.74118333333331,5593.343238333334,10182.881115740738
2025-05-08,04:00-08:00,747.3270113168759,5065.493333333333,10182.881115740738,5227.1495
2025-05-08,08:00-12:00,5030.859808436211,1345.9257333333335,5227.1495,8259.450290555553
2025-05-08,12:00-16:00,2906.336680658438,402.767166666667,8259.450290555553,10427.634229074076
2025-05-08,16:00-20:00,495.60098004115065,6054.5358166666665,10427.634229074076,4146.413092592592
2025-05-08,20:00-24:00,5268.717283333333,2737.363566666666,4146.413092592592,5846.743573518517
2025-05-09,00:00-04:00,5503.618251646091,0.0,5846.743573518517,10800.0
2025-05-09,04:00-08:00,340.78268333333335,1509.8564000000001,10800.0,9429.086192777779
2025-05-09,08:00-12:00,1523.2375635802448,0.0,9429.086192777779,10800.0
2025-05-09,12:00-16:00,0.0,0.0,10800.0,10800.0
2025-05-09,16:00-20:00,0.0,3658.0573166666654,10800.0,6735.4918703703715
2025-05-09,20:00-24:00,7175.09600823045,2153.77045,6735.4918703703715,10800.0
2025-05-10,00:00-04:00,0.0,0.0,10800.0,10800.0
2025-05-10,04:00-08:00,62.17541666666659,1287.2089999999998,10800.0,9425.725652777775
2025-05-10,08:00-12:00,1526.9714969135844,0.0,9425.725652777775,10800.0
2025-05-10,12:00-16:00,0.0,0.0,10800.0,10800.0
2025-05-10,16:00-20:00,0.0,3675.2776333333322,10800.0,6716.358185185184
2025-05-10,20:00-24:00,7112.779259259261,2086.073566666667,6716.358185185184,10800.0
2025-05-11,00:00-04:00,108.1010500000001,95.2085666666668,10800.0,10791.503648703703
2025-05-11,04:00-08:00,62.832715432100045,4852.0242333333335,10791.503648703703,5456.915055555557
2025-05-11,08:00-12:00,4345.645383744852,1309.3334666666665,5456.915055555557,7913.180937962961
2025-05-11,12:00-16:00,3374.5150372427997,205.1579666666671,7913.180937962961,10722.291175185184
2025-05-11,16:00-20:00,86.34313868312802,6093.196649999998,10722.291175185184,4029.7815000000037
2025-05-11,20:00-24:00,5216.661366666667,2698.1559943333373,4029.7815000000037,5726.825625185184
2025-05-12,00:00-04:00,5038.935683127572,160.3770499999996,5726.825625185184,10083.671017777779
2025-05-12,04:00-08:00,798.4277374485581,4105.342516666667,10083.671017777779,6240.764296296296
2025-05-12,08:00-12:00,5724.145823045267,533.2459833333331,6240.764296296296,10800.0
2025-05-12,12:00-16:00,0.0,0.0,10800.0,10800.0
2025-05-12,16:00-20:00,58.79841666666664,5812.730566666666,10800.0,4394.329056481485
2025-05-12,20:00-24:00,5455.3665666666675,2908.39128416667,4394.329056481485,6072.6130951851865
2025-05-13,00:00-04:00,4787.624483127571,32.76999999999987,6072.6130951851865,10345.064018888892
2025-05-13,04:00-08:00,569.1323864197486,4859.176983333334,10345.064018888892,5458.197629629631
2025-05-13,08:00-12:00,4979.55402222222,1461.5088166666665,5458.197629629631,8315.897564444444
2025-05-13,12:00-16:00,2760.113817283952,0.0,8315.897564444444,10800.0
2025-05-13,16:00-20:00,0.0,5706.094999999998,10800.0,4459.894444444447
2025-05-13,20:00-24:00,5458.8916333333345,2952.0725468333353,4459.894444444447,6092.816306851852
2025-05-14,00:00-04:00,4614.506653497944,61.35363333333328,6092.816306851852,10177.7015912963
2025-05-14,04:00-08:00,729.6916886831251,5109.77095,10177.7015912963,5156.900833333333
2025-05-14,08:00-12:00,5130.014346502054,933.5708000000001,5156.900833333333,8736.612856296293
2025-05-14,12:00-16:00,2292.6523818930077,0.0,8736.612856296293,10800.0
2025-05-14,16:00-20:00,104.74679999999978,5554.407916666665,10800.0,4722.70776814815
2025-05-14,20:00-24:00,5315.160033333334,3285.5759808333337,4722.70776814815,5855.711819444445
2025-05-15,00:00-04:00,4939.625117283951,67.57766666666691,5855.711819444445,10226.288128703705
2025-05-15,04:00-08:00,652.8013590534983,5395.747133333334,10226.288128703705,4818.53475925926
2025-05-15,08:00-12:00,5821.08181131687,858.7055833333335,4818.53475925926,9103.391074629626
2025-05-15,12:00-16:00,1991.386106995887,153.62163333333285,9103.391074629626,10724.947867222223
2025-05-15,16:00-20:00,283.83014753086206,5505.599633333333,10724.947867222223,4863.062074074074
2025-05-15,20:00-24:00,5578.6330333333335,3211.672083333333,4863.062074074074,6315.3072670370375
2025-05-16,00:00-04:00,4982.991925514401,0.0,6315.3072670370375,10800.0
2025-05-16,04:00-08:00,742.2675500000001,864.0437333333332,10800.0,10507.992202407411
2025-05-16,08:00-12:00,324.4531084362107,0.0,10507.992202407411,10800.0
2025-05-16,12:00-16:00,0.0,0.0,10800.0,10800.0
2025-05-16,16:00-20:00,0.0,3433.063916666667,10800.0,6985.4845370370385
2025-05-16,20:00-24:00,6875.459465020576,2136.05825,6985.4845370370385,10800.0
2025-05-17,00:00-04:00,0.0,0.0,10800.0,10800.0
2025-05-17,04:00-08:00,903.840833333333,799.9862333333335,10800.0,10724.583157407404
2025-05-17,08:00-12:00,83.79649176955152,0.0,10724.583157407404,10800.0
2025-05-17,12:00-16:00,0.0,0.0,10800.0,10800.0
2025-05-17,16:00-20:00,0.0,3654.537283333333,10800.0,6739.403018518517
2025-05-17,20:00-24:00,7210.823209876548,2186.471183333334,6739.403018518517,10799.731481481482
2025-05-18,00:00-04:00,97.39607839506263,236.53870000000006,10799.731481481482,10624.567174259264
2025-05-18,04:00-08:00,208.96200390946478,5091.046216666667,10624.567174259264,5155.914959259264
2025-05-18,08:00-12:00,5434.380897325103,1330.2297166666667,5155.914959259264,8568.824748333338
2025-05-18,12:00-16:00,2479.083612962956,0.0,8568.824748333338,10800.0
2025-05-18,16:00-20:00,0.0,5353.032633333334,10800.0,4852.185962962963
2025-05-18,20:00-24:00,5453.597016666667,3310.0369166666665,4852.185962962963,6082.604481666667
2025-05-19,00:00-04:00,4679.189675925925,30.028516666666633,6082.604481666667,10260.510171481481
2025-05-19,04:00-08:00,599.4331427983545,4589.824416666666,10260.510171481481,5700.195092592593
2025-05-19,08:00-12:00,5751.635283333334,855.9667,5700.195092592593,9925.592736481482
2025-05-19,12:00-16:00,971.5636261316872,0.0,9925.592736481482,10800.0
2025-05-19,16:00-20:00,7.551440329217359,5436.593883333333,10800.0,4766.136425925926
2025-05-19,20:00-24:00,5471.455100000001,3258.1700499999997,4766.136425925926,6070.257071481482
2025-05-20,00:00-04:00,4695.151487242797,1.1660333333331891,6070.257071481482,10294.597817407404
2025-05-20,04:00-08:00,561.5579806584383,4663.7421,10294.597817407404,5618.064333333334
2025-05-20,08:00-12:00,5243.64497407407,976.4611333333334,5618.064333333334,9252.387995185181
2025-05-20,12:00-16:00,1868.4083078189317,185.53116666666654,9252.387995185181,10727.80973148148
2025-05-20,16:00-20:00,80.21140946502176,5643.946116666667,10727.80973148148,4528.9487592592595
2025-05-20,20:00-24:00,5492.932833333333,3121.7736333333337,4528.9487592592595,6003.950938888888
2025-05-21,00:00-04:00,4806.72065123457,79.62924999999996,6003.950938888888,10241.522580555558
2025-05-21,04:00-08:00,661.7722355967071,4069.0652,10241.522580555558,6315.934037037039
2025-05-21,08:00-12:00,4575.545816666667,833.273366666667,6315.934037037039,9508.065975740745
2025-05-21,12:00-16:00,1464.564092181065,405.2567,9508.065975740745,10375.888436481484
2025-05-21,16:00-20:00,483.8335666666676,5482.3562,10375.888436481484,4719.831757592598
2025-05-21,20:00-24:00,5348.052633333334,3299.632783333332,4719.831757592598,5866.820479444452
2025-05-22,00:00-04:00,4835.71169506172,20.76191666666648,5866.820479444452,10195.892208703706
2025-05-22,04:00-08:00,677.7332248971165,4527.011033333334,10195.892208703706,5775.839851851852
2025-05-22,08:00-12:00,5527.4017,942.0986999999996,5775.839851851852,9703.72504851852
2025-05-22,12:00-16:00,1218.0832794238672,0.0,9703.72504851852,10800.0
2025-05-22,16:00-20:00,90.2958230452694,5500.822816666667,10800.0,4769.2408888888895
2025-05-22,20:00-24:00,5921.374116666667,3064.9685666666646,4769.2408888888895,6692.956964259262
2025-05-23,00:00-04:00,4563.3811508230465,0.0,6692.956964259262,10800.0
2025-05-23,04:00-08:00,776.2665833333335,890.6145166666668,10800.0,10509.068239814815
2025-05-23,08:00-12:00,323.25751131687275,0.0,10509.068239814815,10800.0
2025-05-23,12:00-16:00,0.0,0.0,10800.0,10800.0
2025-05-23,16:00-20:00,0.0,3584.9169166666666,10800.0,6816.758981481481
2025-05-23,20:00-24:00,6885.118106995886,1992.0287499999986,6816.758981481481,10800.0
2025-05-24,00:00-04:00,0.0,0.0,10800.0,10800.0
2025-05-24,04:00-08:00,684.7780999999999,797.2802166666665,10800.0,10530.433382592591
2025-05-24,08:00-12:00,299.51846378600925,0.0,10530.433382592591,10800.0
2025-05-24,12:00-16:00,0.0,0.0,10800.0,10800.0
2025-05-24,16:00-20:00,0.0,3647.2649,10800.0,6747.483444444445
2025-05-24,20:00-24:00,6975.262654320985,2002.6978499999987,6747.483444444445,10800.0
2025-05-25,00:00-04:00,47.47576131687221,38.45536666666669,10800.0,10800.0
2025-05-25,04:00-08:00,28.691995884775224,4207.0235,10800.0,6151.352240740742
2025-05-25,08:00-12:00,6023.80525,773.8803166666667,6151.352240740742,10712.90994722222
2025-05-25,12:00-16:00,96.7667253086438,0.0,10712.90994722222,10800.0
2025-05-25,16:00-20:00,0.0,5429.610549999999,10800.0,4767.099388888889
2025-05-25,20:00-24:00,5568.61015,3230.552016666665,4767.099388888889,6189.346283148151
2025-05-26,00:00-04:00,4655.720774279831,22.008483333333174,6189.346283148151,10355.041109629628
2025-05-26,04:00-08:00,525.7039728395032,4971.23285,10355.041109629628,5304.58262962963
2025-05-26,08:00-12:00,3186.822058230451,1396.1616333333336,5304.58262962963,6621.431778333331
2025-05-26,12:00-16:00,4642.853579629632,0.0,6621.431778333331,10800.0
2025-05-26,16:00-20:00,0.0,5423.802616666666,10800.0,4773.552648148149
2025-05-26,20:00-24:00,5634.603483333333,3094.1023999999993,4773.552648148149,6406.8042275925945
2025-05-27,00:00-04:00,4299.501086008229,108.67208333333349,6406.8042275925945,10155.60844574074
2025-05-27,04:00-08:00,746.7001014403285,4236.7245,10155.60844574074,6120.166870370373
2025-05-27,08:00-12:00,5150.504427777778,949.3682166666666,6120.166870370373,9700.767281296297
2025-05-27,12:00-16:00,1221.3696874485586,0.0,9700.767281296297,10800.0
2025-05-27,16:00-20:00,21.776234567900524,5594.178833333333,10800.0,4603.8443518518525
2025-05-27,20:00-24:00,5533.700116666668,3103.163516666667,4603.8443518518525,6136.21499388889
2025-05-28,00:00-04:00,4570.412423456789,84.80523333333338,6136.21499388889,10155.35813796296
2025-05-28,04:00-08:00,717.4250730452716,4999.290716666666,10155.35813796296,5246.273240740739
2025-05-28,08:00-12:00,3008.308294444444,1132.4931666666664,5246.273240740739,6695.424965
2025-05-28,12:00-16:00,4560.638927777778,0.0,6695.424965,10800.0
2025-05-28,16:00-20:00,39.7988683127574,5533.706633333333,10800.0,4687.256055555557
2025-05-28,20:00-24:00,5560.326250000001,2996.897133333334,4687.256055555557,6361.663976851852
2025-05-29,00:00-04:00,4334.240770164611,54.677499999999895,6361.663976851852,10201.727892222227
2025-05-29,04:00-08:00,695.366127983534,5185.36235,10201.727892222227,5066.043685185186
2025-05-29,08:00-12:00,3436.430478395061,1543.4904833333335,5066.043685185186,6443.841689814815
2025-05-29,12:00-16:00,4840.175900205761,28.05416666666656,6443.841689814815,10768.828703703704
2025-05-29,16:00-20:00,52.45802469135507,5577.545566666667,10768.828703703704,4618.768074074075
2025-05-29,20:00-24:00,5852.313166666667,2990.2976,4618.768074074075,6563.297035185186
2025-05-30,00:00-04:00,4707.447738683125,0.0,6563.297035185186,10800.0
2025-05-30,04:00-08:00,548.615,1066.9967833333333,10800.0,10108.20151851852
2025-05-30,08:00-12:00,768.6649794238685,0.0,10108.20151851852,10800.0
2025-05-30,12:00-16:00,0.0,0.0,10800.0,10800.0
2025-05-30,16:00-20:00,0.0,3587.7991,10800.0,6813.556555555555
2025-05-30,20:00-24:00,6761.404135802473,1888.9382500000006,6813.556555555555,10800.0
2025-05-31,00:00-04:00,0.0,0.0,10800.0,10800.0
2025-05-31,04:00-08:00,602.0834500000002,1146.6009833333333,10800.0,10067.874012407407
2025-05-31,08:00-12:00,813.4733195473243,0.0,10067.874012407407,10800.0
2025-05-31,12:00-16:00,0.0,0.0,10800.0,10800.0
2025-05-31,16:00-20:00,0.0,3680.3576833333336,10800.0,6710.713685185185
2025-05-31,20:00-24:00,6891.1989711934175,1993.7001500000003,6710.713685185185,10697.570370370371
2025-06-01,00:00-04:00,0.0,1339.30845,10697.570370370371,9209.449870370372
2025-06-01,04:00-08:00,281.0397995884763,4868.13315,9209.449870370372,4053.3488566666674
2025-06-01,08:00-12:00,1500.7998123456807,2749.7986210000004,4053.3488566666674,2348.7368866666684
2025-06-01,12:00-16:00,2732.8344500000003,1734.109182098765,2348.7368866666684,2881.499911556931
2025-06-01,16:00-20:00,0.0,1513.349920401238,2881.499911556931,1200.0
2025-06-01,20:00-24:00,4820.599183333333,508.28151666666656,1200.0,4973.7820242592625
2025-06-02,00:00-04:00,5188.2084119341525,652.1979333333331,4973.7820242592625,8918.505224629629
2025-06-02,04:00-08:00,910.4179666666666,5670.899083333334,8918.505224629629,3436.8824131481474
2025-06-02,08:00-12:00,4954.747782304523,2013.1941718333328,3436.8824131481474,5659.273004074072
2025-06-02,12:00-16:00,3085.855583333334,2674.782163168725,5659.273004074072,5464.562847775486
2025-06-02,16:00-20:00,0.0,3838.1065629979375,5464.562847775486,1200.0
2025-06-02,20:00-24:00,4807.999016666667,525.4450499999997,1200.0,4943.371281666668
2025-06-03,00:00-04:00,5174.690309259258,589.4897500000002,4943.371281666668,8945.603948888885
2025-06-03,04:00-08:00,920.6024000000004,5648.272933333333,8945.603948888885,3498.287294074073
2025-06-03,08:00-12:00,3493.203284156377,2068.4585646666656,3498.287294074073,4343.882955740739
2025-06-03,12:00-16:00,4301.685704115227,1253.444583333333,4343.882955740739,6822.683885740739
2025-06-03,16:00-20:00,0.0,5060.415497166665,6822.683885740739,1200.0
2025-06-03,20:00-24:00,4906.53805,453.5500499999997,1200.0,5111.939745
2025-06-04,00:00-04:00,4964.3239,805.4002833333335,5111.939745,8684.942051296299
2025-06-04,04:00-08:00,859.2451333333332,5654.258616666668,8684.942051296299,3175.753097222224
2025-06-04,08:00-12:00,4130.372498971192,1778.1777875000016,3175.753097222224,4917.3352490740735
2025-06-04,12:00-16:00,2824.522040123456,1954.2517166666667,4917.3352490740735,5288.01428888889
2025-06-04,16:00-20:00,1.9042166666665707,3680.7552755,5288.01428888889,1200.0
2025-06-04,20:00-24:00,4915.853633333333,543.3442333333334,1200.0,5020.552455185186
2025-06-05,00:00-04:00,5137.108749794239,723.4571166666664,5020.552455185186,8840.109089259257
2025-06-05,04:00-08:00,858.6890666666667,6138.274433333334,8840.109089259257,2792.62432333333
2025-06-05,08:00-12:00,4720.825150823042,1433.361890999997,2792.62432333333,5448.7426357407385
2025-06-05,12:00-16:00,3451.6160979423867,2446.13145,5448.7426357407385,5837.273290555554
2025-06-05,16:00-20:00,0.0,4173.545961499999,5837.273290555554,1200.0
2025-06-05,20:00-24:00,4839.06045,326.6426500000001,1200.0,5192.2181272222215
2025-06-06,00:00-04:00,6230.8687475308625,0.0,5192.2181272222215,10800.0
2025-06-06,04:00-08:00,118.72823333333326,1686.8143833333331,10800.0,9032.617206296301
2025-06-06,08:00-12:00,1963.7586596707747,0.0,9032.617206296301,10800.0
2025-06-06,12:00-16:00,0.0,0.0,10800.0,10800.0
2025-06-06,16:00-20:00,0.0,4242.993216666667,10800.0,6085.563092592593
2025-06-06,20:00-24:00,7648.8911,1994.4677499999996,6085.563092592593,10753.489804814815
2025-06-07,00:00-04:00,51.677994650205314,0.0,10753.489804814815,10800.0
2025-06-07,04:00-08:00,84.86833333333345,1631.0255166666666,10800.0,9064.130925925923
2025-06-07,08:00-12:00,1928.7434156378613,0.0,9064.130925925923,10800.0
2025-06-07,12:00-16:00,0.0,0.0,10800.0,10800.0
2025-06-07,16:00-20:00,0.0,4269.861816666667,10800.0,6055.709092592594
2025-06-07,20:00-24:00,7662.7414499999995,2125.3295499999995,6055.709092592594,10590.699119814817
2025-06-08,00:00-04:00,72.6593499999999,705.01675,10590.699119814817,9872.740590370373
2025-06-08,04:00-08:00,387.60045020575876,5582.617316666667,9872.740590370373,4018.672865925931
2025-06-08,08:00-12:00,7152.580285185185,724.7185333333332,4018.672865925931,9650.752307777782
2025-06-08,12:00-16:00,1716.1180711934119,1179.3895666666665,9650.752307777782,9884.825720000003
2025-06-08,16:00-20:00,0.0,6758.489466666666,9884.825720000003,2375.39297925926
2025-06-08,20:00-24:00,4918.759066666667,1385.2187313333338,2375.39297925926,5263.144215555556
2025-06-09,00:00-04:00,5217.691982716049,415.5892833333336,5263.144215555556,9497.301129629634
2025-06-09,04:00-08:00,897.658566666667,6057.141683333333,9497.301129629634,3575.0364137037122
2025-06-09,08:00-12:00,5568.522450000001,2137.532772333341,3575.0364137037122,6211.670205000001
2025-06-09,12:00-16:00,4052.645311728395,1783.0376833333326,6211.670205000001,7877.898004074079
2025-06-09,16:00-20:00,0.0,6010.10820366667,7877.898004074079,1200.0
2025-06-09,20:00-24:00,5117.575516666667,130.91095933333335,1200.0,5660.361343518517
2025-06-10,00:00-04:00,4925.642218312759,323.3743666666662,5660.361343518517,9734.134488148147
2025-06-10,04:00-08:00,989.4876096666649,5341.40425,9734.134488148147,4689.779725737036
2025-06-10,08:00-12:00,5466.37935,3020.463083333333,4689.779725737036,6253.451048144443
2025-06-10,12:00-16:00,3833.722310288067,1866.549433333334,6253.451048144443,7629.857312588887
2025-06-10,16:00-20:00,15.804799999999886,5799.673469329999,7629.857312588887,1200.0
2025-06-10,20:00-24:00,5167.778083333333,177.1616016666665,1200.0,5654.154050925927
2025-06-11,00:00-04:00,4974.337960082304,186.16180000000008,5654.154050925927,9924.211770555557
2025-06-11,04:00-08:00,955.0177166666668,6113.625083333332,9924.211770555557,3990.8109562963
2025-06-11,08:00-12:00,5510.625416666668,2511.72986066667,3990.8109562963,6159.5628750000005
2025-06-11,12:00-16:00,3879.08431111111,3273.2208594650206,6159.5628750000005,6013.826688927753
2025-06-11,16:00-20:00,3.0048000000001593,4334.87790803498,6013.826688927753,1200.0
2025-06-11,20:00-24:00,5233.450383333333,76.3569666666665,1200.0,5825.264270925926
2025-06-12,00:00-04:00,4808.590243415636,218.95265000000006,5825.264270925926,9909.71476777778
2025-06-12,04:00-08:00,989.2058135802478,5492.095366666667,9909.71476777778,4697.671814814817
2025-06-12,08:00-12:00,5652.846566666667,2613.634516666667,4697.671814814817,6881.195372962964
2025-06-12,12:00-16:00,4661.873758847736,2895.956799999999,6881.195372962964,7859.151978148148
2025-06-12,16:00-20:00,24.2405500000001,6012.871625833333,7859.151978148148,1200.0
2025-06-12,20:00-24:00,5539.609516666667,0.0,1200.0,6185.648565
2025-06-13,00:00-04:00,5127.057150000001,0.0,6185.648565,10800.0
2025-06-13,04:00-08:00,255.41841666666664,1653.530076833334,10800.0,9192.620934074073
2025-06-13,08:00-12:00,1803.0876246913601,13.859816666666802,9192.620934074073,10800.0
2025-06-13,12:00-16:00,0.0,0.0,10800.0,10800.0
2025-06-13,16:00-20:00,0.0,4014.798533333334,10800.0,6339.1127407407375
2025-06-13,20:00-24:00,7075.180905349796,1716.098,6339.1127407407375,10800.0
2025-06-14,00:00-04:00,0.0,0.0,10800.0,10800.0
2025-06-14,04:00-08:00,468.3934898333323,1397.8014333333335,10800.0,9668.441437146294
2025-06-14,08:00-12:00,1257.2872920596737,0.0,9668.441437146294,10800.0
2025-06-14,12:00-16:00,0.0,0.0,10800.0,10800.0
2025-06-14,16:00-20:00,0.0,3935.450433333334,10800.0,6427.277296296297
2025-06-14,20:00-24:00,7104.202880658437,1818.9539,6427.277296296297,10800.0
2025-06-15,00:00-04:00,20.767654320987944,16.821799999999826,10800.0,10800.0
2025-06-15,04:00-08:00,14.37084362140048,4948.570060166668,10800.0,5314.522581296296
2025-06-15,08:00-12:00,5319.7569,3277.460033333333,5314.522581296296,6460.681532037036
2025-06-15,12:00-16:00,5607.375383333334,1790.2745499999996,6460.681532037036,9518.125432592593
2025-06-15,16:00-20:00,319.9394166666665,5723.686383333334,9518.125432592593,3446.419370555557
2025-06-15,20:00-24:00,5425.7682,2172.0915365000014,3446.419370555557,5916.1757099999995
2025-06-16,00:00-04:00,4777.021933333333,120.82855000000029,5916.1757099999995,10081.241505555558
2025-06-16,04:00-08:00,829.3610432098744,5574.627433666668,10081.241505555558,4633.635962592589
2025-06-16,08:00-12:00,5895.309550000001,3090.272366333331,4633.635962592589,6505.778595
2025-06-16,12:00-16:00,5272.927562962964,2141.8114333333338,6505.778595,8871.622920185184
2025-06-16,16:00-20:00,189.858466666666,5924.514916666666,8871.622920185184,2459.7011883333353
2025-06-16,20:00-24:00,5607.28255,1157.9541361666684,2459.7011883333353,6219.639776481482
2025-06-17,00:00-04:00,4551.6813872427965,102.48905000000002,6219.639776481482,10202.276302777775
2025-06-17,04:00-08:00,759.037047736627,5033.676333666668,10202.276302777775,5292.435941666664
2025-06-17,08:00-12:00,5360.779350000001,2648.8026333333337,5292.435941666664,7174.023319629628
2025-06-17,12:00-16:00,5328.71285,3430.9954666666663,7174.023319629628,8157.647699444439
2025-06-17,16:00-20:00,324.17356666666626,6013.835150000001,8157.647699444439,1767.3648538888829
2025-06-17,20:00-24:00,5346.49405,566.314497333328,1767.3648538888829,5949.971168518518
2025-06-18,00:00-04:00,5013.8294572016475,49.087133333333554,5949.971168518518,10407.87642074074
2025-06-18,04:00-08:00,463.1776600823027,4967.017897333334,10407.87642074074,5305.82754
2025-06-18,08:00-12:00,5640.598500000001,2298.255500000001,5305.82754,7828.7489677777785
2025-06-18,12:00-16:00,4507.637710699586,996.8834833333334,7828.7489677777785,10777.97459259259
2025-06-18,16:00-20:00,145.68726666666623,5909.9653333333345,10777.97459259259,4342.464984444439
2025-06-18,20:00-24:00,5588.592166666665,2826.6170500000003,4342.464984444439,6231.512323333328
2025-06-19,00:00-04:00,4541.4435685185235,32.787399999999934,6231.512323333328,10282.381090555557
2025-06-19,04:00-08:00,681.7379399176929,4735.523864,10282.381090555557,5634.25205425926
2025-06-19,08:00-12:00,6319.160900000001,2859.5689666666667,5634.25205425926,8144.198012407407
2025-06-19,12:00-16:00,3816.6844718106995,777.7622166666663,8144.198012407407,10715.033796296297
2025-06-19,16:00-20:00,331.07199485597084,5996.660816666668,10715.033796296297,4350.042128703704
2025-06-19,20:00-24:00,5798.408000000001,2766.282883333334,4350.042128703704,6494.961680555555
2025-06-20,00:00-04:00,4783.375910493825,0.0,6494.961680555555,10800.0
2025-06-20,04:00-08:00,1419.1346707818943,1149.4990833333334,10800.0,10800.0
2025-06-20,08:00-12:00,0.0,0.0,10800.0,10800.0
2025-06-20,12:00-16:00,0.0,0.0,10800.0,10800.0
2025-06-20,16:00-20:00,0.0,3774.7536833333334,10800.0,6605.8292407407425
2025-06-20,20:00-24:00,6675.358477366255,1632.2866833333337,6605.8292407407425,10800.0
2025-06-21,00:00-04:00,0.0,0.0,10800.0,10800.0
2025-06-21,04:00-08:00,1305.048236000001,1297.7090666666666,10800.0,10532.644449437037
2025-06-21,08:00-12:00,297.06172284773675,0.0,10532.644449437037,10800.0
2025-06-21,12:00-16:00,0.0,0.0,10800.0,10800.0
2025-06-21,16:00-20:00,0.0,3796.9549166666666,10800.0,6581.161203703705
2025-06-21,20:00-24:00,6818.052510288067,1725.6676166666675,6581.161203703705,10800.0
2025-06-22,00:00-04:00,225.53362139917914,182.68223333333356,10800.0,10800.0
2025-06-22,04:00-08:00,282.01538333333303,4075.929697333332,10800.0,6525.003070185187
2025-06-22,08:00-12:00,6550.214716666667,1652.0345499999999,6525.003070185187,10584.602370740744
2025-06-22,12:00-16:00,2273.7941325102847,1826.696100000002,10584.602370740744,10601.354756666664
2025-06-22,16:00-20:00,220.71693703703988,5709.46865,10601.354756666664,4456.1459444444445
2025-06-22,20:00-24:00,5534.157483333334,2734.6776500000005,4456.1459444444445,6398.356957222223
2025-06-23,00:00-04:00,4679.157608641975,53.02851666666663,6398.356957222223,10550.678230925929
2025-06-23,04:00-08:00,563.035013786005,4237.5521973333325,10550.678230925929,6349.018412962965
2025-06-23,08:00-12:00,6678.818366666667,2303.366383333333,6349.018412962965,9800.658961481484
2025-06-23,12:00-16:00,3297.3783516460862,1778.0969833333338,9800.658961481484,10792.636163148145
2025-06-23,16:00-20:00,30.98817263374945,5641.616716666667,10792.636163148145,4552.062499999999
2025-06-23,20:00-24:00,5591.238916666667,2759.5231333333336,4552.062499999999,6518.040710185185
2025-06-24,00:00-04:00,4285.884244238683,159.9761000000001,6518.040710185185,10197.585307777776
2025-06-24,04:00-08:00,711.3343183127627,4883.865810833333,10197.585307777776,5411.26862666667
2025-06-24,08:00-12:00,5060.629416666667,3790.1417640000036,5411.26862666667,5754.566475
2025-06-24,12:00-16:00,5684.449034979424,1669.9424999999997,5754.566475,9015.078939814815
2025-06-24,16:00-20:00,387.62718333333305,5749.338366666667,9015.078939814815,2975.7896640740723
2025-06-24,20:00-24:00,5541.5512,1604.8290309999984,2975.7896640740723,6180.042376296297
2025-06-25,00:00-04:00,4786.483565226338,9.968783333333363,6180.042376296297,10476.801159074073
2025-06-25,04:00-08:00,527.9108399176978,4222.302116666666,10476.801159074073,6260.474118703703
2025-06-25,08:00-12:00,5139.8575,3470.854700000001,6260.474118703703,7029.840646481482
2025-06-25,12:00-16:00,5830.204981275719,1329.322616666667,7029.840646481482,10800.0
2025-06-25,16:00-20:00,0.0,5580.373283333334,10800.0,4599.585240740742
2025-06-25,20:00-24:00,5680.918066666667,2793.861033333333,4599.585240740742,6608.121463703706
2025-06-26,00:00-04:00,4379.992684773662,24.009583333333353,6608.121463703706,10523.437565185184
2025-06-26,04:00-08:00,406.80899423868306,4202.659466666664,10523.437565185184,6219.944030370372
2025-06-26,08:00-12:00,5806.733966666667,3525.893566666667,6219.944030370372,7528.345081851854
2025-06-26,12:00-16:00,4322.6178308641975,556.8310166666664,7528.345081851854,10800.0
2025-06-26,16:00-20:00,30.576707818930068,5766.523800000001,10800.0,4420.27037037037
2025-06-26,20:00-24:00,5772.255016666667,2708.9397166666668,4420.27037037037,6605.366866851851
2025-06-27,00:00-04:00,4660.703481275721,0.0,6605.366866851851,10800.0
2025-06-27,04:00-08:00,1369.494444444442,1109.2905,10800.0,10800.0
2025-06-27,08:00-12:00,0.0,0.0,10800.0,10800.0
2025-06-27,12:00-16:00,0.0,0.0,10800.0,10800.0
2025-06-27,16:00-20:00,0.0,3853.8288833333336,10800.0,6517.967907407407
2025-06-27,20:00-24:00,6746.7661316872445,1611.0516833333334,6517.967907407407,10800.0
2025-06-28,00:00-04:00,0.0,0.0,10800.0,10800.0
2025-06-28,04:00-08:00,1327.345308641977,1075.1497,10800.0,10800.0
2025-06-28,08:00-12:00,0.0,0.0,10800.0,10800.0
2025-06-28,12:00-16:00,0.0,0.0,10800.0,10800.0
2025-06-28,16:00-20:00,0.0,3732.1142833333342,10800.0,6653.206351851851
2025-06-28,20:00-24:00,6533.977222222222,1560.4072666666666,6653.206351851851,10800.0
2025-06-29,00:00-04:00,105.4421810699618,85.40816666666683,10800.0,10800.0
2025-06-29,04:00-08:00,35.765534979423094,4152.003949999998,10800.0,6218.85125925926
2025-06-29,08:00-12:00,6434.017666666667,3194.489583333333,6218.85125925926,8460.03428888889
2025-06-29,12:00-16:00,3116.0932386831237,418.0663833333333,8460.03428888889,10800.0
2025-06-29,16:00-20:00,53.622427983538955,5642.203066666667,10800.0,4579.145666666667
2025-06-29,20:00-24:00,5777.7660000000005,2699.5630000000006,4579.145666666667,6779.620622222223
2025-06-30,00:00-04:00,4297.061397530864,15.616666666666902,6779.620622222223,10629.624028148153
2025-06-30,04:00-08:00,214.21747901234255,4754.521149999999,10629.624028148153,5539.618481481484
2025-06-30,08:00-12:00,5806.895266666667,3212.5017000000007,5539.618481481484,7196.377888148151
2025-06-30,12:00-16:00,4762.091317695471,614.0340666666667,7196.377888148151,10800.0
2025-06-30,16:00-20:00,0.0,5621.710616666667,10800.0,4553.654870370371
2025-06-30,20:00-24:00,5602.231433333333,2811.7017333333333,4553.654870370371,6471.550123333335
2025-07-01,00:00-04:00,3554.4681351851846,1699.4284500000008,6471.550123333335,7782.317611666669
2025-07-01,04:00-08:00,837.6083666666668,5150.677216666667,7782.317611666669,2813.190456481486
2025-07-01,08:00-12:00,5895.399783333334,1451.8714108333374,2813.190456481486,6505.859805000001
2025-07-01,12:00-16:00,5866.354393621399,887.0208833333327,6505.859805000001,10800.0
2025-07-01,16:00-20:00,0.0,6400.805600000001,10800.0,3687.9937777777786
2025-07-01,20:00-24:00,4780.403066666667,2828.752033333334,3687.9937777777786,4847.2987229629625
2025-07-02,00:00-04:00,5217.089263374487,1503.646933333332,4847.2987229629625,7871.9602451851915
2025-07-02,04:00-08:00,991.8856999999999,4665.944316666666,7871.9602451851915,3580.274801111117
2025-07-02,08:00-12:00,6420.686966666666,1963.813333333334,3580.274801111117,7176.8782562963015
2025-07-02,12:00-16:00,4188.1660115226305,143.52448333333382,7176.8782562963015,10786.75601851852
2025-07-02,16:00-20:00,50.450833333333776,6386.5017333333335,10786.75601851852,3736.048731481481
2025-07-02,20:00-24:00,4707.633900000001,2819.5486416666663,3736.048731481481,4840.087417407409
2025-07-03,00:00-04:00,5059.260125102879,1572.5552833333327,4840.087417407409,7646.137881851854
2025-07-03,04:00-08:00,795.639883333333,4952.174766666666,7646.137881851854,2859.797369444448
2025-07-03,08:00-12:00,5758.760116666667,1493.8176325000036,2859.797369444448,6382.884105000001
2025-07-03,12:00-16:00,6598.856303086422,1369.6693000000005,6382.884105000001,10800.0
2025-07-03,16:00-20:00,0.0,6871.8300500000005,10800.0,3164.633277777777
2025-07-03,20:00-24:00,4848.526533333334,2128.1086333333333,3164.633277777777,5163.742009629628
2025-07-04,00:00-04:00,6262.508878189299,0.0,5163.742009629628,10800.0
2025-07-04,04:00-08:00,1582.9136500000031,1391.5476166666663,10800.0,10678.458266481484
2025-07-04,08:00-12:00,135.04637057612905,0.0,10678.458266481484,10800.0
2025-07-04,12:00-16:00,0.0,0.0,10800.0,10800.0
2025-07-04,16:00-20:00,0.0,4542.252433333334,10800.0,5753.052851851852
2025-07-04,20:00-24:00,7123.0517,2125.9161666666673,5753.052851851852,9801.670307777777
2025-07-05,00:00-04:00,1109.2552135802493,0.0,9801.670307777777,10800.0
2025-07-05,04:00-08:00,1637.05661666667,1480.0362166666664,10800.0,10628.866269814816
2025-07-05,08:00-12:00,190.14858909464843,0.0,10628.866269814816,10800.0
2025-07-05,12:00-16:00,0.0,0.0,10800.0,10800.0
2025-07-05,16:00-20:00,0.0,4412.21235,10800.0,5897.5418333333355
2025-07-05,20:00-24:00,7092.616733333334,2158.3687666666674,5897.5418333333355,9882.709374814816
2025-07-06,00:00-04:00,107.73342242798185,1757.7584166666666,9882.709374814816,8026.604547592594
2025-07-06,04:00-08:00,960.1690166666666,5015.055066666664,8026.604547592594,3318.473255185189
2025-07-06,08:00-12:00,6204.905116666667,1910.9617246666699,3318.473255185189,6779.597055
2025-07-06,12:00-16:00,6115.372487242797,2235.461816666665,6779.597055,9799.58583055556
2025-07-06,16:00-20:00,0.0,6922.6614666666665,9799.58583055556,2107.7397564814864
2025-07-06,20:00-24:00,4696.04215,1208.4207308333378,2107.7397564814864,4991.487990555556
2025-07-07,00:00-04:00,5069.960932716049,1383.9338333333333,4991.487990555556,8016.748570740739
2025-07-07,04:00-08:00,1147.4915833333353,4385.810016666665,8016.748570740739,4176.3687549999995
2025-07-07,08:00-12:00,6402.180383333334,1955.2662500000006,4176.3687549999995,7765.813044444444
2025-07-07,12:00-16:00,3632.787975308644,211.7900000000002,7765.813044444444,10800.0
2025-07-07,16:00-20:00,69.11137860082073,6118.913466666666,10800.0,4063.407500000002
2025-07-07,20:00-24:00,4791.475933333333,3028.871166666668,4063.407500000002,5010.323432592594
2025-07-08,00:00-04:00,5202.351797119339,1069.6310666666664,5010.323432592594,8503.961087037036
2025-07-08,04:00-08:00,761.5064,5052.029849999999,8503.961087037036,3575.950347037037
2025-07-08,08:00-12:00,6149.36265,2138.355312333333,3575.950347037037,6734.426385
2025-07-08,12:00-16:00,5586.625683333337,1008.0285666666665,6734.426385,10642.35775925926
2025-07-08,16:00-20:00,0.0,6793.363066666667,10642.35775925926,3094.176574074072
2025-07-08,20:00-24:00,4965.385733333334,2067.0537833333315,3094.176574074072,5266.29730814815
2025-07-09,00:00-04:00,5117.385763168722,603.6041000000002,5266.29730814815,9201.273272777775
2025-07-09,04:00-08:00,932.5485333333338,4754.723133333333,9201.273272777775,4757.541249074073
2025-07-09,08:00-12:00,7039.235933333333,1867.572733333333,4757.541249074073,9017.772774259258
2025-07-09,12:00-16:00,2960.8868146090554,794.3138166666663,9017.772774259258,10800.0
2025-07-09,16:00-20:00,41.925329218105915,6342.426216666667,10800.0,3790.592555555557
2025-07-09,20:00-24:00,5190.2813166666665,2524.1008333333343,3790.592555555557,5657.289259074073
2025-07-10,00:00-04:00,5072.732345473251,356.36990000000014,5657.289259074073,9826.781814444443
2025-07-10,04:00-08:00,974.2905333333333,4514.514778499999,9826.781814444443,5687.515762777776
2025-07-10,08:00-12:00,6658.229800000001,2219.6753833333332,5687.515762777776,9213.616601296295
2025-07-10,12:00-16:00,2481.823261934159,722.1793666666671,9213.616601296295,10644.83601851852
2025-07-10,16:00-20:00,192.43868333333285,6160.838150000001,10644.83601851852,3972.655111296298
2025-07-10,20:00-24:00,5359.130033333333,2609.5937140000015,3972.655111296298,5896.323570185185
2025-07-11,00:00-04:00,5448.529366460905,0.0,5896.323570185185,10800.0
2025-07-11,04:00-08:00,1177.9942499999995,1698.3545118333345,10800.0,9973.134256296296
2025-07-11,08:00-12:00,918.7397152263358,0.0,9973.134256296296,10800.0
2025-07-11,12:00-16:00,0.0,0.0,10800.0,10800.0
2025-07-11,16:00-20:00,0.0,4139.409900000001,10800.0,6200.6556666666675
2025-07-11,20:00-24:00,7063.97755144033,1582.4119166666665,6200.6556666666675,10800.0
2025-07-12,00:00-04:00,0.0,0.0,10800.0,10800.0
2025-07-12,04:00-08:00,1224.5729666666662,1498.383678500001,10800.0,10237.244916111107
2025-07-12,08:00-12:00,625.2834265432148,0.0,10237.244916111107,10800.0
2025-07-12,12:00-16:00,0.0,0.0,10800.0,10800.0
2025-07-12,16:00-20:00,0.0,4047.1488666666673,10800.0,6303.167925925926
2025-07-12,20:00-24:00,7124.003559670781,1723.2940166666667,6303.167925925926,10800.0
2025-07-13,00:00-04:00,224.99718106995863,274.91053333333343,10800.0,10697.041314814815
2025-07-13,04:00-08:00,388.42921378600875,4474.574111833334,10697.041314814815,6074.87859407407
2025-07-13,08:00-12:00,6693.777366666667,1851.4930666666664,6074.87859407407,10042.06370555555
2025-07-13,12:00-16:00,1288.6726728395115,361.68219999999997,10042.06370555555,10800.0
2025-07-13,16:00-20:00,6.883083333333275,6077.552716666667,10800.0,4053.3584231481464
2025-07-13,20:00-24:00,5366.535766666667,2724.451914166665,4053.3584231481464,5856.071819629628
2025-07-14,00:00-04:00,4823.397100411523,323.716499999999,5856.071819629628,9837.44421
2025-07-14,04:00-08:00,1255.7295500000005,4371.903873499998,9837.44421,6109.929834444447
2025-07-14,08:00-12:00,6295.752966666667,1602.5931666666665,6109.929834444447,9995.448430370374
2025-07-14,12:00-16:00,1021.513390123455,103.3294333333331,9995.448430370374,10800.0
2025-07-14,16:00-20:00,38.348179012346854,6137.167116666667,10800.0,4015.4387870370374
2025-07-14,20:00-24:00,5315.311666666667,2551.4967416666673,4015.4387870370374,5964.2229074074085
2025-07-15,00:00-04:00,4640.508375102879,261.6463500000003,5964.2229074074085,9849.96227833333
2025-07-15,04:00-08:00,1432.000065637862,4681.288006833334,9849.96227833333,5937.331218703703
2025-07-15,08:00-12:00,6857.163872222224,1177.9008333333336,5937.331218703703,10800.0
2025-07-15,12:00-16:00,588.2413374485602,476.4754833333334,10800.0,10800.0
2025-07-15,16:00-20:00,16.572116666666716,6018.746616666666,10800.0,4127.418664259263
2025-07-15,20:00-24:00,5543.816200000001,2723.60843116667,4127.418664259263,6090.621654074075
2025-07-16,00:00-04:00,4838.077689917694,159.9951166666665,6090.621654074075,10267.11922314815
2025-07-16,04:00-08:00,953.0475838497945,4811.8170666666665,10267.11922314815,5778.398641205555
2025-07-16,08:00-12:00,7057.3441229403315,1197.0075166666666,5778.398641205555,10800.0
2025-07-16,12:00-16:00,395.12029588477316,422.91786666666644,10800.0,10685.699525555556
2025-07-16,16:00-20:00,218.96501666666654,5910.3053500000005,10685.699525555556,4315.762096111113
2025-07-16,20:00-24:00,5615.7350166666665,2844.4486833333335,4315.762096111113,6209.425074074076
2025-07-17,00:00-04:00,4622.578006584361,115.29086666666649,6209.425074074076,10241.644317037038
2025-07-17,04:00-08:00,943.9984335390906,4737.613106500001,10241.644317037038,5827.228344444445
2025-07-17,08:00-12:00,6805.02715,2414.696233333333,5827.228344444445,9268.75696462963
2025-07-17,12:00-16:00,2509.5993808641956,654.6567666666663,9268.75696462963,10800.0
2025-07-17,16:00-20:00,31.063916666666387,6100.710366666666,10800.0,4049.390450925925
2025-07-17,20:00-24:00,5604.052383333334,2697.634239166666,4049.390450925925,6095.6662190740735
2025-07-18,00:00-04:00,5227.03753436214,0.0,6095.6662190740735,10800.0
2025-07-18,04:00-08:00,976.7963268333318,1358.0120833333335,10800.0,10170.214379335182
2025-07-18,08:00-12:00,699.7618007386873,0.0,10170.214379335182,10800.0
2025-07-18,12:00-16:00,0.0,0.0,10800.0,10800.0
2025-07-18,16:00-20:00,0.0,3793.777633333334,10800.0,6584.691518518517
2025-07-18,20:00-24:00,6716.716563786011,1646.7627833333336,6584.691518518517,10800.0
2025-07-19,00:00-04:00,0.0,0.0,10800.0,10800.0
2025-07-19,04:00-08:00,1455.2694444444414,1178.7682499999999,10800.0,10800.0
2025-07-19,08:00-12:00,0.0,0.0,10800.0,10800.0
2025-07-19,12:00-16:00,0.0,0.0,10800.0,10800.0
2025-07-19,16:00-20:00,0.0,3857.7772833333343,10800.0,6513.5807962962945
2025-07-19,20:00-24:00,6874.644032921812,1741.0660500000004,6513.5807962962945,10766.242592592593
2025-07-20,00:00-04:00,130.94609053497942,78.84438333333333,10766.242592592593,10796.489203703704
2025-07-20,04:00-08:00,165.27343004115303,4750.643339833334,10796.489203703704,5666.742690925926
2025-07-20,08:00-12:00,6340.326333333334,1609.5585666666666,5666.742690925926,9584.637983518518
2025-07-20,12:00-16:00,1773.0452240740751,342.3408166666669,9584.637983518518,10800.0
2025-07-20,16:00-20:00,96.1867489711939,5691.704983333334,10800.0,4562.451425925925
2025-07-20,20:00-24:00,5552.686833333334,2871.120666666667,4562.451425925925,6369.735501851851
2025-07-21,00:00-04:00,4565.147559053499,84.0419499999997,6369.735501851851,10384.988360555553
2025-07-21,04:00-08:00,714.3528701646096,4932.0905046666685,10384.988360555553,5547.8053829629625
2025-07-21,08:00-12:00,6814.176566666667,2068.8479,5547.8053829629625,9381.844404074076
2025-07-21,12:00-16:00,2086.659448148145,500.77678333333336,9381.844404074076,10703.419259259259
2025-07-21,16:00-20:00,249.6830300411528,6018.488350000001,10703.419259259259,4240.924708518514
2025-07-21,20:00-24:00,5564.671666666666,2720.5652833333334,4240.924708518514,6226.278893703699
2025-07-22,00:00-04:00,4653.957256995889,157.31978333333348,6226.278893703699,10240.040665740738
2025-07-22,04:00-08:00,782.8724730452687,4712.484743333334,10240.040665740738,5708.53173222222
2025-07-22,08:00-12:00,6119.337366666667,1504.9361499999995,5708.53173222222,9543.784084444442
2025-07-22,12:00-16:00,2796.398651028808,1134.4885833333333,9543.784084444442,10800.0
2025-07-22,16:00-20:00,25.673997325102352,5724.680516666666,10800.0,4462.350467962962
2025-07-22,20:00-24:00,5628.0695166666665,2703.83295,4462.350467962962,6523.354199629629
2025-07-23,00:00-04:00,4462.401633744856,14.171133333333614,6523.354199629629,10523.769966296293
2025-07-23,04:00-08:00,400.3386930041168,5338.313782666667,10523.769966296293,4952.615031481483
2025-07-23,08:00-12:00,6662.8977,2012.1121666666663,4952.615031481483,8713.542776296299
2025-07-23,12:00-16:00,3402.738623045265,1059.6766166666662,8713.542776296299,10598.589074074074
2025-07-23,16:00-20:00,159.97663333333287,5884.562216666667,10598.589074074074,4204.165581111114
2025-07-23,20:00-24:00,5712.711583333335,2745.249216666667,4204.165581111114,6295.329098703706
2025-07-24,00:00-04:00,4569.264073662549,9.487566666666908,6295.329098703706,10397.125024259258
2025-07-24,04:00-08:00,778.7104588477392,5010.050738,10397.125024259258,5531.241394999999
2025-07-24,08:00-12:00,6816.095850000001,1142.4290833333337,5531.241394999999,10396.362011851852
2025-07-24,12:00-16:00,1623.8266584362123,1378.239183333334,10396.362011851852,10326.429134074075
2025-07-24,16:00-20:00,259.27636666666615,6004.9954333333335,10326.429134074075,3887.560715925928
2025-07-24,20:00-24:00,5971.223133333333,2426.1859610000024,3887.560715925928,6565.899357037035
2025-07-25,00:00-04:00,4704.55626995885,0.0,6565.899357037035,10800.0
2025-07-25,04:00-08:00,624.0854166666664,1509.6091833333335,10800.0,9684.333337962962
2025-07-25,08:00-12:00,1239.6296244855957,0.0,9684.333337962962,10800.0
2025-07-25,12:00-16:00,0.0,0.0,10800.0,10800.0
2025-07-25,16:00-20:00,0.0,3698.5279833333334,10800.0,6690.524462962963
2025-07-25,20:00-24:00,6540.078991769547,1598.9360000000004,6690.524462962963,10800.0
2025-07-26,00:00-04:00,0.0,0.0,10800.0,10800.0
2025-07-26,04:00-08:00,941.4823999999999,1656.4559500000003,10800.0,9806.827548888888
2025-07-26,08:00-12:00,1103.5249456790139,0.0,9806.827548888888,10800.0
2025-07-26,12:00-16:00,0.0,0.0,10800.0,10800.0
2025-07-26,16:00-20:00,0.0,3800.158283333333,10800.0,6577.601907407407
2025-07-26,20:00-24:00,6779.018827160494,1690.846966666667,6577.601907407407,10800.0
2025-07-27,00:00-04:00,147.87884773662404,119.7818666666667,10800.0,10800.0
2025-07-27,04:00-08:00,18.797866666666778,5939.272833333333,10800.0,4217.726042962965
2025-07-27,08:00-12:00,6513.213083333333,2715.9534386666687,4217.726042962965,7061.891775
2025-07-27,12:00-16:00,5176.494159465024,828.6628666666664,7061.891775,10800.0
2025-07-27,16:00-20:00,19.4102880658425,5634.274366666667,10800.0,4557.1644074074065
2025-07-27,20:00-24:00,5760.146650000001,2646.8052333333335,4557.1644074074065,6800.401688703703
2025-07-28,00:00-04:00,4278.722406995887,22.15730000000019,6800.401688703703,10626.632632777777
2025-07-28,04:00-08:00,338.93635308642075,5559.4976,10626.632632777777,4754.455795000002
2025-07-28,08:00-12:00,5739.270283333333,3060.1901666666663,4754.455795000002,6519.587753703707
2025-07-28,12:00-16:00,5075.5376345679015,778.9055833333337,6519.587753703707,10222.12097666667
2025-07-28,16:00-20:00,110.86211666666657,5821.221333333333,10222.12097666667,3853.873177962968
2025-07-28,20:00-24:00,5540.531216666668,2416.4085176666713,3853.873177962968,6155.45292
2025-07-29,00:00-04:00,4875.797383333334,48.256566666666345,6155.45292,10490.05215759259
2025-07-29,04:00-08:00,406.17482931070117,5144.732550000001,10490.05215759259,5139.240003972223
2025-07-29,08:00-12:00,5017.098933333334,2777.6685499999994,5139.240003972223,6568.330655083335
2025-07-29,12:00-16:00,5619.23968365226,743.0817333333339,6568.330655083335,10800.0
2025-07-29,16:00-20:00,116.86506172839573,5831.072700000001,10800.0,4426.208888888888
2025-07-29,20:00-24:00,5848.1898,2688.539683333334,4426.208888888888,6702.313394074073
2025-07-30,00:00-04:00,4247.572201028808,55.90395000000001,6702.313394074073,10463.012874999997
2025-07-30,04:00-08:00,430.25044753086553,5669.78411533333,10463.012874999997,4550.478149629631
2025-07-30,08:00-12:00,5972.387566666666,2727.8983166666662,4550.478149629631,6894.628830000002
2025-07-30,12:00-16:00,4751.092685185185,364.48275,6894.628830000002,10765.631413333333
2025-07-30,16:00-20:00,110.50940185185272,5646.523650000001,10765.631413333333,4591.174708333334
2025-07-30,20:00-24:00,5852.524966666668,2653.503016666667,4591.174708333334,6910.1104931481495
2025-07-31,00:00-04:00,4270.5098020576115,88.47001666666642,6910.1104931481495,10655.269296481485
2025-07-31,04:00-08:00,355.2966656378568,5180.785733333334,10655.269296481485,5218.607702962962
2025-07-31,08:00-12:00,6319.585966666667,2697.59165,5218.607702962962,7908.911017407407
2025-07-31,12:00-16:00,4467.18574197531,1016.4403666666675,7908.911017407407,10800.0
2025-07-31,16:00-20:00,92.79716069958758,5747.812316666667,10800.0,4497.059314999999
2025-07-31,20:00-24:00,5997.233633333333,2743.567016666667,4497.059314999999,6846.161788703701
2025-08-01,00:00-04:00,4393.153568107001,0.0,6846.161788703701,10800.0
2025-08-01,04:00-08:00,955.5435953333332,1166.36895,10800.0,10364.0237358
2025-08-01,08:00-12:00,484.4180713333334,0.0,10364.0237358,10800.0
2025-08-01,12:00-16:00,0.0,0.0,10800.0,10800.0
2025-08-01,16:00-20:00,0.0,3647.6344833333337,10800.0,6747.0727962962965
2025-08-01,20:00-24:00,6577.071316872429,1679.7932833333334,6747.0727962962965,10800.0
2025-08-02,00:00-04:00,0.0,0.0,10800.0,10800.0
2025-08-02,04:00-08:00,766.1361953333337,1421.9603166666664,10800.0,9909.566668392592
2025-08-02,08:00-12:00,989.3703684526748,0.0,9909.566668392592,10800.0
2025-08-02,12:00-16:00,0.0,0.0,10800.0,10800.0
2025-08-02,16:00-20:00,0.0,3734.3725333333336,10800.0,6650.697185185186
2025-08-02,20:00-24:00,6655.095123456787,1687.5978500000003,6650.697185185186,10765.174074074073
2025-08-03,00:00-04:00,44.32940329218273,4.563483333333352,10765.174074074073,10800.0
2025-08-03,04:00-08:00,106.34097475720114,5045.90065,10800.0,5289.150599503703
2025-08-03,08:00-12:00,7165.5707330617315,844.3478333333336,5289.150599503703,10800.0
2025-08-03,12:00-16:00,0.0,0.0,10800.0,10800.0
2025-08-03,16:00-20:00,6.613683127571777,5842.643633333333,10800.0,4314.1260555555555
2025-08-03,20:00-24:00,5606.2017166666665,2738.3947499999995,4314.1260555555555,6317.046767222222
2025-08-04,00:00-04:00,4981.059147530863,0.0,6317.046767222222,10800.0
2025-08-04,04:00-08:00,157.32263971193402,5127.664844666666,10800.0,5244.1849927777785
2025-08-04,08:00-12:00,7334.08539897119,940.3756666666667,5244.1849927777785,10800.0
2025-08-04,12:00-16:00,7.462201646091367,6.044383333333371,10800.0,10800.0
2025-08-04,16:00-20:00,16.412139917695313,5494.652716666667,10800.0,4709.6012407407425
2025-08-04,20:00-24:00,5641.924316666667,2667.1259666666665,4709.6012407407425,6823.8598294444455
2025-08-05,00:00-04:00,4280.845222839505,27.758100000000013,6823.8598294444455,10645.778196666666
2025-08-05,04:00-08:00,325.19770925925906,5098.160789833334,10645.778196666666,5273.833035185185
2025-08-05,08:00-12:00,7161.328016666666,1338.1039833333339,5273.833035185185,10232.24604648148
2025-08-05,12:00-16:00,675.1068207818954,35.8579666666667,10232.24604648148,10800.0
2025-08-05,16:00-20:00,9.654320987653287,5541.86,10800.0,4651.066666666667
2025-08-05,20:00-24:00,5733.866599999999,2663.611766666667,4651.066666666667,6851.977977037037
2025-08-06,00:00-04:00,4254.0378366255145,9.163416666666649,6851.977977037037,10670.430455925927
2025-08-06,04:00-08:00,286.34866625514104,4869.693983333334,10670.430455925927,5517.373162962966
2025-08-06,08:00-12:00,7374.497390946501,1218.9787333333334,5517.373162962966,10800.0
2025-08-06,12:00-16:00,779.2218518518541,885.8161166666661,10800.0,10517.059537037037
2025-08-06,16:00-20:00,394.6731637860077,5463.549783333334,10517.059537037037,4801.654514074072
2025-08-06,20:00-24:00,5620.727349999999,2738.5122666666666,4801.654514074072,6817.517721666664
2025-08-07,00:00-04:00,4168.181842592596,16.601549999999975,6817.517721666664,10550.435213333334
2025-08-07,04:00-08:00,431.3655732510275,5610.410933333333,10550.435213333334,4704.874303333336
2025-08-07,08:00-12:00,8129.697733333334,1111.0658000000003,4704.874303333336,10787.084707777783
2025-08-07,12:00-16:00,39.03692962962345,19.996149999999943,10787.084707777783,10800.0
2025-08-07,16:00-20:00,20.90289999999993,5598.415999999999,10800.0,4598.350387777777
2025-08-07,20:00-24:00,6018.334866666666,2753.86935,4598.350387777777,6954.9969344444435
2025-08-08,00:00-04:00,4272.225628395065,0.0,6954.9969344444435,10800.0
2025-08-08,04:00-08:00,587.2434666666664,1774.1393666666665,10800.0,9357.25315703704
2025-08-08,08:00-12:00,1603.0520477366224,0.0,9357.25315703704,10800.0
2025-08-08,12:00-16:00,0.0,0.0,10800.0,10800.0
2025-08-08,16:00-20:00,0.0,3569.7535166666667,10800.0,6833.607203703703
2025-08-08,20:00-24:00,6445.86938271605,1651.4006833333333,6833.607203703703,10800.0
2025-08-09,00:00-04:00,0.0,0.0,10800.0,10800.0
2025-08-09,04:00-08:00,819.2442499999999,1737.0399,10800.0,9607.275491666665
2025-08-09,08:00-12:00,1325.2494537037046,0.0,9607.275491666665,10800.0
2025-08-09,12:00-16:00,0.0,0.0,10800.0,10800.0
2025-08-09,16:00-20:00,0.0,3690.1056333333336,10800.0,6699.882629629628
2025-08-09,20:00-24:00,6439.237942386833,1525.6771000000003,6699.882629629628,10800.0
2025-08-10,00:00-04:00,53.038621399177806,51.444616666666775,10800.0,10790.574074074075
2025-08-10,04:00-08:00,155.12268436213913,4831.16815,10790.574074074075,5562.219878888889
2025-08-10,08:00-12:00,7166.45692469136,1090.8279999999997,5562.219878888889,10800.0
2025-08-10,12:00-16:00,12.811419753086536,10.377250000000004,10800.0,10800.0
2025-08-10,16:00-20:00,6.094135802470393,5580.554083333334,10800.0,4604.869074074074
2025-08-10,20:00-24:00,5707.871766666667,2791.7644833333334,4604.869074074074,6639.993127037035
2025-08-11,00:00-04:00,4496.069658847738,48.87808333333328,6639.993127037035,10632.146838518518
2025-08-11,04:00-08:00,198.9942534979429,5279.0569000000005,10632.146838518518,4945.622888888887
2025-08-11,08:00-12:00,7861.561250000001,1596.6784000000002,4945.622888888887,10246.940902777777
2025-08-11,12:00-16:00,711.0013425925939,78.15789999999993,10246.940902777777,10800.0
2025-08-11,16:00-20:00,76.22981481481372,5736.0234,10800.0,4495.2475
2025-08-11,20:00-24:00,5730.572883333333,2753.645266666667,4495.2475,6593.157243148148
2025-08-12,00:00-04:00,4463.463463168726,24.58001666666678,6593.157243148148,10582.963230370373
2025-08-12,04:00-08:00,421.69663930040906,4827.671833333334,10582.963230370373,5598.410390925927
2025-08-12,08:00-12:00,6565.06555,949.4101666666668,5598.410390925927,10452.06920074074
2025-08-12,12:00-16:00,824.9026576131689,355.0334333333333,10452.06920074074,10800.0
2025-08-12,16:00-20:00,20.627783333333582,5902.214216666667,10800.0,4260.549208703702
2025-08-12,20:00-24:00,5875.8532,2649.5014333333334,4260.549208703702,6604.926607222218
2025-08-13,00:00-04:00,4511.89815864198,115.27438333333328,6604.926607222218,10537.552301851849
2025-08-13,04:00-08:00,440.9662985596762,5133.86445,10537.552301851849,5230.12813722222
2025-08-13,08:00-12:00,6789.284766666668,1041.2793666666662,5230.12813722222,10183.507353148147
2025-08-13,12:00-16:00,784.2178792181063,80.3730999999998,10183.507353148147,10800.0
2025-08-13,16:00-20:00,31.80499999999995,5649.522933333333,10800.0,4551.376796296297
2025-08-13,20:00-24:00,5869.2280666666675,2691.406766666667,4551.376796296297,6843.2300933333345
2025-08-14,00:00-04:00,4208.954024074072,63.00233333333358,6843.2300933333345,10561.286122407408
2025-08-14,04:00-08:00,276.46311502057625,5820.617166666667,10561.286122407408,4342.750518518516
2025-08-14,08:00-12:00,7335.2588,1846.7398000000003,4342.750518518516,8892.550327407404
2025-08-14,12:00-16:00,2119.388525102885,0.0,8892.550327407404,10800.0
2025-08-14,16:00-20:00,92.07426213991731,5849.734033333332,10800.0,4383.162354444444
2025-08-14,20:00-24:00,5845.958233333335,2759.735100000001,4383.162354444444,6578.15243111111
2025-08-15,00:00-04:00,4690.941743209877,0.0,6578.15243111111,10800.0
2025-08-15,04:00-08:00,608.13575,1877.5246333333334,10800.0,9261.183693518518
2025-08-15,08:00-12:00,1709.7958960905366,0.0,9261.183693518518,10800.0
2025-08-15,12:00-16:00,0.0,0.0,10800.0,10800.0
2025-08-15,16:00-20:00,0.0,3651.381766666667,10800.0,6742.909148148147
2025-08-15,20:00-24:00,6594.778847736625,1690.3891000000003,6742.909148148147,10800.0
2025-08-16,00:00-04:00,0.0,0.0,10800.0,10800.0
2025-08-16,04:00-08:00,946.6619666666663,1622.0489666666665,10800.0,9849.719140370367
2025-08-16,08:00-12:00,1055.867621810703,0.0,9849.719140370367,10800.0
2025-08-16,12:00-16:00,0.0,0.0,10800.0,10800.0
2025-08-16,16:00-20:00,0.0,3730.5736500000003,10800.0,6654.918166666665
2025-08-16,20:00-24:00,6710.5415020576165,1704.964966666667,6654.918166666665,10800.0
2025-08-17,00:00-04:00,32.286728395062354,26.15224999999998,10800.0,10800.0
2025-08-17,04:00-08:00,58.098856790123655,5627.281483333332,10800.0,4599.753989629629
2025-08-17,08:00-12:00,8090.9504,985.5386833333332,4599.753989629629,10786.566368148147
2025-08-17,12:00-16:00,14.926257613169582,0.0,10786.566368148147,10800.0
2025-08-17,16:00-20:00,37.92910020576028,5814.54625,10800.0,4373.529245740743
2025-08-17,20:00-24:00,5789.904833333334,2715.8102833333337,4373.529245740743,6566.876614259262
2025-08-18,00:00-04:00,4473.121461934154,47.26923333333309,6566.876614259262,10540.16455962963
2025-08-18,04:00-08:00,366.4255092592579,5451.309299999999,10540.16455962963,4812.93718462963
2025-08-18,08:00-12:00,7594.323516666666,1603.411366666667,4812.93718462963,9866.260164444444
2025-08-18,12:00-16:00,1099.887471604939,50.54300000000012,9866.260164444444,10800.0
2025-08-18,16:00-20:00,168.10810699588583,5764.5275,10800.0,4546.266740740742
2025-08-18,20:00-24:00,5752.795416666668,2738.4251,4546.266740740742,6681.088060185187
2025-08-19,00:00-04:00,4213.3504220164605,60.25,6681.088060185187,10406.158995555552
2025-08-19,04:00-08:00,596.849305349794,4929.8697833333335,10406.158995555552,5465.690277777776
2025-08-19,08:00-12:00,7323.861502057618,1131.4490666666672,5465.690277777776,10800.0
2025-08-19,12:00-16:00,111.33010288065836,90.17738333333341,10800.0,10800.0
2025-08-19,16:00-20:00,64.54331275720155,5766.823916666667,10800.0,4450.506851851852
2025-08-19,20:00-24:00,5632.962750000001,2701.3629666666666,4450.506851851852,6518.658919444444
2025-08-20,00:00-04:00,4530.195595061728,37.26305000000002,6518.658919444444,10554.431566111112
2025-08-20,04:00-08:00,349.6264491769549,6394.530100000001,10554.431566111112,3764.0619259259256
2025-08-20,08:00-12:00,6658.821600000001,2307.655733333333,3764.0619259259256,7192.93944
2025-08-20,12:00-16:00,4402.849716872428,319.95376666666675,7192.93944,10800.0
2025-08-20,16:00-20:00,80.81169362139802,5764.100433333335,10800.0,4468.174487222219
2025-08-20,20:00-24:00,5708.484433333334,2723.964883333334,4468.174487222219,6579.18282907407
2025-08-21,00:00-04:00,4317.8240899177,6.42738333333341,6579.18282907407,10458.082972962964
2025-08-21,04:00-08:00,545.3256423868303,5256.0942,10458.082972962964,5108.771384444443
2025-08-21,08:00-12:00,7275.725251851853,771.2317,5108.771384444443,10800.0
2025-08-21,12:00-16:00,238.7232716049381,193.36585000000036,10800.0,10800.0
2025-08-21,16:00-20:00,55.37769999999989,5816.065233333334,10800.0,4387.545226296294
2025-08-21,20:00-24:00,5874.559766666667,2741.2249,4387.545226296294,6628.843571851849
2025-08-22,00:00-04:00,4634.618253497945,0.0,6628.843571851849,10800.0
2025-08-22,04:00-08:00,702.5523666666668,1674.3808833333333,10800.0,9571.873926296295
2025-08-22,08:00-12:00,1364.584526337448,0.0,9571.873926296295,10800.0
2025-08-22,12:00-16:00,0.0,0.0,10800.0,10800.0
2025-08-22,16:00-20:00,0.0,3809.3926500000007,10800.0,6567.341499999999
2025-08-22,20:00-24:00,6790.864218106995,1691.2073666666665,6567.341499999999,10800.0
2025-08-23,00:00-04:00,0.0,0.0,10800.0,10800.0
2025-08-23,04:00-08:00,625.8513166666664,1637.4211666666667,10800.0,9543.909333148149
2025-08-23,08:00-12:00,1395.656296502056,0.0,9543.909333148149,10800.0
2025-08-23,12:00-16:00,0.0,0.0,10800.0,10800.0
2025-08-23,16:00-20:00,0.0,3729.901616666667,10800.0,6655.664870370368
2025-08-23,20:00-24:00,6664.411954732515,1668.272066666667,6655.664870370368,10800.0
2025-08-24,00:00-04:00,21.33534979423833,17.28163333333339,10800.0,10800.0
2025-08-24,04:00-08:00,0.0,5763.107399999999,10800.0,4396.547333333335
2025-08-24,08:00-12:00,8356.259433333335,1297.5173333333328,4396.547333333335,10475.49489740741
2025-08-24,12:00-16:00,698.784002880653,273.96045000000004,10475.49489740741,10800.0
2025-08-24,16:00-20:00,6.016707818930121,5795.841866666668,10800.0,4365.590740740741
2025-08-24,20:00-24:00,5600.700816666667,2717.0198000000005,4365.590740740741,6387.310586851851
2025-08-25,00:00-04:00,4848.92627016461,19.22333333333313,6387.310586851851,10729.98497074074
2025-08-25,04:00-08:00,160.66110246913993,6364.993733333334,10729.98497074074,3802.364703703704
2025-08-25,08:00-12:00,6924.36665,1071.3524500000003,3802.364703703704,8843.903077592593
2025-08-25,12:00-16:00,2658.437646707819,1016.9954333333335,8843.903077592593,10106.502033703706
2025-08-25,16:00-20:00,196.88116666666656,6020.925016666666,10106.502033703706,3593.778398518522
2025-08-25,20:00-24:00,5706.7685,2182.6975753333363,3593.778398518522,6304.650520370371
2025-08-26,00:00-04:00,4799.432133333334,33.17968333333317,6304.650520370371,10587.273125555554
2025-08-26,04:00-08:00,246.55712386831712,5910.297316666667,10587.273125555554,4242.17751851852
2025-08-26,08:00-12:00,7710.0616,1429.1314000000007,4242.17751851852,9593.30918074074
2025-08-26,12:00-16:00,1462.7120008230456,98.77498333333392,9593.30918074074,10800.0
2025-08-26,16:00-20:00,245.83671666666646,6006.202983333334,10800.0,4347.694174629631
2025-08-26,20:00-24:00,5781.817933333334,2620.0174500000003,4347.694174629631,6640.19981462963
2025-08-27,00:00-04:00,4545.554355967077,15.608899999999835,6640.19981462963,10713.85551277778
2025-08-27,04:00-08:00,177.62282530864098,5906.20465,10713.85551277778,4311.266444444444
2025-08-27,08:00-12:00,6780.749881687241,2083.4201833333336,4311.266444444444,8099.030023148146
2025-08-27,12:00-16:00,3588.003762345681,624.6715833333332,8099.030023148146,10634.153872222221
2025-08-27,16:00-20:00,69.91483333333338,6103.1606,10634.153872222221,3915.787666666668
2025-08-27,20:00-24:00,5708.496366666667,2444.2089000000014,3915.787666666668,6337.646730000001
2025-08-28,00:00-04:00,4507.160616666666,64.45489999999984,6337.646730000001,10322.474729444444
2025-08-28,04:00-08:00,536.0406915637859,6083.316849999999,10322.474729444444,4045.670407407408
2025-08-28,08:00-12:00,3790.027244444449,2242.004516666667,4045.670407407408,4965.578797777783
2025-08-28,12:00-16:00,5859.212929423869,214.12149999999997,4965.578797777783,10000.957656481487
2025-08-28,16:00-20:00,200.42080000000078,5926.062116666667,10000.957656481487,3596.822913518521
2025-08-28,20:00-24:00,5931.42065,2185.4317888333353,3596.822913518521,6506.843955370371
2025-08-29,00:00-04:00,4770.173382921808,0.0,6506.843955370371,10800.0
2025-08-29,04:00-08:00,134.3033833333335,2668.9769666666666,10800.0,7955.343082037035
2025-08-29,08:00-12:00,3160.7299088477375,0.0,7955.343082037035,10800.0
2025-08-29,12:00-16:00,0.0,0.0,10800.0,10800.0
2025-08-29,16:00-20:00,0.0,3615.086883333334,10800.0,6783.236796296296
2025-08-29,20:00-24:00,6670.829938271603,1788.2853666666667,6783.236796296296,10800.0
2025-08-30,00:00-04:00,0.0,0.0,10800.0,10800.0
2025-08-30,04:00-08:00,657.4275666666667,1575.0174833333335,10800.0,9641.665384074073
2025-08-30,08:00-12:00,1287.0384621399182,0.0,9641.665384074073,10800.0
2025-08-30,12:00-16:00,0.0,0.0,10800.0,10800.0
2025-08-30,16:00-20:00,0.0,3803.090766666667,10800.0,6574.343592592592
2025-08-30,20:00-24:00,6800.574609053498,1705.3746666666668,6574.343592592592,10800.0
2025-08-31,00:00-04:00,0.0,0.0,10800.0,10800.0
2025-08-31,04:00-08:00,0.0,6489.223683333334,10800.0,3589.7514629629623
2025-08-31,08:00-12:00,5795.24627325103,948.1480166666665,3589.7514629629623,7751.9753125925945
2025-08-31,12:00-16:00,3657.471895473247,430.59486666666635,7751.9753125925945,10565.261277777778
2025-08-31,16:00-20:00,243.36905000000013,5808.548200000001,10565.261277777778,4330.350978333339
2025-08-31,20:00-24:00,6037.24905,2790.325833333334,4330.350978333339,6663.513086296302
2025-09-01,00:00-04:00,4596.096570781889,0.0,6663.513086296302,10800.0
2025-09-01,04:00-08:00,0.0,5210.305833333333,10800.0,5010.7712962963005
2025-09-01,08:00-12:00,6213.222950000001,770.0439999999998,5010.7712962963005,9747.067506851858
2025-09-01,12:00-16:00,1169.924992386825,0.0,9747.067506851858,10800.0
2025-09-01,16:00-20:00,0.0,4792.4632833333335,10800.0,5475.040796296297
2025-09-01,20:00-24:00,7533.54405,2147.146,5475.040796296297,9869.512663518519
2025-09-02,00:00-04:00,1033.8748183127561,0.0,9869.512663518519,10800.0
2025-09-02,04:00-08:00,0.0,6044.987483333333,10800.0,4083.34724074074
2025-09-02,08:00-12:00,6401.0991,1530.127516666667,4083.34724074074,8144.194745555554
2025-09-02,12:00-16:00,2950.894727160497,0.0,8144.194745555554,10800.0
2025-09-02,16:00-20:00,0.0,4921.527483333333,10800.0,5331.636129629629
2025-09-02,20:00-24:00,7577.508533333334,2120.061016666667,5331.636129629629,9795.770457777777
2025-09-03,00:00-04:00,1115.8106024691392,0.0,9795.770457777777,10800.0
2025-09-03,04:00-08:00,0.0,5357.62805,10800.0,4847.079944444443
2025-09-03,08:00-12:00,6418.145116666667,545.8599500000004,4847.079944444443,10016.899493888886
2025-09-03,12:00-16:00,983.018659053502,96.59843333333379,10016.899493888886,10794.284694444445
2025-09-03,16:00-20:00,6.350339506172733,4753.009333333333,10794.284694444445,5518.878518518517
2025-09-03,20:00-24:00,7283.744966666667,2131.486033333333,5518.878518518517,9705.931173703702
2025-09-04,00:00-04:00,1215.6320292181076,0.0,9705.931173703702,10800.0
2025-09-04,04:00-08:00,0.0,6033.934833333334,10800.0,4095.6279629629644
2025-09-04,08:00-12:00,8138.69140123457,980.3952500000001,4095.6279629629644,10331.122168518523
2025-09-04,12:00-16:00,562.8068909464976,33.88353333333339,10331.122168518523,10800.0
2025-09-04,16:00-20:00,39.00699588477513,4882.379150000001,10800.0,5410.240574074073
2025-09-04,20:00-24:00,7587.445866666667,2238.548566666667,5410.240574074073,9751.665668888885
2025-09-05,00:00-04:00,1164.8159234567925,0.0,9751.665668888885,10800.0
2025-09-05,04:00-08:00,644.9651166666667,1934.5721499999997,10800.0,9230.943993888892
2025-09-05,08:00-12:00,1743.395562345675,0.0,9230.943993888892,10800.0
2025-09-05,12:00-16:00,0.0,0.0,10800.0,10800.0
2025-09-05,16:00-20:00,0.0,3080.2515833333337,10800.0,7377.4982407407415
2025-09-05,20:00-24:00,5406.826460905349,1299.2778500000002,7377.4982407407415,10800.0
2025-09-06,00:00-04:00,0.0,0.0,10800.0,10800.0
2025-09-06,04:00-08:00,176.1039166666667,2126.9276499999996,10800.0,8595.240580555552
2025-09-06,08:00-12:00,2449.7326882716084,0.0,8595.240580555552,10800.0
2025-09-06,12:00-16:00,0.0,0.0,10800.0,10800.0
2025-09-06,16:00-20:00,0.0,2850.008883333333,10800.0,7633.323462962964
2025-09-06,20:00-24:00,5017.405658436213,1214.0897000000002,7633.323462962964,10800.0
2025-09-07,00:00-04:00,0.0,0.0,10800.0,10800.0
2025-09-07,04:00-08:00,0.0,5863.006266666666,10800.0,4285.548592592593
2025-09-07,08:00-12:00,6571.395947736631,1463.9639166666666,4285.548592592593,8573.178371481488
2025-09-07,12:00-16:00,2474.2462539094577,0.0,8573.178371481488,10800.0
2025-09-07,16:00-20:00,0.0,4798.933616666667,10800.0,5467.851537037038
2025-09-07,20:00-24:00,7478.98495,2183.54575,5467.851537037038,9772.776047592592
2025-09-08,00:00-04:00,1141.3599471193425,0.0,9772.776047592592,10800.0
2025-09-08,04:00-08:00,0.0,5767.769083333334,10800.0,4391.367685185186
2025-09-08,08:00-12:00,5619.430564403294,1186.5613666666668,4391.367685185186,8130.453674629633
2025-09-08,12:00-16:00,3268.700493827158,601.2622500000003,8130.453674629633,10404.214952407407
2025-09-08,16:00-20:00,456.4807730452707,4664.030816666666,10404.214952407407,5632.791185185185
2025-09-08,20:00-24:00,7212.35885,2164.700483333333,5632.791185185185,9718.691390925927
2025-09-09,00:00-04:00,1201.454010082302,0.0,9718.691390925927,10800.0
2025-09-09,04:00-08:00,0.0,5992.915783333334,10800.0,4141.204685185186
2025-09-09,08:00-12:00,7899.720991358031,818.8077833333327,4141.204685185186,10341.167151481488
2025-09-09,12:00-16:00,724.1792761316799,173.6356500000004,10341.167151481488,10800.0
2025-09-09,16:00-20:00,0.0,4807.5443,10800.0,5458.284111111113
2025-09-09,20:00-24:00,7438.6759,2245.06315,5458.284111111113,9658.57781
2025-09-10,00:00-04:00,1268.2468777777797,0.0,9658.57781,10800.0
2025-09-10,04:00-08:00,0.0,6712.532116666666,10800.0,3341.6309814814817
2025-09-10,08:00-12:00,5385.49772921811,1927.4678833333332,3341.6309814814817,6046.9479562963
2025-09-10,12:00-16:00,4609.596225925929,350.66543333333357,6046.9479562963,9805.956300370375
2025-09-10,16:00-20:00,1104.4929995884704,4762.380516666666,9805.956300370375,5508.466092592593
2025-09-10,20:00-24:00,7245.937550000001,2254.83765,5508.466092592593,9524.434720925925
2025-09-11,00:00-04:00,1417.2947545267516,0.0,9524.434720925925,10800.0
2025-09-11,04:00-08:00,0.0,6076.570733333334,10800.0,4048.2547407407415
2025-09-11,08:00-12:00,7089.7379360082305,1728.5034,4048.2547407407415,8508.459549814816
2025-09-11,12:00-16:00,2546.156055761316,0.0,8508.459549814816,10800.0
2025-09-11,16:00-20:00,0.0,4740.320866666667,10800.0,5532.976814814814
2025-09-11,20:00-24:00,7500.616333333333,2277.4893,5532.976814814814,9752.987848148146
2025-09-12,00:00-04:00,1163.3468353909473,0.0,9752.987848148146,10800.0
2025-09-12,04:00-08:00,182.50953333333325,2565.575216666666,10800.0,8113.619450370371
2025-09-12,08:00-12:00,2984.867277366253,0.0,8113.619450370371,10800.0
2025-09-12,12:00-16:00,0.0,0.0,10800.0,10800.0
2025-09-12,16:00-20:00,0.0,2880.6268833333334,10800.0,7599.303462962964
2025-09-12,20:00-24:00,5189.463806584361,1322.8388,7599.303462962964,10800.0
2025-09-13,00:00-04:00,0.0,0.0,10800.0,10800.0
2025-09-13,04:00-08:00,276.2082333333333,2442.19655,10800.0,8335.035687777776
2025-09-13,08:00-12:00,2738.8492358024705,0.0,8335.035687777776,10800.0
2025-09-13,12:00-16:00,0.0,0.0,10800.0,10800.0
2025-09-13,16:00-20:00,0.0,2785.484966666667,10800.0,7705.0167037037045
2025-09-13,20:00-24:00,5023.286275720164,1283.3769166666666,7705.0167037037045,10800.0
2025-09-14,00:00-04:00,0.0,0.0,10800.0,10800.0
2025-09-14,04:00-08:00,0.0,6419.912583333333,10800.0,3666.7637962962954
2025-09-14,08:00-12:00,5797.580049382714,2010.2140666666664,3666.7637962962954,6651.014655555553
2025-09-14,12:00-16:00,4618.63276954733,7.005733333333183,6651.014655555553,10800.0
2025-09-14,16:00-20:00,0.0,4825.556500000001,10800.0,5438.270555555557
2025-09-14,20:00-24:00,7207.443866666666,2218.5366833333337,5438.270555555557,9459.929276296298
2025-09-15,00:00-04:00,1488.9674707818917,0.0,9459.929276296298,10800.0
2025-09-15,04:00-08:00,0.0,7118.728850000001,10800.0,2890.301277777778
2025-09-15,08:00-12:00,8338.072527777776,1482.4775833333329,2890.301277777778,8747.369237962963
2025-09-15,12:00-16:00,2432.8021635802484,123.20206666666672,8747.369237962963,10800.0
2025-09-15,16:00-20:00,9.712448559669914,4920.104866666667,10800.0,5341.95801851852
2025-09-15,20:00-24:00,7352.723366666667,2273.4729666666663,5341.95801851852,9433.327974444446
2025-09-16,00:00-04:00,1518.5244728395037,0.0,9433.327974444446,10800.0
2025-09-16,04:00-08:00,0.0,6626.279516666667,10800.0,3437.4672037037053
2025-09-16,08:00-12:00,6631.8064728395075,1363.1868333333337,3437.4672037037053,7891.440992222224
2025-09-16,12:00-16:00,3509.799123868313,225.2341833333337,7891.440992222224,10800.0
2025-09-16,16:00-20:00,0.0,4977.410866666667,10800.0,5269.543481481481
2025-09-16,20:00-24:00,7072.076933333333,2295.6319333333336,5269.543481481481,9083.710573333334
2025-09-17,00:00-04:00,1906.9882518518505,0.0,9083.710573333334,10800.0
2025-09-17,04:00-08:00,0.0,6768.860216666666,10800.0,3279.0442037037064
2025-09-17,08:00-12:00,5859.301596707815,1875.6133593333354,3279.0442037037064,6468.400797037033
2025-09-17,12:00-16:00,4817.688600000007,18.191816666666796,6468.400797037033,10784.107407407408
2025-09-17,16:00-20:00,55.78201646090545,4887.7765,10784.107407407408,5403.448444444445
2025-09-17,20:00-24:00,6960.130216666668,2321.5351666666675,5403.448444444445,9088.082120925927
2025-09-18,00:00-04:00,1902.1309767489697,0.0,9088.082120925927,10800.0
2025-09-18,04:00-08:00,24.28189300411557,6738.087750000001,10800.0,3335.089537037039
2025-09-18,08:00-12:00,6352.506533333332,1921.5805833333352,3335.089537037039,6917.255879999999
2025-09-18,12:00-16:00,4395.349042798354,65.76301666666666,6917.255879999999,10800.0
2025-09-18,16:00-20:00,5.654835390946068,5050.516866666667,10800.0,5193.403944444443
2025-09-18,20:00-24:00,6915.492916666667,2403.346566666667,5193.403944444443,8746.96249537037
2025-09-19,00:00-04:00,2281.152782921812,0.0,8746.96249537037,10800.0
2025-09-19,04:00-08:00,113.01430000000028,2648.6684666666665,10800.0,7958.747907037036
2025-09-19,08:00-12:00,3156.946769958847,0.0,7958.747907037036,10800.0
2025-09-19,12:00-16:00,0.0,0.0,10800.0,10800.0
2025-09-19,16:00-20:00,0.0,3107.9619999999995,10800.0,7346.708888888891
2025-09-19,20:00-24:00,5458.9283333333315,1313.7699500000003,7346.708888888891,10800.0
2025-09-20,00:00-04:00,0.0,0.0,10800.0,10800.0
2025-09-20,04:00-08:00,104.15381666666701,2938.7150666666666,10800.0,7628.499472037035
2025-09-20,08:00-12:00,3523.889475514405,0.0,7628.499472037035,10800.0
2025-09-20,12:00-16:00,0.0,0.0,10800.0,10800.0
2025-09-20,16:00-20:00,0.0,3188.889283333333,10800.0,7256.789685185186
2025-09-20,20:00-24:00,5695.476604938271,1424.446766666667,7256.789685185186,10800.0
2025-09-21,00:00-04:00,0.0,0.0,10800.0,10800.0
2025-09-21,04:00-08:00,0.0,6631.3376,10800.0,3431.847111111112
2025-09-21,08:00-12:00,6534.012633333335,1095.1527833333334,3431.847111111112,8095.622055185188
2025-09-21,12:00-16:00,3008.367531275718,2.837550000000192,8095.622055185188,10800.0
2025-09-21,16:00-20:00,175.19166666666283,5230.683933333334,10800.0,5145.801462962965
2025-09-21,20:00-24:00,6738.362966666666,2379.403166666667,5145.801462962965,8566.546836666668
2025-09-22,00:00-04:00,2296.352125925924,19.087633333333315,8566.546836666668,10612.05526851852
2025-09-22,04:00-08:00,208.82747942386703,6856.543349999998,10612.05526851852,3181.6185000000005
2025-09-22,08:00-12:00,6668.636650000002,1712.613949999999,3181.6185000000005,7280.487096111114
2025-09-22,12:00-16:00,4006.2992557613156,118.68836666666618,7280.487096111114,10754.280463333336
2025-09-22,16:00-20:00,397.6682666666662,5813.889700000001,10754.280463333336,4652.304458888892
2025-09-22,20:00-24:00,6008.8356,2719.0776000000005,4652.304458888892,7039.059165555558
2025-09-23,00:00-04:00,3922.22231604938,8.18063333333339,7039.059165555558,10559.969657407406
2025-09-23,04:00-08:00,266.70038065843346,6955.777333333334,10559.969657407406,3071.3585185185184
2025-09-23,08:00-12:00,5509.338716666671,1687.611633333333,3071.3585185185184,6154.639326481485
2025-09-23,12:00-16:00,5410.382476543205,616.8236666666663,6154.639326481485,10338.62392574074
2025-09-23,16:00-20:00,131.61161666666692,5978.9056,10338.62392574074,3813.8459362962926
2025-09-23,20:00-24:00,5936.083466666667,2377.589945666663,3813.8459362962926,6514.5544500000005
2025-09-24,00:00-04:00,4250.87915,96.17108333333329,6514.5544500000005,10233.48892574074
2025-09-24,04:00-08:00,655.4569755144039,7282.910383333334,10233.48892574074,2731.2775555555563
2025-09-24,08:00-12:00,6278.759383333335,1378.1498000000008,2731.2775555555563,6850.883445000002
2025-09-24,12:00-16:00,4387.907283333332,0.0,6850.883445000002,10800.0
2025-09-24,16:00-20:00,142.727613168725,5622.252466666667,10800.0,4681.507666666668
2025-09-24,20:00-24:00,5803.070566666667,2723.805549999999,4681.507666666668,6877.8205655555585
2025-09-25,00:00-04:00,3813.666099382714,53.67253333333315,6877.8205655555585,10250.483906851852
2025-09-25,04:00-08:00,632.3565026748956,7026.533083333334,10250.483906851852,3012.3457777777767
2025-09-25,08:00-12:00,6704.937516666667,1631.111199999999,3012.3457777777767,7234.443765
2025-09-25,12:00-16:00,4088.161392798356,239.79320000000007,7234.443765,10647.35212962963
2025-09-25,16:00-20:00,249.00966666666636,5776.021833333334,10647.35212962963,4453.658792592591
2025-09-25,20:00-24:00,5735.854083333334,2878.049116666666,4453.658792592591,6418.095115740741
2025-09-26,00:00-04:00,4868.783204732511,0.0,6418.095115740741,10800.0
2025-09-26,04:00-08:00,362.5530666666665,2792.8166,10800.0,8023.168204444446
2025-09-26,08:00-12:00,3085.368661728392,0.0,8023.168204444446,10800.0
2025-09-26,12:00-16:00,0.0,0.0,10800.0,10800.0
2025-09-26,16:00-20:00,0.0,3702.9154666666664,10800.0,6685.649481481481
2025-09-26,20:00-24:00,6614.066316872427,1654.4782499999992,6685.649481481481,10800.0
2025-09-27,00:00-04:00,0.0,0.0,10800.0,10800.0
2025-09-27,04:00-08:00,447.8200499999998,3071.205383333334,10800.0,7790.587619074072
2025-09-27,08:00-12:00,3343.7915343621426,0.0,7790.587619074072,10800.0
2025-09-27,12:00-16:00,0.0,0.0,10800.0,10800.0
2025-09-27,16:00-20:00,0.0,3761.9142333333334,10800.0,6620.095296296297
2025-09-27,20:00-24:00,6805.199897119339,1750.2976833333328,6620.095296296297,10800.0
2025-09-28,00:00-04:00,69.66557613168676,60.14201666666668,10800.0,10795.874555555554
2025-09-28,04:00-08:00,8.351316872429177,7024.551066666667,10795.874555555554,2998.334000000002
2025-09-28,08:00-12:00,5313.544849999998,1618.5006000000021,2998.334000000002,5982.190364999999
2025-09-28,12:00-16:00,4604.4049837448565,279.89961666666625,5982.190364999999,9815.155276296295
2025-09-28,16:00-20:00,455.8795500000001,5919.952666666667,9815.155276296295,3647.721686111108
2025-09-28,20:00-24:00,5686.511583333333,2229.0535508333305,3647.721686111108,6288.855943518518
2025-09-29,00:00-04:00,4478.281284979425,79.31063333333327,6288.855943518518,10231.186174074077
2025-09-29,04:00-08:00,675.7322962962913,7000.569883333334,10231.186174074077,3060.934259259261
2025-09-29,08:00-12:00,5907.705399999997,1674.8408333333352,3060.934259259261,6516.934859999998
2025-09-29,12:00-16:00,4959.215032098766,324.24395000000027,6516.934859999998,10619.957333333332
2025-09-29,16:00-20:00,118.59846666666635,5827.4783333333335,10619.957333333332,4251.720027407405
2025-09-29,20:00-24:00,5723.324333333334,2805.3280246666645,4251.720027407405,6285.68078888889
2025-09-30,00:00-04:00,4424.001067901233,46.337816666666754,6285.68078888889,10215.795287037037
2025-09-30,04:00-08:00,783.597047325105,7075.877466666665,10215.795287037037,3058.946555555559
2025-09-30,08:00-12:00,5399.578766666663,1685.8674365000031,3058.946555555559,6045.3814049999955
2025-09-30,12:00-16:00,4801.727493004116,1108.584033333333,6045.3814049999955,9135.17611166666
2025-09-30,16:00-20:00,159.68174999999962,5906.895183333334,9135.17611166666,2715.6728162962877
2025-09-30,20:00-24:00,5757.4151833333335,1375.8846013333252,2715.6728162962877,6368.585813148147
2025-10-01,00:00-04:00,4418.270324279836,10.254999999999995,6368.585813148147,10333.634660555554
2025-10-01,04:00-08:00,632.3266425925951,6115.767883333332,10333.634660555554,4107.430990740741
2025-10-01,08:00-12:00,8824.867335390943,1124.8304333333335,4107.430990740741,10800.0
2025-10-01,12:00-16:00,77.88111111111195,63.083699999999794,10800.0,10800.0
2025-10-01,16:00-20:00,0.0,5009.77845,10800.0,5233.5795
2025-10-01,20:00-24:00,6489.223866666667,2543.6469166666657,5233.5795,8247.606628148149
2025-10-02,00:00-04:00,2304.7765353909463,84.2720333333333,8247.606628148149,10228.269917407411
2025-10-02,04:00-08:00,751.1088045267455,6319.067616666668,10228.269917407411,3883.0816007407393
2025-10-02,08:00-12:00,7542.204433333333,1702.9469833333333,3883.0816007407393,8778.902275925924
2025-10-02,12:00-16:00,2245.6641378600843,0.0,8778.902275925924,10800.0
2025-10-02,16:00-20:00,0.0,4981.689266666667,10800.0,5264.789703703705
2025-10-02,20:00-24:00,6688.329833333333,2529.613066666667,5264.789703703705,8473.60536851852
2025-10-03,00:00-04:00,2584.8829238683097,0.0,8473.60536851852,10800.0
2025-10-03,04:00-08:00,974.4680333333345,2794.5023833333335,10800.0,8572.018581851851
2025-10-03,08:00-12:00,2475.534909053498,0.0,8572.018581851851,10800.0
2025-10-03,12:00-16:00,0.0,0.0,10800.0,10800.0
2025-10-03,16:00-20:00,0.0,3165.4487333333336,10800.0,7282.83474074074
2025-10-03,20:00-24:00,5798.092551440332,1531.006233333333,7282.83474074074,10800.0
2025-10-04,00:00-04:00,0.0,0.0,10800.0,10800.0
2025-10-04,04:00-08:00,625.0269166666678,3058.8732,10800.0,7963.776225000002
2025-10-04,08:00-12:00,3151.359749999997,0.0,7963.776225000002,10800.0
2025-10-04,12:00-16:00,0.0,0.0,10800.0,10800.0
2025-10-04,16:00-20:00,0.0,3154.9304666666667,10800.0,7294.521703703702
2025-10-04,20:00-24:00,5799.145349794242,1542.3772666666666,7294.521703703702,10800.0
2025-10-05,00:00-04:00,95.37744855966892,77.2557333333333,10800.0,10800.0
2025-10-05,04:00-08:00,67.76874691357962,6411.873516666667,10800.0,3736.687964814818
2025-10-05,08:00-12:00,7298.868350000001,1585.2795666666666,3736.687964814818,8544.247739074079
2025-10-05,12:00-16:00,2506.3914010288017,0.0,8544.247739074079,10800.0
2025-10-05,16:00-20:00,20.01617283950644,4954.4012,10800.0,5313.124333333332
2025-10-05,20:00-24:00,6397.6992500000015,2625.5723833333336,5313.124333333332,8153.751010185183
2025-10-06,00:00-04:00,2445.854288683129,15.315316666666718,8153.751010185183,10338.00285148148
2025-10-06,04:00-08:00,583.7660580246968,6411.19985,10338.00285148148,3739.836914814816
2025-10-06,08:00-12:00,7147.516399999999,1866.925266666667,3739.836914814816,8098.2402674074065
2025-10-06,12:00-16:00,3068.0152584362136,53.508600000000115,8098.2402674074065,10800.0
2025-10-06,16:00-20:00,109.64786008230585,5197.741550000001,10800.0,5123.414685185186
2025-10-06,20:00-24:00,6347.345266666667,2654.869733333334,5123.414685185186,7886.170165925926
2025-10-07,00:00-04:00,2764.8681378600813,63.6232500000001,7886.170165925926,10303.85899
2025-10-07,04:00-08:00,560.4836942386828,6452.25375,10303.85899,3639.123481481482
2025-10-07,08:00-12:00,6558.6709999999985,2195.211133333334,3639.123481481482,7102.803899999999
2025-10-07,12:00-16:00,4165.500854526751,75.0428999999998,7102.803899999999,10768.373669074073
2025-10-07,16:00-20:00,35.14036769547399,4984.2873500000005,10768.373669074073,5261.902944444443
2025-10-07,20:00-24:00,6336.4519,2566.395433333333,5261.902944444443,8113.15917296296
2025-10-08,00:00-04:00,2490.629480041156,55.372899999999845,8113.15917296296,10293.200260555555
2025-10-08,04:00-08:00,565.345389506174,6794.108416666665,10293.200260555555,3253.001759259261
2025-10-08,08:00-12:00,7075.928833333331,1836.5570999999998,3253.001759259261,7580.718709259259
2025-10-08,12:00-16:00,3576.9792119341555,0.0,7580.718709259259,10800.0
2025-10-08,16:00-20:00,0.0,5043.735633333334,10800.0,5195.849296296297
2025-10-08,20:00-24:00,6452.386066666666,2673.7844000000005,5195.849296296297,8032.12520074074
2025-10-09,00:00-04:00,2542.5664102880664,36.99210000000005,8032.12520074074,10279.332636666664
2025-10-09,04:00-08:00,591.4308152263417,6705.740866666667,10279.332636666664,3360.7971851851867
2025-10-09,08:00-12:00,6607.147900000003,1944.717466666668,3360.7971851851867,7146.433110000003
2025-10-09,12:00-16:00,4107.0315855967065,38.485383333333175,7146.433110000003,10800.0
2025-10-09,16:00-20:00,53.305987654319324,5098.576416666667,10800.0,5182.890481481482
2025-10-09,20:00-24:00,6474.513083333333,2687.820416666666,5182.890481481482,8023.485126851855
2025-10-10,00:00-04:00,3085.0165257201616,0.0,8023.485126851855,10800.0
2025-10-10,04:00-08:00,820.2107499999998,2938.989666666666,10800.0,8272.645600925927
2025-10-10,08:00-12:00,2808.171554526748,0.0,8272.645600925927,10800.0
2025-10-10,12:00-16:00,0.0,0.0,10800.0,10800.0
2025-10-10,16:00-20:00,0.0,3082.94805,10800.0,7374.502166666666
2025-10-10,20:00-24:00,5824.50925925926,1634.9044500000005,7374.502166666666,10800.0
2025-10-11,00:00-04:00,0.0,0.0,10800.0,10800.0
2025-10-11,04:00-08:00,698.5829333333332,3058.3612999999996,10800.0,8030.54541777778
2025-10-11,08:00-12:00,3077.1717580246896,0.0,8030.54541777778,10800.0
2025-10-11,12:00-16:00,0.0,0.0,10800.0,10800.0
2025-10-11,16:00-20:00,0.0,3266.05465,10800.0,7171.05038888889
2025-10-11,20:00-24:00,6161.781748971191,1724.9885666666669,7171.05038888889,10800.0
2025-10-12,00:00-04:00,95.9296707818923,77.70303333333345,10800.0,10800.0
2025-10-12,04:00-08:00,38.791965020577386,6573.726549999999,10800.0,3530.772157407408
2025-10-12,08:00-12:00,6801.441800000002,2088.22175,3530.772157407408,7331.823388518521
2025-10-12,12:00-16:00,3920.2688481481446,54.05881666666676,7331.823388518521,10800.0
2025-10-12,16:00-20:00,126.86121399176822,5230.9899,10800.0,5101.964092592591
2025-10-12,20:00-24:00,6174.2613,2669.997183333334,5101.964092592591,7692.135725555555
2025-10-13,00:00-04:00,3096.737360493827,33.96156666666673,7692.135725555555,10441.464275925928
2025-10-13,04:00-08:00,502.15249958847363,6386.16885,10441.464275925928,3797.6583588888916
2025-10-13,08:00-12:00,6957.7784833333335,2267.0011166666673,3797.6583588888916,7540.768864259262
2025-10-13,12:00-16:00,3797.525294855965,165.5478833333333,7540.768864259262,10774.599537037036
2025-10-13,16:00-20:00,207.06277777777808,5305.11615,10774.599537037036,5066.382537037038
2025-10-13,20:00-24:00,6278.406,2749.55045,5066.382537037038,7661.891881481481
2025-10-14,00:00-04:00,2923.698465020577,60.669416666666734,7661.891881481481,10225.810037037034
2025-10-14,04:00-08:00,699.4119753086468,6899.223799999999,10225.810037037034,3189.476592592595
2025-10-14,08:00-12:00,6202.522383333333,1790.5289333333353,3189.476592592595,6782.2701449999995
2025-10-14,12:00-16:00,4544.582143415642,235.9211333333334,6782.2701449999995,10610.25948148148
2025-10-14,16:00-20:00,457.5485666666667,5289.4295999999995,10610.25948148148,5144.909191481481
2025-10-14,20:00-24:00,6157.193883333333,2738.283833333333,5144.909191481481,7643.846093888888
2025-10-15,00:00-04:00,2884.9649067901228,49.63423333333333,7643.846093888888,10185.165361851854
2025-10-15,04:00-08:00,757.5754415637815,6629.540266666667,10185.165361851854,3500.8274074074075
2025-10-15,08:00-12:00,5941.978483333333,2070.744666666667,3500.8274074074075,6547.780635
2025-10-15,12:00-16:00,4545.906080452675,411.8672833333335,6547.780635,10181.465792592593
2025-10-15,16:00-20:00,487.48801666666634,5177.840416666667,10181.465792592593,4867.048989074071
2025-10-15,20:00-24:00,6165.9071,2758.5332999999987,4867.048989074071,7351.328379074072
2025-10-16,00:00-04:00,3217.5614232510316,75.98511666666639,7351.328379074072,10162.705752592592
2025-10-16,04:00-08:00,784.0556041152284,6685.691366666667,10162.705752592592,3439.809833333334
2025-10-16,08:00-12:00,6578.514916666668,2015.8288500000008,3439.809833333334,7120.663425000001
2025-10-16,12:00-16:00,4112.071288065845,1349.0973333333334,7120.663425000001,9322.530547222224
2025-10-16,16:00-20:00,367.13225000000057,5528.299349999999,9322.530547222224,3510.3947388888914
2025-10-16,20:00-24:00,6305.236783333334,2079.355265000002,3510.3947388888914,6874.713105000002
2025-10-17,00:00-04:00,4361.4298833333305,0.0,6874.713105000002,10800.0
2025-10-17,04:00-08:00,1022.6727666666666,2847.7312999999995,10800.0,8556.25960111111
2025-10-17,08:00-12:00,2493.0448876543173,0.0,8556.25960111111,10800.0
2025-10-17,12:00-16:00,0.0,0.0,10800.0,10800.0
2025-10-17,16:00-20:00,0.0,3182.0068666666666,10800.0,7264.436814814813
2025-10-17,20:00-24:00,6170.234670781895,1815.8832166666666,7264.436814814813,10800.0
2025-10-18,00:00-04:00,0.0,0.0,10800.0,10800.0
2025-10-18,04:00-08:00,1019.5859,2843.760949999999,10800.0,8557.892921111114
2025-10-18,08:00-12:00,2491.2300876543204,0.0,8557.892921111114,10800.0
2025-10-18,12:00-16:00,0.0,0.0,10800.0,10800.0
2025-10-18,16:00-20:00,0.0,3148.0098333333335,10800.0,7302.211296296298
2025-10-18,20:00-24:00,6067.8503909465,1766.9489833333334,7302.211296296298,10800.0
2025-10-19,00:00-04:00,59.29681069958778,72.09524999999985,10800.0,10773.261296296296
2025-10-19,04:00-08:00,65.39448559670934,6551.975449999998,10773.261296296296,3552.1436111111143
2025-10-19,08:00-12:00,6316.089016666667,2116.9292500000024,3552.1436111111143,6884.480115
2025-10-19,12:00-16:00,4452.316593415637,1722.9343999999999,6884.480115,8977.193493518515
2025-10-19,16:00-20:00,333.3180666666675,5596.179583333334,8977.193493518515,3059.2024387037
2025-10-19,20:00-24:00,5895.167150000001,1679.70719483333,3059.2024387037,6498.511546111113
2025-10-20,00:00-04:00,4253.184598765431,28.099350000000072,6498.511546111113,10295.156185000002
2025-10-20,04:00-08:00,560.9375722222212,6427.449366666668,10295.156185000002,3658.3895925925917
2025-10-20,08:00-12:00,5573.280616666667,2212.550633333333,3658.3895925925917,6215.952555
2025-10-20,12:00-16:00,4921.586428806584,473.0784,6215.952555,10119.73767425926
2025-10-20,16:00-20:00,305.4200666666667,5374.638116666669,10119.73767425926,4422.795604629634
2025-10-20,20:00-24:00,5829.932116666667,2908.929560833337,4422.795604629634,6437.5905531481485
2025-10-21,00:00-04:00,4327.1517076131695,13.730933333333496,6437.5905531481485,10316.770497407408
2025-10-21,04:00-08:00,654.5059905349822,6580.229733333333,10316.770497407408,3594.459518518521
2025-10-21,08:00-12:00,5026.822266666664,2155.013566666669,3594.459518518521,5724.140039999998
2025-10-21,12:00-16:00,4110.244500205762,853.9119166666663,5724.140039999998,8474.569071666663
2025-10-21,16:00-20:00,187.04610000000025,5242.1160500000005,8474.569071666663,2818.3371727777753
2025-10-21,20:00-24:00,5671.254466666667,1456.503455499998,2818.3371727777753,6304.129020000001
2025-10-22,00:00-04:00,4459.302166666666,90.61783333333324,6304.129020000001,10216.81448851852
2025-10-22,04:00-08:00,647.9839016460922,6287.70875,10216.81448851852,3813.6569444444453
2025-10-22,08:00-12:00,5817.914766666667,2352.291250000001,3813.6569444444453,6436.12329
2025-10-22,12:00-16:00,4994.391653086419,314.6902666666665,6436.12329,10581.419925925926
2025-10-22,16:00-20:00,31.519866666666644,5739.495533333335,10581.419925925926,4232.570546666663
2025-10-22,20:00-24:00,5607.3547,2735.0605753333302,4232.570546666663,6240.233581851851
2025-10-23,00:00-04:00,4492.578531275721,77.43593333333342,6240.233581851851,10197.514334074072
2025-10-23,04:00-08:00,703.6676522633752,5955.967999999999,10197.514334074072,4213.072998888891
2025-10-23,08:00-12:00,7109.752516666667,2711.765699000002,4213.072998888891,7598.7772650000015
2025-10-23,12:00-16:00,3969.496813374483,570.7754166666667,7598.7772650000015,10537.12948962963
2025-10-23,16:00-20:00,162.45929999999953,5678.801316666664,10537.12948962963,4373.563618888889
2025-10-23,20:00-24:00,5841.263766666667,2856.297857,4373.563618888889,6457.0367233333345
2025-10-24,00:00-04:00,4825.514751851849,0.0,6457.0367233333345,10800.0
2025-10-24,04:00-08:00,1068.3299499999998,2611.232999999999,10800.0,8860.126955000003
2025-10-24,08:00-12:00,2180.608465637857,20.40711666666664,8860.126955000003,10800.0
2025-10-24,12:00-16:00,0.0,0.0,10800.0,10800.0
2025-10-24,16:00-20:00,0.0,3436.139683333334,10800.0,6982.067018518517
2025-10-24,20:00-24:00,6524.132880658437,1848.4079499999998,6982.067018518517,10800.0
2025-10-25,00:00-04:00,0.0,0.0,10800.0,10800.0
2025-10-25,04:00-08:00,1280.4842999999996,2451.482266666666,10800.0,9228.566684814816
2025-10-25,08:00-12:00,1746.0370168724285,0.0,9228.566684814816,10800.0
2025-10-25,12:00-16:00,0.0,0.0,10800.0,10800.0
2025-10-25,16:00-20:00,0.0,3391.197350000001,10800.0,7032.0029444444435
2025-10-25,20:00-24:00,6511.482633744856,1883.1035833333333,7032.0029444444435,10800.0
2025-10-26,00:00-04:00,72.98020946502172,62.18215000000009,10800.0,10796.590910740742
2025-10-26,04:00-08:00,40.65207448559641,5750.800466666666,10796.590910740742,4443.399481481485
2025-10-26,08:00-12:00,6300.914816666666,2919.0595333333367,4443.399481481485,6870.823334999999
2025-10-26,12:00-16:00,4658.938815020579,567.8839166666669,6870.823334999999,10432.886138888887
2025-10-26,16:00-20:00,77.34228333333317,5743.214116666668,10432.886138888887,4121.145175370365
2025-10-26,20:00-24:00,5571.611016666667,2629.0306578333284,4121.145175370365,6214.449914999999
2025-10-27,00:00-04:00,4580.673650000001,48.043433333333496,6214.449914999999,10283.674607407409
2025-10-27,04:00-08:00,575.6680082304515,5852.567983333332,10283.674607407409,4298.922500000001
2025-10-27,08:00-12:00,6835.592216666667,2789.030250000001,4298.922500000001,7352.032995
2025-10-27,12:00-16:00,4312.695551851853,1301.9807666666663,7352.032995,9786.813695370369
2025-10-27,16:00-20:00,144.6952666666665,6201.236149999999,9786.813695370369,3026.7770464814794
2025-10-27,20:00-24:00,5478.7604666666675,1666.6389084999978,3026.7770464814794,6105.840457037037
2025-10-28,00:00-04:00,4523.93249218107,30.5310833333333,6105.840457037037,10143.456274074077
2025-10-28,04:00-08:00,751.8736872427971,5866.902649999999,10143.456274074077,4301.361870370371
2025-10-28,08:00-12:00,6423.071750000001,2791.574016666668,4301.361870370371,6980.377537962964
2025-10-28,12:00-16:00,4460.197438888891,839.7210000000001,6980.377537962964,10061.531899629632
2025-10-28,16:00-20:00,157.30143333333297,5920.244366666666,10061.531899629632,3625.0538933333337
2025-10-28,20:00-24:00,5533.940816666666,2194.480120666667,3625.0538933333337,6167.289383148148
2025-10-29,00:00-04:00,4660.564957613168,15.87166666666701,6167.289383148148,10344.162659814816
2025-10-29,04:00-08:00,619.7712833333343,5709.733016666666,10344.162659814816,4557.809018518517
2025-10-29,08:00-12:00,4750.311483333334,3022.0281166666655,4557.809018518517,5475.280335000001
2025-10-29,12:00-16:00,4252.188363786005,1207.7315500000004,5475.280335000001,7960.325917962962
2025-10-29,16:00-20:00,13.111816666666641,5965.859583333333,7960.325917962962,1343.393682592594
2025-10-29,20:00-24:00,5487.9636666666665,152.99933150000135,1343.393682592594,6112.56172537037
2025-10-30,00:00-04:00,4689.510166255143,51.51266666666652,6112.56172537037,10275.8845787037
2025-10-30,04:00-08:00,604.2486368312784,5523.918199999998,10275.8845787037,4682.0214629629645
2025-10-30,08:00-12:00,6539.419433333333,3133.819316666668,4682.0214629629645,7085.477489999999
2025-10-30,12:00-16:00,4843.276818724281,829.2976333333327,7085.477489999999,10522.984812037039
2025-10-30,16:00-20:00,80.06171666666683,6018.267316666668,10522.984812037039,3908.0766718518526
2025-10-30,20:00-24:00,5639.072383333334,2472.7143256666677,3908.0766718518526,6235.781455
2025-10-31,00:00-04:00,5071.353938888888,0.0,6235.781455,10800.0
2025-10-31,04:00-08:00,1336.0361333333342,2450.5607833333333,10800.0,9279.587205185187
2025-10-31,08:00-12:00,1747.0458419753063,46.7356166666666,9279.587205185187,10800.0
2025-10-31,12:00-16:00,0.0,0.0,10800.0,10800.0
2025-10-31,16:00-20:00,0.0,3496.413833333333,10800.0,6915.095740740742
2025-10-31,20:00-24:00,6520.0059053497935,1784.79095,6915.095740740742,10800.0
2025-11-01,00:00-04:00,0.0,0.0,10800.0,10800.0
2025-11-01,04:00-08:00,1348.3696500000008,2403.54355,10800.0,9342.928740555555
2025-11-01,08:00-12:00,1641.526790329217,18.27256666666665,9342.928740555555,10800.0
2025-11-01,12:00-16:00,0.0,0.0,10800.0,10800.0
2025-11-01,16:00-20:00,0.0,3287.88405,10800.0,7146.795499999999
2025-11-01,20:00-24:00,6299.848888888888,1814.99355,7146.795499999999,10800.0
2025-11-02,00:00-04:00,80.62820987654219,65.30885,10800.0,10800.0
2025-11-02,04:00-08:00,70.91483539094689,5732.551366666667,10800.0,4494.321833333337
2025-11-02,08:00-12:00,5762.744500000001,2964.8896500000033,4494.321833333337,6386.470050000001
2025-11-02,12:00-16:00,4549.6545530864205,1072.4846166666666,6386.470050000001,9289.509573703705
2025-11-02,16:00-20:00,106.6442833333333,6053.832683333334,9289.509573703705,2659.0086694444435
2025-11-02,20:00-24:00,5555.198816666667,1322.8894524999992,2659.0086694444435,6188.8104349999985
2025-11-03,00:00-04:00,4480.473661111112,75.26903333333314,6188.8104349999985,10137.604470740742
2025-11-03,04:00-08:00,1097.1839360082295,5297.086950000001,10137.604470740742,5239.417846481485
2025-11-03,08:00-12:00,4941.673483333334,3635.476061833337,5239.417846481485,5647.506134999999
2025-11-03,12:00-16:00,4507.398862962963,910.7543166666669,5647.506134999999,8692.21587092592
2025-11-03,16:00-20:00,58.471549999999866,5963.533816666666,8692.21587092592,2118.6915807407386
2025-11-03,20:00-24:00,5528.505066666667,864.5999726666645,2118.6915807407386,6133.679504444444
2025-11-04,00:00-04:00,4669.399650617283,64.06586666666658,6133.679504444444,10264.954893703705
2025-11-04,04:00-08:00,1073.717011934154,5505.639233333333,10264.954893703705,5113.9232785185195
2025-11-04,08:00-12:00,5584.391383333334,3522.530950666667,5113.9232785185195,6225.952245
2025-11-04,12:00-16:00,5815.331148971194,717.0165833333327,6225.952245,10663.065186481483
2025-11-04,16:00-20:00,10.84091666666643,5976.799166666665,10663.065186481483,4031.9340485185185
2025-11-04,20:00-24:00,5522.98165,2600.5098946666667,4031.9340485185185,6113.162094999999
2025-11-05,00:00-04:00,4553.191905555556,8.76211666666677,6113.162094999999,10201.299124814812
2025-11-05,04:00-08:00,1222.21712386832,5583.888716666668,10201.299124814812,5096.973740000002
2025-11-05,08:00-12:00,5510.357466666668,3507.276366000002,5096.973740000002,6159.321720000003
2025-11-05,12:00-16:00,5281.549333333333,1088.6574897119344,6159.321720000003,9703.096686986746
2025-11-05,16:00-20:00,107.74021666666647,5957.119166666665,9703.096686986746,3181.0415856904533
2025-11-05,20:00-24:00,5561.24525,1788.5629041214083,3181.0415856904533,6198.8701949999995
2025-11-06,00:00-04:00,4473.226483333334,66.9881499999999,6198.8701949999995,10150.342752222221
2025-11-06,04:00-08:00,1513.2954158436214,5624.477299999999,10150.342752222221,5262.889404259262
2025-11-06,08:00-12:00,5104.650166666666,3656.600463833336,5262.889404259262,5794.18515
2025-11-06,12:00-16:00,4994.730865020578,496.4745999999998,5794.18515,9737.804484074077
2025-11-06,16:00-20:00,68.31896666666682,5692.514883333331,9737.804484074077,3474.275017037041
2025-11-06,20:00-24:00,5578.45665,2110.3174050000034,3474.275017037041,6150.088885370371
2025-11-07,00:00-04:00,5166.567905144031,0.0,6150.088885370371,10800.0
2025-11-07,04:00-08:00,2000.9062833333337,2686.0244166666635,10800.0,9616.344080925926
2025-11-07,08:00-12:00,1717.1655067901256,325.6137333333333,9616.344080925926,10800.0
2025-11-07,12:00-16:00,0.0,0.0,10800.0,10800.0
2025-11-07,16:00-20:00,0.0,3454.5185999999985,10800.0,6961.646000000001
2025-11-07,20:00-24:00,6566.152119341563,1864.0646166666666,6961.646000000001,10800.0
2025-11-08,00:00-04:00,0.0,0.0,10800.0,10800.0
2025-11-08,04:00-08:00,2130.5379500000004,2509.1916499999975,10800.0,9929.493432777781
2025-11-08,08:00-12:00,1028.6600952674835,49.7587666666667,9929.493432777781,10800.0
2025-11-08,12:00-16:00,0.0,0.0,10800.0,10800.0
2025-11-08,16:00-20:00,0.0,3492.460033333332,10800.0,6919.488851851853
2025-11-08,20:00-24:00,6516.589341563784,1785.9773333333333,6919.488851851853,10800.0
2025-11-09,00:00-04:00,70.67430041152379,78.88986666666676,10800.0,10775.951462962961
2025-11-09,04:00-08:00,833.8811127572062,5439.766916666664,10775.951462962961,5482.259001481485
2025-11-09,08:00-12:00,5643.4315166666665,3854.033101333337,5482.259001481485,6279.088365000001
2025-11-09,12:00-16:00,4958.611250000001,1611.5650349794203,6279.088365000001,8951.210673356198
2025-11-09,16:00-20:00,71.92250000000024,5916.867716666665,8951.210673356198,2441.6434603932366
2025-11-09,20:00-24:00,5567.752033333334,1121.5257810205799,2441.6434603932366,6206.480533703703
2025-11-10,00:00-04:00,4577.027034773662,41.71408333333318,6206.480533703703,10279.45588351852
2025-11-10,04:00-08:00,1378.0581769547307,5462.461533333332,10279.45588351852,5450.306539074077
2025-11-10,08:00-12:00,5046.559183333334,3825.27588516667,5450.306539074077,5741.903265000002
2025-11-10,12:00-16:00,4530.298529012345,1430.8269833333334,5741.903265000002,8229.36418185185
2025-11-10,16:00-20:00,44.12866666666673,6228.299433333334,8229.36418185185,1348.747278148146
2025-11-10,20:00-24:00,5529.740900000001,174.7406524999978,1348.747278148146,6131.3578075925925
2025-11-11,00:00-04:00,4606.991663786009,34.01770000000033,6131.3578075925925,10239.852860555557
2025-11-11,04:00-08:00,1429.211050823043,5289.569449999998,10239.852860555557,5648.84341740741
2025-11-11,08:00-12:00,5863.779133333333,4003.9590756666694,5648.84341740741,6477.40122
2025-11-11,12:00-16:00,5501.282265843623,1172.1706,6477.40122,10126.143481481482
2025-11-11,16:00-20:00,76.92618333333382,5928.937566666666,10126.143481481482,3607.6686390740747
2025-11-11,20:00-24:00,5481.628566666666,2239.9455251666677,3607.6686390740747,6052.305987777778
2025-11-12,00:00-04:00,4732.424369135802,2.7934166666665305,6052.305987777778,10308.384123703703
2025-11-12,04:00-08:00,1355.0629236625546,4998.824766666665,10308.384123703703,5973.691014259262
2025-11-12,08:00-12:00,5870.8668333333335,4296.321912833336,5973.691014259262,6483.7801500000005
2025-11-12,12:00-16:00,5824.2510510288075,1134.6509500000006,6483.7801500000005,10464.882818148144
2025-11-12,16:00-20:00,126.68964999999992,5916.6372833333335,10464.882818148144,4004.862077222218
2025-11-12,20:00-24:00,5615.475933333333,2534.2767694999966,4004.862077222218,6242.927339999998
2025-11-13,00:00-04:00,4430.964116666668,75.06835000000035,6242.927339999998,10147.38576722222
2025-11-13,04:00-08:00,1569.9557977366303,4822.102816666665,10147.38576722222,6202.45396666667
2025-11-13,08:00-12:00,5713.989583333334,4163.860566666666,6202.45396666667,6718.532850925929
2025-11-13,12:00-16:00,5009.786781687244,1674.783449999999,6718.532850925929,9366.470454444452
2025-11-13,16:00-20:00,152.88265000000047,6048.910233333334,9366.470454444452,2783.0534690740815
2025-11-13,20:00-24:00,5720.7914,1445.5531555000066,2783.0534690740815,6325.595556296295
2025-11-14,00:00-04:00,4971.560493004117,0.0,6325.595556296295,10800.0
2025-11-14,04:00-08:00,2514.5357000000004,2194.976283333333,10800.0,10624.219592962963
2025-11-14,08:00-12:00,359.2751024691353,132.81046666666657,10624.219592962963,10800.0
2025-11-14,12:00-16:00,0.0,0.0,10800.0,10800.0
2025-11-14,16:00-20:00,0.0,3493.253616666667,10800.0,6918.607092592594
2025-11-14,20:00-24:00,6578.434176954732,1835.2780666666667,6918.607092592594,10800.0
2025-11-15,00:00-04:00,0.0,0.0,10800.0,10800.0
2025-11-15,04:00-08:00,2350.5057500000003,2215.6139166666662,10800.0,10453.66193425926
2025-11-15,08:00-12:00,744.5945586419729,291.4173333333334,10453.66193425926,10800.0
2025-11-15,12:00-16:00,0.0,0.0,10800.0,10800.0
2025-11-15,16:00-20:00,0.0,3500.22135,10800.0,6910.865166666667
2025-11-15,20:00-24:00,6665.730596707819,1899.0204333333334,6910.865166666667,10800.0
2025-11-16,00:00-04:00,122.0092798353936,98.82751666666638,10800.0,10800.0
2025-11-16,04:00-08:00,839.6693063786,4813.105733333333,10800.0,6207.807116481484
2025-11-16,08:00-12:00,5137.094816666668,4507.026404833336,6207.807116481484,5823.385335000001
2025-11-16,12:00-16:00,5872.662281687244,1619.0782000000004,5823.385335000001,9309.805610740741
2025-11-16,16:00-20:00,78.45124999999996,6083.820249999999,9309.805610740741,2620.6114579629625
2025-11-16,20:00-24:00,5524.8491,1310.6724621666663,2620.6114579629625,6136.672912222222
2025-11-17,00:00-04:00,4639.128608641977,148.5047833333332,6136.672912222222,10146.883345185188
2025-11-17,04:00-08:00,1564.0728086419729,4563.6888869999975,10146.883345185188,6483.783442962965
2025-11-17,08:00-12:00,5628.94145,4755.405098666668,6483.783442962965,6266.047305
2025-11-17,12:00-16:00,5925.875550000001,1044.987,6266.047305,10438.238633333336
2025-11-17,16:00-20:00,202.3703000000005,5936.549799999999,10438.238633333336,4024.2054588888955
2025-11-17,20:00-24:00,5584.901066666666,2544.452263000006,4024.2054588888955,6223.447237777777
2025-11-18,00:00-04:00,4521.0172913580245,37.2257166666667,6223.447237777777,10251.000892592592
2025-11-18,04:00-08:00,1478.8980415637861,4226.076473333336,10251.000892592592,6886.36860407407
2025-11-18,08:00-12:00,5363.098433333333,5078.319916666665,6886.36860407407,6070.579508888886
2025-11-18,12:00-16:00,4864.971166666667,2078.5543333333335,6070.579508888886,8139.5487440740735
2025-11-18,16:00-20:00,238.49018333333368,5902.671266666664,8139.5487440740735,1795.6662794444442
2025-11-18,20:00-24:00,5494.787133333334,546.0463014999998,1795.6662794444442,6134.256586666666
2025-11-19,00:00-04:00,4475.003764814815,96.6096500000001,6134.256586666666,10054.415919444444
2025-11-19,04:00-08:00,1664.9611742798343,4252.775470999995,10054.415919444444,6827.574897407416
2025-11-19,08:00-12:00,5352.473633333333,5064.817407666673,6827.574897407416,6017.22627
2025-11-19,12:00-16:00,5845.3694,1521.64145,6017.22627,9587.346007777778
2025-11-19,16:00-20:00,124.3588166666674,5706.186116666666,9587.346007777778,3359.062146481483
2025-11-19,20:00-24:00,5427.521116666667,1966.157381833335,3359.062146481483,6059.211838333333
2025-11-20,00:00-04:00,4659.34736851852,52.58848333333333,6059.211838333333,10194.19282185185
2025-11-20,04:00-08:00,1573.8325102880676,3758.703412666667,10194.19282185185,7434.304955925924
2025-11-20,08:00-12:00,5712.4343499999995,5078.232216666667,7434.304955925924,6933.015630185184
2025-11-20,12:00-16:00,5265.069366666667,2290.807216666667,6933.015630185184,9126.23670833333
2025-11-20,16:00-20:00,99.95796666666672,5823.4749999999985,9126.23670833333,2745.6711005555535
2025-11-20,20:00-24:00,5613.32735,1402.7368404999982,2745.6711005555535,6239.06922611111
2025-11-21,00:00-04:00,5067.700859876545,0.0,6239.06922611111,10800.0
2025-11-21,04:00-08:00,1720.357990329216,1576.057055499997,10800.0,10597.147685185186
2025-11-21,08:00-12:00,556.1101234567875,267.88211666666666,10597.147685185186,10800.0
2025-11-21,12:00-16:00,0.0,0.0,10800.0,10800.0
2025-11-21,16:00-20:00,0.0,3410.904449999999,10800.0,7010.106166666668
2025-11-21,20:00-24:00,6385.457757201646,1761.3163333333332,7010.106166666668,10800.0
2025-11-22,00:00-04:00,0.0,0.0,10800.0,10800.0
2025-11-22,04:00-08:00,1773.5353565843573,1640.305722166664,10800.0,10573.619907407407
2025-11-22,08:00-12:00,752.9336831275721,406.1341999999998,10573.619907407407,10800.0
2025-11-22,12:00-16:00,0.0,0.0,10800.0,10800.0
2025-11-22,16:00-20:00,0.0,3481.0641499999992,10800.0,6932.1509444444455
2025-11-22,20:00-24:00,6576.45125514403,1845.8613666666665,6932.1509444444455,10800.0
2025-11-23,00:00-04:00,127.23195473251164,103.05788333333328,10800.0,10800.0
2025-11-23,04:00-08:00,850.3162499999997,3919.1643054999968,10800.0,7210.657618888895
2025-11-23,08:00-12:00,5243.7758,5409.591857000005,7210.657618888895,5919.39822
2025-11-23,12:00-16:00,6523.866433333334,1135.0603500000002,5919.39822,10529.699843333336
2025-11-23,16:00-20:00,71.1025000000003,5772.504983333333,10529.699843333336,4179.797667407411
2025-11-23,20:00-24:00,5527.187166666667,2697.6240173333363,4179.797667407411,6156.906098148147
2025-11-24,00:00-04:00,4560.356474279837,26.54914999999994,6156.906098148147,10231.727869444447
2025-11-24,04:00-08:00,1502.8499621399144,3534.241655499998,10231.727869444447,7657.357662592599
2025-11-24,08:00-12:00,5992.0399333333335,5033.445966666666,7657.357662592599,7457.475861851857
2025-11-24,12:00-16:00,5353.933309053494,1892.5958000000005,7457.475861851857,10173.131617777775
2025-11-24,16:00-20:00,240.57556666666642,5806.868933333334,10173.131617777775,3937.5730351851857
2025-11-24,20:00-24:00,5440.74965,2555.1926816666673,3937.5730351851857,5995.144740555555
2025-11-25,00:00-04:00,4690.713499382717,53.88225000000011,5995.144740555555,10156.91772333333
2025-11-25,04:00-08:00,1590.2418442386881,3445.5444839999996,10156.91772333333,7759.752623148148
2025-11-25,08:00-12:00,5230.369866666667,5903.777360833335,7759.752623148148,5907.332880000001
2025-11-25,12:00-16:00,5784.272476954732,1581.4400499999997,5907.332880000001,9356.02249814815
2025-11-25,16:00-20:00,209.73283333333325,5756.237283333333,9356.02249814815,3148.96284444445
2025-11-25,20:00-24:00,5502.379599999999,1813.458326666672,3148.96284444445,6086.1507881481475
2025-11-26,00:00-04:00,4789.456685390947,61.818966666666824,6086.1507881481475,10327.974064259257
2025-11-26,04:00-08:00,1430.6660746913622,3422.030459666667,10327.974064259257,7813.317465185185
2025-11-26,08:00-12:00,5365.150033333333,5951.985718666665,7813.317465185185,6028.63503
2025-11-26,12:00-16:00,5376.092377777779,2056.287083333333,6028.63503,8582.354744074075
2025-11-26,16:00-20:00,244.52944999999966,5651.006233333332,8582.354744074075,2523.5354342592636
2025-11-26,20:00-24:00,5604.193066666667,1218.281690833337,2523.5354342592636,6213.662871111111
2025-11-27,00:00-04:00,4618.351243209876,10.891433333333225,6213.662871111111,10358.07739740741
2025-11-27,04:00-08:00,1389.804443827154,3132.1443299999964,10358.07739740741,8128.741030185188
2025-11-27,08:00-12:00,5605.938133333333,5465.95,8128.741030185188,7100.807572407411
2025-11-27,12:00-16:00,5683.566175102878,2183.6186512345685,7100.807572407411,9789.774184183812
2025-11-27,16:00-20:00,161.11681666666652,5800.733566666666,9789.774184183812,3489.5198006652954
2025-11-27,20:00-24:00,5763.746333333333,2067.2868372654325,3489.5198006652954,6379.906125925926
2025-11-28,00:00-04:00,4911.21541563786,0.0,6379.906125925926,10800.0
2025-11-28,04:00-08:00,1364.400458436215,1365.7677046666658,10800.0,10510.44074074074
2025-11-28,08:00-12:00,923.2678600823051,487.24363333333343,10510.44074074074,10800.0
2025-11-28,12:00-16:00,0.0,0.0,10800.0,10800.0
2025-11-28,16:00-20:00,0.0,3577.9403333333325,10800.0,6824.5107407407395
2025-11-28,20:00-24:00,6697.719814814816,1847.2127166666667,6824.5107407407395,10800.0
2025-11-29,00:00-04:00,0.0,0.0,10800.0,10800.0
2025-11-29,04:00-08:00,1301.9124131687236,1329.4794713333322,10800.0,10494.52175925926
2025-11-29,08:00-12:00,948.4187860082344,493.28880000000015,10494.52175925926,10800.0
2025-11-29,12:00-16:00,0.0,0.0,10800.0,10800.0
2025-11-29,16:00-20:00,0.0,3435.373233333333,10800.0,6982.918629629631
2025-11-29,20:00-24:00,6532.436234567898,1855.9001166666667,6982.918629629631,10800.0
2025-11-30,00:00-04:00,0.33744855966991355,37.00638333333302,10800.0,10759.1855
2025-11-30,04:00-08:00,925.419293209879,3099.319904666666,10759.1855,8148.374080925926
2025-11-30,08:00-12:00,4935.454133333334,6253.536672833334,8148.374080925926,5641.90872
2025-11-30,12:00-16:00,4954.451810699588,2860.2263,5641.90872,6922.88612740741
2025-11-30,16:00-20:00,176.95076666666694,5293.927635666669,6922.88612740741,1200.0
2025-11-30,20:00-24:00,5499.271616666667,32.258950000000254,1200.0,6113.501177222223
2025-12-01,00:00-04:00,4136.082630864195,789.2012833333333,6113.501177222223,8959.085230185181
2025-12-01,04:00-08:00,1497.2408333333333,4632.805541666668,8959.085230185181,5159.040267222216
2025-12-01,08:00-12:00,5379.2464,3563.1362404999945,5159.040267222216,6041.32176
2025-12-01,12:00-16:00,5185.993609053499,3675.195033333334,6041.32176,6625.165971111114
2025-12-01,16:00-20:00,126.05276666666703,4984.752115000005,6625.165971111114,1200.0
2025-12-01,20:00-24:00,5420.482483333333,123.97569999999996,1200.0,5940.6834572222215
2025-12-02,00:00-04:00,4412.00810308642,844.7677333333332,5940.6834572222215,8972.859935185186
2025-12-02,04:00-08:00,1475.2977500000002,4278.163416666667,8972.859935185186,5547.113002777774
2025-12-02,08:00-12:00,4621.8569333333335,3912.4017024999966,5547.113002777774,5359.67124
2025-12-02,12:00-16:00,5069.846766872428,3564.310316666667,5359.67124,5962.18853388889
2025-12-02,16:00-20:00,85.71703333333335,4355.400477500002,5962.18853388889,1200.0
2025-12-02,20:00-24:00,5341.372333333333,59.350358499999814,1200.0,5941.290257222221
2025-12-03,00:00-04:00,4433.885747530865,691.22115,5941.290257222221,9163.76393
2025-12-03,04:00-08:00,1460.5262666666663,4082.6366333333335,9163.76393,5941.974644074071
2025-12-03,08:00-12:00,4826.335833333333,4267.777179666664,5941.974644074071,5543.702249999999
2025-12-03,12:00-16:00,4905.742887654324,3717.9882666666663,5543.702249999999,5827.772774814815
2025-12-03,16:00-20:00,215.93264999999974,4339.900943833333,5827.772774814815,1200.0
2025-12-03,20:00-24:00,5350.548366666667,98.66439633333319,1200.0,5905.866422962964
2025-12-04,00:00-04:00,4513.096430041151,869.7537333333336,5905.866422962964,9001.260172962962
2025-12-04,04:00-08:00,1536.5457166666665,4209.336433333334,9001.260172962962,5707.110836481478
2025-12-04,08:00-12:00,5113.200866666667,4056.3997528333302,5707.110836481478,5801.88078
2025-12-04,12:00-16:00,6123.014200000001,2648.12402037037,5801.88078,8370.233537366254
2025-12-04,16:00-20:00,66.35643333333314,6025.4264833333345,8370.233537366254,1735.036012551437
2025-12-04,20:00-24:00,5603.061283333334,526.0925946296268,1735.036012551437,6193.243840185185
2025-12-05,00:00-04:00,5118.617955349793,0.0,6193.243840185185,10800.0
2025-12-05,04:00-08:00,1291.433271604942,1426.7680333333356,10800.0,10376.99212962963
2025-12-05,08:00-12:00,2437.559588477366,1593.7161833333332,10376.99212962963,10800.0
2025-12-05,12:00-16:00,89.91701646090506,72.8327833333334,10800.0,10800.0
2025-12-05,16:00-20:00,0.0,3517.600933333333,10800.0,6891.554518518518
2025-12-05,20:00-24:00,6520.328662551441,1763.8652833333335,6891.554518518518,10800.0
2025-12-06,00:00-04:00,0.0,0.0,10800.0,10800.0
2025-12-06,04:00-08:00,1319.1648353909477,1393.3531000000023,10800.0,10439.07824074074
2025-12-06,08:00-12:00,2557.2273251028855,1746.52455,10439.07824074074,10800.0
2025-12-06,12:00-16:00,0.0,0.0,10800.0,10800.0
2025-12-06,16:00-20:00,0.0,3494.7313833333333,10800.0,6916.96512962963
2025-12-06,20:00-24:00,6617.316604938273,1865.2950666666666,6916.96512962963,10800.0
2025-12-07,00:00-04:00,6.53755000000001,761.6667833333333,10800.0,9959.587369074074
2025-12-07,04:00-08:00,715.4636833333334,3885.182116666667,9959.587369074074,6286.635665555554
2025-12-07,08:00-12:00,5104.619766666668,4577.972098999998,6286.635665555554,5794.157790000002
2025-12-07,12:00-16:00,6366.163113374485,3469.343133333333,5794.157790000002,7668.878888333335
2025-12-07,16:00-20:00,40.623766666666484,5854.8962505,7668.878888333335,1200.0
2025-12-07,20:00-24:00,5441.153766666667,70.87850000000003,1200.0,6018.284501111111
2025-12-08,00:00-04:00,4451.280404320987,550.2670833333334,6018.284501111111,9413.028994629627
2025-12-08,04:00-08:00,1507.0751666666667,3409.502883333334,9413.028994629627,6981.06010759259
2025-12-08,08:00-12:00,5025.7828500000005,5202.95409683333,6981.06010759259,5723.204565000001
2025-12-08,12:00-16:00,6616.29637633745,3706.3734666666664,5723.204565000001,7559.678562962965
2025-12-08,16:00-20:00,189.06999999999948,5779.123516666667,7559.678562962965,1308.5932111111135
2025-12-08,20:00-24:00,5555.205633333333,121.08274000000226,1308.5932111111135,6173.741903333333
2025-12-09,00:00-04:00,4325.430857407409,300.77388333333295,6173.741903333333,9732.4364712963
2025-12-09,04:00-08:00,1633.6067833333332,2202.6968500000003,9732.4364712963,8755.241631851857
2025-12-09,08:00-12:00,5737.842766666667,6799.717468666671,8755.241631851857,6364.05849
2025-12-09,12:00-16:00,7336.894249999999,3315.4743166666685,6364.05849,9283.402963148146
2025-12-09,16:00-20:00,10.194699999999784,5909.014933333334,9283.402963148146,2727.006044999999
2025-12-09,20:00-24:00,5463.150799999999,1402.509591333333,2727.006044999999,6085.497774629629
2025-12-10,00:00-04:00,4470.730139300414,204.24801666666644,6085.497774629629,9882.21265925926
2025-12-10,04:00-08:00,1734.3593666666666,1965.487983333334,9882.21265925926,9259.260552222222
2025-12-10,08:00-12:00,5397.896366666667,7253.334496999998,9259.260552222222,6058.10673
2025-12-10,12:00-16:00,6686.182533333333,3272.1888666666655,6058.10673,8439.905602592597
2025-12-10,16:00-20:00,234.23338333333368,5860.377216666667,8439.905602592597,2139.1854068518587
2025-12-10,20:00-24:00,5373.785400000001,920.4293828333397,2139.1854068518587,5952.892952592594
2025-12-11,00:00-04:00,4678.079730452673,175.9182166666668,5952.892952592594,9967.700024814816
2025-12-11,04:00-08:00,1904.1255279835354,1634.4975333333336,9967.700024814816,9865.30462962963
2025-12-11,08:00-12:00,5371.63305,7798.774166666669,9865.30462962963,6034.469745
2025-12-11,12:00-16:00,7667.698938888891,2080.6251833333336,6034.469745,10623.59303074074
2025-12-11,16:00-20:00,105.44876666666653,5619.790516666668,10623.59303074074,4474.285235555555
2025-12-11,20:00-24:00,5705.468233333334,2938.73705,4474.285235555555,6343.9432566666665
2025-12-12,00:00-04:00,4951.174159259261,0.0,6343.9432566666665,10800.0
2025-12-12,04:00-08:00,381.1470987654327,609.6679000000001,10800.0,10465.62361111111
2025-12-12,08:00-12:00,2233.822489711934,1508.4574666666667,10465.62361111111,10800.0
2025-12-12,12:00-16:00,0.0,0.0,10800.0,10800.0
2025-12-12,16:00-20:00,0.0,3414.003350000001,10800.0,7006.662944444444
2025-12-12,20:00-24:00,6560.673539094647,1900.1422166666666,7006.662944444444,10800.0
2025-12-13,00:00-04:00,0.0,0.0,10800.0,10800.0
2025-12-13,04:00-08:00,460.51224279835475,688.0774166666667,10800.0,10449.930555555555
2025-12-13,08:00-12:00,2370.9149794238742,1605.3786333333335,10449.930555555555,10800.0
2025-12-13,12:00-16:00,91.16323045267362,73.84221666666656,10800.0,10800.0
2025-12-13,16:00-20:00,0.0,3379.3596833333345,10800.0,7045.1559074074075
2025-12-13,20:00-24:00,6506.7883539094655,1891.1388833333335,7045.1559074074075,10800.0
2025-12-14,00:00-04:00,113.4780658436184,91.917233333333,10800.0,10800.0
2025-12-14,04:00-08:00,927.2338833333341,1663.750316666667,10800.0,9785.899032037038
2025-12-14,08:00-12:00,5233.315516666667,7727.309128833335,9785.899032037038,5909.983965000001
2025-12-14,12:00-16:00,7154.462616666667,2796.1207444444426,5909.983965000001,9242.199492839507
2025-12-14,16:00-20:00,146.4190000000001,5835.679950000002,9242.199492839507,2889.887759506174
2025-12-14,20:00-24:00,5449.8386666666665,1548.6468668888901,2889.887759506174,6074.023818518519
2025-12-15,00:00-04:00,4529.913379423868,199.7719000000003,6074.023818518519,9928.977082222227
2025-12-15,04:00-08:00,1758.2396000000003,1687.3018999999997,9928.977082222227,9636.61283333334
2025-12-15,08:00-12:00,4884.346666666666,7592.951550000007,9636.61283333334,5595.912
2025-12-15,12:00-16:00,7175.8241281893015,2361.3621500000004,5595.912,9430.417993148152
2025-12-15,16:00-20:00,232.13656666666645,5716.172733333335,9430.417993148152,3288.0378661111145
2025-12-15,20:00-24:00,5563.895350000001,1889.8486295000032,3288.0378661111145,6195.711870555556
2025-12-16,00:00-04:00,4460.192866049384,71.82888333333335,6195.711870555556,10130.075579629629
2025-12-16,04:00-08:00,1759.1471263374474,1725.5373,10130.075579629629,9796.044326666668
2025-12-16,08:00-12:00,5125.0340166666665,7736.439894000002,9796.044326666668,5812.530615000001
2025-12-16,12:00-16:00,7400.87100144033,2244.46885,5812.530615000001,9979.460238518519
2025-12-16,16:00-20:00,138.82683333333352,5704.940233333334,9979.460238518519,3765.581907037036
2025-12-16,20:00-24:00,5377.652283333334,2377.9286829999996,3765.581907037036,5963.325980925926
2025-12-17,00:00-04:00,4764.376876748972,120.92636666666658,5963.325980925926,10116.90254037037
2025-12-17,04:00-08:00,1764.2870820987641,1792.0416833333336,10116.90254037037,9713.603488333332
2025-12-17,08:00-12:00,5760.294983333333,7665.6794835,9713.603488333332,6380.447324999999
2025-12-17,12:00-16:00,7514.062342798356,2306.2758500000004,6380.447324999999,10580.574711296296
2025-12-17,16:00-20:00,216.82223333333343,5478.997549999998,10580.574711296296,4687.939665740743
2025-12-17,20:00-24:00,5477.816150000001,2978.752816666666,4687.939665740743,6308.248848888893
2025-12-18,00:00-04:00,4408.487762345676,241.92364999999972,6308.248848888893,10007.083779444443
2025-12-18,04:00-08:00,1842.5690310699638,1612.1896499999998,10007.083779444443,9874.074074074075
2025-12-18,08:00-12:00,5815.972866666667,7806.666666666668,9874.074074074075,6434.37558
2025-12-18,12:00-16:00,7646.9682444444425,2264.9822999999997,6434.37558,10800.0
2025-12-18,16:00-20:00,26.805246913581286,5526.837299999999,10800.0,4683.194388888891
2025-12-18,20:00-24:00,5687.739683333333,2944.911933333333,4683.194388888891,6530.035733518522
2025-12-19,00:00-04:00,4744.404740534975,0.0,6530.035733518522,10800.0
2025-12-19,04:00-08:00,373.0320576131692,613.0343,10800.0,10454.57962962963
2025-12-19,08:00-12:00,2278.682098765429,1534.854166666667,10454.57962962963,10800.0
2025-12-19,12:00-16:00,37.66409465020438,30.5079166666668,10800.0,10800.0
2025-12-19,16:00-20:00,0.0,3481.831133333335,10800.0,6931.298740740741
2025-12-19,20:00-24:00,6666.536666666667,1918.0635666666667,6931.298740740741,10800.0
2025-12-20,00:00-04:00,0.0,0.0,10800.0,10800.0
2025-12-20,04:00-08:00,363.64351851851853,619.0329166666667,10800.0,10439.464814814815
2025-12-20,08:00-12:00,2773.3681069958834,1921.9465000000005,10439.464814814815,10800.0
2025-12-20,12:00-16:00,82.13172839506215,66.5267,10800.0,10800.0
2025-12-20,16:00-20:00,0.0,3437.3634000000015,10800.0,6980.707333333331
2025-12-20,20:00-24:00,6504.308353909468,1831.1263666666666,6980.707333333331,10800.0
2025-12-21,00:00-04:00,82.87930041152083,150.26603333333333,10800.0,10707.62911111111
2025-12-21,04:00-08:00,997.1004499999999,1565.5870000000004,10707.62911111111,9865.478404999996
2025-12-21,08:00-12:00,5124.395049999999,7798.930564499997,9865.478404999996,5811.955545
2025-12-21,12:00-16:00,7728.171089711937,2331.0652666666665,5811.955545,10177.237007222226
2025-12-21,16:00-20:00,213.80354999999986,5770.532850000001,10177.237007222226,3957.9570355555593
2025-12-21,20:00-24:00,5567.43455,2491.9497820000042,3957.9570355555593,6199.815039444443
2025-12-22,00:00-04:00,4313.341822839509,204.52313333333336,6199.815039444443,9854.574754074078
2025-12-22,04:00-08:00,1931.7582000000007,1682.1686,9854.574754074078,9724.08091185186
2025-12-22,08:00-12:00,5825.569700000002,7682.410666666674,9724.08091185186,6431.081790000001
2025-12-22,12:00-16:00,7869.0376034979445,2485.9001333333326,6431.081790000001,10751.104373888895
2025-12-22,16:00-20:00,93.05448168723474,5710.238316666666,10751.104373888895,4490.144166666667
2025-12-22,20:00-24:00,5472.709433333333,2979.2734136666672,4490.144166666667,6105.278863703704
2025-12-23,00:00-04:00,4591.4219514403285,52.707749999999805,6105.278863703704,10178.994453333335
2025-12-23,04:00-08:00,1612.681142386832,1565.2279833333332,10178.994453333335,9891.265277777778
2025-12-23,08:00-12:00,5939.351133333334,7498.778100000001,9891.265277777778,6904.705631111111
2025-12-23,12:00-16:00,7272.382014814813,2384.8644999999997,6904.705631111111,10800.0
2025-12-23,16:00-20:00,47.368449382715944,5601.590549999998,10800.0,4618.642104444448
2025-12-23,20:00-24:00,5532.1507,2962.894699999999,4618.642104444448,6305.472512222226
2025-12-24,00:00-04:00,4492.935933333333,27.06333333333339,6305.472512222226,10319.044481851859
2025-12-24,04:00-08:00,1460.3782917695403,1583.3797833333338,10319.044481851859,9874.074074074075
2025-12-24,08:00-12:00,5940.67095,7705.972566666668,9874.074074074075,6658.486188333332
2025-12-24,12:00-16:00,7774.589224279833,2623.300683333334,6658.486188333332,10740.837953148144
2025-12-24,16:00-20:00,120.85324135802536,5663.554566666666,10740.837953148144,4556.767462962964
2025-12-24,20:00-24:00,5529.33265,2939.50875,4556.767462962964,6267.046014629632
2025-12-25,00:00-04:00,4584.388122633743,110.3338666666665,6267.046014629632,10270.402139814812
2025-12-25,04:00-08:00,1619.7765730452725,1661.4042833333328,10270.402139814812,9882.196296296297
2025-12-25,08:00-12:00,5732.625383333334,7290.9705833333355,9882.196296296297,6940.48071537037
2025-12-25,12:00-16:00,7024.080233950621,2242.3110333333334,6940.48071537037,10770.696222222221
2025-12-25,16:00-20:00,93.73387633744818,5715.940083333331,10770.696222222221,4504.01217388889
2025-12-25,20:00-24:00,5727.334416666667,2902.580433333333,4504.01217388889,6433.52377851852
2025-12-26,00:00-04:00,4851.640246090534,0.0,6433.52377851852,10800.0
2025-12-26,04:00-08:00,376.44876543209926,574.6951666666669,10800.0,10500.253703703704
2025-12-26,08:00-12:00,2371.198497942385,1650.8991166666665,10500.253703703704,10800.0
2025-12-26,12:00-16:00,242.34728395061717,196.3013000000002,10800.0,10800.0
2025-12-26,16:00-20:00,0.0,3322.284583333332,10800.0,7108.572685185189
2025-12-26,20:00-24:00,6307.3348353909405,1786.6566333333333,7108.572685185189,10800.0
2025-12-27,00:00-04:00,0.0,0.0,10800.0,10800.0
2025-12-27,04:00-08:00,339.1269341563788,520.5278166666668,10800.0,10526.85
2025-12-27,08:00-12:00,2183.761790123453,1523.0120499999998,10526.85,10800.0
2025-12-27,12:00-16:00,44.12355967078232,35.74008333333336,10800.0,10800.0
2025-12-27,16:00-20:00,0.0,3329.0050999999985,10800.0,7101.105444444446
2025-12-27,20:00-24:00,6493.147366255142,1930.4442666666666,7101.105444444446,10800.0
2025-12-28,00:00-04:00,80.48735740740926,100.07989999999995,10800.0,10761.238732777776
2025-12-28,04:00-08:00,884.2346384773695,1519.6172833333335,10761.238732777776,9868.58625925926
2025-12-28,08:00-12:00,5843.891766666666,7578.998883333335,9868.58625925926,6706.978978888888
2025-12-28,12:00-16:00,6687.327081069957,1733.0160166666667,6706.978978888888,10800.0
2025-12-28,16:00-20:00,22.046033333333185,5542.399533333331,10800.0,4661.619726296299
2025-12-28,20:00-24:00,5630.189266666666,2950.0056,4661.619726296299,6451.006066296298
2025-12-29,00:00-04:00,4315.279881893004,102.41460000000029,6451.006066296298,10220.963960000001
2025-12-29,04:00-08:00,1462.499365432093,1426.7516333333333,10220.963960000001,9951.933796296296
2025-12-29,08:00-12:00,5946.705166666667,6964.800616666667,9951.933796296296,7565.301094444446
2025-12-29,12:00-16:00,6525.635100823042,2374.535416666666,7565.301094444446,10800.0
2025-12-29,16:00-20:00,59.02520576131562,5667.497699999998,10800.0,4555.90301851852
2025-12-29,20:00-24:00,5526.291833333334,2985.1531333333332,4555.90301851852,6212.728853703704
2025-12-30,00:00-04:00,4677.620873662551,2.3194833333333236,6212.728853703704,10420.010436296294
2025-12-30,04:00-08:00,1263.541758024695,1514.81155,10420.010436296294,9874.074074074075
2025-12-30,08:00-12:00,5892.223600000001,7775.981433333334,9874.074074074075,6537.095943703704
2025-12-30,12:00-16:00,6939.199836213995,1785.0165499999998,6537.095943703704,10799.024074074074
2025-12-30,16:00-20:00,1.7776954732512422,5551.428183333332,10799.024074074074,4632.370462962965
2025-12-30,20:00-24:00,5504.9320333333335,2907.46985,4632.370462962965,6356.2872374074095
2025-12-31,00:00-04:00,4531.680275102877,79.99378333333334,6356.2872374074095,10345.917503518522
2025-12-31,04:00-08:00,1399.5149137860071,1562.0312999999996,10345.917503518522,9869.890592592592
2025-12-31,08:00-12:00,5764.483583333333,7802.901533333335,9869.890592592592,6388.035225
2025-12-31,12:00-16:00,7894.858762345684,2424.0672999999997,6388.035225,10800.0
2025-12-31,16:00-20:00,13.360694032921275,5594.240883333331,10800.0,4596.201420925929
2025-12-31,20:00-24:00,5425.337533333333,3058.2852833333336,4596.201420925929,6080.91044166667
