window_days,period,date,crps_kw,cover80,cover90,width80_kw,width90_kw,qhat80_kw,qhat90_kw
30,validation,2025-02-01,151.58493897771018,0.8125,0.9444444444444444,747.7878242092336,986.5630722898366,72.31935886776,130.02940308466395
30,validation,2025-02-02,111.17708439080714,0.8819444444444444,0.9861111111111112,736.3884507794066,958.7976336251265,65.775742244772,115.4849140814913
30,validation,2025-02-03,120.05332509239399,0.9166666666666666,0.9652777777777778,715.0005461490722,932.7520419085427,57.98681575381761,104.97756564000065
30,validation,2025-02-04,135.07623659760435,0.8194444444444444,0.9236111111111112,704.5387754793353,922.9203168397648,56.11077259038029,101.79760494235416
30,validation,2025-02-05,153.51926537392808,0.8541666666666666,0.9097222222222222,690.411267426944,893.2072827968763,50.08387697288799,86.8000314406936
30,validation,2025-02-06,115.4094957767559,0.8888888888888888,0.9583333333333334,688.9239293057625,893.1623372341287,48.650494893426185,84.542825443953
30,validation,2025-02-07,163.68392316627873,0.7777777777777778,0.8958333333333334,650.4266800206425,850.4400123337247,31.404608998143885,64.31793190931626
30,validation,2025-02-08,133.83889678128173,0.8263888888888888,0.9444444444444444,649.7869258191388,847.428856145518,28.239375818525787,58.578101165862336
30,validation,2025-02-09,164.3535457837531,0.7569444444444444,0.8958333333333334,638.5893537000991,820.0324222428824,22.8706068919646,45.33219502162865
30,validation,2025-02-10,165.77567593876515,0.7916666666666666,0.8958333333333334,641.4324283950757,819.1821745152342,22.378337081907375,42.859814644191374
30,validation,2025-02-11,131.38317909098248,0.8611111111111112,0.9444444444444444,646.7931127937603,831.2526952923349,23.37706590668313,46.55594453326694
30,validation,2025-02-12,107.03831804314028,0.8958333333333334,0.9791666666666666,632.2247436028817,813.3075539238713,17.23519180207677,38.37341433142501
30,validation,2025-02-13,179.04263360344657,0.6805555555555556,0.7569444444444444,618.6118659541314,794.5172194036606,14.784324029168971,32.855383000426855
30,validation,2025-02-14,131.20163467209815,0.8472222222222222,0.9236111111111112,634.4247151966379,821.175432975787,22.738044527255624,45.33219502162865
30,validation,2025-02-15,110.33191739722912,0.875,0.9513888888888888,630.3151817398325,822.0887183612615,20.721384530051637,45.33219502162865
30,validation,2025-02-16,136.61254793686595,0.7986111111111112,0.9166666666666666,613.3096173302371,806.3808077981737,12.890152938388837,37.55091791004088
30,validation,2025-02-17,131.12829589414528,0.7777777777777778,0.9375,619.100682794326,802.4273604739741,14.32267491785251,35.099040691337905
30,validation,2025-02-18,111.52997219832967,0.9097222222222222,0.9722222222222222,629.1774751030844,802.512024382615,16.634397020788583,34.533617687622154
30,validation,2025-02-19,134.65923040076612,0.7777777777777778,0.9027777777777778,602.1874521749689,774.7086836898432,10.20995327378796,26.371167027733463
30,validation,2025-02-20,115.14656590751702,0.8472222222222222,0.9097222222222222,608.3214845858728,770.1982813206481,10.20995327378796,22.873953531840925
30,validation,2025-02-21,109.6468284916786,0.7777777777777778,0.8819444444444444,585.5880843599087,747.0877096783414,10.0290831551888,25.01719133296683
30,validation,2025-02-22,127.47197363267878,0.7708333333333334,0.8541666666666666,580.7543021949987,739.8037518700365,8.860195851147637,22.167973070934295
30,validation,2025-02-23,126.10579084133244,0.7986111111111112,0.875,578.215240323048,732.5285636579024,10.858118706462847,25.55871821000028
30,validation,2025-02-24,115.62514670572526,0.8680555555555556,0.9444444444444444,561.4632869875608,724.3775510865149,7.330815630080906,26.062033491787588
30,validation,2025-02-25,150.7986653815997,0.7569444444444444,0.875,555.9400992927734,717.0356833918881,3.6854804796348617,22.148748717465423
30,validation,2025-02-26,141.79746267434666,0.7708333333333334,0.8541666666666666,552.7862823773971,710.4004008962115,5.124846810906092,26.062033491787588
30,validation,2025-02-27,139.78397557534552,0.7986111111111112,0.9166666666666666,565.5285092914203,722.9963091273868,9.490729990539421,32.001670976480455
30,validation,2025-02-28,125.20537929998409,0.8333333333333334,0.9166666666666666,560.4186249453376,708.4450397699238,4.805245008219572,22.167973070934295
30,validation,2025-03-01,179.99361866763027,0.5833333333333334,0.75,560.2185300751496,710.9316638518683,3.952562402215335,23.166345002133824
30,validation,2025-03-02,254.96541682276788,0.6180555555555556,0.7291666666666666,593.1105587240244,742.2057015307676,15.699912157549079,34.533617687622154
30,validation,2025-03-03,217.07901372102958,0.6319444444444444,0.7708333333333334,619.1689693505507,786.9859575597384,23.40907532219785,47.875811494115624
30,validation,2025-03-04,124.76564597108478,0.8472222222222222,0.9583333333333334,644.2118732436697,827.3358852248182,29.826566969446958,58.52869021707011
30,validation,2025-03-05,125.48658463971736,0.8541666666666666,0.9375,647.036423105334,824.673708728834,33.4147309370187,59.53526461185902
30,validation,2025-03-06,121.69561505081762,0.8472222222222222,0.9166666666666666,637.0310280449295,819.0767341020354,31.90375637534771,60.37259101281393
30,validation,2025-03-07,128.82777887069273,0.8055555555555556,0.9375,641.355417188835,826.9244965599703,34.03027330182931,63.50757235115407
30,validation,2025-03-08,177.8679892077797,0.6597222222222222,0.7430555555555556,639.4005871867804,820.7744253585369,35.35899140438687,64.74351276718016
30,validation,2025-03-09,154.52190059900127,0.8472222222222222,0.9097222222222222,656.2041251772467,875.7675222369325,40.82425945745854,87.541707772955
30,validation,2025-03-10,189.91447666061757,0.7708333333333334,0.9027777777777778,649.1138620337068,876.8621924045596,40.53694391605541,89.5755213423322
30,validation,2025-03-11,135.55076793277485,0.8680555555555556,0.9375,667.1128088534365,907.0827711479106,49.05680977829434,96.2293446583534
30,validation,2025-03-12,122.68052727276432,0.8263888888888888,0.9722222222222222,667.2252110291486,910.1125212584794,48.29923664660555,96.2293446583534
30,validation,2025-03-13,218.89818243839338,0.7361111111111112,0.8611111111111112,669.5568650231155,900.0921741417288,48.29923664660555,90.41016601710089
30,validation,2025-03-14,183.54984447766032,0.7847222222222222,0.8819444444444444,688.9041141562882,933.6381120945298,54.82148077265947,100.50622224834342
30,validation,2025-03-15,176.36267173263883,0.7916666666666666,0.8888888888888888,707.7916865433658,957.2747385756692,59.05452765314931,107.26685972177984
30,validation,2025-03-16,137.49857833572187,0.8472222222222222,0.9444444444444444,713.2850469676027,964.6451547391864,54.83922558438826,103.76304777189625
30,validation,2025-03-17,187.32995529254663,0.7638888888888888,0.8333333333333334,697.6449579931324,931.263977998844,46.36320268166355,85.51072419474804
30,validation,2025-03-18,141.07512513582805,0.8611111111111112,0.9444444444444444,691.4427644839614,936.7289236055772,40.213686834048076,81.56252875868176
30,validation,2025-03-19,149.74246248358344,0.8333333333333334,0.9305555555555556,696.0009794973661,945.063937682517,39.97495450199676,82.52004290225705
30,validation,2025-03-20,144.16242217901018,0.8125,0.9166666666666666,708.0188478828954,949.3987488576576,42.08296001895724,83.34309842060202
30,validation,2025-03-21,206.6084073959235,0.7013888888888888,0.8333333333333334,714.5044984352685,954.7966709353241,44.44745871333362,85.18236146187155
30,validation,2025-03-22,129.0918838087193,0.9097222222222222,0.9722222222222222,740.1389913677685,1004.7556457936686,51.09006432011711,102.80886990630347
30,validation,2025-03-23,152.87863962988976,0.8263888888888888,0.9375,717.3122646274301,952.2326857244594,38.91570078244149,76.484588465461
30,validation,2025-03-24,115.91323774711762,0.9097222222222222,0.9722222222222222,720.1051070995028,951.4339989589921,39.52712652482069,73.79782892376943
30,validation,2025-03-25,143.16301871254444,0.8680555555555556,0.9444444444444444,709.6098215692712,933.3947959415522,34.36428560326385,64.52303646190376
30,validation,2025-03-26,137.9542315977149,0.8680555555555556,0.9305555555555556,706.4313733038931,925.6718956730074,32.48496551814469,60.60493302784744
30,validation,2025-03-27,144.21714417670512,0.7986111111111112,0.8888888888888888,698.7534128704841,923.4547878794256,29.9671955296767,60.04561068144682
30,validation,2025-03-28,139.80521218708424,0.7986111111111112,0.9097222222222222,691.9500497809823,919.9629043718337,26.72061376360216,55.85930895615229
30,validation,2025-03-29,323.7116488462504,0.4236111111111111,0.5763888888888888,691.6421852836073,914.7667743627972,23.535469616243972,50.82333533960991
30,validation,2025-03-30,116.70481292402107,0.8958333333333334,0.9652777777777778,743.0973814883586,992.482908711626,36.86117045751871,74.44807015328024
30,validation,2025-03-31,195.99564338156293,0.75,0.8819444444444444,719.6290838390996,960.2319634252386,33.87410694209484,71.17827950038054
30,validation,2025-04-01,232.90182381592805,0.7152777777777778,0.8958333333333334,715.3525323196202,948.9237412632101,33.32747977899089,66.18176247545216
30,validation,2025-04-02,292.55929576026006,0.6875,0.7986111111111112,744.8024268287368,979.2763057912247,38.96005784906038,71.17827950038054
30,validation,2025-04-03,125.93235540286128,0.9097222222222222,0.9722222222222222,801.1090199617354,1055.9844156835413,49.069804053761345,93.5195336274378
30,validation,2025-04-04,144.97988583380052,0.8541666666666666,0.9305555555555556,785.4966451445146,1036.8031723940694,41.38057718209939,84.58566514763606
30,validation,2025-04-05,176.51031984903088,0.8194444444444444,0.9375,775.3372064908662,1012.6802798913191,34.72215674317249,71.17827950038054
30,validation,2025-04-06,121.16867343651737,0.9305555555555556,0.9722222222222222,785.536172272848,1023.6660852195432,37.592895729544125,75.8439175201479
30,validation,2025-04-07,174.64185514789128,0.8472222222222222,0.9375,772.9555561275661,1010.794344638796,33.54050533082864,70.81327114393548
30,validation,2025-04-08,118.91133066639824,0.9305555555555556,0.9791666666666666,766.6688162165491,1014.6407411756941,35.97280568748738,74.44807015328024
30,validation,2025-04-09,181.76486579341176,0.8333333333333334,0.9513888888888888,756.7864794510126,1007.0099786686717,33.548639729551724,71.56386676793772
30,validation,2025-04-10,138.8114641813554,0.8958333333333334,0.9444444444444444,768.458573197165,1006.0694776846979,35.08346563394889,69.76339822166301
30,validation,2025-04-11,192.26025514168225,0.7152777777777778,0.8541666666666666,742.9670141952964,982.4569145320581,31.12212873338376,64.3561348084454
30,validation,2025-04-12,184.76907697685232,0.7708333333333334,0.8819444444444444,756.3460116958393,1008.5782557579382,34.803158377815635,72.78494172163573
30,validation,2025-04-13,131.32938991179634,0.8541666666666666,0.9444444444444444,725.3701477237069,950.9453961020905,20.92032822899273,44.35144085260481
30,validation,2025-04-14,134.45167722172494,0.8194444444444444,0.8819444444444444,723.0271621073523,949.5144786498123,21.821521997968375,44.87865570998565
30,validation,2025-04-15,199.98858802928666,0.7222222222222222,0.8333333333333334,707.1966498664094,940.8722400996867,20.047233682915248,44.35144085260481
30,validation,2025-04-16,150.19918555628294,0.8333333333333334,0.9513888888888888,712.9479132933203,955.9799158186748,17.424398011418816,48.10432246229266
30,validation,2025-04-17,111.57830354810136,0.9305555555555556,0.9791666666666666,701.9293379614113,931.2077179461298,9.63230647324076,36.58455516742015
30,validation,2025-04-18,137.64916939600764,0.7708333333333334,0.9236111111111112,686.4307016379586,917.0746356631678,5.616563808979208,32.274917538096815
30,validation,2025-04-19,140.36327364355114,0.7291666666666666,0.8819444444444444,676.7093738086619,905.329674718861,8.964369064601215,31.819391024297147
30,validation,2025-04-20,124.86332862016869,0.8680555555555556,0.9513888888888888,684.8742582990699,908.1306387798403,12.040198336293997,31.58501934905098
30,validation,2025-04-21,174.1865517786426,0.75,0.9166666666666666,682.665744094144,907.2668935889292,12.830213440653068,31.819391024297147
30,validation,2025-04-22,150.41268316677366,0.8402777777777778,0.9097222222222222,696.3521523067736,911.944209984325,14.230072339486924,31.77159032649979
30,validation,2025-04-23,149.56299364815288,0.7777777777777778,0.8680555555555556,695.7094817331704,917.4021141865077,15.27951543613517,33.81919517657434
30,validation,2025-04-24,174.37364133152516,0.7986111111111112,0.8819444444444444,694.2314469080621,922.9536475182526,15.862657843921625,37.43149850409509
30,validation,2025-04-25,150.4713960434684,0.7986111111111112,0.9375,704.916774593047,931.5107493519778,17.289945443736997,41.01292345624188
30,validation,2025-04-26,231.69542617459922,0.6944444444444444,0.8611111111111112,697.3980548256743,906.9015423446434,13.077309258606874,29.718374968989963
30,validation,2025-04-27,165.38593763145946,0.7291666666666666,0.8055555555555556,679.994509742847,874.6568537163997,14.210077941373584,28.98086674564911
30,validation,2025-04-28,351.85563690936374,0.5416666666666666,0.6736111111111112,694.8769181350045,902.0721337096387,17.91178566637018,37.57653883344983
30,validation,2025-04-29,201.11456812686205,0.6527777777777778,0.7986111111111112,736.5754862253012,986.9376617222034,27.777566722654228,54.84908856342736
30,validation,2025-04-30,171.7217635893599,0.7777777777777778,0.9305555555555556,742.9699787695945,1003.6788563592733,30.79915956441073,60.77746353119028
30,validation,2025-05-01,234.9696522395621,0.5625,0.7152777777777778,734.6988789712782,955.858770399945,33.72137138304197,61.313520271129164
30,validation,2025-05-02,316.8521640083934,0.4583333333333333,0.6597222222222222,780.5348466939515,1018.4687400442815,51.32181521406028,85.24398371107463
30,validation,2025-05-03,148.97491719376228,0.8611111111111112,0.9375,841.5802451138759,1106.4939579865818,70.64431222485564,111.39008418697904
30,validation,2025-05-04,161.19326406530084,0.8333333333333334,0.9513888888888888,840.2964254127555,1110.0123982336709,70.81571240596304,113.46278721530416
30,validation,2025-05-05,293.73184865131185,0.6458333333333334,0.75,866.2113680455112,1124.192730737641,78.58425221070229,117.72672520429569
30,validation,2025-05-06,210.37766035108385,0.8194444444444444,0.9513888888888888,929.9858535419322,1227.4824375138835,100.60410167959844,150.29952526674424
30,validation,2025-05-07,136.38684216845346,0.9583333333333334,0.9861111111111112,954.0399582767245,1239.8139250786107,105.42130931114798,150.94115590591673
30,validation,2025-05-08,184.2178703481782,0.8402777777777778,0.9166666666666666,946.0520100751928,1236.458359039609,102.74807326380278,149.13242580008728
30,validation,2025-05-09,155.91792767410382,0.9166666666666666,0.9861111111111112,954.1952592783613,1248.9734075942915,105.24612549401172,154.6923666042169
30,validation,2025-05-10,239.28338276087783,0.7847222222222222,0.9027777777777778,936.3160688762432,1235.3972215068081,105.67784910164028,154.6923666042169
30,validation,2025-05-11,157.0472237842553,0.9097222222222222,0.9791666666666666,960.0030830511328,1252.3474999038526,107.59265253296644,155.67078131662254
30,validation,2025-05-12,213.0416131136036,0.8055555555555556,0.9236111111111112,958.2183646559756,1242.9779186627795,103.55531990858071,149.13242580008728
30,validation,2025-05-13,143.6964057504002,0.9513888888888888,0.9930555555555556,947.9553623773705,1200.8041065803,91.68574336638176,122.36198455682688
30,validation,2025-05-14,137.91619210816043,0.9305555555555556,0.9652777777777778,922.1589641013011,1171.9969928739592,82.65504749759413,111.19756045420218
30,validation,2025-05-15,158.34432497126423,0.875,0.9444444444444444,918.5152571402177,1174.6705972898549,80.39263044858808,111.39008418697904
30,validation,2025-05-16,302.1490211134701,0.5833333333333334,0.7916666666666666,895.9425981569913,1148.5889751682928,65.41721538656338,94.69371876423679
30,validation,2025-05-17,196.51936099069542,0.8125,0.9027777777777778,918.0842046503546,1164.8468973168378,61.961355656279466,88.32364535673469
30,validation,2025-05-18,183.1909666602576,0.8333333333333334,0.9097222222222222,928.6011695664088,1171.6472585191307,63.25932458524221,89.24942589360217
30,validation,2025-05-19,254.23394067286426,0.75,0.8472222222222222,933.7633970090202,1185.9896345768052,62.14957042742299,91.09871770076188
30,validation,2025-05-20,154.6481592689167,0.9236111111111112,0.9722222222222222,933.4592651775007,1185.1083763818342,56.24783931929096,81.62516597413469
30,validation,2025-05-21,193.65831796673558,0.8263888888888888,0.9166666666666666,925.7244689181656,1174.710136095658,51.41799934691562,75.63296641647867
30,validation,2025-05-22,144.14464830391734,0.9027777777777778,0.9583333333333334,939.2028067431274,1192.2677483740126,53.99316003355489,81.86114630562861
30,validation,2025-05-23,129.36555877411354,0.9583333333333334,0.9930555555555556,922.0311692902882,1166.5371387148318,49.2549458854337,73.53420552368334
30,validation,2025-05-24,194.94878200910424,0.8680555555555556,0.9652777777777778,889.3771782201552,1154.1542355401855,37.36649523715323,69.74667290337902
30,validation,2025-05-25,154.1179032514595,0.9027777777777778,0.9791666666666666,868.4639610934132,1122.7662807453332,29.514169807184317,62.908869503497044
30,validation,2025-05-26,228.572166473513,0.7847222222222222,0.8958333333333334,852.1721989950452,1105.8137411985767,23.30299652500935,54.948334487073225
30,validation,2025-05-27,149.37138946008747,0.9097222222222222,0.9513888888888888,832.2586158282851,1068.5626296394419,20.4675168243607,45.22035602111282
30,validation,2025-05-28,214.4648797681336,0.7430555555555556,0.875,810.0390649441266,1061.7491491296314,16.891820763486066,47.03332652600602
30,validation,2025-05-29,174.14793226781728,0.8402777777777778,0.9583333333333334,827.1185350847094,1082.7017161594117,22.900155818537087,54.948334487073225
30,validation,2025-05-30,181.53308077167506,0.75,0.9236111111111112,818.9705063895333,1058.6399751989293,21.162476698521914,47.04310529211125
30,validation,2025-05-31,159.14423502320938,0.8055555555555556,0.8819444444444444,793.7197507254353,1016.20230258371,13.105860992498947,31.09695349672893
30,validation,2025-06-01,547.2520107024266,0.2777777777777778,0.3194444444444444,788.036036108245,1003.8378622821955,10.82138940960158,25.867243540873005
30,validation,2025-06-02,490.81562297410215,0.3194444444444444,0.4861111111111111,860.1725304139239,1194.449721199531,31.73832421846464,83.75622021926847
30,validation,2025-06-03,177.16217910840916,0.8263888888888888,0.9305555555555556,931.8139553722641,1378.0364580323399,54.50777639787816,146.27006962063115
30,validation,2025-06-04,182.58369113851143,0.8333333333333334,0.9722222222222222,938.0364149048387,1415.5087457503776,59.05229749704813,163.8976912526141
30,validation,2025-06-05,238.42875474535154,0.7152777777777778,0.875,944.2940524669256,1405.808102603319,59.05229749704813,155.04235900042863
30,validation,2025-06-06,272.76551929794715,0.7569444444444444,0.9166666666666666,985.0603129552076,1468.7592908250679,72.8221978894735,179.1740650554293
30,validation,2025-06-07,221.82510617912092,0.8263888888888888,0.9444444444444444,1044.1714021802625,1522.8295551130736,89.61957115033601,193.0386126100011
30,validation,2025-06-08,437.1523796902484,0.4166666666666667,0.6180555555555556,1053.5615021615556,1548.002027326038,95.05117515787197,201.8922143449645
30,validation,2025-06-09,217.85993146576573,0.8680555555555556,0.9861111111111112,1218.893679800488,1755.3854764493399,154.10004361874417,273.47121830805054
30,validation,2025-06-10,156.03083514031536,0.9583333333333334,1.0,1222.1727302293561,1743.233931207632,156.9073903125593,270.0519230022155
30,validation,2025-06-11,226.44298367948102,0.9236111111111112,0.9791666666666666,1236.4307340138835,1745.325969840178,162.04484051379768,270.0519230022155
30,validation,2025-06-12,150.935711830292,0.9652777777777778,0.9930555555555556,1242.028408493974,1733.1279076547632,155.0744159245114,258.9192248105255
30,validation,2025-06-13,192.62391110400506,0.9444444444444444,0.9930555555555556,1236.4049357846493,1729.0693996359623,152.18441505830697,256.98053317479344
30,validation,2025-06-14,191.01885422196182,0.8888888888888888,0.9722222222222222,1199.872330916081,1667.4592987004717,146.58304984050574,251.6375347625417
30,validation,2025-06-15,151.23121043479713,0.9722222222222222,1.0,1209.750923751724,1666.4903238581635,154.57641993131483,252.75300494364546
30,validation,2025-06-16,150.31912713755173,0.9444444444444444,0.9722222222222222,1077.0391511655178,1448.5534885386478,92.45901469650835,148.9382693932448
30,validation,2025-06-17,177.18621480437346,0.8958333333333334,0.9652777777777778,963.5012547797804,1290.607794747887,49.37975337712851,86.82605645798276
30,validation,2025-06-18,224.30928820422307,0.7361111111111112,0.8472222222222222,950.223916299723,1269.347916266315,44.52902799055437,75.56921640271912
30,validation,2025-06-19,250.27159442986016,0.7777777777777778,0.875,970.4088914308533,1312.8816643443715,50.00101390731743,90.96489391009027
30,validation,2025-06-20,241.7805593436047,0.7152777777777778,0.8819444444444444,963.7020310380548,1305.3131934862572,44.52902799055437,81.00088315761695
30,validation,2025-06-21,338.34499917085276,0.6388888888888888,0.7708333333333334,976.9705414495907,1313.6338714720803,41.966335332364906,77.80440460216141
30,validation,2025-06-22,197.2676919169346,0.8402777777777778,0.9375,1013.435011872242,1378.8839994724294,55.55646979129551,100.44032235966165
30,validation,2025-06-23,246.02055663448533,0.6736111111111112,0.8194444444444444,943.7328503860094,1281.0072839390632,18.69291331865952,49.75522368964448
30,validation,2025-06-24,243.14438113730543,0.7569444444444444,0.8888888888888888,972.0203574675319,1300.1263710244039,26.604107871046835,60.25118049819457
30,validation,2025-06-25,217.27631152815505,0.7569444444444444,0.9097222222222222,1008.2003867890219,1322.8836027714885,37.386975327898654,69.14887880141487
30,validation,2025-06-26,191.98927619216576,0.9027777777777778,0.9583333333333334,1013.9867018284135,1334.3011182053328,39.049704528506936,72.57191380855124
30,validation,2025-06-27,235.63624297627342,0.7430555555555556,0.9027777777777778,1020.1073473188421,1335.1534047339057,39.049704528506936,73.17861064371436
30,validation,2025-06-28,215.35925788696872,0.8194444444444444,0.9166666666666666,1043.9586165690228,1350.893689518819,47.19119281448093,78.66384699542823
30,validation,2025-06-29,190.1821249494513,0.9027777777777778,0.9583333333333334,1051.0533182125218,1359.2803509680004,47.19119281448093,77.23939855442586
30,validation,2025-06-30,181.99747640069853,0.8541666666666666,0.9305555555555556,985.5789025283261,1309.923598649435,46.49808991400778,77.23939855442586
30,validation,2025-07-01,293.27867043188104,0.5833333333333334,0.6736111111111112,947.8000908211757,1240.3298459104835,48.702328956326255,80.90152578349625
30,validation,2025-07-02,469.44727010950584,0.3055555555555556,0.5277777777777778,1010.4673518951245,1345.410278559978,72.06577494568774,113.92780521376403
30,validation,2025-07-03,185.89529794369616,0.8888888888888888,0.9513888888888888,1137.4930821992652,1513.1985621212687,114.91585502122439,161.62976275730352
30,validation,2025-07-04,246.66380155484129,0.8333333333333334,0.9305555555555556,1129.5936099231533,1481.767372825345,113.21270950181156,151.63508948911476
30,validation,2025-07-05,209.26437736913647,0.8680555555555556,0.9375,1118.6727471840793,1476.3688711938694,108.45070388792419,153.01749340447304
30,validation,2025-07-06,205.5751295274639,0.8888888888888888,0.9513888888888888,1057.7591751844413,1433.1298697901632,88.75790838156354,135.72073235986494
30,validation,2025-07-07,322.3326272065966,0.5763888888888888,0.7291666666666666,1021.2151078722397,1398.7703031335202,86.20842595425404,141.2405038100751
30,validation,2025-07-08,271.88937577526315,0.7361111111111112,0.8888888888888888,1061.9475897966925,1464.9953295830278,102.64836087199001,169.36863698157958
30,validation,2025-07-09,184.4492892029151,0.9236111111111112,0.9722222222222222,1093.1153608951295,1506.5562005474376,111.0641373398887,180.7179483732134
30,validation,2025-07-10,198.52256399895643,0.8333333333333334,0.9722222222222222,1059.2618818377478,1474.403442003468,103.86143678340068,180.7179483732134
30,validation,2025-07-11,253.59451914985888,0.8055555555555556,0.9305555555555556,1086.0205604849912,1479.2086911421075,112.35974639955202,180.35382372943786
30,validation,2025-07-12,155.82729518727922,0.9583333333333334,1.0,1100.6983429587867,1492.577749096864,115.48563398926763,183.58906966808445
30,validation,2025-07-13,227.07800417979354,0.8680555555555556,0.9444444444444444,1085.7728897452878,1479.489969310026,108.45070388792419,177.95454813369588
30,validation,2025-07-14,189.20180789998864,0.9375,0.9861111111111112,1114.2403321367335,1499.3250469294014,115.22019280887935,180.95310416847062
30,validation,2025-07-15,260.9061635345781,0.8194444444444444,0.8888888888888888,1112.7836866463958,1496.412968486042,112.35974639955202,178.26343232795534
30,validation,2025-07-16,207.24788485172772,0.8819444444444444,0.9305555555555556,1096.3519034272297,1454.6427491759832,98.06650815016383,151.2968620886104
30,validation,2025-07-17,172.99791630347175,0.8541666666666666,0.9652777777777778,1017.8491127841213,1349.6685643483422,56.81915069088245,96.11593162019028
30,validation,2025-07-18,270.4149670558553,0.7638888888888888,0.8472222222222222,1019.8581104891354,1336.2701835900268,57.605062596283005,91.38499153981047
30,validation,2025-07-19,173.13669137939416,0.8958333333333334,0.9861111111111112,1038.3743948319814,1371.1297037731104,60.769758217155186,98.28764573276294
30,validation,2025-07-20,175.51927350822297,0.8125,0.9513888888888888,1006.9665814166718,1334.4003464624827,52.27375823060174,89.43654185284277
30,validation,2025-07-21,185.93945504483702,0.8611111111111112,0.9791666666666666,1016.8537888089821,1330.2059373935817,56.04708372957475,86.29559106689794
30,validation,2025-07-22,188.55237105053266,0.8472222222222222,0.9375,952.3122995656328,1247.8736018325512,23.644489963832257,46.642149097575384
30,validation,2025-07-23,170.64121739118005,0.8194444444444444,0.9444444444444444,900.6838254884232,1209.349579279894,9.090360747083196,39.53269285773922
30,validation,2025-07-24,203.26200541911652,0.7708333333333334,0.8958333333333334,903.6450425520419,1198.9735341696567,13.31602712388758,39.06824146645977
30,validation,2025-07-25,167.35286702885116,0.8125,0.9097222222222222,911.2325059438275,1196.6378322006556,13.782601099024305,37.40696284231845
30,validation,2025-07-26,177.44611096566703,0.8402777777777778,0.9166666666666666,895.0413834177248,1185.3008328092728,7.7557292508518,34.522005759041804
30,validation,2025-07-27,180.64435927845955,0.8333333333333334,0.9097222222222222,886.7780509271771,1184.5666897677702,8.709776159660578,37.211600149050355
30,validation,2025-07-28,215.6073340074894,0.75,0.8819444444444444,882.4726120500841,1179.8984917693567,5.650231038650418,34.522005759041804
30,validation,2025-07-29,212.6134725633768,0.7916666666666666,0.9027777777777778,908.6322203736913,1198.7190890240636,13.782601099024305,39.371424589091475
30,validation,2025-07-30,175.3095388288803,0.8472222222222222,0.9166666666666666,884.9960472341196,1160.5564531129228,9.260207932647063,34.76878429257522
30,validation,2025-07-31,160.9575744493394,0.8194444444444444,0.9166666666666666,849.1865363232228,1110.4637225563727,6.450840482245894,33.94549363595843
30,validation,2025-08-01,323.07999831830284,0.4722222222222222,0.6666666666666666,845.8416395644731,1098.4047400772738,5.668988770987198,29.951521113413946
30,validation,2025-08-02,197.7933253094359,0.8125,0.9166666666666666,891.0212447848337,1140.7991556499592,20.433787171723452,40.54777930528053
30,validation,2025-08-03,319.6841172286351,0.6597222222222222,0.7638888888888888,895.4906372460717,1143.0480531744417,23.949922103217432,42.41250211784063
30,validation,2025-08-04,141.3953387976922,0.9027777777777778,0.9722222222222222,929.9056883835328,1187.3692909213958,31.207810836643148,53.2910336675277
30,validation,2025-08-05,187.35694396037078,0.8055555555555556,0.9097222222222222,893.6742261720385,1156.7400227854846,27.103405962363468,53.23173390577995
30,validation,2025-08-06,196.52867389590824,0.7777777777777778,0.8611111111111112,883.2924146914752,1139.281431236184,30.68616665540594,55.407285615540786
30,validation,2025-08-07,247.50161299921376,0.6944444444444444,0.875,895.1038356073101,1168.8530375511898,35.2677264519516,68.37633523051954
30,validation,2025-08-08,224.94796848869038,0.7847222222222222,0.8888888888888888,920.9897721712753,1176.7218683453013,42.28951316040366,73.4472060075409
30,validation,2025-08-09,167.15409425425887,0.875,0.9722222222222222,917.4027504350355,1187.5658069144038,46.49614835946977,81.85155790042063
30,validation,2025-08-10,178.71519939521,0.8819444444444444,0.9791666666666666,923.1184165919162,1181.4280707104647,46.49614835946977,77.56611079124878
30,validation,2025-08-11,189.28940210339064,0.8194444444444444,0.9305555555555556,907.8503510409759,1155.3253254668077,44.39126440645941,70.28229745071667
30,validation,2025-08-12,194.4763145069912,0.7986111111111112,0.9236111111111112,910.7702529677816,1151.3464693012866,43.63851485501482,68.27525692534891
30,validation,2025-08-13,172.45498581813126,0.8333333333333334,0.9027777777777778,907.6406625925378,1144.1365971393113,44.88964751363255,67.27752830805537
30,validation,2025-08-14,191.98230769418447,0.7708333333333334,0.8611111111111112,907.4389693327959,1145.3472170771392,47.94818264350306,70.28229745071667
30,validation,2025-08-15,168.11635469238485,0.8888888888888888,0.9791666666666666,927.3540228867067,1154.7148841863427,55.7249966798754,74.228968591691
30,validation,2025-08-16,181.4093318988834,0.8194444444444444,0.8958333333333334,853.3438611734547,1085.9873861899036,30.917758323869748,50.70431268854145
30,validation,2025-08-17,208.4251545585006,0.7222222222222222,0.8125,857.8920164965833,1088.3812651540798,31.50798511028188,52.15070793724317
30,validation,2025-08-18,175.27431120927807,0.8333333333333334,0.9027777777777778,854.9008113594296,1087.0164837319812,27.764147256844808,49.88314379924941
30,validation,2025-08-19,157.420314390318,0.8333333333333334,0.9236111111111112,855.8062560133601,1096.7518982812896,31.50798511028188,55.268769641387735
30,validation,2025-08-20,362.8230159235604,0.5555555555555556,0.6666666666666666,852.9617783587046,1092.5748962345901,30.79182437977488,54.668293332501435
30,validation,2025-08-21,155.45406342901924,0.9375,0.9791666666666666,913.9865783054985,1170.337721268661,46.527559938162085,72.36438322691765
30,validation,2025-08-22,198.25469320448505,0.7430555555555556,0.8888888888888888,873.5473313639939,1134.293892753155,30.79182437977488,60.38567267770759
30,validation,2025-08-23,167.35939775627685,0.8402777777777778,0.9444444444444444,885.2654402652655,1142.3934839414023,31.50798511028188,60.27855211893939
30,validation,2025-08-24,230.2864944131218,0.6736111111111112,0.8472222222222222,887.5393075420412,1143.3924574064908,32.05106571034139,61.13492828903691
30,validation,2025-08-25,275.0147976590776,0.7152777777777778,0.8194444444444444,927.0271227090119,1174.7349940601011,46.7229928629622,72.75740748042836
30,validation,2025-08-26,167.66401508615266,0.8819444444444444,0.9513888888888888,958.87083429806,1206.981299940582,56.81565654208134,84.00492561886495
30,validation,2025-08-27,192.23554936540506,0.8541666666666666,0.9444444444444444,936.3892903334976,1195.5570020077798,51.082746967486855,82.20478488000481
30,validation,2025-08-28,270.7551232297988,0.7569444444444444,0.8611111111111112,941.6430516595841,1200.83221862225,49.39167838492358,81.62134265159602
30,validation,2025-08-29,187.93000373236717,0.7847222222222222,0.8958333333333334,955.0236126573966,1218.268717497191,50.11462679943088,82.20245087530657
30,validation,2025-08-30,213.38779803340492,0.8194444444444444,0.9166666666666666,944.0770136696735,1216.9925414212387,56.52438397989101,92.44062481528726
30,validation,2025-08-31,169.45175856067056,0.8888888888888888,0.9444444444444444,951.6617464980912,1229.155949952591,58.31178275628645,95.44729747879319
30,holdout,2025-09-01,353.89218830675895,0.4861111111111111,0.5972222222222222,911.3153461658642,1181.7464364707967,50.11462679943088,86.40180691017758
30,holdout,2025-09-02,212.8250777377167,0.7638888888888888,0.8819444444444444,982.4299593334672,1281.2024109749334,74.82791538225865,121.88469031095065
30,holdout,2025-09-03,148.5108035970007,0.9375,0.9930555555555556,1000.7330966959186,1306.0480637161918,84.1286117870431,131.7443149017381
30,holdout,2025-09-04,184.08255427508234,0.8472222222222222,0.9375,943.3363492502956,1238.9824789389252,60.58555161615914,103.81673865440325
30,holdout,2025-09-05,231.0299835444634,0.7986111111111112,0.8958333333333334,942.2819656107929,1230.5995438357195,66.99644473859337,108.3784795319034
30,holdout,2025-09-06,441.05645956243603,0.3541666666666667,0.4861111111111111,938.2267577628811,1232.023381454082,63.985069718083196,112.37148042382887
30,holdout,2025-09-07,150.66329714823846,0.9166666666666666,0.9930555555555556,1053.9367757535451,1438.5119668916736,105.4687780019517,177.48345387451536
30,holdout,2025-09-08,243.20787586394988,0.7291666666666666,0.9236111111111112,1031.4403611149942,1421.5809265721555,95.20217428235571,170.6457523783156
30,holdout,2025-09-09,196.91578785715885,0.9166666666666666,0.9652777777777778,1040.0314979179961,1422.336624232531,96.86533503651799,166.4539483993799
30,holdout,2025-09-10,229.20545456571543,0.875,0.9375,1045.2125197902433,1427.7046423025065,97.35716285035187,166.6044268259866
30,holdout,2025-09-11,181.80250645967095,0.8472222222222222,0.9722222222222222,1050.3316015824284,1454.1559165484477,97.89144095707263,172.38916357374183
30,holdout,2025-09-12,148.84307576105388,0.9652777777777778,0.9930555555555556,1046.5729323829373,1435.174737106334,95.20217428235571,161.55557358731517
30,holdout,2025-09-13,174.354292987412,0.9027777777777778,0.9652777777777778,1020.256996957713,1422.1077613673235,83.9807870245013,157.39644388885972
30,holdout,2025-09-14,219.95912863241819,0.8125,0.9166666666666666,1002.8782126980661,1394.5734956837478,79.29920673393008,147.91265504854982
30,holdout,2025-09-15,160.61860883381615,0.9166666666666666,0.9930555555555556,1028.6143526508338,1431.2267004654568,87.92472784030724,159.5802425238412
30,holdout,2025-09-16,160.95509626512063,0.8611111111111112,0.9652777777777778,969.0231566309199,1323.0174837585234,58.33937591519043,106.19545161602491
30,holdout,2025-09-17,193.87976539653755,0.875,0.9444444444444444,951.8903520434105,1288.7077312552185,48.085727587128076,87.76788777422962
30,holdout,2025-09-18,152.57833913595076,0.9513888888888888,0.9861111111111112,938.2808260492109,1274.8058515424423,49.88700881195882,89.984727499585
30,holdout,2025-09-19,198.4742283654346,0.8611111111111112,0.9027777777777778,918.8537786077504,1250.0770441758852,43.201156314336004,82.15640819619648
30,holdout,2025-09-20,163.91518582925085,0.8541666666666666,0.9513888888888888,910.8950095577158,1252.9475655394465,39.83073792331743,82.11530865125269
30,holdout,2025-09-21,213.79329201576013,0.7847222222222222,0.9097222222222222,836.9798847953151,1130.775449502498,3.2665587609235445,21.2053511862714
30,holdout,2025-09-22,168.95935924434042,0.7430555555555556,0.8472222222222222,845.2231240964301,1131.0850281121525,6.620844449396827,21.761385610012894
30,holdout,2025-09-23,155.7628699614024,0.8125,0.9305555555555556,816.9751492531739,1095.4764090045355,0.0,13.774611741617719
30,holdout,2025-09-24,151.9817801056401,0.8125,0.9375,816.6984792168174,1098.5052350495057,0.0,13.307792685875711
30,holdout,2025-09-25,136.93671429429904,0.875,0.9236111111111112,817.1601582630844,1084.5057429419378,0.0,7.791912691919833
30,holdout,2025-09-26,157.98509392621952,0.8611111111111112,0.9652777777777778,804.8020845536986,1054.6297718622504,0.0,0.028659651971338462
30,holdout,2025-09-27,186.88221343098596,0.7291666666666666,0.9027777777777778,804.4971993630736,1053.1311765630016,0.0,0.0
30,holdout,2025-09-28,131.0812763676607,0.9097222222222222,0.9513888888888888,799.6839477668441,1043.238107654157,0.0,0.0
30,holdout,2025-09-29,123.20055978310978,0.9305555555555556,0.9722222222222222,794.7218932296398,1038.8430677483213,0.0,0.0
30,holdout,2025-09-30,145.7643483907504,0.8541666666666666,0.9236111111111112,747.5142139969362,967.6268439135921,0.0,0.0
30,holdout,2025-10-01,426.2125039774198,0.4097222222222222,0.6111111111111112,740.42705674581,956.9933643127549,0.0,0.0
30,holdout,2025-10-02,535.6996487927378,0.22916666666666666,0.3958333333333333,783.521936167128,1019.2780932853843,0.0,5.972985836735461
30,holdout,2025-10-03,209.54422735610277,0.8819444444444444,0.9791666666666666,927.6605204933837,1245.1751043015388,34.84578378079823,78.22000959050183
30,holdout,2025-10-04,121.76215857003773,0.9236111111111112,0.9861111111111112,899.7265207681207,1214.857090030016,32.36587698373751,68.56528512789646
30,holdout,2025-10-05,142.3050400066442,0.9236111111111112,0.9930555555555556,844.739581330294,1129.8223351305974,28.36962304721237,62.03843968579622
30,holdout,2025-10-06,111.46570601593626,0.9583333333333334,0.9722222222222222,832.1322124126425,1098.861767752297,22.45381526472829,47.97009224573321
30,holdout,2025-10-07,115.91057531065985,0.9375,0.9791666666666666,795.3196677102377,1053.7360573173362,13.217191385051592,36.655189648851774
30,holdout,2025-10-08,266.4460549336636,0.5902777777777778,0.7083333333333334,767.3297076337378,1032.3444900484187,8.157449779914714,29.35752355607565
30,holdout,2025-10-09,156.87634937514588,0.8125,0.9513888888888888,791.3149477757706,1121.7996582969276,20.656517400220764,68.5631449323223
30,holdout,2025-10-10,184.32280879673638,0.8125,0.9791666666666666,794.9051045564269,1120.4411696777076,25.068784657593824,68.5631449323223
30,holdout,2025-10-11,144.7639094151205,0.8819444444444444,0.9722222222222222,816.2522812067921,1122.589252005925,29.65830848310725,68.5631449323223
30,holdout,2025-10-12,149.64213136646492,0.8611111111111112,0.9305555555555556,797.7235913797499,1108.755963384004,24.615347789877433,64.56992869474743
30,holdout,2025-10-13,129.69112070551733,0.9652777777777778,0.9930555555555556,794.3466844789441,1108.8410578043033,28.179677466985595,71.3792273061872
30,holdout,2025-10-14,171.97677944279275,0.7361111111111112,0.8888888888888888,781.1778312006617,1095.2014300998671,27.96514453115924,68.56528512789646
30,holdout,2025-10-15,160.0162750582941,0.8680555555555556,0.9375,804.4138705831924,1124.595859379402,35.5455335645222,81.27070568025283
30,holdout,2025-10-16,209.70843440595672,0.7083333333333334,0.8055555555555556,755.5372082510302,1044.9157211693391,14.079532769536854,41.733753255011834
30,holdout,2025-10-17,139.33186022585238,0.8194444444444444,0.9375,738.183580128969,982.5340478554169,0.0,6.384014764234962
30,holdout,2025-10-18,118.48676649491114,0.9236111111111112,0.9652777777777778,731.6738043577726,972.9203358018555,0.0,7.467489731770229
30,holdout,2025-10-19,146.82122130602016,0.7708333333333334,0.9027777777777778,720.640463457545,960.7388538685656,0.0,7.467489731770229
30,holdout,2025-10-20,146.05579273968934,0.8402777777777778,0.8888888888888888,712.5392203904188,958.8787427028284,0.0,13.804779600465508
30,holdout,2025-10-21,145.6847250473134,0.8263888888888888,0.9097222222222222,710.3937925936261,962.7494614433864,0.0,19.48051613982443
30,holdout,2025-10-22,158.71501520493126,0.7986111111111112,0.875,717.3015816589905,967.9420982483393,5.019938996372275,23.13419745413944
30,holdout,2025-10-23,136.7400200443354,0.8888888888888888,0.9583333333333334,707.0142123818221,945.1568371261066,0.0,9.578573038183094
30,holdout,2025-10-24,142.4909170228549,0.8958333333333334,0.9375,710.2893603163429,936.173481437308,0.0,6.384014764234962
30,holdout,2025-10-25,128.61834379837677,0.8333333333333334,0.8958333333333334,704.4972469791396,928.1349640043308,0.0,6.384014764234962
30,holdout,2025-10-26,98.35874441936406,0.875,0.9375,689.2547718269857,924.4676598270182,0.0,8.161209592693012
30,holdout,2025-10-27,163.68113640413074,0.7569444444444444,0.8958333333333334,682.8894835824167,920.6040079757643,0.0,7.063642123942373
30,holdout,2025-10-28,104.36081005796687,0.9375,0.9652777777777778,690.0951140395865,936.4294797843953,0.0,14.083618026792237
30,holdout,2025-10-29,145.8053242588934,0.7986111111111112,0.9027777777777778,675.4452510944731,903.1372980996744,0.0,0.0
30,holdout,2025-10-30,115.70440623958262,0.8125,0.9166666666666666,642.6364884835293,817.93134882976,0.0,0.0
30,holdout,2025-10-31,119.18745023213154,0.8611111111111112,0.9166666666666666,603.1436744230077,751.5776369438034,0.0,0.0
30,holdout,2025-11-01,103.08417812142174,0.7847222222222222,0.875,584.1992649485045,728.3610306283811,0.0,0.0
30,holdout,2025-11-02,98.46724685007138,0.8680555555555556,0.9513888888888888,582.3046733481671,727.7119505855533,0.0,0.0
30,holdout,2025-11-03,140.37373879912937,0.6944444444444444,0.8333333333333334,575.4190239143411,723.564057421699,0.0,0.0
30,holdout,2025-11-04,119.11249540313503,0.8194444444444444,0.9166666666666666,583.7889535128577,728.9035971965053,0.0,0.0
30,holdout,2025-11-05,104.76897128236797,0.8541666666666666,0.8888888888888888,588.6600611546754,728.7720513173123,0.0,0.0
30,holdout,2025-11-06,239.37390939783654,0.4444444444444444,0.5347222222222222,572.2813369938275,707.2147665261809,0.0,0.0
30,holdout,2025-11-07,166.85943390664846,0.6388888888888888,0.8194444444444444,580.9001002385398,756.0192255069024,0.0,18.99420586427459
30,holdout,2025-11-08,115.72576972482835,0.7777777777777778,0.8819444444444444,597.5166201811351,772.0159697967233,9.245697720642056,28.161907899019297
30,holdout,2025-11-09,117.58223782391516,0.8194444444444444,0.9305555555555556,597.8164990235837,771.5699323598112,11.284028747778848,29.97342435079281
30,holdout,2025-11-10,112.28442978598481,0.875,0.9444444444444444,602.9277597603727,771.7821284162485,13.301307863949205,30.694613717284028
30,holdout,2025-11-11,94.0981498399781,0.8680555555555556,0.9652777777777778,585.5041748967495,765.4888048975844,9.543187587378725,29.907248391858957
30,holdout,2025-11-12,112.94906451725875,0.8194444444444444,0.9236111111111112,584.1399141363624,755.9911967234756,13.21183515917437,29.907248391858957
30,holdout,2025-11-13,128.71582713580926,0.7777777777777778,0.9027777777777778,581.5907729306097,747.4367981887696,13.21183515917437,29.120022252138824
30,holdout,2025-11-14,103.59947835391502,0.8611111111111112,0.9166666666666666,577.5325159461341,741.4546264328877,17.49601698866445,32.34640914374586
30,holdout,2025-11-15,110.19695638635659,0.8263888888888888,0.9166666666666666,570.29895577013,738.7730470680508,17.554146556757132,33.32216502700021
30,holdout,2025-11-16,121.4006881227767,0.7708333333333334,0.8888888888888888,567.0146542561973,737.5723838548193,17.49601698866445,33.79917723434346
30,holdout,2025-11-17,105.07732572099872,0.8402777777777778,0.9444444444444444,572.1324891617728,736.1492914713937,21.84660263256319,36.84287979358851
30,holdout,2025-11-18,161.92110664792563,0.625,0.7986111111111112,560.8351976147925,726.4277838453886,19.762963238974407,34.61835147792317
30,holdout,2025-11-19,86.87190183915328,0.9027777777777778,0.9791666666666666,578.1176911673281,755.0332166792742,25.32237300906354,43.0774833372443
30,holdout,2025-11-20,137.12544455012434,0.7708333333333334,0.9236111111111112,561.5302276868139,736.9959990381809,24.721317198867837,41.91376948487641
30,holdout,2025-11-21,113.64674849209321,0.7847222222222222,0.8888888888888888,550.6787934377579,699.6074310766564,17.49601698866445,25.617455622830846
30,holdout,2025-11-22,89.84206669351296,0.8611111111111112,0.9444444444444444,531.4335715551512,682.2082955460396,12.696101188365446,22.2376416589168
30,holdout,2025-11-23,131.3998582955902,0.7291666666666666,0.8819444444444444,518.9070611155734,663.5860119714679,9.850536061328967,17.105970732507103
30,holdout,2025-11-24,133.9410285685322,0.7916666666666666,0.875,534.3460250288767,673.539170515175,13.086197069598256,18.45714179828201
30,holdout,2025-11-25,88.26137900531326,0.8611111111111112,0.9513888888888888,539.059499898343,678.3344944180376,17.75144955482392,23.295290908356037
30,holdout,2025-11-26,99.46758032580398,0.8541666666666666,0.9444444444444444,538.591671194613,678.688399786084,18.515443587180016,24.307456371979697
30,holdout,2025-11-27,109.31638848046667,0.8333333333333334,0.9097222222222222,528.6712550554489,666.7268987579246,16.499649922610843,20.59211138237015
30,holdout,2025-11-28,103.30477863165626,0.7847222222222222,0.9097222222222222,519.496493866591,657.0421094264248,14.342152345459453,19.23101833235023
30,holdout,2025-11-29,149.6172606497745,0.6875,0.7847222222222222,524.4679917857377,657.9331676546099,17.909108144121547,19.852073551837748
30,holdout,2025-11-30,91.85795042766948,0.8888888888888888,0.9652777777777778,540.5998652280317,673.5520367237481,21.860945779246777,25.54444418084404
30,holdout,2025-12-01,260.6443871802005,0.4583333333333333,0.5555555555555556,534.3347110460891,665.1493557699736,19.176963753046948,21.46763098122392
30,holdout,2025-12-02,190.2274179455357,0.6111111111111112,0.7152777777777778,566.4135375332448,730.9400657394256,30.192357431907112,42.310379291559
30,holdout,2025-12-03,141.83105949255412,0.7361111111111112,0.9097222222222222,578.7221816632209,762.6953837664155,32.06083333812603,52.60853118383875
30,holdout,2025-12-04,128.19988300385896,0.7777777777777778,0.8611111111111112,595.1087924988299,779.7629711310308,37.47498116576844,58.78513313129815
30,holdout,2025-12-05,128.17034210060243,0.75,0.8958333333333334,579.8412633705346,774.8881143520674,38.0382715202154,65.61702719740924
30,holdout,2025-12-06,116.57239725261735,0.8263888888888888,0.9166666666666666,578.1415199381462,770.16048011541,40.22025114072767,71.7348289600809
30,holdout,2025-12-07,109.13481295955373,0.8611111111111112,0.9444444444444444,585.8324883131149,780.4427580136427,44.549080798627074,76.51217345352961
30,holdout,2025-12-08,428.5216278555705,0.3333333333333333,0.4513888888888889,580.3015374053771,777.7242951771944,42.45783442941911,76.44411579325606
30,holdout,2025-12-09,138.53072670593656,0.8472222222222222,0.9375,648.7673490884031,914.658398540507,65.23539136872114,123.90091135154353
30,holdout,2025-12-10,122.96593428081562,0.9166666666666666,0.9791666666666666,665.8415244463326,940.6178519956878,70.51304605874884,133.08418282121602
30,holdout,2025-12-11,159.37663810961737,0.7569444444444444,0.9027777777777778,670.7171132715642,944.497758515427,71.46244076928087,134.89549477117453
30,holdout,2025-12-12,127.48661854212436,0.8888888888888888,0.9722222222222222,700.3406438975427,967.0510823310537,83.94687270898385,141.16505802822076
30,holdout,2025-12-13,142.21965056528924,0.8402777777777778,0.9375,706.7003578572007,974.7655389914281,84.34880159849536,142.99203644904537
30,holdout,2025-12-14,90.23593433742215,0.9722222222222222,0.9930555555555556,709.734343698065,986.6063817208719,84.08082685578574,144.95298303561958
30,holdout,2025-12-15,106.93924472394896,0.9375,0.9861111111111112,706.3683852031232,982.2603293346533,84.189135030937,143.74813865901615
30,holdout,2025-12-16,106.2620715084614,0.9375,0.9791666666666666,658.0859018034522,904.6241718954667,60.71869030293601,104.60785606519403
30,holdout,2025-12-17,134.75731566506326,0.8541666666666666,0.9583333333333334,630.0472824083689,853.0834038663463,50.08574248100331,84.96942801344676
30,holdout,2025-12-18,129.23710645561232,0.8680555555555556,0.9375,631.2874356612391,855.9019078783003,46.60012902830749,83.64198577024308
30,holdout,2025-12-19,119.44503272838772,0.8472222222222222,0.9444444444444444,623.1919854972366,851.4608353313301,42.70475935514378,81.50156174317272
30,holdout,2025-12-20,105.282301318893,0.9097222222222222,0.9722222222222222,617.0964732388729,842.4222307497607,38.99377678417659,76.44411579325606
30,holdout,2025-12-21,122.96319444173388,0.8680555555555556,0.9375,610.1634750570696,839.9009399971969,34.962471666336114,74.04839637853365
30,holdout,2025-12-22,99.8004027454066,0.9097222222222222,0.9861111111111112,605.4296535808041,840.62604308509,34.49694082983751,74.04839637853365
30,holdout,2025-12-23,121.38353395929961,0.7916666666666666,0.8888888888888888,560.264805891767,724.7254983927936,13.651363693114945,19.284221770901695
30,holdout,2025-12-24,120.1288590942649,0.8472222222222222,0.9027777777777778,563.7331121668389,725.9039851140765,13.047708886108921,17.492328120688853
30,holdout,2025-12-25,105.23198700063308,0.8333333333333334,0.9305555555555556,560.6270805196008,737.4162819357906,11.850214904948189,21.011543800350864
30,holdout,2025-12-26,109.90250542952205,0.8611111111111112,0.9444444444444444,546.9787884372023,706.1114337276887,5.1164850869108705,5.19959248874693
30,holdout,2025-12-27,109.41579690845681,0.7569444444444444,0.875,537.0585043791802,701.5066897611925,0.5933551807579533,3.101581520068976
30,holdout,2025-12-28,115.47914745518655,0.8333333333333334,0.8888888888888888,530.0470630536302,691.1035938212605,0.0,0.0
30,holdout,2025-12-29,99.64464155699315,0.8541666666666666,0.9027777777777778,534.8949563199571,701.0377741551787,0.616033321980467,2.0357193088361782
30,holdout,2025-12-30,152.00757560001932,0.6805555555555556,0.8263888888888888,513.4086003379977,653.0935393296661,0.0,2.0357193088361782
30,holdout,2025-12-31,100.02461645962381,0.8541666666666666,0.9027777777777778,519.9474503110433,654.2645045154961,5.143916709632322,6.490232526834916
60,validation,2025-02-01,142.77931458869529,0.8402777777777778,0.9652777777777778,747.7878242092336,986.5630722898366,72.31935886776,130.02940308466395
60,validation,2025-02-02,114.47705339592615,0.8958333333333334,0.9791666666666666,732.4365899943016,949.7871771595425,64.8545538089611,112.08389683228324
60,validation,2025-02-03,120.88486839438298,0.9027777777777778,0.9652777777777778,705.9936022962701,923.5197008788564,53.97633220293574,101.43624829242299
60,validation,2025-02-04,133.68995538546582,0.8263888888888888,0.9513888888888888,699.0565755891663,916.412924633646,53.67789982125851,99.50357515634005
60,validation,2025-02-05,144.4060367508099,0.8680555555555556,0.9236111111111112,684.6150064866861,885.9330779328492,47.8779729972448,84.542825443953
60,validation,2025-02-06,115.17589857464958,0.875,0.9513888888888888,680.6502751950501,883.3619618582889,45.92316887958259,81.46081262547841
60,validation,2025-02-07,162.62145779102903,0.7847222222222222,0.8819444444444444,644.0602422176825,847.6232926849586,29.619562127049903,64.3059903159915
60,validation,2025-02-08,125.38693209504906,0.8680555555555556,0.9583333333333334,642.5378851199756,841.6959417435248,25.978088836214738,57.120442814755734
60,validation,2025-02-09,159.45303893966005,0.7847222222222222,0.8958333333333334,622.6853067615797,803.817789960694,16.73568828095995,39.51274503746845
60,validation,2025-02-10,153.89250178311374,0.7916666666666666,0.9097222222222222,622.3318380349642,805.6093602082678,15.224227779915964,38.53024054210209
60,validation,2025-02-11,124.00295006787984,0.8611111111111112,0.9513888888888888,625.2522525715283,813.2534628105601,15.888283329206047,40.9582696100847
60,validation,2025-02-12,106.09374107869995,0.8819444444444444,0.9652777777777778,609.8150850734598,795.0225156778373,9.785733125102638,33.02365925740378
60,validation,2025-02-13,171.07878530058068,0.6458333333333334,0.7777777777777778,592.6407590116601,776.5269536117953,5.607644940925638,27.854282833518482
60,validation,2025-02-14,127.35867536203114,0.8263888888888888,0.9375,609.8320491396732,797.3880002560319,14.336517632645155,38.82798635399013
60,validation,2025-02-15,113.22087622017027,0.8472222222222222,0.9444444444444444,607.1676018032907,793.6575565192948,13.221801630891605,36.99839119534681
60,validation,2025-02-16,139.74185498252837,0.7777777777777778,0.8958333333333334,593.8440963818593,781.4863599332111,6.6826378257251235,30.93928659064659
60,validation,2025-02-17,119.34854676445337,0.7986111111111112,0.9375,597.8166254968423,783.5913040816185,6.737988335992668,30.744905990562984
60,validation,2025-02-18,111.41654768833372,0.875,0.9652777777777778,600.4544419929573,780.8668030290797,7.239556691175494,29.253040440472432
60,validation,2025-02-19,129.8205618869999,0.7638888888888888,0.8819444444444444,577.3719131978486,756.4483212823525,2.1550600761997885,23.051528167085507
60,validation,2025-02-20,113.23581898067383,0.8472222222222222,0.9236111111111112,585.2953520629521,758.4854810521623,4.640519275383667,23.051528167085507
60,validation,2025-02-21,100.93833404182394,0.8263888888888888,0.9236111111111112,561.4133698224682,730.1442308659435,4.640519275383667,22.196970764487105
60,validation,2025-02-22,116.54076938020788,0.7847222222222222,0.9097222222222222,549.8416642464474,714.1564307746014,0.6445423539771582,17.50523749128206
60,validation,2025-02-23,122.32426962040628,0.7986111111111112,0.8680555555555556,544.4841261668739,699.3468188234488,2.3310428244785726,18.685669211327877
60,validation,2025-02-24,112.11527053993335,0.8194444444444444,0.9375,532.3632860802271,691.0353113715963,0.7099127321534979,18.685669211327877
60,validation,2025-02-25,151.67158616880354,0.6944444444444444,0.8402777777777778,531.4797810190153,687.2638643234686,0.0,17.032927799040408
60,validation,2025-02-26,129.14389797553292,0.8125,0.8958333333333334,539.7136385629591,685.1829408655053,6.190309515757235,21.742085432864314
60,validation,2025-02-27,133.0018009314816,0.8263888888888888,0.8819444444444444,544.370856299413,689.2479911980282,8.42824341386131,25.106748618550682
60,validation,2025-02-28,126.22768726993712,0.7916666666666666,0.8819444444444444,534.0845656088997,680.8388433095337,1.8212662094284724,17.032927799040408
60,validation,2025-03-01,170.32803634779964,0.6458333333333334,0.7222222222222222,537.7261788774965,685.7209338811341,2.510223013428913,19.51656816509785
60,validation,2025-03-02,305.4433127018992,0.6458333333333334,0.7152777777777778,558.9282439502467,721.3178794713915,8.65053656705959,32.0442638723689
60,validation,2025-03-03,237.62127565934387,0.5347222222222222,0.7152777777777778,579.1365050271664,766.1166875312433,14.419927498463949,44.507004378148395
60,validation,2025-03-04,125.10396025778475,0.8263888888888888,0.9166666666666666,617.6816059015163,827.758478244575,26.431591787818434,61.123832015993685
60,validation,2025-03-05,134.8607391136445,0.8194444444444444,0.9097222222222222,618.2909432740612,836.0131861157028,29.14230838773892,66.85729067875218
60,validation,2025-03-06,133.34242303530465,0.8333333333333334,0.8958333333333334,618.1357529770155,834.4642230088009,29.019631039854175,67.51246472965613
60,validation,2025-03-07,139.08569378956273,0.7708333333333334,0.9166666666666666,621.9963843125411,838.2635034958079,31.340022176004823,70.00101676746453
60,validation,2025-03-08,124.47893040008908,0.7916666666666666,0.9027777777777778,632.6019576683652,840.139096673629,37.71078342577766,73.06442015918992
60,validation,2025-03-09,133.45727565420532,0.8680555555555556,0.9375,642.9540075216477,858.7250692205703,41.621804940821676,80.18068773302821
60,validation,2025-03-10,181.90081064220777,0.7638888888888888,0.8680555555555556,635.8694330824027,854.751073373332,39.82218017348987,79.94735847575976
60,validation,2025-03-11,124.04558217100728,0.8680555555555556,0.9652777777777778,658.4404537391043,891.5075721038069,48.842319114708516,90.53163471867856
60,validation,2025-03-12,105.96185860535782,0.8888888888888888,0.9583333333333334,644.2613886841524,877.1370836156117,43.79692070820602,84.41447589302561
60,validation,2025-03-13,208.7896048305144,0.7361111111111112,0.8611111111111112,640.9604430354416,877.7812391060891,42.29529918872754,84.41109174419353
60,validation,2025-03-14,149.5930927495299,0.8194444444444444,0.9583333333333334,659.8169046345499,891.9309056992486,49.850051274294856,88.0651408844887
60,validation,2025-03-15,188.25320831119308,0.7638888888888888,0.8819444444444444,668.636018020728,888.3321900802008,51.32034073210525,87.6909011697553
60,validation,2025-03-16,139.53099552926471,0.8125,0.9444444444444444,680.2802306320659,902.5087994665482,49.11819516219202,86.1643206030949
60,validation,2025-03-17,183.34888200405763,0.6944444444444444,0.8263888888888888,665.6951790772385,882.5814584075769,42.404506583949114,74.73846416954984
60,validation,2025-03-18,128.2251182503004,0.875,0.9305555555555556,671.6540783034579,883.6625919677491,39.481392921292354,68.30665359094564
60,validation,2025-03-19,132.71737742912308,0.7986111111111112,0.9513888888888888,668.6466891870896,888.6006886142819,38.03308264693169,68.83726485431362
60,validation,2025-03-20,129.6885689955087,0.8333333333333334,0.9166666666666666,681.802646794583,886.0683541773914,40.47986498474984,66.51762766392187
60,validation,2025-03-21,194.26530932415343,0.7222222222222222,0.8611111111111112,678.6635131737953,878.5029519984403,40.74191532198165,63.93910354420859
60,validation,2025-03-22,119.94764293611962,0.9236111111111112,0.9513888888888888,696.0471563079432,899.2775746622126,42.319653575229495,68.1436088575283
60,validation,2025-03-23,171.68503226855674,0.7569444444444444,0.8819444444444444,688.2920769215208,889.7692359194989,37.68678570484781,63.432284196895125
60,validation,2025-03-24,119.79405929477404,0.9097222222222222,0.9652777777777778,702.762403737687,909.3203954048765,41.75212786675638,68.1436088575283
60,validation,2025-03-25,141.68667958102728,0.8541666666666666,0.9444444444444444,690.061406042161,886.5446608752725,35.967508896827894,56.340862776856284
60,validation,2025-03-26,158.50695521687763,0.8680555555555556,0.8958333333333334,688.5205891901592,886.5930423693014,34.30736140694398,55.96977846213551
60,validation,2025-03-27,125.70346078193961,0.8541666666666666,0.9444444444444444,692.0490487667905,899.7217061263052,35.0894389427649,60.040105524501996
60,validation,2025-03-28,150.09126922177416,0.7847222222222222,0.8888888888888888,675.018245929336,868.4119007997975,28.776991963823548,46.43799358521119
60,validation,2025-03-29,226.1982496561615,0.6805555555555556,0.7777777777777778,684.5213170335414,882.9008201521875,29.219831544040517,50.02988857009859
60,validation,2025-03-30,116.26878415291291,0.9027777777777778,0.9652777777777778,699.2696618247696,915.9065515272048,30.691132335271504,58.42838772827076
60,validation,2025-03-31,162.83106681661178,0.75,0.8888888888888888,672.5273023167897,871.9568829431145,26.60263430471423,50.69822084989164
60,validation,2025-04-01,193.23260033428863,0.7222222222222222,0.875,648.1098576897999,850.309952846353,22.238306934798857,44.70886701206064
60,validation,2025-04-02,232.15254415052075,0.7152777777777778,0.8680555555555556,675.3494489943134,874.6549401935705,27.232941464662872,48.97807334212848
60,validation,2025-04-03,120.09423520586532,0.8888888888888888,0.9583333333333334,706.2423937716513,896.0526157692252,30.503573635007342,52.90011022295471
60,validation,2025-04-04,153.81782744527345,0.8333333333333334,0.8888888888888888,698.364844375734,883.7132057869892,27.631967331799387,48.97807334212848
60,validation,2025-04-05,174.64774995965368,0.7847222222222222,0.8819444444444444,690.3572968491281,877.6527623592453,22.238306934798857,44.43234609569117
60,validation,2025-04-06,120.01683752250467,0.8680555555555556,0.9444444444444444,700.6022562386113,896.3501157466065,25.837504917120896,49.86298195967811
60,validation,2025-04-07,163.85425062002506,0.8194444444444444,0.9166666666666666,693.952865884944,883.2524044597208,21.455505795000192,44.43234609569117
60,validation,2025-04-08,128.86884754039895,0.8333333333333334,0.9305555555555556,697.4990672214047,885.3459995602129,23.723525387261816,47.17749352357396
60,validation,2025-04-09,173.38762928365242,0.7847222222222222,0.9166666666666666,698.5341017064288,888.708198714642,24.29232596667225,48.97807334212848
60,validation,2025-04-10,134.91008029355532,0.8194444444444444,0.9097222222222222,708.0773550044481,891.0372608837183,25.933425497583357,47.059224006461136
60,validation,2025-04-11,166.25718506237942,0.7083333333333334,0.8611111111111112,692.324593945918,882.7224866124195,26.584696435898536,48.97807334212848
60,validation,2025-04-12,171.02274397407265,0.7777777777777778,0.8541666666666666,707.3388851961755,891.1765599576156,29.59523679524773,50.298473370721695
60,validation,2025-04-13,143.99119243538155,0.8194444444444444,0.9027777777777778,688.0004084510217,870.7744713295223,26.07277105960339,45.420501919907565
60,validation,2025-04-14,129.0031803425809,0.8333333333333334,0.9027777777777778,691.7832708068191,877.8878046230159,29.449087652212256,49.436751673170875
60,validation,2025-04-15,181.31510933340672,0.7708333333333334,0.8611111111111112,678.2135926677636,865.3682700968789,25.934875865991216,47.05791896188839
60,validation,2025-04-16,167.29460165115813,0.7986111111111112,0.9236111111111112,686.8175730379695,871.9765234760804,25.764201929338014,48.071211693146324
60,validation,2025-04-17,114.96563246752885,0.9305555555555556,0.9791666666666666,689.108165188963,868.3903319358129,22.713444010574676,43.80375829927016
60,validation,2025-04-18,124.6803840616351,0.8958333333333334,0.9305555555555556,677.107681879185,864.3100325793778,19.1334519221964,43.229126382347204
60,validation,2025-04-19,125.74520439223382,0.7916666666666666,0.9305555555555556,657.5366354808118,853.3773877185574,15.934663670542704,40.88580729652767
60,validation,2025-04-20,128.05383508255747,0.8402777777777778,0.9166666666666666,658.8784180080306,846.2700288773517,15.81260647176839,36.95728857098993
60,validation,2025-04-21,174.59226485214654,0.7291666666666666,0.8472222222222222,651.8367297411121,843.3794183316472,15.934663670542704,38.3670232784807
60,validation,2025-04-22,144.56125521891127,0.8263888888888888,0.8888888888888888,669.3810052258325,855.5203696564088,19.030889758063495,42.5044527687287
60,validation,2025-04-23,162.2960022778736,0.6944444444444444,0.8541666666666666,666.5279051695612,860.3556124233462,19.1334519221964,43.62417971771174
60,validation,2025-04-24,176.27040184229313,0.7708333333333334,0.8958333333333334,675.9984166914013,867.8717680444269,22.90278033697632,46.73638616702101
60,validation,2025-04-25,132.88437967691027,0.8263888888888888,0.9444444444444444,686.6155696638957,876.9988975237617,24.265275900262168,47.728565507891744
60,validation,2025-04-26,233.66543427728337,0.625,0.7916666666666666,678.3234569481467,865.4319574992098,20.243669807847255,42.95535720564567
60,validation,2025-04-27,179.79361782463047,0.7222222222222222,0.8055555555555556,689.0052813136246,874.9299845461034,23.797348362159028,45.67253804851043
60,validation,2025-04-28,263.4005422149604,0.625,0.7430555555555556,702.4155431035615,904.3621270813983,26.710102304258726,54.15751715187616
60,validation,2025-04-29,175.73738694500443,0.7638888888888888,0.8680555555555556,730.4508570264228,957.2042147365937,34.62086875510204,66.67077352576507
60,validation,2025-04-30,164.72825827239316,0.7986111111111112,0.9305555555555556,738.363148311023,959.6241649831777,37.600555433898535,68.86155295002095
60,validation,2025-05-01,220.53744687676343,0.6388888888888888,0.7083333333333334,726.8485627684879,940.9619612520008,38.219232761221974,68.86155295002095
60,validation,2025-05-02,262.87704294913055,0.5833333333333334,0.7777777777777778,764.148169559316,997.5738072621966,52.20813269471819,91.06190855195018
60,validation,2025-05-03,153.03089970989447,0.8125,0.9166666666666666,806.4574188005413,1060.6514549155117,69.8932987073016,110.89819683739097
60,validation,2025-05-04,174.18654347735094,0.7986111111111112,0.9166666666666666,811.679620984907,1063.3476518013263,73.8908959066539,114.21373225167645
60,validation,2025-05-05,231.82594411975867,0.6944444444444444,0.8333333333333334,831.437654662159,1087.4711795220599,78.80085770950154,121.308601845888
60,validation,2025-05-06,187.55332818174176,0.8333333333333334,0.9305555555555556,863.7603728329951,1128.4832893749813,86.13806442760324,131.99944154454602
60,validation,2025-05-07,147.68625454230946,0.9097222222222222,0.9791666666666666,875.83056818697,1140.0242551950596,88.65790142267565,133.64964847621377
60,validation,2025-05-08,187.19966825366888,0.8333333333333334,0.9305555555555556,863.7147327960944,1134.2585097085866,83.95920924840107,130.09629633939312
60,validation,2025-05-09,150.4006512062239,0.8888888888888888,0.9722222222222222,874.0742254422415,1140.1145531578097,86.32183638424158,132.54692266899974
60,validation,2025-05-10,242.3341784865271,0.7152777777777778,0.8402777777777778,865.4819159657582,1127.845741713937,87.7295583153259,131.99944154454602
60,validation,2025-05-11,159.86386700633528,0.8819444444444444,0.9583333333333334,888.3876531972454,1169.9741350809745,91.13734441270458,142.69352075515962
60,validation,2025-05-12,212.83887836371392,0.7430555555555556,0.875,884.4884367548908,1148.6396507487325,87.66778596931954,130.09629633939312
60,validation,2025-05-13,148.79675664267083,0.9097222222222222,0.9861111111111112,892.1671163153096,1157.1522496941675,84.43187574080503,126.71063409168164
60,validation,2025-05-14,141.7934821664103,0.9166666666666666,0.9652777777777778,883.605648733525,1145.1363952621114,80.19632576034974,121.302283644216
60,validation,2025-05-15,159.15588456346177,0.8680555555555556,0.9375,876.0146800638304,1143.2547006778493,76.50190429471422,121.308601845888
60,validation,2025-05-16,212.96667857979077,0.7847222222222222,0.8680555555555556,867.1999745228162,1103.0643648743971,68.04596416632421,96.08757456295552
60,validation,2025-05-17,188.5816761806254,0.8541666666666666,0.9097222222222222,870.61464143206,1106.6444700719044,62.33622474620233,90.71246743837855
60,validation,2025-05-18,173.25424845263012,0.8194444444444444,0.9027777777777778,870.4058030412898,1113.093634880747,59.27725505514127,89.27138821195047
60,validation,2025-05-19,230.74487603150342,0.7777777777777778,0.8611111111111112,873.956260332683,1119.0656113934915,57.36149699122234,88.20413340191567
60,validation,2025-05-20,146.5950734043415,0.9097222222222222,0.9583333333333334,864.9606173131325,1106.9899586796969,48.11531077274685,76.99909522563894
60,validation,2025-05-21,207.56955666147178,0.8125,0.8680555555555556,860.3746316789124,1102.3359267776518,44.02958645485705,73.12913528543595
60,validation,2025-05-22,138.78186710768398,0.8819444444444444,0.9652777777777778,867.9978367544685,1127.7984753363899,45.628700866963754,80.80330539761917
60,validation,2025-05-23,121.69638127897016,0.9375,0.9861111111111112,844.8561485136281,1104.3720951748264,40.02713217637768,75.3276394362847
60,validation,2025-05-24,197.14300803207186,0.8263888888888888,0.9375,829.8150174436125,1091.6556508516535,35.38334047933404,72.3431950763661
60,validation,2025-05-25,159.95473352197482,0.8472222222222222,0.9791666666666666,805.2212544318292,1049.3363502764378,27.109925236680738,57.5751502798812
60,validation,2025-05-26,211.4258710358138,0.7847222222222222,0.875,798.8435249368358,1021.2649105285733,24.02182692515862,47.182923459636186
60,validation,2025-05-27,156.83979640447248,0.8680555555555556,0.9444444444444444,777.6476396478,997.1321791157453,17.208740886387204,39.55010482790567
60,validation,2025-05-28,219.15039774445225,0.7083333333333334,0.8263888888888888,758.9688338092958,981.8024281318792,14.978345751965719,39.55010482790567
60,validation,2025-05-29,170.49169016969623,0.8402777777777778,0.9166666666666666,780.1653902638741,1005.9927578946085,21.801164764620808,46.55182061539563
60,validation,2025-05-30,181.1150138005715,0.7638888888888888,0.8680555555555556,768.4365405736613,992.9625590215962,19.09241516853217,45.28242352209236
60,validation,2025-05-31,157.74479773975418,0.8055555555555556,0.9097222222222222,757.8206284327139,980.4381541712103,15.585234240246791,41.039542442440506
60,validation,2025-06-01,516.7697490908403,0.2638888888888889,0.3472222222222222,757.0992390024959,972.9078918127452,16.09918983284024,38.88368513044588
60,validation,2025-06-02,320.67185170141903,0.5416666666666666,0.7777777777777778,826.3731488949938,1164.6248028585117,39.17141436920258,103.84442280009262
60,validation,2025-06-03,171.94137077890971,0.8333333333333334,0.9513888888888888,872.9612251686904,1222.098318597359,53.304350272409465,117.98679475253539
60,validation,2025-06-04,186.23863105742834,0.7916666666666666,0.9375,887.6151586711504,1239.8083493736185,59.46285191647348,123.91343511040486
60,validation,2025-06-05,190.87188214939044,0.8125,0.9236111111111112,906.0007861774939,1226.7473153713888,62.44323025847734,113.81512855371238
60,validation,2025-06-06,233.51358234911652,0.7916666666666666,0.8888888888888888,923.40744964542,1246.0348148787853,67.54520880464952,121.47204121627328
60,validation,2025-06-07,157.5979313345129,0.9305555555555556,0.9583333333333334,958.8507068974925,1294.7977870757447,75.17111319867854,134.53168712239142
60,validation,2025-06-08,430.3710315673273,0.5555555555555556,0.7152777777777778,943.1917978098213,1287.9376419502228,72.74160899615708,134.53168712239142
60,validation,2025-06-09,182.15905261647424,0.8888888888888888,0.9861111111111112,1025.5518124296134,1430.2133182108291,98.01985575575145,185.12445976192703
60,validation,2025-06-10,152.80541183950868,0.9375,1.0,1008.7055038473292,1390.2733514146355,96.61257919535683,173.4486442460102
60,validation,2025-06-11,191.13384220963476,0.8888888888888888,0.9652777777777778,1014.2049588208008,1390.7645068454399,97.5430156678558,173.44180006268434
60,validation,2025-06-12,176.66112822459561,0.8958333333333334,0.9652777777777778,1010.1797051712617,1384.181057632735,92.38870168762105,165.93554838996488
60,validation,2025-06-13,152.97962349948895,0.9583333333333334,1.0,1020.3984547693027,1392.2709012089706,93.89098764674964,165.93554838996488
60,validation,2025-06-14,207.16240675722537,0.8333333333333334,0.9305555555555556,983.2679116114165,1360.1913398907102,85.5052148353152,162.6107115613829
60,validation,2025-06-15,165.1986296508568,0.9236111111111112,0.9791666666666666,993.7285685697284,1385.0185973781172,89.99438180556172,167.37441207689653
60,validation,2025-06-16,147.25993624883682,0.8888888888888888,0.9444444444444444,913.9380473970557,1218.1635005125722,50.06814957598954,86.6293766259032
60,validation,2025-06-17,187.64634775959192,0.7986111111111112,0.9236111111111112,869.1767344769395,1154.1694136096282,34.06170419810633,63.01617889308727
60,validation,2025-06-18,175.6429724040637,0.8472222222222222,0.9652777777777778,877.0070399549247,1162.499136062725,34.342161990906334,62.97942434120296
60,validation,2025-06-19,193.74733447787295,0.7986111111111112,0.9027777777777778,864.9181452592112,1142.1186567501595,29.822815564891698,55.424932148699554
60,validation,2025-06-20,220.28426888181406,0.75,0.8888888888888888,870.8111210108976,1148.5486986454164,29.822815564891698,54.84644273240019
60,validation,2025-06-21,238.36007098594993,0.7847222222222222,0.8819444444444444,884.702088582225,1153.87115304833,29.446741023701634,52.348546656259714
60,validation,2025-06-22,190.8620387414868,0.8194444444444444,0.9375,896.115918394767,1164.8465874749427,34.4816638801276,56.523287732810786
60,validation,2025-06-23,191.30122269690617,0.8194444444444444,0.9027777777777778,870.0631342850995,1111.749271520298,18.25501664119929,29.154288288830685
60,validation,2025-06-24,309.65896041453925,0.5694444444444444,0.7222222222222222,865.3397961115629,1096.541263233254,15.740839975283052,28.048925187122222
60,validation,2025-06-25,196.62445843370116,0.8194444444444444,0.9097222222222222,916.6161461732665,1167.673350059226,30.63089943065802,43.17758501120761
60,validation,2025-06-26,223.98548372805496,0.7916666666666666,0.8888888888888888,911.417913538611,1162.5688947878853,30.63089943065802,41.22611359171606
60,validation,2025-06-27,228.61232730415472,0.7847222222222222,0.9097222222222222,920.1903747745253,1179.2276020917059,31.995138819541353,43.17758501120761
60,validation,2025-06-28,224.93278986608001,0.8194444444444444,0.8958333333333334,941.3485084755147,1198.2071179333927,37.190541524449145,49.89537878446936
60,validation,2025-06-29,187.8466945639727,0.8333333333333334,0.9236111111111112,945.3234181451274,1203.953773376891,34.83520148123034,47.46912509512231
60,validation,2025-06-30,188.1324687228688,0.7986111111111112,0.875,906.2302694826311,1143.787543909524,35.83502171549253,47.41923568347556
60,validation,2025-07-01,350.7589289758705,0.4236111111111111,0.5416666666666666,891.9443873004607,1128.3523890305341,40.0098471674828,54.733794565193875
60,validation,2025-07-02,374.24810901146816,0.5555555555555556,0.7430555555555556,950.7128542252633,1235.5895784897652,63.09789845892692,96.4486335015581
60,validation,2025-07-03,196.54712320367096,0.8125,0.9097222222222222,1012.4419069922179,1330.1788391886548,81.42159625224883,130.98439401753694
60,validation,2025-07-04,269.6740416072502,0.7083333333333334,0.8888888888888888,1024.5101383453884,1328.2013871024953,88.37768444903122,132.56526565975673
60,validation,2025-07-05,225.87402702626974,0.8402777777777778,0.9583333333333334,1041.5738444939986,1359.7166671171292,95.63722968958245,147.20166810745332
60,validation,2025-07-06,180.71696960758223,0.9236111111111112,0.9722222222222222,1043.6823976074945,1338.9265199095014,96.76989510171279,137.27586199268126
60,validation,2025-07-07,247.8573641771685,0.7291666666666666,0.8541666666666666,1016.9523407826606,1312.541593171731,93.05375369665592,137.27586199268126
60,validation,2025-07-08,237.13514813984915,0.8055555555555556,0.8680555555555556,1049.3976376910605,1367.1689949310753,106.72117501162666,156.5763229067652
60,validation,2025-07-09,173.51010853658676,0.8958333333333334,0.9583333333333334,1040.9629734481362,1375.2695539525969,98.09178000616475,151.335560489023
60,validation,2025-07-10,166.57336796119995,0.9097222222222222,0.9513888888888888,1022.269886292585,1354.6833615202258,98.04576748411932,155.18270117380212
60,validation,2025-07-11,200.4630772961244,0.8888888888888888,0.9652777777777778,1016.747674441419,1342.9618890784482,95.09336182591807,148.24242794632664
60,validation,2025-07-12,156.64092755236365,0.9583333333333334,0.9930555555555556,1013.3824598652237,1327.1876082849635,93.6329129712376,145.39640432645865
60,validation,2025-07-13,201.66742981539977,0.8541666666666666,0.9375,998.6614091747942,1303.3852525303378,88.21160131792726,137.27586199268126
60,validation,2025-07-14,181.14701528630204,0.9166666666666666,0.9791666666666666,996.7367208091289,1321.0496740410538,89.59492597621511,143.42422412370342
60,validation,2025-07-15,230.9053853007937,0.8194444444444444,0.9027777777777778,982.7387831521305,1307.2826249711206,84.3850801781764,137.27586199268126
60,validation,2025-07-16,230.02525353567282,0.7777777777777778,0.875,931.9794265249895,1223.8893288341003,58.46105220854406,94.590497595962
60,validation,2025-07-17,174.38618003690033,0.8472222222222222,0.9236111111111112,921.7872852541134,1198.559476910977,43.77302447226157,75.3874263040941
60,validation,2025-07-18,257.5713730437817,0.7430555555555556,0.8472222222222222,918.9811473101324,1194.8854166614628,41.02274594789924,72.18531324335436
60,validation,2025-07-19,172.84136520744673,0.8055555555555556,0.9305555555555556,931.3736758289629,1213.0677145569744,37.99135268807822,71.42441210810375
60,validation,2025-07-20,171.4091567730053,0.8541666666666666,0.9444444444444444,927.7571608604953,1208.0157154375565,35.7185596253521,68.4403805392858
60,validation,2025-07-21,206.1688901840802,0.7916666666666666,0.9027777777777778,927.4622648428299,1206.3745030599628,36.42382545820885,68.4403805392858
60,validation,2025-07-22,177.47654783729865,0.8819444444444444,0.9513888888888888,916.7671040498402,1188.9613663697342,27.73930471001495,57.7622565907368
60,validation,2025-07-23,164.78432977768637,0.8402777777777778,0.9097222222222222,867.7552580348412,1109.6779369766837,19.299157848921368,44.59611792521355
60,validation,2025-07-24,211.26882904180653,0.75,0.8472222222222222,860.8454585254005,1107.1960353903426,18.475110637300077,45.272409735101974
60,validation,2025-07-25,166.0013416733635,0.8125,0.9236111111111112,873.6869144188438,1131.732853168755,24.363054006711536,53.278782672762645
60,validation,2025-07-26,174.34390501116476,0.8472222222222222,0.9236111111111112,877.2135286778297,1131.2983527984763,24.925735309493383,52.33449268248569
60,validation,2025-07-27,159.44613425021754,0.8541666666666666,0.9166666666666666,865.2265525528392,1130.9556470342227,26.60083587889949,55.341862259751906
60,validation,2025-07-28,210.11874977577205,0.7569444444444444,0.8402777777777778,862.3024612382935,1128.6724513241425,25.11354053208015,54.610048933071994
60,validation,2025-07-29,199.37527123984248,0.7847222222222222,0.875,874.103189763604,1151.5411556670063,28.43649847218512,61.74705019351586
60,validation,2025-07-30,176.9370897974432,0.8333333333333334,0.9375,861.5065118100063,1134.4270978911575,27.69878051712567,61.74705019351586
60,validation,2025-07-31,159.8291277078115,0.8125,0.9305555555555556,836.9576056565606,1099.8731515254876,21.57369463531495,56.16605104671726
60,validation,2025-08-01,233.36148615481554,0.6666666666666666,0.8194444444444444,832.977395911253,1091.9468051032602,21.57369463531495,55.341862259751906
60,validation,2025-08-02,152.61728248168228,0.8472222222222222,0.9166666666666666,834.1983030931219,1087.9230305005474,22.456594738739796,55.83852917539116
60,validation,2025-08-03,233.42922577848014,0.6736111111111112,0.8611111111111112,815.1885050606048,1081.2382733125585,21.21345389280259,56.16605104671726
60,validation,2025-08-04,134.18665763546065,0.875,0.9444444444444444,839.6866046750433,1097.410369933345,28.00097973297045,61.32219465800449
60,validation,2025-08-05,153.13057894168085,0.8541666666666666,0.9236111111111112,815.2843896848548,1070.4654289031123,23.535759859170412,57.41199772004211
60,validation,2025-08-06,228.41020995527884,0.7430555555555556,0.8333333333333334,800.5144640380929,1055.2646273254795,24.828562506560047,59.72079840124752
60,validation,2025-08-07,231.88421401061046,0.6736111111111112,0.8611111111111112,818.5445879658213,1072.9808455533773,31.152230185111875,65.1071878276407
60,validation,2025-08-08,184.68160123957165,0.7847222222222222,0.9097222222222222,832.7421408689723,1075.7259279186624,35.17350369821543,65.1071878276407
60,validation,2025-08-09,170.80825121332376,0.8333333333333334,0.9236111111111112,837.8724336020679,1081.0420476765141,36.73467169367177,66.37551971170524
60,validation,2025-08-10,177.5374853915661,0.8125,0.9375,843.5344595816136,1086.5441573591468,37.383366684827024,66.37551971170524
60,validation,2025-08-11,178.46449069818107,0.8055555555555556,0.9305555555555556,846.9773422206953,1074.2208089774108,38.75465462910779,65.54507303984974
60,validation,2025-08-12,191.52407713436617,0.8125,0.9027777777777778,851.8127260355142,1063.578136279813,37.938186267762376,59.72079840124752
60,validation,2025-08-13,166.12603393240812,0.8472222222222222,0.9097222222222222,849.7503774203503,1064.4282309269806,36.73467169367177,58.402028012605115
60,validation,2025-08-14,177.4409584836628,0.7777777777777778,0.8819444444444444,841.1480310848697,1061.6230589192294,36.7688912691724,59.72079840124752
60,validation,2025-08-15,153.8442875486703,0.9097222222222222,0.9722222222222222,846.5107364563715,1069.9889053148997,39.79110510643113,63.6238391003817
60,validation,2025-08-16,187.5449688087049,0.7430555555555556,0.8680555555555556,813.2603266942721,1026.9799152940197,32.0517213621024,51.974812923659556
60,validation,2025-08-17,181.98289839970576,0.7569444444444444,0.8819444444444444,832.1273345205796,1037.0513900130504,37.21434667187668,55.600740465041326
60,validation,2025-08-18,176.38291473207414,0.8055555555555556,0.8958333333333334,831.1187951252582,1037.093188675205,34.97000554424767,52.36661731659842
60,validation,2025-08-19,152.09660406268907,0.8402777777777778,0.9236111111111112,832.4250787803477,1044.850664008508,38.36459730364459,57.581734157304254
60,validation,2025-08-20,293.8808206749254,0.6180555555555556,0.7430555555555556,830.3309440512417,1047.236511461955,39.22352547968694,58.402028012605115
60,validation,2025-08-21,166.30141494529875,0.8819444444444444,0.9722222222222222,868.8704495928237,1092.898432207045,47.041368114243596,66.82319129905318
60,validation,2025-08-22,189.31061197598638,0.7569444444444444,0.875,839.39475200271,1058.271933090563,37.83585277311636,55.600740465041326
60,validation,2025-08-23,171.86247171538582,0.8472222222222222,0.9236111111111112,846.7486726236353,1069.0280469865293,38.74034323327669,58.583068963150254
60,validation,2025-08-24,221.29557176182033,0.7291666666666666,0.8611111111111112,845.0079081280761,1068.1650382191083,38.44675209797174,57.7190066885496
60,validation,2025-08-25,289.2290654986114,0.6875,0.7569444444444444,869.8017595419348,1091.0490367764994,44.033276673535966,64.80073882980469
60,validation,2025-08-26,170.8732562859119,0.8333333333333334,0.9236111111111112,898.763942301422,1153.3566982198072,51.375706861142135,84.10993204331317
60,validation,2025-08-27,208.90407625374104,0.7361111111111112,0.9166666666666666,896.6077539969999,1150.7944610592701,51.32037164696703,84.10993204331317
60,validation,2025-08-28,254.48398644622,0.7777777777777778,0.8472222222222222,919.2655448794285,1161.361329256151,57.48978513711063,85.17764207132132
60,validation,2025-08-29,192.16974747595856,0.7847222222222222,0.8680555555555556,934.8117193884706,1190.6024428515075,59.57480899881557,93.19097664747142
60,validation,2025-08-30,197.67075209918846,0.7916666666666666,0.9375,929.4580464232027,1206.5445864459616,66.9647002267775,106.70221241942272
60,validation,2025-08-31,179.41218729540617,0.8194444444444444,0.9097222222222222,934.3103196991437,1207.496586968034,67.22899123908974,104.54198979481407
60,holdout,2025-09-01,325.12588825929305,0.5,0.6111111111111112,919.3374095516309,1185.5456581547612,67.06181362340976,101.68308689949436
60,holdout,2025-09-02,229.16748240773737,0.7361111111111112,0.9166666666666666,976.8337587427936,1274.5118572288657,85.71488395838969,131.54927064417734
60,holdout,2025-09-03,196.91017609071812,0.8541666666666666,0.9722222222222222,1016.7067832455401,1299.4066423971692,100.40616354584745,137.26201812154204
60,holdout,2025-09-04,199.67186195079395,0.8055555555555556,0.8819444444444444,987.7918317999042,1252.688617577726,86.52290462528163,119.09998950823592
60,holdout,2025-09-05,186.31676718245495,0.8472222222222222,0.9583333333333334,992.2872415146459,1252.770002565214,96.27704937630187,130.182802346264
60,holdout,2025-09-06,291.46363635211867,0.7152777777777778,0.8333333333333334,985.4800793949328,1247.2264674584071,94.48453643556331,130.182802346264
60,holdout,2025-09-07,168.4490553818,0.9027777777777778,0.9652777777777778,1025.7321441285183,1298.8184063942053,106.00256535393191,145.8073484492029
60,holdout,2025-09-08,524.5406525053739,0.2986111111111111,0.4722222222222222,1012.3240691818761,1291.6012576961973,98.29086150365947,142.49928808912227
60,holdout,2025-09-09,206.45845223329363,0.9097222222222222,0.9791666666666666,1093.693901661717,1437.9684003463258,125.73589391227097,188.68994747553347
60,holdout,2025-09-10,260.80653569745255,0.7916666666666666,0.9166666666666666,1103.6884687178378,1431.3544659605386,125.92536765243403,184.64227106763838
60,holdout,2025-09-11,210.90368606557448,0.9236111111111112,0.9583333333333334,1125.4251070535074,1466.1320424870112,128.525201754077,192.08824294617222
60,holdout,2025-09-12,159.18766720019718,0.9652777777777778,0.9861111111111112,1120.3649685959854,1453.418704991499,124.23211165135035,182.1918843094827
60,holdout,2025-09-13,177.2545338214681,0.9305555555555556,0.9722222222222222,1099.6331673297557,1429.0589643585683,116.59385682184075,172.13877298053984
60,holdout,2025-09-14,209.09881564202323,0.8472222222222222,0.9444444444444444,1073.6289818163166,1415.6662281977415,110.29023192673604,171.99532108609299
60,holdout,2025-09-15,185.7672778759605,0.9513888888888888,0.9791666666666666,1077.483973201113,1421.7775283254966,112.10964751015717,172.5584566336811
60,holdout,2025-09-16,178.49984919885483,0.8680555555555556,0.9583333333333334,1026.5623101643587,1322.7751211457205,85.61180852835423,124.23181526404596
60,holdout,2025-09-17,178.5756560064798,0.9027777777777778,0.9930555555555556,1005.4386588097865,1306.4828618997994,74.2389060452947,115.05442034723501
60,holdout,2025-09-18,145.42830588325265,0.9652777777777778,0.9861111111111112,990.0917290429778,1292.7593641479116,67.58495008745558,113.11354133409714
60,holdout,2025-09-19,165.2863771551198,0.9027777777777778,0.9444444444444444,954.3527501737473,1241.0202700710888,55.61602598020818,93.50504323513496
60,holdout,2025-09-20,160.78296265449393,0.8680555555555556,0.9513888888888888,943.7778483197895,1237.3058440634506,52.04225561272847,94.5567344068777
60,holdout,2025-09-21,190.9789868750419,0.8402777777777778,0.9375,909.3877072822302,1211.422538022165,34.235377167150546,79.81606607174035
60,holdout,2025-09-22,140.37198104445508,0.8680555555555556,0.9722222222222222,894.2640753269792,1212.945709905648,31.241223876688878,81.0687859661366
60,holdout,2025-09-23,147.8691526256264,0.8680555555555556,0.9444444444444444,813.0649003388885,1056.3408874402094,0.0,10.221113772389344
60,holdout,2025-09-24,146.96810901840323,0.8472222222222222,0.9375,810.4655346646955,1045.5698132236955,0.0,6.93671990980414
60,holdout,2025-09-25,137.40700674235742,0.8472222222222222,0.9097222222222222,810.7978631812724,1031.0936809197692,0.0,0.0
60,holdout,2025-09-26,175.81725125064418,0.7638888888888888,0.8263888888888888,802.8005663145764,1021.089205616298,0.0,0.0
60,holdout,2025-09-27,181.07639312164625,0.7986111111111112,0.9236111111111112,806.304622732349,1025.5259545372228,0.0,0.0
60,holdout,2025-09-28,137.71058215057602,0.875,0.9513888888888888,798.8134812032076,1014.4641789924967,0.0,0.0
60,holdout,2025-09-29,122.94340073157784,0.9236111111111112,0.9652777777777778,794.0116321059663,1007.967012471916,0.0,0.0
60,holdout,2025-09-30,144.06223537694623,0.8680555555555556,0.9375,759.9900590927272,972.5430436160314,0.0,0.0
60,holdout,2025-10-01,462.8121534309716,0.3194444444444444,0.4027777777777778,751.2693805806466,963.9335782278924,0.0,0.0
60,holdout,2025-10-02,307.53684591320484,0.5347222222222222,0.7847222222222222,790.9783798165928,1065.649572513761,0.0,24.040525135350777
60,holdout,2025-10-03,210.84914079485023,0.7777777777777778,0.9583333333333334,847.0449980362997,1100.0428024209634,13.884714337173136,39.99950171308956
60,holdout,2025-10-04,126.5046199965556,0.9236111111111112,0.9583333333333334,855.0272951600125,1086.5839708174362,20.819938294945132,36.979308392310486
60,holdout,2025-10-05,184.49047412105807,0.7986111111111112,0.9652777777777778,809.7065338608386,1048.2111838751719,14.37473942964425,34.49177137369338
60,holdout,2025-10-06,126.51252075516813,0.9305555555555556,0.9861111111111112,818.9608539672813,1040.5975221633225,18.031745809664244,30.097873112909838
60,holdout,2025-10-07,121.79167097614163,0.8888888888888888,0.9652777777777778,770.4703509369798,971.8368940596979,11.732428857602372,25.90725728145196
60,holdout,2025-10-08,168.43188147577592,0.8472222222222222,0.9027777777777778,758.8871932759188,958.4034129233559,11.85242634477845,24.30889358859349
60,holdout,2025-10-09,149.26869669535705,0.8472222222222222,0.9305555555555556,742.5077718276541,955.1245414387405,11.85242634477845,28.350706002413062
60,holdout,2025-10-10,191.27359598721316,0.7916666666666666,0.8819444444444444,740.5156190488982,950.4488922517804,14.265766340897244,28.84382424296382
60,holdout,2025-10-11,134.515708264088,0.8541666666666666,0.9375,746.009520641498,958.4394240764761,12.038866381704793,29.225713110854485
60,holdout,2025-10-12,130.08635627046363,0.8611111111111112,0.9305555555555556,730.8071253331249,949.4216178674762,9.536236536250271,29.225713110854485
60,holdout,2025-10-13,119.66797104562819,0.9444444444444444,0.9861111111111112,715.9961981299682,940.7375157342394,11.096121551529905,34.49177137369338
60,holdout,2025-10-14,130.11366918598475,0.8402777777777778,0.9027777777777778,700.1318705226836,913.3314785756629,11.090537068015237,29.31500064179818
60,holdout,2025-10-15,142.2644549566052,0.8472222222222222,0.9305555555555556,696.0156711826506,923.0854558472315,13.007390615078748,36.77707857545374
60,holdout,2025-10-16,167.71856212765317,0.7777777777777778,0.8402777777777778,672.2561159152633,846.405816941861,0.0,0.0
60,holdout,2025-10-17,129.17544675278194,0.8263888888888888,0.9097222222222222,681.3280627612681,852.564564541547,0.0,0.0
60,holdout,2025-10-18,129.2809922912994,0.8611111111111112,0.9166666666666666,676.2551887074969,846.025882544119,0.0,0.0
60,holdout,2025-10-19,164.05330705169666,0.7777777777777778,0.8333333333333334,670.424567186268,835.8389572930582,0.0,0.0
60,holdout,2025-10-20,148.02934073399416,0.7916666666666666,0.8888888888888888,670.7955409919007,827.8498247847916,0.0,0.0
60,holdout,2025-10-21,175.7785918528214,0.7361111111111112,0.8194444444444444,673.1571020272331,834.7587477518781,0.0,3.5059883648623327
60,holdout,2025-10-22,162.5256121157968,0.7083333333333334,0.8263888888888888,671.7808774133227,848.384199945608,0.0,9.2351485924205
60,holdout,2025-10-23,120.72492535917098,0.9166666666666666,0.9722222222222222,673.7004888787591,858.3748084497872,0.0,13.359030863700355
60,holdout,2025-10-24,120.08737243600295,0.8263888888888888,0.9097222222222222,671.4463336954909,849.5593777187099,0.0,9.250679331013544
60,holdout,2025-10-25,119.63929319989272,0.8611111111111112,0.9166666666666666,662.4714754459627,836.4944650257569,0.0,8.279933571681795
60,holdout,2025-10-26,97.82541074845385,0.8958333333333334,0.9305555555555556,645.1336264633147,821.7900922734757,0.0,8.136107132013422
60,holdout,2025-10-27,169.23157428835646,0.6527777777777778,0.8194444444444444,639.6763679132978,819.2044491965302,0.0,8.136107132013422
60,holdout,2025-10-28,112.37502851044665,0.8819444444444444,0.9305555555555556,650.5623431480747,839.7722341245585,0.0,14.810044514312267
60,holdout,2025-10-29,165.60662150889462,0.7083333333333334,0.8541666666666666,639.270579029932,830.3307353180351,0.0,12.689455286709745
60,holdout,2025-10-30,116.9900268291786,0.7916666666666666,0.9027777777777778,613.9658608422849,799.194655787035,0.0,16.31843986079366
60,holdout,2025-10-31,122.98692204376772,0.8194444444444444,0.9166666666666666,581.3023894436093,760.7434721685667,0.0,14.680859276504634
60,holdout,2025-11-01,100.46057038523512,0.7916666666666666,0.8819444444444444,567.8832933625904,740.7950796815658,0.0,15.239530262928383
60,holdout,2025-11-02,98.75777114062369,0.8472222222222222,0.9375,575.3465346850761,753.7831309773901,4.142160005762435,22.57548553049537
60,holdout,2025-11-03,125.13821351253179,0.75,0.8888888888888888,548.9535661379846,725.6185380488035,0.0,14.810044514312267
60,holdout,2025-11-04,142.25702739391852,0.6944444444444444,0.8402777777777778,556.7254864350182,724.1994382079488,3.1081595280566034,14.810044514312267
60,holdout,2025-11-05,98.75836210773086,0.8402777777777778,0.9027777777777778,566.3914060686666,731.5936626608374,6.084132558075908,16.87701680203645
60,holdout,2025-11-06,152.72437933110515,0.6597222222222222,0.7847222222222222,539.9045544246022,707.2521862398988,0.0,12.952339651788407
60,holdout,2025-11-07,180.13519053887856,0.6458333333333334,0.7916666666666666,551.9473978191252,714.4634449465831,10.599118889293095,24.72026715146876
60,holdout,2025-11-08,117.44682577254298,0.7638888888888888,0.8541666666666666,556.0294649480036,721.3264105223053,16.619757248635324,32.75544970970395
60,holdout,2025-11-09,101.24877419708511,0.8333333333333334,0.9375,556.584944216467,725.5860829271982,20.084148039358297,37.26492530386713
60,holdout,2025-11-10,105.48423818486617,0.8472222222222222,0.9583333333333334,558.3808417144805,724.3479794877525,22.599280079431082,38.01951859909332
60,holdout,2025-11-11,88.71203421753424,0.875,0.9652777777777778,541.8172320502443,710.3706369248325,17.424312050312437,34.86640511367705
60,holdout,2025-11-12,112.87431755525719,0.7847222222222222,0.9305555555555556,543.186196937676,703.463443988311,19.069321266905717,33.2035591368317
60,holdout,2025-11-13,116.12700569181794,0.8125,0.875,546.5103572485444,690.9552225115171,18.02434791560927,28.520795777600142
60,holdout,2025-11-14,88.75733395993787,0.9097222222222222,0.9375,535.1915028932843,694.4827351281363,18.094230177551708,32.25483044599014
60,holdout,2025-11-15,91.100281283628,0.8819444444444444,0.9444444444444444,527.7666307875704,687.3491343697629,16.742803259281573,30.803712297108177
60,holdout,2025-11-16,114.3176071755933,0.8055555555555556,0.8680555555555556,518.5404846185978,675.9049148999535,15.003951206241254,26.896142252469872
60,holdout,2025-11-17,122.0174539536734,0.7430555555555556,0.8819444444444444,514.8957791230384,675.0912196890201,17.214486694091647,32.25483044599014
60,holdout,2025-11-18,121.69846509749222,0.7222222222222222,0.8680555555555556,519.9938668206273,671.9224423444853,18.26531216206331,32.553678424643294
60,holdout,2025-11-19,88.91683885224168,0.8958333333333334,0.9513888888888888,514.6029372419154,664.5791255206267,18.26531216206331,32.90872897567715
60,holdout,2025-11-20,108.68138100455482,0.7777777777777778,0.9375,502.7177689856818,657.1807554334234,17.822511533103352,32.62640999451969
60,holdout,2025-11-21,115.78710588789934,0.7986111111111112,0.8819444444444444,497.9093296156431,640.0362910052877,15.752897277410739,26.523925365633204
60,holdout,2025-11-22,91.89354514293649,0.8333333333333334,0.9305555555555556,489.07717038438034,636.6687942269052,10.84134825916135,22.630356651839975
60,holdout,2025-11-23,133.2633052307703,0.7083333333333334,0.875,479.08002931409726,618.0834801386876,8.223127368074074,16.211420394412016
60,holdout,2025-11-24,130.48013537120778,0.7361111111111112,0.8541666666666666,494.110073852516,634.5981746324214,12.055630656889207,20.067826188449317
60,holdout,2025-11-25,91.5897772217067,0.8402777777777778,0.9166666666666666,495.3457493098665,633.6807276548416,13.990466268565797,23.07426071648115
60,holdout,2025-11-26,92.4060769933542,0.8472222222222222,0.9444444444444444,495.2721788514548,633.6249335314163,14.136056172336794,24.618858453953635
60,holdout,2025-11-27,111.91869401080184,0.7847222222222222,0.875,487.0372792632917,621.252084705303,12.332754280095287,23.07426071648115
60,holdout,2025-11-28,96.64929014770911,0.8194444444444444,0.9027777777777778,485.46003831977333,618.975870249295,12.606554915093966,22.630356651839975
60,holdout,2025-11-29,156.46767679348613,0.6388888888888888,0.7986111111111112,485.420053968817,615.2185876627263,15.076677246140662,23.894993263964807
60,holdout,2025-11-30,88.62463497066899,0.9166666666666666,0.9652777777777778,510.0859408436993,635.2623838785621,22.50603801678244,31.78325104952819
60,holdout,2025-12-01,264.21442244593345,0.4513888888888889,0.5277777777777778,502.4425269019521,621.4425206200499,19.498773404117856,25.89518112821088
60,holdout,2025-12-02,207.63633787303428,0.5416666666666666,0.6666666666666666,533.0212653735499,688.6682362950214,29.987285105018145,45.95093199440237
60,holdout,2025-12-03,146.2400002399903,0.7361111111111112,0.8819444444444444,554.3699105129607,753.0190364927403,35.661455360772834,63.13203753138214
60,holdout,2025-12-04,108.21556468799241,0.8333333333333334,0.9583333333333334,579.013835008541,781.6478148253241,43.22625495729562,73.11962870771094
60,holdout,2025-12-05,123.63448023785625,0.7708333333333334,0.8888888888888888,568.1773849578213,778.564774272339,43.5998142313224,76.17965411687237
60,holdout,2025-12-06,106.59849092873267,0.8541666666666666,0.9444444444444444,573.7511456509108,774.9505233230723,47.728421079345026,78.97005379900929
60,holdout,2025-12-07,118.77130027754662,0.8611111111111112,0.9583333333333334,578.4521428153429,787.0457163133491,50.406161578426236,85.81374977485984
60,holdout,2025-12-08,184.5524129084651,0.6875,0.8125,578.4571875822271,779.8514518624211,48.97578811335461,81.3084953006396
60,holdout,2025-12-09,138.29443447843474,0.8263888888888888,0.9097222222222222,600.6365424341446,818.3590291101152,56.13110668684476,94.18281574535172
60,holdout,2025-12-10,115.82641839819047,0.9027777777777778,0.9722222222222222,613.7067070270018,850.1734828126409,59.58186748915932,105.14431963973948
60,holdout,2025-12-11,155.19149205686324,0.7152777777777778,0.8819444444444444,617.0397862986299,848.4995781402112,60.30583626506859,105.29860343835708
60,holdout,2025-12-12,127.55059185638048,0.875,0.9722222222222222,638.0441732151697,875.4664045918618,68.8373528691236,114.6431311586366
60,holdout,2025-12-13,120.38961675481609,0.875,0.9583333333333334,658.6567392346535,883.8955966735598,75.06461463577989,116.52789935447845
60,holdout,2025-12-14,89.33386474256577,0.9444444444444444,0.9930555555555556,653.7583436445885,883.4046968354975,70.02747907627918,113.28510310349702
60,holdout,2025-12-15,99.8635611840971,0.9236111111111112,0.9861111111111112,648.8360647374761,879.6720251662056,70.11208223958965,113.0651400384329
60,holdout,2025-12-16,92.09307206555721,0.9791666666666666,0.9930555555555556,601.4105641073701,799.7153360941637,48.57273784645167,75.69152541343374
60,holdout,2025-12-17,118.02026289288207,0.8194444444444444,0.9513888888888888,568.8927813889991,754.3207668818133,35.22615477184354,56.243527182982234
60,holdout,2025-12-18,132.25605086888137,0.7847222222222222,0.9097222222222222,566.9230821833113,743.6865725471934,31.773257561652827,49.83622670910245
60,holdout,2025-12-19,109.40082276679954,0.8611111111111112,0.9583333333333334,577.0383509381538,750.375545489607,33.86763452117566,49.83622670910245
60,holdout,2025-12-20,112.46320607519479,0.8611111111111112,0.9375,567.7268998916185,736.2170504760177,29.53079487283685,42.4849890258738
60,holdout,2025-12-21,111.4824324366478,0.8333333333333334,0.9097222222222222,567.276017987179,730.8499060567059,27.960858787587313,38.5098435392847
60,holdout,2025-12-22,106.97655384745298,0.8333333333333334,0.9722222222222222,556.7520608768959,727.6642906826637,25.941846733448983,36.715958903318096
60,holdout,2025-12-23,129.37758606047473,0.75,0.8541666666666666,533.0663293848751,692.969071353654,15.157100512506986,21.728522105563115
60,holdout,2025-12-24,106.16939906984754,0.875,0.9236111111111112,537.3831942884121,697.0744419386265,15.150152930357763,21.274350859664082
60,holdout,2025-12-25,103.37785997309439,0.8402777777777778,0.9305555555555556,529.420023440262,700.3621816234713,10.424716523178176,21.120665579373963
60,holdout,2025-12-26,99.1138983473636,0.8888888888888888,0.9375,515.385247224512,679.2597849016577,3.693376373326373,11.23188273111873
60,holdout,2025-12-27,101.39252811690366,0.7569444444444444,0.875,506.2561740287013,671.4851775546945,0.0,8.102408543142701
60,holdout,2025-12-28,127.3023467691627,0.7986111111111112,0.8819444444444444,500.64777122015624,661.1777802183699,0.0,5.922843274970546
60,holdout,2025-12-29,98.7673517351632,0.8333333333333334,0.9166666666666666,505.70479275889596,672.7287353627956,0.5315882397935638,8.359208558307728
60,holdout,2025-12-30,146.30946667336923,0.6875,0.8333333333333334,487.5194781677226,627.0797962860119,1.0047778190487406,8.217754014046477
60,holdout,2025-12-31,104.74361731232462,0.7986111111111112,0.9027777777777778,487.84984049567964,632.8280062739062,6.030601961767843,15.776592284270691
90,validation,2025-02-01,142.77931458869529,0.8402777777777778,0.9652777777777778,747.7878242092336,986.5630722898366,72.31935886776,130.02940308466395
90,validation,2025-02-02,114.47705339592615,0.8958333333333334,0.9791666666666666,732.4365899943016,949.7871771595425,64.8545538089611,112.08389683228324
90,validation,2025-02-03,120.88486839438298,0.9027777777777778,0.9652777777777778,705.9936022962701,923.5197008788564,53.97633220293574,101.43624829242299
90,validation,2025-02-04,133.68995538546582,0.8263888888888888,0.9513888888888888,699.0565755891663,916.412924633646,53.67789982125851,99.50357515634005
90,validation,2025-02-05,144.4060367508099,0.8680555555555556,0.9236111111111112,684.6150064866861,885.9330779328492,47.8779729972448,84.542825443953
90,validation,2025-02-06,115.17589857464958,0.875,0.9513888888888888,680.6502751950501,883.3619618582889,45.92316887958259,81.46081262547841
90,validation,2025-02-07,162.62145779102903,0.7847222222222222,0.8819444444444444,644.0602422176825,847.6232926849586,29.619562127049903,64.3059903159915
90,validation,2025-02-08,125.38693209504906,0.8680555555555556,0.9583333333333334,642.5378851199756,841.6959417435248,25.978088836214738,57.120442814755734
90,validation,2025-02-09,159.45303893966005,0.7847222222222222,0.8958333333333334,622.6853067615797,803.817789960694,16.73568828095995,39.51274503746845
90,validation,2025-02-10,153.89250178311374,0.7916666666666666,0.9097222222222222,622.3318380349642,805.6093602082678,15.224227779915964,38.53024054210209
90,validation,2025-02-11,124.00295006787984,0.8611111111111112,0.9513888888888888,625.2522525715283,813.2534628105601,15.888283329206047,40.9582696100847
90,validation,2025-02-12,106.09374107869995,0.8819444444444444,0.9652777777777778,609.8150850734598,795.0225156778373,9.785733125102638,33.02365925740378
90,validation,2025-02-13,171.07878530058068,0.6458333333333334,0.7777777777777778,592.6407590116601,776.5269536117953,5.607644940925638,27.854282833518482
90,validation,2025-02-14,127.35867536203114,0.8263888888888888,0.9375,609.8320491396732,797.3880002560319,14.336517632645155,38.82798635399013
90,validation,2025-02-15,113.22087622017027,0.8472222222222222,0.9444444444444444,607.1676018032907,793.6575565192948,13.221801630891605,36.99839119534681
90,validation,2025-02-16,139.74185498252837,0.7777777777777778,0.8958333333333334,593.8440963818593,781.4863599332111,6.6826378257251235,30.93928659064659
90,validation,2025-02-17,119.34854676445337,0.7986111111111112,0.9375,597.8166254968423,783.5913040816185,6.737988335992668,30.744905990562984
90,validation,2025-02-18,111.41654768833372,0.875,0.9652777777777778,600.4544419929573,780.8668030290797,7.239556691175494,29.253040440472432
90,validation,2025-02-19,129.8205618869999,0.7638888888888888,0.8819444444444444,577.3719131978486,756.4483212823525,2.1550600761997885,23.051528167085507
90,validation,2025-02-20,113.23581898067383,0.8472222222222222,0.9236111111111112,585.2953520629521,758.4854810521623,4.640519275383667,23.051528167085507
90,validation,2025-02-21,100.93833404182394,0.8263888888888888,0.9236111111111112,561.4133698224682,730.1442308659435,4.640519275383667,22.196970764487105
90,validation,2025-02-22,116.54076938020788,0.7847222222222222,0.9097222222222222,549.8416642464474,714.1564307746014,0.6445423539771582,17.50523749128206
90,validation,2025-02-23,122.32426962040628,0.7986111111111112,0.8680555555555556,544.4841261668739,699.3468188234488,2.3310428244785726,18.685669211327877
90,validation,2025-02-24,112.11527053993335,0.8194444444444444,0.9375,532.3632860802271,691.0353113715963,0.7099127321534979,18.685669211327877
90,validation,2025-02-25,151.67158616880354,0.6944444444444444,0.8402777777777778,531.4797810190153,687.2638643234686,0.0,17.032927799040408
90,validation,2025-02-26,129.14389797553292,0.8125,0.8958333333333334,539.7136385629591,685.1829408655053,6.190309515757235,21.742085432864314
90,validation,2025-02-27,133.0018009314816,0.8263888888888888,0.8819444444444444,544.370856299413,689.2479911980282,8.42824341386131,25.106748618550682
90,validation,2025-02-28,126.22768726993712,0.7916666666666666,0.8819444444444444,534.0845656088997,680.8388433095337,1.8212662094284724,17.032927799040408
90,validation,2025-03-01,170.32803634779964,0.6458333333333334,0.7222222222222222,537.7261788774965,685.7209338811341,2.510223013428913,19.51656816509785
90,validation,2025-03-02,305.4433127018992,0.6458333333333334,0.7152777777777778,558.9282439502467,721.3178794713915,8.65053656705959,32.0442638723689
90,validation,2025-03-03,238.65903600620408,0.5347222222222222,0.7152777777777778,579.1365703338308,766.1167520393137,14.419927498463949,44.507004378148395
90,validation,2025-03-04,126.37471543512675,0.8333333333333334,0.9166666666666666,618.4024061547817,828.5033991779419,26.651612733468028,61.123832015993685
90,validation,2025-03-05,133.3450451486398,0.8263888888888888,0.9166666666666666,618.8409027879701,837.0285679642197,29.17782676025581,66.96818628615893
90,validation,2025-03-06,132.2897371948962,0.8263888888888888,0.8888888888888888,618.4178286097253,833.7904263653364,28.866534863256675,67.00372111873412
90,validation,2025-03-07,142.7810893175988,0.7638888888888888,0.8958333333333334,619.7439839883903,838.4326432624252,29.936336596609635,69.94874587323261
90,validation,2025-03-08,124.45732109272204,0.7916666666666666,0.8888888888888888,635.4971617258371,842.1248220617348,38.42316884225329,73.21059946709067
90,validation,2025-03-09,130.75386594326523,0.8680555555555556,0.9444444444444444,644.7896817115284,857.8187951300154,41.695948597900724,78.83923587337358
90,validation,2025-03-10,178.57370007010036,0.7708333333333334,0.8819444444444444,640.6954455018422,852.2944964092013,41.25043518477651,77.9839264515208
90,validation,2025-03-11,125.42195278025969,0.8680555555555556,0.9652777777777778,657.0197156592816,885.0701567158635,47.8912873972522,87.37535068255465
90,validation,2025-03-12,105.39254350740784,0.8819444444444444,0.9583333333333334,643.2578554347436,868.5216797749005,43.357545198875414,80.27138057003822
90,validation,2025-03-13,212.16620711450562,0.7083333333333334,0.8472222222222222,641.8804863358223,868.2648264804684,42.73441498057048,79.87556176011731
90,validation,2025-03-14,148.31723321379752,0.8125,0.9583333333333334,660.3814419931336,894.7969220779835,50.167873250129105,89.29604859192204
90,validation,2025-03-15,191.65648566547264,0.7638888888888888,0.875,670.4466034959112,887.8153628739134,52.58165357137386,87.37535068255465
90,validation,2025-03-16,137.5171418595674,0.8125,0.9305555555555556,681.7215950453906,898.9797402083428,50.167873250129105,83.47054914460625
90,validation,2025-03-17,190.41364221584138,0.6805555555555556,0.8194444444444444,668.6938841118531,883.8326088903615,44.6636233306308,74.38279599387761
90,validation,2025-03-18,128.07224708055568,0.875,0.9305555555555556,676.4476057067335,892.3711100981568,41.695948597900724,71.24850230227321
90,validation,2025-03-19,128.94534191070065,0.8402777777777778,0.9513888888888888,675.3152418062228,897.2027865855703,41.129008726572465,71.51270238689449
90,validation,2025-03-20,126.9691255042114,0.8541666666666666,0.9166666666666666,683.1131413617238,893.2562295305381,41.129008726572465,68.83662456349975
90,validation,2025-03-21,175.09639089898894,0.7430555555555556,0.8819444444444444,678.5395768035762,886.7039359668921,40.98297873799902,67.20638886303368
90,validation,2025-03-22,118.4305855867726,0.9027777777777778,0.9513888888888888,690.7450403661742,895.747829191021,41.567441206350395,67.84669553825904
90,validation,2025-03-23,169.71051101692788,0.7569444444444444,0.875,686.0011137038895,886.8433631153489,38.12060716864653,63.18418350783213
90,validation,2025-03-24,117.04484318903471,0.9236111111111112,0.9652777777777778,699.509364649248,904.5423723654065,42.04215415715862,67.20638886303368
90,validation,2025-03-25,141.8008633877825,0.8541666666666666,0.9444444444444444,683.4698058416197,893.2715690408456,34.75787917825164,61.57280289816663
90,validation,2025-03-26,160.36056965288088,0.8611111111111112,0.9027777777777778,679.7903427040669,891.4599377276306,32.99647152419402,60.22348501599345
90,validation,2025-03-27,126.9166578570966,0.8472222222222222,0.9375,684.0911693106359,901.4817315587508,33.21058649510951,62.94469671323577
90,validation,2025-03-28,150.60457802485732,0.7847222222222222,0.8958333333333334,666.1560933428328,867.8623903563229,27.30668061326969,48.55704855772501
90,validation,2025-03-29,214.98841012747147,0.7083333333333334,0.8194444444444444,676.8034468291758,885.7082290465655,27.30668061326969,54.220646547508295
90,validation,2025-03-30,117.54608780056509,0.8888888888888888,0.9583333333333334,688.7130607572024,906.8740884418926,27.552558512930773,58.568458396076494
90,validation,2025-03-31,161.49345004570367,0.6944444444444444,0.8680555555555556,657.2626073476882,858.8967664578716,20.988587119260956,48.55704855772501
90,validation,2025-04-01,193.6099521897438,0.75,0.8819444444444444,637.1636161730964,834.5912037124581,18.51780120602416,40.65356452693459
90,validation,2025-04-02,221.0491021157868,0.7013888888888888,0.8611111111111112,665.6564977096012,861.0937562357412,24.60650537309448,45.680609620068026
90,validation,2025-04-03,122.42751355080759,0.875,0.9513888888888888,694.0318192438675,894.0142018026362,27.93119262610253,56.5104694333304
90,validation,2025-04-04,154.24513719970764,0.8333333333333334,0.8819444444444444,689.3102302147927,877.0466396390507,25.464621510644974,49.64614841979437
90,validation,2025-04-05,172.06996392468025,0.7847222222222222,0.8958333333333334,679.7490749991016,875.6802862988527,19.151715291812934,47.5485393947352
90,validation,2025-04-06,116.18319637103893,0.875,0.9583333333333334,694.4150412484561,892.2341620398743,24.85753495526592,52.26562663499135
90,validation,2025-04-07,165.25488928677203,0.7986111111111112,0.9097222222222222,682.4068838493116,871.7539602359996,18.356065513041358,43.261640223822724
90,validation,2025-04-08,125.97496992934114,0.8680555555555556,0.9375,691.0531232806879,876.3337949880146,23.50785351765262,46.89500424268181
90,validation,2025-04-09,173.57572782272732,0.7777777777777778,0.9027777777777778,686.7012371521638,875.6619715357161,22.095949940343417,46.89500424268181
90,validation,2025-04-10,136.3382213538906,0.7986111111111112,0.8958333333333334,700.5384613605942,881.3533849583642,25.457902993780408,46.852250146178676
90,validation,2025-04-11,163.10177938461942,0.7430555555555556,0.8402777777777778,685.0332808799444,869.8875739226492,26.134992205056733,47.55184270335985
90,validation,2025-04-12,161.94428786457263,0.7777777777777778,0.8819444444444444,693.6986638475888,886.119397077362,28.124561055516097,52.08019486757166
90,validation,2025-04-13,135.24697215264416,0.8263888888888888,0.9166666666666666,675.0969464926892,861.4799788491569,25.758567785380365,47.11166919246898
90,validation,2025-04-14,125.99617312637864,0.8402777777777778,0.9027777777777778,672.0611998981518,865.4680945859636,27.073438702353997,50.01227424004355
90,validation,2025-04-15,180.43520665926954,0.7569444444444444,0.875,657.5769144548294,848.6081383587975,23.261747458484024,46.852250146178676
90,validation,2025-04-16,170.9726434300297,0.7777777777777778,0.9166666666666666,665.6474510211764,854.4303547419219,23.261747458484024,47.11166919246898
90,validation,2025-04-17,113.54633418028337,0.8888888888888888,0.9722222222222222,670.9815494975318,858.0858329993334,20.303062231046397,45.550626714471036
90,validation,2025-04-18,126.92278440320764,0.8611111111111112,0.9375,667.3879401159959,850.9065353232722,19.972619176806347,43.25375441679404
90,validation,2025-04-19,128.26615255786444,0.7916666666666666,0.9097222222222222,656.2299271912743,834.6236789550851,18.23374957924898,37.473680047343805
90,validation,2025-04-20,129.92950331703443,0.8125,0.9236111111111112,657.6066204005094,833.5834597919986,18.21278775587143,35.76776935223961
90,validation,2025-04-21,170.25461985552624,0.7569444444444444,0.8541666666666666,653.9493986376539,828.2318914104898,19.048435444247843,36.22522178693498
90,validation,2025-04-22,143.94057590342814,0.8125,0.8888888888888888,665.7552397152017,840.0033711282473,20.36750321893487,40.159687738363345
90,validation,2025-04-23,148.51737815815633,0.7638888888888888,0.9097222222222222,664.4711175683436,850.1179353731206,20.89542533358417,43.78540095916287
90,validation,2025-04-24,173.20751233306314,0.7569444444444444,0.8680555555555556,664.6882984717577,842.7417984630563,21.11230175178116,41.80390329721831
90,validation,2025-04-25,126.6223795219419,0.8402777777777778,0.9513888888888888,674.506938175121,853.4166624226519,23.316620389479795,43.78540095916287
90,validation,2025-04-26,210.15066933205986,0.6388888888888888,0.7847222222222222,668.697109132538,834.5260303931399,20.399994514541504,34.89000589973102
90,validation,2025-04-27,164.72657233926995,0.7569444444444444,0.7916666666666666,678.2592073865677,848.9050261345894,24.521612670231207,39.33556120802996
90,validation,2025-04-28,266.7714205479174,0.6111111111111112,0.7291666666666666,688.4942583128785,879.1319331943934,27.26126138595191,49.330699911656666
90,validation,2025-04-29,174.97966012189212,0.7708333333333334,0.8611111111111112,715.8924425256731,933.6743365532956,35.03373086573265,63.913603963387686
90,validation,2025-04-30,172.0140549939944,0.7569444444444444,0.9027777777777778,722.5460117420043,930.9678983521709,37.82426828872781,65.5496358919122
90,validation,2025-05-01,228.95805278792238,0.5972222222222222,0.7083333333333334,715.3669807912185,921.6250577944704,38.47911247516549,67.6459000867203
90,validation,2025-05-02,425.8229854595922,0.2638888888888889,0.4166666666666667,754.221114189816,987.4909476557615,53.06901401716641,92.65408418850393
90,validation,2025-05-03,182.93914308644605,0.7847222222222222,0.9305555555555556,857.4661149324033,1163.5574723607233,88.54182558709454,147.7225851943699
90,validation,2025-05-04,209.0935797836034,0.7291666666666666,0.9097222222222222,880.6921980430328,1181.0128263082759,98.9582311181698,154.9666071109432
90,validation,2025-05-05,275.8313823593081,0.625,0.8194444444444444,923.8941733393549,1211.7650439514305,110.47963078584553,160.47569136125685
90,validation,2025-05-06,215.67691294700265,0.8333333333333334,0.9305555555555556,979.4043455852164,1280.9244358976675,126.2414118589395,179.51369174441902
90,validation,2025-05-07,178.29649233032538,0.8958333333333334,0.9930555555555556,1015.7582450969775,1306.3347881156228,135.63739215381202,185.81614549696724
90,validation,2025-05-08,198.2181965510373,0.8680555555555556,0.9583333333333334,1023.3535053928803,1314.6155337202417,137.82955354090336,185.81614549696724
90,validation,2025-05-09,134.97974110664887,0.9791666666666666,1.0,1033.6774429291227,1313.8698237043795,138.70923978633937,185.36607520663165
90,validation,2025-05-10,196.44137925871215,0.9027777777777778,0.9375,1018.9970506647818,1295.2404388348598,138.29886105953528,184.47827934714883
90,validation,2025-05-11,152.08316587806706,0.9513888888888888,0.9930555555555556,1022.2822181415083,1302.857477373203,135.6289344490192,184.47827934714883
90,validation,2025-05-12,213.39816597193126,0.8611111111111112,0.9166666666666666,1002.122267765493,1286.8110722211734,124.78817496200588,174.90378302779845
90,validation,2025-05-13,129.99181215282738,0.9513888888888888,1.0,1002.1876096619505,1281.1779166444198,118.12890608210955,164.83412596783023
90,validation,2025-05-14,139.46701819132417,0.9652777777777778,1.0,982.3965756462728,1262.3951579021145,111.81919078702367,159.31355846177803
90,validation,2025-05-15,168.21441650520316,0.8958333333333334,0.9652777777777778,974.7008060171197,1256.8616067073174,107.59640884450982,156.21723702676718
90,validation,2025-05-16,222.70757861080176,0.8472222222222222,0.9097222222222222,953.6815755451462,1224.7038508202056,93.36407353333652,135.1732316101161
90,validation,2025-05-17,184.81651130865188,0.8333333333333334,0.9097222222222222,910.7560175802014,1134.1453929427678,63.0958580768156,82.28623113765207
90,validation,2025-05-18,168.63999265627146,0.8541666666666666,0.9513888888888888,909.4378607399386,1138.143360802315,58.84062586673463,80.57126379550118
90,validation,2025-05-19,230.68981309586718,0.7847222222222222,0.875,893.6964633231399,1120.079388996172,49.591928857555104,68.97362756083612
90,validation,2025-05-20,148.42413492048868,0.875,0.9513888888888888,870.5491182655447,1099.649408199404,33.91490946897966,55.41255429020748
90,validation,2025-05-21,205.93122148667933,0.8055555555555556,0.8819444444444444,851.4168150624456,1087.178102017765,21.7998322214562,47.43402912001511
90,validation,2025-05-22,149.2825266127999,0.8333333333333334,0.9583333333333334,850.5472529195022,1095.3353578057338,20.367929108316048,47.543261925942716
90,validation,2025-05-23,133.41347312762582,0.9166666666666666,0.9722222222222222,833.8406022953968,1076.4065266133848,16.580838453737215,44.514684912018765
90,validation,2025-05-24,205.71982502927574,0.7847222222222222,0.9097222222222222,828.9315669796621,1068.7632871350454,16.04487602447489,43.825983738376635
90,validation,2025-05-25,164.73366635974176,0.8680555555555556,0.9722222222222222,821.8316881991924,1057.307264713304,14.138682914045148,42.21553464533645
90,validation,2025-05-26,212.81487020382278,0.7777777777777778,0.8611111111111112,815.5670129597252,1051.6711933714166,10.781378042807773,40.79788423424225
90,validation,2025-05-27,168.11584363848897,0.8194444444444444,0.9097222222222222,794.2435396293794,1039.8962241082024,4.886518680269091,38.469177596960435
90,validation,2025-05-28,210.81049086333533,0.7013888888888888,0.8611111111111112,789.0055222452326,1027.3533651432479,9.857430206070148,38.469177596960435
90,validation,2025-05-29,170.46824778431267,0.8194444444444444,0.9444444444444444,803.4837071663546,1038.1059006898838,15.9987592014636,42.21553464533645
90,validation,2025-05-30,199.10140207064222,0.7152777777777778,0.8541666666666666,795.4022755760858,1020.3728143469375,13.963940867600286,38.684083232318244
90,validation,2025-05-31,159.2127145296096,0.8055555555555556,0.8958333333333334,773.6364145292313,993.4288755438502,13.743111732170291,37.37132598462449
90,validation,2025-06-01,519.5520455970158,0.2777777777777778,0.3541666666666667,775.4419687363564,989.7143839654899,13.963940867600286,35.40698063210857
90,validation,2025-06-02,324.3911944928796,0.5625,0.7361111111111112,851.6082316167024,1163.5455475484205,38.006155602757644,92.16788490794511
90,validation,2025-06-03,193.74866752059805,0.7777777777777778,0.9513888888888888,882.9564863900523,1236.635154859513,47.865041724979505,116.83079472177997
90,validation,2025-06-04,209.65205456310787,0.7361111111111112,0.8958333333333334,902.8392487186956,1245.8970948088713,57.927954872898226,119.08467567304933
90,validation,2025-06-05,211.53373000807733,0.7916666666666666,0.9166666666666666,927.0872937741951,1258.0507433964247,65.45110576135448,121.82242121699073
90,validation,2025-06-06,294.33232081293204,0.7083333333333334,0.8333333333333334,949.251020440412,1272.8342109721302,71.22977067484749,127.46583238015137
90,validation,2025-06-07,232.030507983128,0.8125,0.9375,1010.8071738319991,1337.0146124033595,86.96939338623332,144.09481808305736
90,validation,2025-06-08,386.4019036360145,0.5763888888888888,0.7013888888888888,1032.9045699274639,1356.144665740272,93.70640376682059,147.85602788111055
90,validation,2025-06-09,170.24260457249153,0.9305555555555556,0.9861111111111112,1113.9032605044486,1454.7095937917227,122.31404804376416,177.996899186272
90,validation,2025-06-10,171.1412982763911,0.8888888888888888,0.9930555555555556,1093.7376707073422,1433.1224843607363,117.98098489422591,174.3126618774936
90,validation,2025-06-11,186.67288163671935,0.9236111111111112,0.9861111111111112,1108.9039287615797,1436.325894975465,121.3432297857421,173.8174141741747
90,validation,2025-06-12,178.46498636373803,0.9166666666666666,0.9861111111111112,1103.5750173641213,1419.8306498575812,116.0815478506147,163.88735330864745
90,validation,2025-06-13,154.4834779057198,0.9930555555555556,1.0,1112.5796500937201,1427.1261736334511,117.98098489422591,165.1467708759119
90,validation,2025-06-14,205.50986193359154,0.8958333333333334,0.9305555555555556,1071.6257264610254,1394.3216794935722,107.39972349138043,160.2967156784702
90,validation,2025-06-15,155.07203126718358,0.9375,0.9722222222222222,1076.9834647887287,1417.1108123644908,109.07134189982753,167.2418992585067
90,validation,2025-06-16,142.2542373064557,0.9305555555555556,0.9722222222222222,998.6532961145645,1285.4690819792834,71.66482608701699,103.48365668811493
90,validation,2025-06-17,184.06736654463288,0.8194444444444444,0.9375,951.2468075917152,1212.0433650071873,54.944202524356115,75.32718855411576
90,validation,2025-06-18,185.34838923697953,0.8541666666666666,0.9583333333333334,954.1820930006284,1212.6056511878483,53.00948887058644,71.30484095909287
90,validation,2025-06-19,231.939825608745,0.7916666666666666,0.9097222222222222,940.6573744618186,1184.3639359850492,45.894557359143164,58.680642154870384
90,validation,2025-06-20,205.08271814625974,0.8125,0.9236111111111112,946.8311492554635,1186.8557103191679,43.92615496852841,55.06931928994982
90,validation,2025-06-21,268.7574567567578,0.7638888888888888,0.8402777777777778,938.2475748044393,1173.5844109670168,34.49561997731007,45.08240146459593
90,validation,2025-06-22,193.19275660870693,0.8263888888888888,0.9166666666666666,940.5599281888556,1189.1243268049875,34.99261516441538,48.5797775451274
90,validation,2025-06-23,189.66509093738523,0.8333333333333334,0.9097222222222222,910.2766230213986,1142.4733694360807,18.602318578005907,24.517600983547254
90,validation,2025-06-24,255.2028903514842,0.6736111111111112,0.7986111111111112,904.049160551324,1126.1579509809364,18.253408685923205,24.206573956751527
90,validation,2025-06-25,199.20984832557426,0.8263888888888888,0.8680555555555556,927.1069281330658,1155.050944010609,23.075691184087646,28.502533550776207
90,validation,2025-06-26,213.4845059833656,0.8194444444444444,0.9236111111111112,920.5198429458849,1165.0647756007845,23.075691184087646,34.41055673616529
90,validation,2025-06-27,225.30862308664325,0.7986111111111112,0.8888888888888888,922.5659569161053,1165.6948385242074,20.65630510655089,33.828964394173795
90,validation,2025-06-28,205.87872430715228,0.8472222222222222,0.9097222222222222,937.2165346678365,1185.2144381543753,26.21809366155594,41.67970529964987
90,validation,2025-06-29,187.61927380973617,0.8263888888888888,0.9375,940.089685863498,1190.8013715482912,23.075691184087646,39.658173932929
90,validation,2025-06-30,184.24189295999386,0.7916666666666666,0.8888888888888888,897.1003005546281,1134.4846981100786,24.14570030070263,36.006699751853375
90,validation,2025-07-01,379.13736720055255,0.4236111111111111,0.5,883.490362265574,1115.870020625406,29.266436291267382,41.67970529964987
90,validation,2025-07-02,338.708165809182,0.5763888888888888,0.75,937.5179992179094,1234.508497005303,52.49021442452067,89.59227461461751
90,validation,2025-07-03,205.8957439185286,0.7847222222222222,0.9166666666666666,984.2085656538204,1330.874746312429,71.62970747326926,125.28604458688142
90,validation,2025-07-04,271.0847699528957,0.7291666666666666,0.8819444444444444,989.1866340483892,1326.5623832009144,74.38930778697795,126.11322307377986
90,validation,2025-07-05,219.90345490007297,0.8263888888888888,0.9444444444444444,1008.1652810576646,1349.0732301034889,85.25386838449694,138.75446045555873
90,validation,2025-07-06,178.16301047115556,0.8958333333333334,0.9444444444444444,986.5363793588872,1298.4573693502814,84.51646145054474,129.5885691117137
90,validation,2025-07-07,223.93934658057114,0.7777777777777778,0.875,968.4123148140453,1284.8580334768428,81.55103458517209,131.4031318261882
90,validation,2025-07-08,202.08986906030944,0.8333333333333334,0.9097222222222222,987.0500445287091,1333.7385032538696,88.54050089421708,148.0828648291656
90,validation,2025-07-09,187.26283910008442,0.8402777777777778,0.9236111111111112,991.2014985613181,1347.4469636702477,85.40980268670103,150.04279008947015
90,validation,2025-07-10,171.0690785916508,0.8958333333333334,0.9652777777777778,979.9299154201412,1342.691338700416,85.66905574359089,160.14419800105406
90,validation,2025-07-11,199.88638124114237,0.8819444444444444,0.9652777777777778,976.9354374521348,1335.3987831407806,85.42164672333342,156.1429996554425
90,validation,2025-07-12,149.88232731348066,0.9375,0.9930555555555556,974.3002952411548,1326.1712713898812,84.16593420034496,156.1429996554425
90,validation,2025-07-13,235.06383780758472,0.7777777777777778,0.9166666666666666,962.8849165827503,1306.688196604872,81.16136695680689,150.04279008947015
90,validation,2025-07-14,161.621096565441,0.9305555555555556,0.9722222222222222,984.8472176271961,1333.3485994193295,87.33390857517509,156.1429996554425
90,validation,2025-07-15,232.3567335800916,0.8333333333333334,0.8958333333333334,974.6629021639112,1321.5911342647103,83.57594575666917,152.04521989416935
90,validation,2025-07-16,219.6143243045634,0.7708333333333334,0.8888888888888888,937.5218744210683,1197.8898191326361,64.5574157768333,88.28818197085093
90,validation,2025-07-17,164.41734650956792,0.8472222222222222,0.9305555555555556,929.3079107229124,1177.310086911853,53.75139332508331,70.50046388345913
90,validation,2025-07-18,231.4222582238423,0.7361111111111112,0.9097222222222222,908.3496180494421,1167.9844804633199,42.86419241899421,64.77291252223404
90,validation,2025-07-19,170.43021572826078,0.8333333333333334,0.9027777777777778,918.739227753057,1165.9702545949528,40.947859689012375,59.574162645528304
90,validation,2025-07-20,164.47554395560428,0.8125,0.9097222222222222,908.2750108788496,1164.2555032696591,35.82509760092853,59.574162645528304
90,validation,2025-07-21,193.95270936730006,0.8055555555555556,0.9375,911.0715834254027,1165.1204000169191,38.94510857209548,60.3364030773364
90,validation,2025-07-22,197.02924748090217,0.8611111111111112,0.9236111111111112,899.5977565135522,1160.3765089774283,33.69914145942403,56.946733641639184
90,validation,2025-07-23,169.47153260344749,0.8125,0.9166666666666666,864.3226495148818,1123.9038459284889,28.28603351027141,54.90067091780929
90,validation,2025-07-24,214.89097342646903,0.7569444444444444,0.875,857.5161301382727,1121.1368430875132,26.859360789987022,53.29151933396645
90,validation,2025-07-25,147.06969456176668,0.875,0.9583333333333334,882.2054720837199,1133.9926238060827,34.72802274521291,54.638242918936385
90,validation,2025-07-26,176.3367545965546,0.8402777777777778,0.9236111111111112,870.731995135077,1127.1993324297184,29.858222635479166,52.980056394503094
90,validation,2025-07-27,170.7365373163752,0.7986111111111112,0.9166666666666666,865.3900301449145,1128.1809295150006,33.653625935793116,54.922105158846534
90,validation,2025-07-28,248.00732634995862,0.7013888888888888,0.7986111111111112,851.272157694518,1122.8925462356628,25.819156659993496,51.85766356896056
90,validation,2025-07-29,199.73814857020665,0.7777777777777778,0.8819444444444444,886.959595247616,1151.9340671188788,37.785122844949,59.31752589216782
90,validation,2025-07-30,171.4251241809968,0.8402777777777778,0.9305555555555556,872.4702514380988,1123.7516562732146,37.283686953185224,58.18116678301385
90,validation,2025-07-31,167.0546660976509,0.8263888888888888,0.9236111111111112,844.0334041458814,1098.4612400969174,29.858222635479166,55.30969395740249
90,validation,2025-08-01,243.13287353972413,0.6458333333333334,0.8333333333333334,837.3354109648203,1090.058103791521,29.230714499758506,54.922105158846534
90,validation,2025-08-02,167.76626830027664,0.8402777777777778,0.8888888888888888,852.867730259813,1087.676165466336,35.861843699537076,56.62269074530377
90,validation,2025-08-03,228.695242049622,0.6875,0.8611111111111112,840.7848314785284,1085.9872076101562,34.97432628157503,58.042709458063655
90,validation,2025-08-04,131.93691461036053,0.8819444444444444,0.9444444444444444,869.2193882723041,1098.7309065393918,42.96146005981336,62.062529771654226
90,validation,2025-08-05,151.85631864694747,0.8472222222222222,0.9444444444444444,848.6984652316823,1081.9649552310682,38.487357083273764,60.94915669833517
90,validation,2025-08-06,222.9053343713392,0.75,0.8263888888888888,843.0061672185587,1068.038074998181,39.60863752129444,59.8791854554442
90,validation,2025-08-07,171.50240654112645,0.875,0.9375,856.9849041120885,1094.2790231084755,43.134529123625725,70.07464763295775
90,validation,2025-08-08,186.093383709882,0.7847222222222222,0.9236111111111112,836.9437341496754,1071.0962145314459,39.22726396750841,62.96338339046224
90,validation,2025-08-09,187.80912199070553,0.8125,0.9236111111111112,847.2463554320061,1082.6031555277762,42.871851317475375,67.2120237839548
90,validation,2025-08-10,190.5639802423322,0.8125,0.9166666666666666,854.5835759421971,1088.5751012931319,43.5707824609226,67.28702929894598
90,validation,2025-08-11,170.85796402998162,0.8680555555555556,0.9305555555555556,849.4453428582083,1077.1443954746785,44.062525906863584,67.28702929894598
90,validation,2025-08-12,215.9721139614586,0.7291666666666666,0.8680555555555556,840.160690008159,1056.5134289608052,38.116210752727795,58.042709458063655
90,validation,2025-08-13,167.20233574104972,0.8611111111111112,0.9027777777777778,841.8022908859997,1062.4875616600048,39.57469711795511,58.47118916415366
90,validation,2025-08-14,187.68378939794073,0.7430555555555556,0.8611111111111112,834.5191175844125,1064.3020645386084,39.113679619556024,61.25797293632331
90,validation,2025-08-15,159.7368463910819,0.8819444444444444,0.9513888888888888,843.4929232292304,1073.9637380452837,42.871851317475375,65.38965581834918
90,validation,2025-08-16,169.6113714056945,0.7916666666666666,0.9027777777777778,813.2727104320254,1046.1867900943362,32.88040935794061,57.26476148494237
90,validation,2025-08-17,175.1299112076865,0.8263888888888888,0.8888888888888888,819.2052569613065,1037.5301726487312,36.4477908760191,55.41176873401082
90,validation,2025-08-18,179.54580811886,0.8055555555555556,0.875,807.3230463405181,1035.4287225443065,30.378393758394395,53.89480452227781
90,validation,2025-08-19,139.58619633637252,0.8472222222222222,0.9097222222222222,811.6820964141414,1050.8132489108339,32.88040935794061,60.0625461613854
90,validation,2025-08-20,274.73448804820976,0.6319444444444444,0.75,804.83462920249,1049.8037636466224,32.24450651046027,62.05089143870862
90,validation,2025-08-21,159.16989109829257,0.8888888888888888,0.9652777777777778,831.0314510586527,1091.3526045031406,36.81847916992592,70.9222061957571
90,validation,2025-08-22,179.19675254606412,0.7777777777777778,0.9097222222222222,818.0965085649229,1068.2665835056634,33.99840699351989,64.18307144417395
90,validation,2025-08-23,153.18923318114548,0.8680555555555556,0.9583333333333334,823.8147752247337,1079.1122197276857,33.93215168456027,67.42486217540704
90,validation,2025-08-24,208.41249737639558,0.7847222222222222,0.9027777777777778,817.5738634283625,1066.1386624590448,31.576548002924483,63.13845596871397
90,validation,2025-08-25,230.01968752199986,0.6944444444444444,0.8472222222222222,827.4101558022253,1073.261075985144,31.626928361146383,63.775600279400805
90,validation,2025-08-26,162.2403206510557,0.8611111111111112,0.9375,850.7993088100371,1103.3094210794598,39.95364314673134,75.27741565799988
90,validation,2025-08-27,189.64801900412854,0.7638888888888888,0.9236111111111112,833.3072080961501,1081.9553273695046,33.59021380958711,67.42486217540704
90,validation,2025-08-28,242.91390438815122,0.7708333333333334,0.8402777777777778,843.9849521728946,1084.7003155243717,37.493651943671466,66.84358283067922
90,validation,2025-08-29,176.3276527580685,0.7777777777777778,0.9027777777777778,849.9649831495972,1109.8468108438258,36.4995310593722,71.00349061806901
90,validation,2025-08-30,184.45908200626985,0.7916666666666666,0.9027777777777778,836.8560633999174,1100.9904011779488,40.38227997706508,78.47195249618966
90,validation,2025-08-31,185.49868967599636,0.8055555555555556,0.8888888888888888,839.1701861063211,1098.1500965147222,42.16206829601151,78.52132478387057
90,holdout,2025-09-01,323.9022021339356,0.4444444444444444,0.5694444444444444,824.9904861683417,1083.2621589060768,43.35268495463879,79.75766953401103
90,holdout,2025-09-02,237.46568162477752,0.6527777777777778,0.8611111111111112,893.5765133147487,1186.5897724588383,66.22789339797703,115.97319516574498
90,holdout,2025-09-03,253.6613943351354,0.7152777777777778,0.8680555555555556,941.9675471249354,1224.8320173250224,82.91018065620392,127.98300728612054
90,holdout,2025-09-04,225.1416254648892,0.7638888888888888,0.8611111111111112,944.8934360980168,1219.9716279470351,81.18582180079466,120.75523600653833
90,holdout,2025-09-05,150.87319151184568,0.9305555555555556,0.9930555555555556,976.9736064652012,1246.216294861256,95.93480684118367,132.45325576822052
90,holdout,2025-09-06,250.9377211795349,0.7569444444444444,0.9027777777777778,954.8437400719444,1233.8718385896457,88.86571268942942,130.91230735673912
90,holdout,2025-09-07,169.2186281370382,0.8888888888888888,0.9652777777777778,987.9271679551841,1257.014069830939,99.14021121371636,136.5099645027267
90,holdout,2025-09-08,240.63342395876003,0.8055555555555556,0.8680555555555556,985.0311194096386,1246.5096060643218,97.38405056313331,132.45325576822052
90,holdout,2025-09-09,201.77973219597743,0.8888888888888888,0.9583333333333334,986.1688746899102,1258.3402200229411,96.33059109967098,135.47929944188576
90,holdout,2025-09-10,223.77994478106368,0.8194444444444444,0.9305555555555556,990.3663232692436,1258.7707169017183,97.76195598442109,133.74612344332036
90,holdout,2025-09-11,223.97983453847928,0.9027777777777778,0.9305555555555556,1006.147080180624,1282.4955336490605,100.47364142036622,140.13767890453892
90,holdout,2025-09-12,159.21729693344807,0.9375,0.9652777777777778,1003.2421582926371,1266.8576498690588,95.49644550268658,131.2067641205881
90,holdout,2025-09-13,194.8742500065931,0.9236111111111112,0.9652777777777778,981.6367233998683,1247.7097532960588,88.56935533574404,122.92498648829132
90,holdout,2025-09-14,192.83377912429242,0.8333333333333334,0.9166666666666666,967.0195057470604,1237.5573503878431,81.18582180079466,121.77983739114643
90,holdout,2025-09-15,197.60079653924902,0.9166666666666666,0.9791666666666666,963.8780655424429,1238.9083180977866,81.18582180079466,120.9173502834069
90,holdout,2025-09-16,182.19161325746543,0.8263888888888888,0.9097222222222222,916.5170506123583,1149.0269243753862,54.598069459742874,78.2847605532611
90,holdout,2025-09-17,179.37233694589668,0.8263888888888888,0.9236111111111112,902.2131074347794,1128.725269366176,45.460709718609905,65.48794557874407
90,holdout,2025-09-18,145.1615282331028,0.9166666666666666,0.9791666666666666,871.322719832262,1102.8053623511212,31.90634058407022,56.21006453260679
90,holdout,2025-09-19,164.1178705862632,0.8541666666666666,0.9375,835.4436207404896,1061.0208776379118,18.40357979754799,39.17764059879846
90,holdout,2025-09-20,155.69863720772585,0.8611111111111112,0.9027777777777778,837.0882781970458,1060.066915412279,20.29757134836393,40.506009842157255
90,holdout,2025-09-21,197.4148125891014,0.7708333333333334,0.8819444444444444,822.1608738844631,1037.8107560466565,11.771702954402826,28.905313628772547
90,holdout,2025-09-22,138.20170389003502,0.8541666666666666,0.9305555555555556,821.2698923622671,1038.7482510872187,13.952882572749331,31.805061041161935
90,holdout,2025-09-23,141.8831617248269,0.8680555555555556,0.9444444444444444,797.5336912239676,1013.7243740388242,6.977604081952904,20.823229199566867
90,holdout,2025-09-24,135.16883937349422,0.8541666666666666,0.9513888888888888,779.452996474524,996.3623603645517,0.692139672086796,16.339245514409413
90,holdout,2025-09-25,145.01456939361273,0.7777777777777778,0.8611111111111112,774.0373109295358,982.9158860472386,0.0,10.581796040195968
90,holdout,2025-09-26,169.39950398627195,0.7361111111111112,0.8472222222222222,766.4426834999226,981.5566218372928,0.0,12.653837720512001
90,holdout,2025-09-27,188.99632550612125,0.7847222222222222,0.9027777777777778,774.050746513048,990.3968963790435,0.0,14.532145953310646
90,holdout,2025-09-28,132.14523439824995,0.8958333333333334,0.9444444444444444,765.0277274740859,985.7440021489648,1.8630929568585088,16.339245514409413
90,holdout,2025-09-29,134.86550444437523,0.8402777777777778,0.9305555555555556,754.5432095858222,961.7228985270672,0.0,10.54150801213109
90,holdout,2025-09-30,143.55874570602933,0.8125,0.9097222222222222,730.0768756177788,924.511221591802,0.0,10.54150801213109
90,holdout,2025-10-01,498.5573880476003,0.2916666666666667,0.3680555555555556,717.6314606066364,907.0701432600895,0.0,5.4039136392689215
90,holdout,2025-10-02,212.21596346230797,0.7083333333333334,0.8541666666666666,768.1487788371913,1053.066493004216,13.381489255265478,49.68883385097706
90,holdout,2025-10-03,159.80189201812325,0.8402777777777778,0.9722222222222222,791.9947718145256,1073.958846441473,23.940748613911182,62.76048416447429
90,holdout,2025-10-04,123.49215409744858,0.9097222222222222,0.9652777777777778,797.7841814396296,1069.6514829507332,25.108112229973813,61.378151539785904
90,holdout,2025-10-05,145.2696051690866,0.8541666666666666,0.9791666666666666,772.0754035819084,1047.063215285615,21.96157820474218,56.362024260166436
90,holdout,2025-10-06,110.74446819012532,0.9652777777777778,1.0,758.7112118373007,1023.9393941991877,17.429127224829244,47.71448208391848
90,holdout,2025-10-07,108.49120151676996,0.9236111111111112,0.9861111111111112,727.5985612738418,984.9855505542296,11.530540512336302,43.03215842660984
90,holdout,2025-10-08,132.19884453078043,0.8888888888888888,0.9513888888888888,703.2923259439546,964.1679445804226,9.57830618107323,39.74921996975354
90,holdout,2025-10-09,125.9045021086721,0.8819444444444444,0.9583333333333334,684.8793040467382,950.1534581158417,7.859053699972719,40.734563267591966
90,holdout,2025-10-10,170.33076127923715,0.7916666666666666,0.9027777777777778,654.3741480810063,925.0003969031651,2.293273515384044,37.03753874604536
90,holdout,2025-10-11,125.6273843589771,0.8194444444444444,0.9583333333333334,657.7221185291204,925.5848751434637,1.4096258174056402,34.78114872158312
90,holdout,2025-10-12,126.46933431549067,0.8402777777777778,0.9375,635.3668432730323,892.0498466831724,0.0,29.981043638780648
90,holdout,2025-10-13,126.9178450616987,0.8194444444444444,0.9583333333333334,626.2351068289851,876.0135606957826,1.9576934002325288,30.945573474677985
90,holdout,2025-10-14,129.73436282748855,0.7916666666666666,0.8958333333333334,614.7093674209929,847.0915826543187,2.24651416936058,29.981043638780648
90,holdout,2025-10-15,124.96533926687023,0.8263888888888888,0.9236111111111112,610.8931010114895,846.7297014596927,3.998236606647424,32.747160162002274
90,holdout,2025-10-16,156.6548941428646,0.7708333333333334,0.8680555555555556,598.7651216146719,774.7186327314862,0.0,0.0
90,holdout,2025-10-17,129.0739376013836,0.7430555555555556,0.8611111111111112,603.4279434540925,780.8385320584462,0.0,0.0
90,holdout,2025-10-18,123.18258944087782,0.8402777777777778,0.9513888888888888,603.8007054802587,774.4661520384757,0.0,0.0
90,holdout,2025-10-19,157.63094870849076,0.75,0.8194444444444444,597.588962925751,763.4935765033455,0.0,0.0
90,holdout,2025-10-20,138.75880213178897,0.7569444444444444,0.8680555555555556,593.938181015969,755.0866935234966,0.0,0.0
90,holdout,2025-10-21,159.8980092618218,0.7083333333333334,0.8194444444444444,596.4780059296147,756.8554598678181,0.0,0.0
90,holdout,2025-10-22,160.07249776994433,0.7083333333333334,0.8055555555555556,597.8556370035116,775.9588539354556,0.9929788616659607,9.087607568403655
90,holdout,2025-10-23,120.6505409479696,0.8333333333333334,0.9583333333333334,614.5069846722772,799.9330278921303,7.008819124538604,17.117910299291907
90,holdout,2025-10-24,109.85143834727944,0.8402777777777778,0.9444444444444444,618.054690263542,798.3283446591171,7.834660544062444,17.117910299291907
90,holdout,2025-10-25,123.79187429190239,0.7986111111111112,0.9027777777777778,608.0124972122851,779.604066766999,7.072805980582416,13.48473317855587
90,holdout,2025-10-26,95.69355899642566,0.8888888888888888,0.9305555555555556,594.3833933460261,761.6088047138553,7.793631159725464,14.274897564441503
90,holdout,2025-10-27,167.95987119887099,0.6944444444444444,0.8263888888888888,587.9948791415753,759.3996707654434,6.223750363324598,13.969514039839396
90,holdout,2025-10-28,122.44741052388983,0.8402777777777778,0.9166666666666666,609.385239115131,797.815136831376,10.558767246357547,25.922432219869734
90,holdout,2025-10-29,181.042431602347,0.6527777777777778,0.7777777777777778,603.2372759740231,788.9523025081518,9.968655906468484,22.59864647547147
90,holdout,2025-10-30,107.2977984009771,0.8472222222222222,0.9375,593.6620635168971,762.6553534983826,15.401123772099254,31.986020901860456
90,holdout,2025-10-31,134.76098752685195,0.8055555555555556,0.8888888888888888,568.5576441927157,738.5864616024735,14.352786499381182,29.3940538681436
90,holdout,2025-11-01,97.68111602046321,0.8541666666666666,0.9236111111111112,561.2540520381039,733.8357460979673,13.925183350772386,30.1068864529243
90,holdout,2025-11-02,102.86111338591792,0.8333333333333334,0.9375,561.0700621481838,738.1922923587488,14.511505960368595,33.72736950404578
90,holdout,2025-11-03,121.47858563509986,0.8194444444444444,0.9236111111111112,540.3504104513792,720.8466966822521,12.820854368923847,29.3940538681436
90,holdout,2025-11-04,120.65585094485752,0.7361111111111112,0.9097222222222222,543.0791937973364,717.067464738742,12.33466709269669,26.65864561782746
90,holdout,2025-11-05,97.7660600074078,0.8541666666666666,0.9444444444444444,544.4380465706215,713.2400040625906,11.490099318383727,23.915398744666163
90,holdout,2025-11-06,147.70093526643203,0.6666666666666666,0.8263888888888888,527.2307264781424,687.1585830819331,8.728190890275073,16.83743740670161
90,holdout,2025-11-07,170.52190637981838,0.6944444444444444,0.8125,533.264153527904,691.8480628762309,13.280766456460697,26.332290040807493
90,holdout,2025-11-08,104.88650682987951,0.8472222222222222,0.9305555555555556,539.5906621534982,698.6964192365433,19.229624020584485,33.535951303944785
90,holdout,2025-11-09,106.57892502794097,0.8055555555555556,0.9097222222222222,530.520788723507,690.6320837069406,17.338547937662042,32.87912825803505
90,holdout,2025-11-10,113.7249176512402,0.7777777777777778,0.9305555555555556,534.6176604094277,686.424032757417,20.935054075107473,33.78618585012282
90,holdout,2025-11-11,89.57565439508936,0.8680555555555556,0.9375,525.8099815500514,663.734670597933,19.882183761984834,30.174235121694892
90,holdout,2025-11-12,109.44127550691485,0.8402777777777778,0.8958333333333334,521.7912807869315,659.9472419854662,19.465692987433158,29.898754214679684
90,holdout,2025-11-13,128.82381510814915,0.7361111111111112,0.8263888888888888,512.4490154047769,649.8980823585815,13.815827829953832,25.009727360982197
90,holdout,2025-11-14,94.92866077846594,0.8541666666666666,0.9375,514.4843017564967,664.8300430364512,17.07452703307945,31.102059062427543
90,holdout,2025-11-15,90.92686348345711,0.8680555555555556,0.9375,507.4298684812113,651.8540001483982,15.842774022315098,27.98190175102991
90,holdout,2025-11-16,113.43641471803315,0.7708333333333334,0.875,500.51990284362194,643.8935499256733,15.395776708264748,27.024693556613784
90,holdout,2025-11-17,115.10635138333345,0.7708333333333334,0.8888888888888888,502.813690893646,648.3014829014313,17.37077638739629,31.03580320010269
90,holdout,2025-11-18,111.588051607367,0.7986111111111112,0.875,507.0802989080364,652.0474483448211,18.642194041441144,32.39609915413166
90,holdout,2025-11-19,87.36343087407407,0.875,0.9444444444444444,503.13976778535897,657.0995327791061,17.609177953605922,34.921362733573005
90,holdout,2025-11-20,120.07914097460564,0.75,0.8888888888888888,490.63302512312777,649.2293722094857,17.381409288270333,35.44852999966497
90,holdout,2025-11-21,120.65796545569054,0.7638888888888888,0.8472222222222222,489.456286448624,643.2720676709125,16.59271708685992,32.39385332961501
90,holdout,2025-11-22,97.82691503933373,0.7916666666666666,0.9305555555555556,486.7033253581883,647.056301548227,12.989335038507761,31.102059062427543
90,holdout,2025-11-23,143.0723423802878,0.7083333333333334,0.8541666666666666,491.74227838394046,643.7915136976834,15.629143219881826,31.102059062427543
90,holdout,2025-11-24,136.07924968131994,0.7638888888888888,0.8541666666666666,505.2383564167892,661.1510568665984,17.59899430447149,33.82791002009935
90,holdout,2025-11-25,92.75951582961251,0.8402777777777778,0.9305555555555556,507.5989656454583,660.1696418687017,17.733252711381738,37.22070531850409
90,holdout,2025-11-26,93.4495950222332,0.8333333333333334,0.9305555555555556,507.6394850820154,657.966403282279,18.285330883396682,38.06393087969445
90,holdout,2025-11-27,116.29234120020377,0.7847222222222222,0.9236111111111112,498.7682276405012,644.5513496591058,18.285330883396682,37.22070531850409
90,holdout,2025-11-28,100.01617824987387,0.7916666666666666,0.9166666666666666,498.94255001928144,637.1627655142378,17.59899430447149,32.23839385066913
90,holdout,2025-11-29,141.59020125662659,0.6805555555555556,0.8125,496.1744561808304,631.4152243364097,18.848774823813073,32.99680327102442
90,holdout,2025-11-30,92.43244662366457,0.8819444444444444,0.9583333333333334,516.741698341122,650.6276039789967,25.641201437676955,38.72771633509183
90,holdout,2025-12-01,250.71975614532474,0.4583333333333333,0.5625,508.68575873314575,643.4453970064343,22.296121455768116,36.52799682204477
90,holdout,2025-12-02,242.2312765045356,0.3819444444444444,0.5347222222222222,536.1484360817598,699.5423508364888,32.76950252672714,55.847475951834895
90,holdout,2025-12-03,181.43782220965537,0.5694444444444444,0.8055555555555556,581.1138708654203,795.8695764909049,48.02831550306473,84.29271295721628
90,holdout,2025-12-04,155.42416011622765,0.7083333333333334,0.9166666666666666,625.5189850883136,852.0718861091106,62.08603992075541,101.21940202929636
90,holdout,2025-12-05,123.79757066763597,0.875,0.9444444444444444,642.2886928334369,851.1637983593132,68.73762855928135,102.27048539349107
90,holdout,2025-12-06,109.16955359191846,0.9027777777777778,0.9513888888888888,636.9676572950088,837.2724102152861,68.31326475301466,101.576861811649
90,holdout,2025-12-07,123.25546174100504,0.8819444444444444,0.9652777777777778,634.9907441075393,842.4098184079859,68.00768385793867,103.3250454230847
90,holdout,2025-12-08,178.75791041220438,0.6597222222222222,0.8263888888888888,638.8297550627592,842.4310402789283,67.08392303407072,102.27048539349107
90,holdout,2025-12-09,160.55171023527978,0.7777777777777778,0.8888888888888888,656.4510125680704,871.8878849256998,73.75121898746033,112.29808799711554
90,holdout,2025-12-10,122.64747371713605,0.875,0.9652777777777778,680.231116421573,902.4650231503612,80.93562031884085,120.15621731084684
90,holdout,2025-12-11,171.58721572849436,0.7430555555555556,0.8611111111111112,689.1620967916214,905.822784352074,82.19977313733136,120.8039110054599
90,holdout,2025-12-12,122.99727272886152,0.9166666666666666,0.9722222222222222,714.4239401187289,928.0162435621561,90.96933636084214,128.22110451160643
90,holdout,2025-12-13,107.52291248440305,0.9305555555555556,1.0,720.3034807725245,938.8292346781665,92.17486813829646,131.3711864514928
90,holdout,2025-12-14,98.80028108125383,0.9513888888888888,0.9930555555555556,716.0631663355157,929.1130427561524,88.90510845640983,125.23604465194467
90,holdout,2025-12-15,100.67099534440607,0.9513888888888888,0.9722222222222222,713.5477795483154,925.3034988282972,89.24618605995238,124.6388616070385
90,holdout,2025-12-16,96.78573406224443,0.9513888888888888,0.9861111111111112,677.5640858302609,864.9471846849301,71.96254199256055,94.78107246890613
90,holdout,2025-12-17,108.627762916813,0.9236111111111112,0.9861111111111112,633.2712549543489,811.0736607280056,51.00663955599248,69.04447744651952
90,holdout,2025-12-18,148.4721187353277,0.8055555555555556,0.8680555555555556,604.6941273598609,775.364112558791,35.6770085281546,50.7628376411285
90,holdout,2025-12-19,107.4104703709149,0.8541666666666666,0.9583333333333334,598.2587849705463,782.9323563092314,29.979831329908848,48.86567727316151
90,holdout,2025-12-20,116.68749949209875,0.875,0.9583333333333334,594.0659831223264,776.6348894672615,27.528966934830123,45.4038748222074
90,holdout,2025-12-21,126.03376396724535,0.8055555555555556,0.8611111111111112,591.3194245424359,775.8682699651973,24.898262250216703,43.886194342017006
90,holdout,2025-12-22,115.09021771789263,0.7986111111111112,0.9444444444444444,587.8283536505577,784.1524042559511,23.207075138004257,46.811388087366595
90,holdout,2025-12-23,145.3630547464369,0.7569444444444444,0.8194444444444444,576.8554720342686,749.3216071054911,16.338170859361526,29.7863446455558
90,holdout,2025-12-24,102.81754631393503,0.8888888888888888,0.9444444444444444,577.1747387901453,758.659474812023,12.362688142804018,29.253983982207956
90,holdout,2025-12-25,130.6690019605827,0.7638888888888888,0.8611111111111112,559.9806414157947,752.3214606269194,3.5711360526934186,24.683980592199987
90,holdout,2025-12-26,99.75817416332676,0.9166666666666666,0.9652777777777778,556.4777926969454,743.2387867988405,0.0,18.82505637655504
90,holdout,2025-12-27,104.72769237026048,0.7777777777777778,0.9583333333333334,555.8731089352239,739.003539345021,0.0,15.769546187578271
90,holdout,2025-12-28,130.88046183786636,0.8055555555555556,0.875,550.8220931571452,725.0980940043194,0.0,13.189973531715623
90,holdout,2025-12-29,102.48493130180425,0.8402777777777778,0.9652777777777778,550.6916246206197,734.7132721827784,0.0,15.459859802904703
90,holdout,2025-12-30,143.2659670718935,0.7361111111111112,0.8263888888888888,519.4606543953144,692.5267697404846,0.0,13.512747523912822
90,holdout,2025-12-31,100.59358883719689,0.8194444444444444,0.9513888888888888,493.7552169145822,679.8569998877695,1.2710553044803419,20.3941428445587
120,validation,2025-02-01,142.77931458869529,0.8402777777777778,0.9652777777777778,747.7878242092336,986.5630722898366,72.31935886776,130.02940308466395
120,validation,2025-02-02,114.47705339592615,0.8958333333333334,0.9791666666666666,732.4365899943016,949.7871771595425,64.8545538089611,112.08389683228324
120,validation,2025-02-03,120.88486839438298,0.9027777777777778,0.9652777777777778,705.9936022962701,923.5197008788564,53.97633220293574,101.43624829242299
120,validation,2025-02-04,133.68995538546582,0.8263888888888888,0.9513888888888888,699.0565755891663,916.412924633646,53.67789982125851,99.50357515634005
120,validation,2025-02-05,144.4060367508099,0.8680555555555556,0.9236111111111112,684.6150064866861,885.9330779328492,47.8779729972448,84.542825443953
120,validation,2025-02-06,115.17589857464958,0.875,0.9513888888888888,680.6502751950501,883.3619618582889,45.92316887958259,81.46081262547841
120,validation,2025-02-07,162.62145779102903,0.7847222222222222,0.8819444444444444,644.0602422176825,847.6232926849586,29.619562127049903,64.3059903159915
120,validation,2025-02-08,125.38693209504906,0.8680555555555556,0.9583333333333334,642.5378851199756,841.6959417435248,25.978088836214738,57.120442814755734
120,validation,2025-02-09,159.45303893966005,0.7847222222222222,0.8958333333333334,622.6853067615797,803.817789960694,16.73568828095995,39.51274503746845
120,validation,2025-02-10,153.89250178311374,0.7916666666666666,0.9097222222222222,622.3318380349642,805.6093602082678,15.224227779915964,38.53024054210209
120,validation,2025-02-11,124.00295006787984,0.8611111111111112,0.9513888888888888,625.2522525715283,813.2534628105601,15.888283329206047,40.9582696100847
120,validation,2025-02-12,106.09374107869995,0.8819444444444444,0.9652777777777778,609.8150850734598,795.0225156778373,9.785733125102638,33.02365925740378
120,validation,2025-02-13,171.07878530058068,0.6458333333333334,0.7777777777777778,592.6407590116601,776.5269536117953,5.607644940925638,27.854282833518482
120,validation,2025-02-14,127.35867536203114,0.8263888888888888,0.9375,609.8320491396732,797.3880002560319,14.336517632645155,38.82798635399013
120,validation,2025-02-15,113.22087622017027,0.8472222222222222,0.9444444444444444,607.1676018032907,793.6575565192948,13.221801630891605,36.99839119534681
120,validation,2025-02-16,139.74185498252837,0.7777777777777778,0.8958333333333334,593.8440963818593,781.4863599332111,6.6826378257251235,30.93928659064659
120,validation,2025-02-17,119.34854676445337,0.7986111111111112,0.9375,597.8166254968423,783.5913040816185,6.737988335992668,30.744905990562984
120,validation,2025-02-18,111.41654768833372,0.875,0.9652777777777778,600.4544419929573,780.8668030290797,7.239556691175494,29.253040440472432
120,validation,2025-02-19,129.8205618869999,0.7638888888888888,0.8819444444444444,577.3719131978486,756.4483212823525,2.1550600761997885,23.051528167085507
120,validation,2025-02-20,113.23581898067383,0.8472222222222222,0.9236111111111112,585.2953520629521,758.4854810521623,4.640519275383667,23.051528167085507
120,validation,2025-02-21,100.93833404182394,0.8263888888888888,0.9236111111111112,561.4133698224682,730.1442308659435,4.640519275383667,22.196970764487105
120,validation,2025-02-22,116.54076938020788,0.7847222222222222,0.9097222222222222,549.8416642464474,714.1564307746014,0.6445423539771582,17.50523749128206
120,validation,2025-02-23,122.32426962040628,0.7986111111111112,0.8680555555555556,544.4841261668739,699.3468188234488,2.3310428244785726,18.685669211327877
120,validation,2025-02-24,112.11527053993335,0.8194444444444444,0.9375,532.3632860802271,691.0353113715963,0.7099127321534979,18.685669211327877
120,validation,2025-02-25,151.67158616880354,0.6944444444444444,0.8402777777777778,531.4797810190153,687.2638643234686,0.0,17.032927799040408
120,validation,2025-02-26,129.14389797553292,0.8125,0.8958333333333334,539.7136385629591,685.1829408655053,6.190309515757235,21.742085432864314
120,validation,2025-02-27,133.0018009314816,0.8263888888888888,0.8819444444444444,544.370856299413,689.2479911980282,8.42824341386131,25.106748618550682
120,validation,2025-02-28,126.22768726993712,0.7916666666666666,0.8819444444444444,534.0845656088997,680.8388433095337,1.8212662094284724,17.032927799040408
120,validation,2025-03-01,170.32803634779964,0.6458333333333334,0.7222222222222222,537.7261788774965,685.7209338811341,2.510223013428913,19.51656816509785
120,validation,2025-03-02,305.4433127018992,0.6458333333333334,0.7152777777777778,558.9282439502467,721.3178794713915,8.65053656705959,32.0442638723689
120,validation,2025-03-03,238.65903600620408,0.5347222222222222,0.7152777777777778,579.1365703338308,766.1167520393137,14.419927498463949,44.507004378148395
120,validation,2025-03-04,126.37471543512675,0.8333333333333334,0.9166666666666666,618.4024061547817,828.5033991779419,26.651612733468028,61.123832015993685
120,validation,2025-03-05,133.3450451486398,0.8263888888888888,0.9166666666666666,618.8409027879701,837.0285679642197,29.17782676025581,66.96818628615893
120,validation,2025-03-06,132.2897371948962,0.8263888888888888,0.8888888888888888,618.4178286097253,833.7904263653364,28.866534863256675,67.00372111873412
120,validation,2025-03-07,142.7810893175988,0.7638888888888888,0.8958333333333334,619.7439839883903,838.4326432624252,29.936336596609635,69.94874587323261
120,validation,2025-03-08,124.45732109272204,0.7916666666666666,0.8888888888888888,635.4971617258371,842.1248220617348,38.42316884225329,73.21059946709067
120,validation,2025-03-09,130.75386594326523,0.8680555555555556,0.9444444444444444,644.7896817115284,857.8187951300154,41.695948597900724,78.83923587337358
120,validation,2025-03-10,178.57370007010036,0.7708333333333334,0.8819444444444444,640.6954455018422,852.2944964092013,41.25043518477651,77.9839264515208
120,validation,2025-03-11,125.42195278025969,0.8680555555555556,0.9652777777777778,657.0197156592816,885.0701567158635,47.8912873972522,87.37535068255465
120,validation,2025-03-12,105.39254350740784,0.8819444444444444,0.9583333333333334,643.2578554347436,868.5216797749005,43.357545198875414,80.27138057003822
120,validation,2025-03-13,212.16620711450562,0.7083333333333334,0.8472222222222222,641.8804863358223,868.2648264804684,42.73441498057048,79.87556176011731
120,validation,2025-03-14,148.31723321379752,0.8125,0.9583333333333334,660.3814419931336,894.7969220779835,50.167873250129105,89.29604859192204
120,validation,2025-03-15,191.65648566547264,0.7638888888888888,0.875,670.4466034959112,887.8153628739134,52.58165357137386,87.37535068255465
120,validation,2025-03-16,137.5171418595674,0.8125,0.9305555555555556,681.7215950453906,898.9797402083428,50.167873250129105,83.47054914460625
120,validation,2025-03-17,190.41364221584138,0.6805555555555556,0.8194444444444444,668.6938841118531,883.8326088903615,44.6636233306308,74.38279599387761
120,validation,2025-03-18,128.07224708055568,0.875,0.9305555555555556,676.4476057067335,892.3711100981568,41.695948597900724,71.24850230227321
120,validation,2025-03-19,128.94534191070065,0.8402777777777778,0.9513888888888888,675.3152418062228,897.2027865855703,41.129008726572465,71.51270238689449
120,validation,2025-03-20,126.9691255042114,0.8541666666666666,0.9166666666666666,683.1131413617238,893.2562295305381,41.129008726572465,68.83662456349975
120,validation,2025-03-21,175.09639089898894,0.7430555555555556,0.8819444444444444,678.5395768035762,886.7039359668921,40.98297873799902,67.20638886303368
120,validation,2025-03-22,118.4305855867726,0.9027777777777778,0.9513888888888888,690.7450403661742,895.747829191021,41.567441206350395,67.84669553825904
120,validation,2025-03-23,169.71051101692788,0.7569444444444444,0.875,686.0011137038895,886.8433631153489,38.12060716864653,63.18418350783213
120,validation,2025-03-24,117.04484318903471,0.9236111111111112,0.9652777777777778,699.509364649248,904.5423723654065,42.04215415715862,67.20638886303368
120,validation,2025-03-25,141.8008633877825,0.8541666666666666,0.9444444444444444,683.4698058416197,893.2715690408456,34.75787917825164,61.57280289816663
120,validation,2025-03-26,160.36056965288088,0.8611111111111112,0.9027777777777778,679.7903427040669,891.4599377276306,32.99647152419402,60.22348501599345
120,validation,2025-03-27,126.9166578570966,0.8472222222222222,0.9375,684.0911693106359,901.4817315587508,33.21058649510951,62.94469671323577
120,validation,2025-03-28,150.60457802485732,0.7847222222222222,0.8958333333333334,666.1560933428328,867.8623903563229,27.30668061326969,48.55704855772501
120,validation,2025-03-29,214.98841012747147,0.7083333333333334,0.8194444444444444,676.8034468291758,885.7082290465655,27.30668061326969,54.220646547508295
120,validation,2025-03-30,117.54608780056509,0.8888888888888888,0.9583333333333334,688.7130607572024,906.8740884418926,27.552558512930773,58.568458396076494
120,validation,2025-03-31,161.49345004570367,0.6944444444444444,0.8680555555555556,657.2626073476882,858.8967664578716,20.988587119260956,48.55704855772501
120,validation,2025-04-01,193.6099521897438,0.75,0.8819444444444444,637.1636161730964,834.5912037124581,18.51780120602416,40.65356452693459
120,validation,2025-04-02,220.33255079526305,0.7222222222222222,0.8680555555555556,665.6564997923243,861.0937574626904,24.60650537309448,45.680609620068026
120,validation,2025-04-03,122.66006257541292,0.875,0.9583333333333334,693.4557536001297,893.8582037902102,27.722351783637805,56.5104694333304
120,validation,2025-04-04,154.10210945594147,0.8333333333333334,0.8819444444444444,687.7546293482064,876.9350926963184,24.8112339268273,49.64614841979437
120,validation,2025-04-05,171.59711452227825,0.7777777777777778,0.8958333333333334,680.6834701020463,874.2784618151132,19.739770217082878,46.89500424268181
120,validation,2025-04-06,116.28348308573787,0.875,0.9583333333333334,693.4263017115035,892.0731027627417,24.60650537309448,52.26562663499135
120,validation,2025-04-07,165.20956013866203,0.7916666666666666,0.9166666666666666,682.3595243492805,871.5951803110355,18.51780120602416,43.261640223822724
120,validation,2025-04-08,126.4094113575513,0.8611111111111112,0.9375,688.8716544152554,876.1689860199361,22.58649308802694,46.89500424268181
120,validation,2025-04-09,175.01967158814216,0.7777777777777778,0.8958333333333334,686.9100044688138,875.5266462520937,22.367957615554587,46.89500424268181
120,validation,2025-04-10,135.6278612148228,0.8055555555555556,0.9027777777777778,698.9833770157288,881.46750095577,24.8112339268273,46.89500424268181
120,validation,2025-04-11,159.53871792251817,0.7638888888888888,0.8611111111111112,685.1842541386809,869.5791335830415,25.98697359354901,47.5485393947352
120,validation,2025-04-12,162.97728790081052,0.7638888888888888,0.875,691.9346883309344,882.4675424255604,27.429970132772723,50.860876254238065
120,validation,2025-04-13,134.68175555100763,0.8402777777777778,0.9305555555555556,673.0249561378805,859.6659922196447,24.8112339268273,46.84729179318742
120,validation,2025-04-14,125.2594232374588,0.8402777777777778,0.9027777777777778,670.6861810552159,858.730919667023,26.545409656777792,47.5485393947352
120,validation,2025-04-15,182.88734362675223,0.7361111111111112,0.8819444444444444,654.2896981298735,844.602161821289,21.76103373504384,45.6851635135622
120,validation,2025-04-16,171.2271138462881,0.75,0.9097222222222222,664.13102245866,850.4055685569923,22.40924889859025,45.6851635135622
120,validation,2025-04-17,113.98418676481222,0.8819444444444444,0.9652777777777778,670.0429134215035,851.9234530130941,19.892580405147783,43.21542064997584
120,validation,2025-04-18,126.55662869231764,0.8611111111111112,0.9305555555555556,667.5451418317875,846.3879194965068,19.858668725195912,41.41746388769661
120,validation,2025-04-19,129.3294722264122,0.7847222222222222,0.9027777777777778,657.5151537766571,830.8814676808012,18.344654979206098,35.785690973580586
120,validation,2025-04-20,129.84690132066626,0.8194444444444444,0.9097222222222222,659.3491965080271,832.9739613618542,18.103017682614336,35.51948772627202
120,validation,2025-04-21,170.12525534147366,0.7430555555555556,0.8472222222222222,656.0037806452524,831.4137833601542,19.729247868681796,37.75899085657056
120,validation,2025-04-22,145.08124037369853,0.8125,0.8888888888888888,669.4150673318119,845.539058591522,21.76103373504384,42.93846316975987
120,validation,2025-04-23,147.06977430086286,0.7638888888888888,0.8958333333333334,670.0531553625315,851.6742469889642,23.28536626836626,44.510369747112236
120,validation,2025-04-24,167.24295807379718,0.7986111111111112,0.8680555555555556,670.5500518515726,846.8109302292065,23.64488096161722,44.12163850266643
120,validation,2025-04-25,123.14245517674651,0.8333333333333334,0.9444444444444444,676.5856379055783,854.275265537028,23.955946010434218,45.02120206905283
120,validation,2025-04-26,207.24702907594803,0.6527777777777778,0.8194444444444444,671.5907958650826,838.230682486475,21.68366587390301,37.75899085657056
120,validation,2025-04-27,160.08855421012626,0.7569444444444444,0.8055555555555556,677.278893068372,852.8708621459681,24.423206879348527,43.33676466146699
120,validation,2025-04-28,283.52178277166445,0.5902777777777778,0.7152777777777778,687.2942753038323,873.8118530214522,27.14280685852873,49.12839712424102
120,validation,2025-04-29,178.13758689934355,0.7638888888888888,0.8541666666666666,722.8646043361582,927.8422636066166,38.453037023492016,61.95735079715723
120,validation,2025-04-30,170.00389468756578,0.7708333333333334,0.9166666666666666,725.272356887857,928.1266018617122,39.184979682097946,64.65769780934352
120,validation,2025-05-01,225.1113736569405,0.6041666666666666,0.7083333333333334,718.7686412080982,913.8186722825097,40.43189155318987,64.65769780934352
120,validation,2025-05-02,410.56859008127475,0.2708333333333333,0.4236111111111111,756.3903344257965,979.4646559787288,54.710834110201176,89.90826035256077
120,validation,2025-05-03,172.73227012368952,0.8333333333333334,0.9166666666666666,860.3959976820001,1151.960919693367,90.63136533817942,144.43019288931305
120,validation,2025-05-04,203.57919864822784,0.75,0.9236111111111112,870.1243587254748,1162.9769633059182,95.46247766395118,149.24285804111526
120,validation,2025-05-05,249.42611948754444,0.6875,0.8472222222222222,904.4209422422249,1187.0592393223783,103.18284423779983,152.7060816798762
120,validation,2025-05-06,204.98513548911018,0.8055555555555556,0.9513888888888888,948.4414375508363,1233.627262310224,114.23570860803991,165.77135487950432
120,validation,2025-05-07,139.11422181122367,0.9722222222222222,1.0,972.2491413565978,1256.009951826202,119.51729489859144,171.22984612887626
120,validation,2025-05-08,180.52479773451375,0.875,0.9236111111111112,964.2348502518515,1250.296200272573,117.73266967272684,167.77553757656733
120,validation,2025-05-09,146.81247727622156,0.9722222222222222,0.9861111111111112,968.7544354403605,1257.0767620744448,119.1225046386553,172.03856218688816
120,validation,2025-05-10,206.65473678701926,0.8680555555555556,0.9305555555555556,955.8658184083137,1252.3979089412574,118.76494775999527,175.21259045951638
120,validation,2025-05-11,156.52356031509836,0.9236111111111112,0.9791666666666666,961.454392617728,1266.2927646103756,117.60689340469355,175.6049437721117
120,validation,2025-05-12,236.18423391887487,0.7569444444444444,0.8819444444444444,950.4480003137988,1256.3812535061766,111.01963302223248,167.77553757656733
120,validation,2025-05-13,132.4321203596927,0.9513888888888888,0.9930555555555556,962.4257696592545,1261.5993342296176,108.6475700628448,159.84807674993317
120,validation,2025-05-14,137.3844004903722,0.9513888888888888,0.9930555555555556,942.4657788986749,1238.8621440574639,102.14248180477429,151.51344914030142
120,validation,2025-05-15,162.68253636281236,0.875,0.9722222222222222,941.0792716113295,1235.8122772459615,101.66289169611537,149.3456485872373
120,validation,2025-05-16,213.21484827558277,0.8541666666666666,0.9097222222222222,924.6139125968356,1205.0576572632426,88.7251399887773,128.29872613262023
120,validation,2025-05-17,194.90650851986155,0.8125,0.8888888888888888,881.158098578753,1122.0032872470372,58.821235504486594,80.43171440656442
120,validation,2025-05-18,171.9772649562244,0.8263888888888888,0.9097222222222222,889.6053367281498,1131.748732034906,57.79472938243225,80.43171440656442
120,validation,2025-05-19,238.46620410190027,0.7291666666666666,0.8263888888888888,879.6260264197425,1124.0547765428928,48.71183027058623,73.12636728480811
120,validation,2025-05-20,151.11128925458343,0.9027777777777778,0.9652777777777778,875.415372602151,1122.9333335224355,41.9025135301581,67.3901353203546
120,validation,2025-05-21,202.14239990135047,0.8055555555555556,0.8819444444444444,860.6447030222189,1109.5638343329856,31.445620984407924,59.37351783431677
120,validation,2025-05-22,141.9511512793893,0.8958333333333334,0.9652777777777778,873.2875915086353,1139.2320327650675,35.252418793730385,69.17718941463318
120,validation,2025-05-23,129.46885136518418,0.9375,0.9930555555555556,859.368729919589,1114.2674706112405,31.309665204984867,62.272699441130044
120,validation,2025-05-24,204.03357969853448,0.7986111111111112,0.9166666666666666,851.0007961571351,1106.3272067827495,28.199994402269567,60.67386531946681
120,validation,2025-05-25,172.70225341359622,0.8472222222222222,0.9652777777777778,838.064825626618,1092.4947430706336,22.35657585090621,57.07094724485569
120,validation,2025-05-26,193.11702676947294,0.8125,0.8680555555555556,837.2302096617545,1078.9476182667545,20.163001118564353,51.19780584856653
120,validation,2025-05-27,177.80549505567672,0.7777777777777778,0.8958333333333334,804.9573007618803,1039.1178567797497,11.07232322216396,38.5868105002769
120,validation,2025-05-28,206.1902760022865,0.7222222222222222,0.8541666666666666,806.3166145030577,1040.7147141375322,16.392502766005236,41.52507899268733
120,validation,2025-05-29,172.1314948584592,0.8472222222222222,0.9305555555555556,821.8402994966578,1063.85990441575,23.093169012649014,50.39213064336127
120,validation,2025-05-30,197.23866805079868,0.75,0.8819444444444444,810.9627793537244,1051.0736980816573,20.163001118564353,49.00326278377952
120,validation,2025-05-31,165.210424144777,0.7986111111111112,0.9027777777777778,777.7986459269765,1016.2202205016741,19.092677315662968,47.670099190003384
120,validation,2025-06-01,588.9048796828348,0.2569444444444444,0.2916666666666667,772.9035683574058,1004.2924595434098,17.739026842119074,41.52507899268733
120,validation,2025-06-02,377.93772518398595,0.4722222222222222,0.6805555555555556,854.069051382872,1200.2333320503749,41.745735592881374,105.21886239244077
120,validation,2025-06-03,262.4246178880392,0.6875,0.9027777777777778,902.1093490684856,1309.140436180663,55.54859967789389,137.74812736704553
120,validation,2025-06-04,245.35839376737152,0.7638888888888888,0.9166666666666666,950.1125772437146,1357.8547569668126,73.1516265426676,154.47948714517497
120,validation,2025-06-05,211.78253483813455,0.8263888888888888,0.9583333333333334,983.7268414832756,1394.4695569803744,80.81269392040576,164.04125005329342
120,validation,2025-06-06,303.86041598999077,0.75,0.875,1009.6121820398257,1407.7251293262489,89.19382846319604,169.35602140263268
120,validation,2025-06-07,260.68545476977556,0.8125,0.9513888888888888,1080.5322941753086,1475.115902139664,107.11614335304967,188.89271845440817
120,validation,2025-06-08,291.07624553149185,0.7777777777777778,0.8541666666666666,1109.2153591622032,1496.6088923115253,114.26608378045012,191.7471790504018
120,validation,2025-06-09,174.7413999517714,0.9513888888888888,0.9930555555555556,1148.6000034690708,1564.743147106021,125.62145820419983,214.86513032401075
120,validation,2025-06-10,161.02090586295355,0.9513888888888888,1.0,1118.2810580707985,1529.0493514186137,119.74538417972326,206.32619257233546
120,validation,2025-06-11,191.88224076426346,0.9236111111111112,0.9861111111111112,1121.8980089679649,1528.9622283442186,118.66342054391271,205.54511527605882
120,validation,2025-06-12,166.65988214229088,0.9305555555555556,0.9930555555555556,1123.643367541179,1518.9491798170804,114.57474776875188,199.39267922217778
120,validation,2025-06-13,159.80265503120623,0.9930555555555556,1.0,1127.9460942192609,1522.8416736320232,114.30460717450842,199.39267922217778
120,validation,2025-06-14,180.75281275480216,0.9097222222222222,0.9583333333333334,1086.9511105871886,1481.6681989695483,102.9315229427043,189.2656767872345
120,validation,2025-06-15,156.3996113200341,0.9236111111111112,0.9791666666666666,1085.8662614861844,1485.8109647254335,102.9315229427043,191.7471790504018
120,validation,2025-06-16,143.53799864318444,0.9236111111111112,0.9722222222222222,998.5659560892823,1288.775525181562,60.56319620750992,94.58647108531022
120,validation,2025-06-17,180.1572947264939,0.8611111111111112,0.9305555555555556,935.5821865110888,1185.973135928557,37.47127807686229,53.77441473920953
120,validation,2025-06-18,194.74669066800186,0.7361111111111112,0.9027777777777778,911.784115896628,1169.2670784344987,23.43916262593848,42.6499434008183
120,validation,2025-06-19,247.1349557596651,0.6944444444444444,0.8611111111111112,910.6767592068211,1154.3036464023141,20.33254818295063,36.73415845137515
120,validation,2025-06-20,213.29769434192482,0.7361111111111112,0.8541666666666666,927.0360037247478,1169.2810966843167,23.47150852645018,38.189794180560966
120,validation,2025-06-21,280.9605807206064,0.75,0.8333333333333334,931.0732366398255,1173.581863041355,20.33254818295063,35.675466061678435
120,validation,2025-06-22,182.23307215843627,0.8402777777777778,0.9166666666666666,936.6951166766173,1186.2088041657614,20.8250243084849,36.364315466214066
120,validation,2025-06-23,200.18464198730257,0.8333333333333334,0.9166666666666666,922.1538259337073,1168.1184370244348,13.85930808663852,27.60787671093408
120,validation,2025-06-24,242.7936920963944,0.7013888888888888,0.8402777777777778,921.8301321748036,1162.0085276841014,14.261008489007963,29.232748371767116
120,validation,2025-06-25,198.90054373978978,0.7847222222222222,0.8680555555555556,935.5364284202062,1180.4159065208567,18.785098656919217,33.381119416476395
120,validation,2025-06-26,214.0445833026987,0.8263888888888888,0.9166666666666666,937.5674211092119,1182.988017133332,21.96432379124417,36.691484701500485
120,validation,2025-06-27,214.5480817670573,0.7916666666666666,0.9097222222222222,937.921980761513,1189.2676720124266,18.6924255047104,38.83499186908102
120,validation,2025-06-28,198.68551829089125,0.8263888888888888,0.9166666666666666,951.3603974659571,1203.6801859104319,23.71380573091028,44.803855941549045
120,validation,2025-06-29,182.83282195973004,0.8472222222222222,0.9305555555555556,960.8412656916628,1211.8680430044587,23.699759806629572,44.08416188010324
120,validation,2025-06-30,184.7866729842058,0.7847222222222222,0.8888888888888888,912.6837692467195,1163.7412054566437,23.023136048722336,44.539566600563376
120,validation,2025-07-01,349.6742047996776,0.4583333333333333,0.5486111111111112,900.6311583231695,1138.1415590849163,30.55658156136724,48.485676434317156
120,validation,2025-07-02,313.81529320512425,0.6597222222222222,0.7777777777777778,949.4508151074393,1234.231750476848,55.92510418108486,89.21657866268174
120,validation,2025-07-03,213.44907469490192,0.7291666666666666,0.8888888888888888,964.0430504703587,1288.7199487565351,63.4540146287427,111.53582582133322
120,validation,2025-07-04,248.96326315304,0.7361111111111112,0.8888888888888888,971.5929403311711,1290.6913315841832,66.811636425512,113.59875345182104
120,validation,2025-07-05,191.1273404600205,0.8680555555555556,0.9444444444444444,969.8452149710795,1297.1382664743976,70.90128353695081,120.91165502071863
120,validation,2025-07-06,189.04324351907806,0.8333333333333334,0.9236111111111112,933.7683715531166,1224.1787204135348,66.811636425512,105.21498694341744
120,validation,2025-07-07,212.91710535531774,0.7847222222222222,0.875,932.9522653338993,1231.8512494196204,69.09891919360598,111.96818906031149
120,validation,2025-07-08,226.36809198988306,0.7638888888888888,0.8819444444444444,943.497197262292,1266.3797411048972,74.65307826289154,123.75392698084215
120,validation,2025-07-09,178.23897196005458,0.8541666666666666,0.9236111111111112,959.6007902474448,1284.1462477552636,75.76184712822032,125.43443171095169
120,validation,2025-07-10,173.91725871191613,0.9027777777777778,0.9583333333333334,952.1939212181439,1272.389346933606,77.82916475929642,131.17839684331915
120,validation,2025-07-11,218.91697460969013,0.7916666666666666,0.9236111111111112,944.5902735414724,1269.6778141081204,74.52748591213776,130.47670235539226
120,validation,2025-07-12,154.60509875900485,0.9444444444444444,0.9930555555555556,959.6864608143466,1275.536716485637,79.0054847391666,131.96165772284076
120,validation,2025-07-13,236.0417510579341,0.75,0.9166666666666666,954.3377960574061,1265.3125527126374,78.0480682819607,131.17839684331915
120,validation,2025-07-14,155.15982077159117,0.9583333333333334,0.9791666666666666,980.6676992585094,1289.6158413251526,85.6141593049415,134.77154242122197
120,validation,2025-07-15,223.28504803233542,0.8263888888888888,0.8958333333333334,966.2307566026838,1280.44111829458,79.48103230164634,131.96165772284076
120,validation,2025-07-16,201.47890286055275,0.8125,0.8958333333333334,926.116872144032,1205.8945410466736,58.03804667042641,93.71539462918372
120,validation,2025-07-17,165.85927255219553,0.8472222222222222,0.9166666666666666,918.4959424040018,1180.1746092997437,50.246341039371146,76.6631025695624
120,validation,2025-07-18,215.55938149490422,0.7569444444444444,0.9305555555555556,893.7406057445676,1170.9148819189204,39.085980777355644,70.76085931051784
120,validation,2025-07-19,175.23881577406306,0.8263888888888888,0.8958333333333334,895.3562287190614,1164.9464506705485,34.569635666951626,66.48683775963013
120,validation,2025-07-20,165.10089828412416,0.8263888888888888,0.8958333333333334,897.2211702932068,1163.6341417750027,37.53859669358371,67.06206076924809
120,validation,2025-07-21,175.54571373718215,0.8263888888888888,0.9513888888888888,884.9080289194083,1162.9478220589262,34.569635666951626,67.74968255540307
120,validation,2025-07-22,173.5185072987415,0.8680555555555556,0.9375,872.5076642943079,1149.174272608906,29.575768369653815,61.607787244294286
120,validation,2025-07-23,158.5408382413848,0.8194444444444444,0.9375,835.1163510423148,1091.6230368674867,22.656264482511347,47.638489256304865
120,validation,2025-07-24,211.6307600472752,0.7569444444444444,0.8333333333333334,826.4904175857127,1067.6023483780082,20.330425015613855,38.27019755636411
120,validation,2025-07-25,151.14828565210686,0.8194444444444444,0.9513888888888888,842.8879470612198,1105.1461940910622,24.441807471698212,51.20911355061526
120,validation,2025-07-26,179.87110656654764,0.8055555555555556,0.9375,837.3700342308093,1079.8003668699598,20.96516455922483,39.71799201264457
120,validation,2025-07-27,156.68467437197322,0.8194444444444444,0.9166666666666666,836.9680095763827,1079.3613200611244,24.647517110254626,41.46318775964346
120,validation,2025-07-28,205.84038324560095,0.7638888888888888,0.8402777777777778,824.9844901667367,1064.8760037358513,18.666731392449492,35.41274745416922
120,validation,2025-07-29,198.8575401704153,0.7708333333333334,0.8819444444444444,838.2623121500922,1099.6073669400544,24.611384902876125,48.69222105264453
120,validation,2025-07-30,159.01205207019262,0.8611111111111112,0.9305555555555556,825.0983855025711,1077.4854847065112,24.232697949400972,48.69222105264453
120,validation,2025-07-31,145.3204934089332,0.8541666666666666,0.9444444444444444,797.9490429046806,1042.0640316546667,18.666731392449492,40.49269082066894
120,validation,2025-08-01,267.4059626783593,0.5902777777777778,0.7152777777777778,785.248520236614,1021.1456611496893,16.90068979122998,35.41274745416922
120,validation,2025-08-02,187.52737612022105,0.7986111111111112,0.8819444444444444,814.0255647421384,1057.5670728086343,27.465275069863992,51.70581105472911
120,validation,2025-08-03,262.8082005832374,0.6527777777777778,0.7916666666666666,814.5375877959655,1059.8676472805075,28.7247274648648,53.413149788575424
120,validation,2025-08-04,134.26555317544444,0.8958333333333334,0.9652777777777778,841.7816710794757,1095.0972276419182,36.12321921993555,64.79874026575698
120,validation,2025-08-05,149.10442874800026,0.8819444444444444,0.9583333333333334,825.6542142760096,1081.6314893597066,32.882361004069935,64.03768867989675
120,validation,2025-08-06,211.0759265108872,0.7569444444444444,0.8402777777777778,816.6590789325508,1064.9634827512646,32.87674829123807,63.09608467145381
120,validation,2025-08-07,170.56673440482365,0.8402777777777778,0.9583333333333334,830.4425863622105,1090.8016759597392,35.944711893067506,72.8727738952507
120,validation,2025-08-08,179.70293325201027,0.8125,0.9097222222222222,816.2423117024844,1065.5385506066912,32.882361004069935,64.03768867989675
120,validation,2025-08-09,181.2275789624595,0.8333333333333334,0.9375,818.4369866926412,1068.3843737547043,34.399919029483044,66.95960332055438
120,validation,2025-08-10,183.2532983173613,0.8333333333333334,0.9305555555555556,824.8403268337902,1078.5775989630245,34.064545809133506,67.81333419144403
120,validation,2025-08-11,167.0651369860919,0.875,0.9652777777777778,816.6431374252685,1068.69078545358,32.87674829123807,66.17435292487698
120,validation,2025-08-12,202.42731681419872,0.75,0.8958333333333334,813.7791619752229,1050.8363124056266,29.771523114913407,57.29348602885966
120,validation,2025-08-13,171.4185373402296,0.8402777777777778,0.9027777777777778,817.6240704920097,1051.6671226481424,30.3217858439275,55.77297016324792
120,validation,2025-08-14,185.68638050232545,0.7361111111111112,0.8680555555555556,813.9463972054078,1054.9483981017122,31.233866341718567,59.36975419116516
120,validation,2025-08-15,161.96391978587656,0.8611111111111112,0.9513888888888888,829.0327024895305,1072.6627194976236,37.26497739103888,68.47643476459234
120,validation,2025-08-16,164.84686205439988,0.7986111111111112,0.8958333333333334,797.50341250058,1012.9428801253,27.925807885861104,44.60439841245761
120,validation,2025-08-17,173.7824116098624,0.7916666666666666,0.8958333333333334,797.3818213628697,1005.3477787024767,27.925807885861104,42.64166788465445
120,validation,2025-08-18,181.66324969373707,0.7777777777777778,0.8611111111111112,786.9306218094566,991.4465534186897,21.554564920899793,36.01396239185715
120,validation,2025-08-19,147.55468835809464,0.8194444444444444,0.9097222222222222,795.9392298268825,1005.2372085449895,25.577521578396045,41.74293721630147
120,validation,2025-08-20,312.3904251436551,0.5347222222222222,0.6527777777777778,797.1104969469528,1008.7474665229565,27.7420248268063,44.60439841245761
120,validation,2025-08-21,159.92753829360106,0.8680555555555556,0.9652777777777778,837.9699238668145,1083.2003102957149,37.26497739103888,64.8276298014207
120,validation,2025-08-22,196.44174075857063,0.7222222222222222,0.8611111111111112,830.8056658678487,1062.7654061612711,36.494242953603134,59.817880605632126
120,validation,2025-08-23,182.4578611146676,0.8263888888888888,0.8958333333333334,849.0561832746542,1085.8451345225756,39.98425163928914,65.23938027731873
120,validation,2025-08-24,215.14414058152124,0.7847222222222222,0.8888888888888888,854.0736577608818,1091.17409509428,40.33829431394844,66.2882561980864
120,validation,2025-08-25,307.7920324403919,0.6180555555555556,0.7083333333333334,871.8997630347496,1110.4836915179008,44.59780925945711,73.25380205070087
120,validation,2025-08-26,171.46061244894125,0.8402777777777778,0.9375,920.8814535486381,1193.7185621082358,58.60943209487414,100.69687735271145
120,validation,2025-08-27,225.02033215668334,0.7291666666666666,0.8888888888888888,915.0578704081535,1189.593269281927,57.68095559084941,99.50882137728922
120,validation,2025-08-28,282.1458488897128,0.7361111111111112,0.8402777777777778,940.3795815078379,1207.4448355039171,63.88474093359764,101.32050608176814
120,validation,2025-08-29,196.77514084541593,0.7916666666666666,0.8888888888888888,966.3218831067489,1249.2636026923917,67.73065266261847,115.00733286703326
120,validation,2025-08-30,211.94502355253601,0.8055555555555556,0.9236111111111112,951.7252687126986,1245.1195102254414,72.81877458613098,123.37458573912409
120,validation,2025-08-31,204.73214887232072,0.7986111111111112,0.9027777777777778,961.5513883412827,1250.5182159955043,78.06291027881798,125.48555861665136
120,holdout,2025-09-01,307.012628559543,0.5486111111111112,0.6736111111111112,944.3759576209114,1239.6367668742569,79.77305920710262,131.5191631790317
120,holdout,2025-09-02,180.04103683116247,0.9166666666666666,0.9930555555555556,996.5333572813802,1324.3017642991265,98.34643651931128,161.26739236799267
120,holdout,2025-09-03,200.38545716705053,0.8333333333333334,0.9444444444444444,995.5577686267619,1308.969585828077,96.51934987988989,153.1808383245102
120,holdout,2025-09-04,214.89577925036627,0.7777777777777778,0.8819444444444444,969.0392659477877,1278.870096334812,84.44369109186391,139.25047485923324
120,holdout,2025-09-05,160.41375900363295,0.9027777777777778,0.9930555555555556,983.7743309487263,1287.5981125436406,93.86618771099756,146.74563636959283
120,holdout,2025-09-06,239.39358819745758,0.8055555555555556,0.9166666666666666,956.8561807783982,1264.4380995996423,86.69935010304016,141.153734357124
120,holdout,2025-09-07,162.81091429842047,0.8958333333333334,0.9791666666666666,971.9466795912073,1279.4278494186683,88.55687368482631,144.92549147071213
120,holdout,2025-09-08,223.34238620877855,0.7777777777777778,0.8888888888888888,966.3818393065214,1265.3336307930367,86.69935010304016,139.5169028981909
120,holdout,2025-09-09,226.46302350874558,0.8125,0.9375,955.0870290549798,1231.947122852387,80.0037035909254,120.27396058519025
120,holdout,2025-09-10,234.38684208516952,0.7638888888888888,0.8958333333333334,969.5003122782018,1242.7526845827929,82.91040269316773,120.99988121770184
120,holdout,2025-09-11,240.83236085849174,0.8541666666666666,0.9305555555555556,975.115864671595,1258.7675292372805,82.20634304318128,123.43514178209625
120,holdout,2025-09-12,162.05806549558397,0.9236111111111112,0.9583333333333334,969.4886271337335,1245.0772142767335,76.35156739597096,114.62358612172784
120,holdout,2025-09-13,206.62460107263826,0.8819444444444444,0.9652777777777778,937.6952854082132,1224.9917503738425,64.66482305747195,108.71330640767155
120,holdout,2025-09-14,169.2516435140515,0.8611111111111112,0.9722222222222222,929.7755124045572,1205.3881704764149,61.585992243585224,104.45499118272309
120,holdout,2025-09-15,193.20773099502244,0.8819444444444444,0.9722222222222222,917.6237922115992,1181.9029727291918,58.739150180226716,95.09912245467103
120,holdout,2025-09-16,166.98485667206998,0.8194444444444444,0.9097222222222222,872.0563721052195,1098.20122442708,34.59541976142009,55.494847328432115
120,holdout,2025-09-17,180.56390971287854,0.8263888888888888,0.9305555555555556,869.0277836829441,1102.674983046467,33.812944341935236,58.345506745552484
120,holdout,2025-09-18,141.3089391472355,0.9375,0.9861111111111112,856.9588826577211,1082.7429035475661,31.057351460219706,51.861927077319706
120,holdout,2025-09-19,166.4593809889278,0.8402777777777778,0.8888888888888888,829.557249258938,1039.7973017097793,21.658311322927148,35.970458944932034
120,holdout,2025-09-20,154.2377019116134,0.8611111111111112,0.9305555555555556,822.1762143231608,1044.2617569287547,21.02431325251291,38.885571806121334
120,holdout,2025-09-21,203.22918288439507,0.7638888888888888,0.8541666666666666,806.1897428842524,1032.6602100601076,13.514370924536706,32.96683464550097
120,holdout,2025-09-22,145.53485336372475,0.8194444444444444,0.9166666666666666,806.2339700831645,1042.248726469202,15.553059738585034,39.61081154563726
120,holdout,2025-09-23,144.1675288575619,0.8333333333333334,0.9444444444444444,777.1999504942245,1014.1579995764017,10.798162648688049,32.96683464550097
120,holdout,2025-09-24,157.03139635040458,0.7708333333333334,0.875,763.9036048462194,1003.9801571259146,4.88603299573515,29.732561653337143
120,holdout,2025-09-25,144.12602608584862,0.7847222222222222,0.8958333333333334,749.1540925190714,986.4324800175374,0.0,21.91569464886652
120,holdout,2025-09-26,168.90426113997694,0.7708333333333334,0.875,738.8205512751744,970.479089194439,0.0,21.02048136641406
120,holdout,2025-09-27,200.8076504536829,0.6875,0.8402777777777778,751.3853262529531,985.6309255841168,2.6104711800460336,25.736605674891507
120,holdout,2025-09-28,136.09489694346962,0.8402777777777778,0.9236111111111112,754.325541934523,989.2251900126107,8.172454643081437,32.9598914388032
120,holdout,2025-09-29,139.3980752655147,0.8472222222222222,0.9375,745.6484848063494,981.1151286943217,6.285469246162791,32.31509578497344
120,holdout,2025-09-30,143.80076994866866,0.7986111111111112,0.9305555555555556,720.3594936236416,950.3826587270479,4.770917544934491,30.85716557590922
120,holdout,2025-10-01,511.1626536431239,0.2847222222222222,0.3819444444444444,716.899394255468,943.2358738824919,2.9936098250245777,27.239917515878005
120,holdout,2025-10-02,232.88770182024948,0.6388888888888888,0.8541666666666666,790.2641431149933,1106.5093126743907,27.298092444185386,78.46811872073431
120,holdout,2025-10-03,162.88887189287632,0.8402777777777778,0.9513888888888888,838.0102423156973,1136.4373711197013,46.42719048575964,89.94677074982974
120,holdout,2025-10-04,152.5925888128148,0.8402777777777778,0.9375,836.3323577649435,1129.8805866887005,46.42719048575964,87.74819483191595
120,holdout,2025-10-05,161.27505954333117,0.8888888888888888,0.9791666666666666,829.9093500478971,1125.2344313775388,47.85873044337859,88.17893663172526
120,holdout,2025-10-06,122.87911291533626,0.9305555555555556,0.9930555555555556,817.9630938903173,1105.4350471392374,42.07349221945515,80.47236172976773
120,holdout,2025-10-07,114.87254889219963,0.9236111111111112,0.9583333333333334,799.7282075609145,1074.1684170344777,39.485571005197926,78.79220899332904
120,holdout,2025-10-08,127.4262438311705,0.9236111111111112,0.9722222222222222,767.1671606009786,1056.9995870576458,35.902864452365066,78.46811872073431
120,holdout,2025-10-09,127.34783956198054,0.8888888888888888,0.9513888888888888,735.4219950295405,1022.8050578396752,30.647926727785944,73.09657257964045
120,holdout,2025-10-10,159.1400361484802,0.8194444444444444,0.9375,710.6757626842098,997.4653220785962,27.742969626314334,70.43989283666178
120,holdout,2025-10-11,126.51620868618355,0.9097222222222222,0.9722222222222222,714.3156489671783,992.4797581728461,26.797568696555572,65.84989966072862
120,holdout,2025-10-12,129.27466057485262,0.8819444444444444,0.9583333333333334,682.8842641297487,953.4730185717979,20.758901534226425,58.425559748850446
120,holdout,2025-10-13,127.7911310423147,0.8680555555555556,0.9652777777777778,674.1750416245816,933.899011528768,20.541316871739014,53.496031606412544
120,holdout,2025-10-14,132.16597173008574,0.8263888888888888,0.9513888888888888,666.5685635075214,903.4682948495606,21.32074558343902,51.382777128953876
120,holdout,2025-10-15,130.48789866823924,0.8819444444444444,0.9305555555555556,667.4275824207989,900.9680710753395,21.32074558343902,50.06257153939487
120,holdout,2025-10-16,162.13050691127899,0.7847222222222222,0.8611111111111112,619.6836656209667,793.9081404538933,0.0,0.0
120,holdout,2025-10-17,131.49016635699948,0.7916666666666666,0.8680555555555556,620.8085295113348,800.7036665305855,0.0,0.0
120,holdout,2025-10-18,126.33701449388506,0.8333333333333334,0.9513888888888888,614.5500989185703,794.660835863355,0.0,0.0
120,holdout,2025-10-19,154.46371638152618,0.75,0.8541666666666666,607.5474094584669,782.5910096561612,0.0,0.0
120,holdout,2025-10-20,130.17420343887318,0.8125,0.8958333333333334,603.2733755904438,776.3988991910389,0.0,0.0
120,holdout,2025-10-21,145.08447378972863,0.7638888888888888,0.8680555555555556,603.7986482493905,775.4628188735534,0.0,0.0
120,holdout,2025-10-22,144.14211855679866,0.7569444444444444,0.8402777777777778,600.6099425696145,771.1714913782192,0.0,0.0
120,holdout,2025-10-23,123.88860272562313,0.8541666666666666,0.9236111111111112,596.7561026311402,773.4440252958201,0.0,2.077704179243483
120,holdout,2025-10-24,113.11215043910445,0.8472222222222222,0.9097222222222222,597.5402195435468,776.197917035389,0.0,2.490030409928295
120,holdout,2025-10-25,114.6572868584323,0.8402777777777778,0.9097222222222222,587.1168615104875,758.0060509510963,0.0,0.0
120,holdout,2025-10-26,90.58899062269464,0.875,0.9305555555555556,570.6878675609843,741.048530101561,0.0,2.158197895979356
120,holdout,2025-10-27,169.29697460853072,0.6666666666666666,0.8125,565.6214635153397,736.1080593700685,0.0,2.158197895979356
120,holdout,2025-10-28,114.60469868182491,0.8541666666666666,0.9236111111111112,578.6560782533826,770.4164281563158,0.0,10.26274227248041
120,holdout,2025-10-29,159.12560587381222,0.6944444444444444,0.8194444444444444,572.988073151841,765.1096035059003,0.0,10.26274227248041
120,holdout,2025-10-30,114.85556778294568,0.8263888888888888,0.9166666666666666,553.5235747555627,718.0280640911066,3.7098807570705503,18.316487997773947
120,holdout,2025-10-31,133.90834653799553,0.75,0.8541666666666666,534.5998834626502,692.5919913850713,2.3611074056289,15.841974927678166
120,holdout,2025-11-01,92.48083396895416,0.8333333333333334,0.9236111111111112,533.6505040727033,691.4810455006636,4.09793126404611,17.260792995025895
120,holdout,2025-11-02,96.92633534459125,0.8472222222222222,0.9236111111111112,526.6614287851585,687.076370125739,4.09793126404611,19.352680838723245
120,holdout,2025-11-03,114.86571548313714,0.7638888888888888,0.8819444444444444,499.68961630257957,670.9379019915162,1.324555590053933,16.472116168476077
120,holdout,2025-11-04,126.52581411323328,0.6736111111111112,0.8472222222222222,505.38468679499965,678.5454704072158,2.982469394659347,19.352680838723245
120,holdout,2025-11-05,98.96557778597277,0.7986111111111112,0.9236111111111112,515.9564541369491,690.5910754105303,5.522559473320598,22.7647596291784
120,holdout,2025-11-06,145.7764908125468,0.6527777777777778,0.8333333333333334,508.5227426266752,675.8102022674494,4.871603354734361,19.28360055799385
120,holdout,2025-11-07,178.07137972700465,0.6944444444444444,0.8055555555555556,519.6493991677845,677.51273363339,10.457626782777425,25.549099507155006
120,holdout,2025-11-08,103.50232156191663,0.8333333333333334,0.9027777777777778,526.1329750686893,686.6413120119925,14.932996310048111,31.827170133861728
120,holdout,2025-11-09,105.28261284080452,0.8125,0.8888888888888888,524.2169534913899,687.2005497459379,15.278111866079712,33.89567928172801
120,holdout,2025-11-10,121.7870380520421,0.7361111111111112,0.8819444444444444,527.1480156679114,694.4372663631231,17.798104985935424,38.803222893865495
120,holdout,2025-11-11,86.32074594057843,0.8680555555555556,0.9652777777777778,524.6795216279775,688.9328639380071,17.62339528523262,38.803222893865495
120,holdout,2025-11-12,100.37299323629607,0.8472222222222222,0.9444444444444444,522.3382500142271,680.0644738253353,18.210832080651926,35.45766627109515
120,holdout,2025-11-13,122.06596120179428,0.7916666666666666,0.8472222222222222,517.0925885659115,666.5600817702039,15.278111866079712,31.45438017919878
120,holdout,2025-11-14,89.87992238810487,0.8958333333333334,0.9513888888888888,518.5055033147526,674.4863561673642,17.62339528523262,34.64453486163393
120,holdout,2025-11-15,86.74022947522703,0.8611111111111112,0.9652777777777778,506.32054622292344,663.091226366685,13.714416614889615,31.45438017919878
120,holdout,2025-11-16,111.07760047199561,0.8194444444444444,0.8888888888888888,498.8180591546916,654.5975410845374,13.701720195179405,30.129402039103297
120,holdout,2025-11-17,99.67867049854279,0.8402777777777778,0.9166666666666666,498.71127284659514,650.7653478026683,15.201226895780565,31.45438017919878
120,holdout,2025-11-18,113.62518273664202,0.7986111111111112,0.8958333333333334,494.7701835893931,649.1270235259952,14.299469473449108,31.354274671057283
120,holdout,2025-11-19,89.01193121610805,0.8611111111111112,0.9513888888888888,493.0450904279209,647.7265312495971,12.932158847721439,30.129402039103297
120,holdout,2025-11-20,108.3497626016063,0.8055555555555556,0.9166666666666666,483.2026711050898,638.3356364807765,12.028063256340829,29.446490451068257
120,holdout,2025-11-21,101.41668221904831,0.7847222222222222,0.9305555555555556,472.6300856532573,630.3691998469881,8.273521663909833,28.74860256235911
120,holdout,2025-11-22,87.35205648003327,0.8541666666666666,0.9375,465.90805329359256,618.6510068838215,5.448502900904714,22.541153093621688
120,holdout,2025-11-23,130.83768471260746,0.7361111111111112,0.8611111111111112,459.67015758001577,608.0562372374412,4.400768479654744,19.27326811523517
120,holdout,2025-11-24,118.57426769502142,0.7638888888888888,0.8541666666666666,467.4665475372947,614.9685993128439,6.01801667664995,19.27326811523517
120,holdout,2025-11-25,85.86231048323663,0.8402777777777778,0.9027777777777778,461.1543662650742,603.217874149424,4.254732213999432,18.12791792370581
120,holdout,2025-11-26,94.97356453810018,0.7569444444444444,0.875,460.57851622081336,603.5237851449862,4.254732213999432,19.27326811523517
120,holdout,2025-11-27,113.86365195189319,0.75,0.8680555555555556,462.0789842681444,604.0428099885789,6.175276753518119,22.44048514042788
120,holdout,2025-11-28,91.98284722591237,0.8055555555555556,0.9097222222222222,457.90414739462943,593.1507840941681,5.550788400467809,19.972132451021025
120,holdout,2025-11-29,151.74759032148228,0.625,0.7361111111111112,459.83389695205017,590.7974135586095,7.863801497153418,21.001923167350924
120,holdout,2025-11-30,97.62289484317459,0.8333333333333334,0.9166666666666666,481.0583518500259,615.1617168736263,14.835664116024873,29.68411796609962
120,holdout,2025-12-01,267.4988379104153,0.4027777777777778,0.4861111111111111,480.4462607792901,613.288027959876,14.502822659903813,28.627822761605785
120,holdout,2025-12-02,252.35534281169203,0.375,0.5555555555555556,523.1676250183632,682.6846200243273,31.79736396004364,50.39282297503871
120,holdout,2025-12-03,155.90983636091886,0.6944444444444444,0.8819444444444444,567.6266060897237,776.58906428412,47.5093380061644,79.6542645320942
120,holdout,2025-12-04,141.85493041780637,0.7430555555555556,0.9305555555555556,596.5756401532933,819.5028531892833,55.06111734918841,93.8519983698352
120,holdout,2025-12-05,120.94996299157225,0.8333333333333334,0.9583333333333334,610.1342756929614,832.9297063455152,59.251806615283385,100.29752102884686
120,holdout,2025-12-06,120.30111488352648,0.8541666666666666,0.9375,613.6287479174136,817.1898431544496,62.60919007779148,100.29752102884686
120,holdout,2025-12-07,119.65888537864885,0.8819444444444444,0.9583333333333334,621.8964654882716,823.6960488669018,68.09018189753169,105.18486373677979
120,holdout,2025-12-08,113.55254058604618,0.8958333333333334,0.9652777777777778,623.8775496933554,829.5321009792228,66.65877371921351,105.84926079249809
120,holdout,2025-12-09,149.14282325869658,0.7847222222222222,0.8958333333333334,620.2078696478535,829.6589648369355,65.25073826445896,104.09459044607775
120,holdout,2025-12-10,118.76632922828445,0.8680555555555556,0.9513888888888888,641.6065465718798,854.1464184279987,71.39331247207883,110.45384636830158
120,holdout,2025-12-11,173.7621800287833,0.7291666666666666,0.8819444444444444,650.0957347768348,856.8045629594249,74.1837354568438,111.58417958723385
120,holdout,2025-12-12,115.82850472484034,0.9097222222222222,0.9791666666666666,678.0477286147809,886.4327228914937,83.59121691654082,121.97877014945016
120,holdout,2025-12-13,109.08299731069859,0.8958333333333334,0.9583333333333334,684.7606166659384,891.5788318817372,85.09577352936321,122.7919445034056
120,holdout,2025-12-14,108.91996506899173,0.9236111111111112,0.9930555555555556,676.9294514748507,870.3778327149068,79.63625589321964,110.50308343180677
120,holdout,2025-12-15,97.89925200830857,0.9583333333333334,0.9791666666666666,676.326075677334,869.8282244735692,80.49183888603875,110.45384636830158
120,holdout,2025-12-16,105.73313149412489,0.9166666666666666,0.9583333333333334,628.2157724607148,795.4450637160475,58.0849129609266,74.67579045123375
120,holdout,2025-12-17,121.62508771550307,0.8402777777777778,0.9444444444444444,590.3060298690416,748.0665347114253,38.98139245367656,50.99801387446678
120,holdout,2025-12-18,164.15579646939867,0.7291666666666666,0.8125,578.127370125168,732.7830899276267,30.032880990755984,41.22720491884962
120,holdout,2025-12-19,130.34979868476054,0.8125,0.8819444444444444,587.717494639541,748.212436949409,30.378498252318423,44.216598626569116
120,holdout,2025-12-20,125.04916124049052,0.8611111111111112,0.9236111111111112,592.0119085515814,759.8473083766603,30.032880990755984,47.00890410631837
120,holdout,2025-12-21,128.79627833562532,0.7916666666666666,0.8680555555555556,592.8243699444625,759.7083803425692,29.045244050645124,44.216598626569116
120,holdout,2025-12-22,112.69213933008295,0.8680555555555556,0.9513888888888888,589.8740811067505,777.2472377688299,29.045244050645124,50.99801387446678
120,holdout,2025-12-23,155.30543377743737,0.7152777777777778,0.8333333333333334,591.8498519337131,767.063767641481,28.964359763674565,45.71007554063817
120,holdout,2025-12-24,109.71661960347599,0.8958333333333334,0.9444444444444444,596.2895949426825,779.4061550091106,27.305369927375523,47.337423916892476
120,holdout,2025-12-25,133.34799478887405,0.7569444444444444,0.875,587.1935284425765,773.6020592124803,22.411920409630966,43.73220062706696
120,holdout,2025-12-26,118.78188651819033,0.8333333333333334,0.9375,576.6100517679147,765.9835977870041,14.532591277044958,38.842065262832875
120,holdout,2025-12-27,109.82858664552545,0.7916666666666666,0.9097222222222222,578.2968379447227,764.404159775499,13.395349146481749,37.02903300729395
120,holdout,2025-12-28,136.49856646740125,0.7986111111111112,0.8888888888888888,574.6758465128919,756.9682585887188,14.212536824293238,37.02903300729395
120,holdout,2025-12-29,117.2691571287028,0.7916666666666666,0.9166666666666666,575.3421385015359,766.5245934931497,14.828513422690321,39.33758440464908
120,holdout,2025-12-30,155.1012429792992,0.6805555555555556,0.8402777777777778,555.5669943503938,733.354891206517,18.248052949619705,41.854171115963254
120,holdout,2025-12-31,102.15490909679912,0.8611111111111112,0.9513888888888888,540.5884859332965,722.0252447140215,24.854006667652357,48.309958761811686
