q,date,planned_grid_kwh,planned_charge_kwh,planned_discharge_kwh,emergency_kwh,unused_kwh,planned_cost_yuan,emergency_cost_yuan,total_cost_yuan,emergency_slots,solver,max_balance_residual,min_storage_kwh,max_storage_kwh
0.05,2025-05-01,46549.47714185432,17178.858934217867,13914.875736716473,11252.000794712469,3526.115939065406,28004.86509992586,48022.48567324139,76027.35077316724,125,LP,9.094947017729282e-13,1200.0,10800.0
0.05,2025-05-02,23344.23001573149,16000.0,12960.0,10800.200782648271,16814.110715046423,11046.334982081598,46108.55450113695,57154.88948321855,106,LP,2.273736754432321e-13,1200.0,10800.0
0.05,2025-05-03,25398.783087092288,16000.0,12959.999999999998,6646.513440511483,20138.12487760377,12547.70702387348,28362.424663321563,40910.13168719504,92,LP,4.547473508864641e-13,1200.0,10800.0
0.05,2025-05-04,49098.84825233419,17558.10117386396,14222.061950829808,8920.758213442212,2948.8999094089145,30168.68800907708,31517.43574014045,61686.12374921753,115,LP,9.094947017729282e-13,1200.0,10800.0
0.05,2025-05-05,47814.84195939386,16798.075269217516,13606.440968066185,12130.083757351644,1677.2846155941731,29396.240605012998,49152.57637775832,78548.81698277131,129,LP,1.8189894035458565e-12,1200.0,10800.0
0.05,2025-05-06,48905.97993971771,17046.65372924169,13807.789520685772,8492.750832216683,1289.7841967118125,30248.69528093123,34020.15907663558,64268.854357566815,134,LP,9.094947017729282e-13,1200.0,10800.0
0.05,2025-05-07,49416.00356538962,17176.540712852933,13912.99797741087,9928.483227906485,1013.0981078540468,30591.4616579942,40202.114104796245,70793.57576279045,131,LP,9.094947017729282e-13,1200.0,10800.0
0.05,2025-05-08,49935.88822949982,17337.458139974933,14043.341093379702,10816.65933550536,1631.918118409947,31115.39740077816,39955.70557386246,71071.10297464063,115,LP,9.094947017729282e-13,1200.0,10800.0
0.05,2025-05-09,25216.178540779736,16000.000000000004,12959.999999999998,5037.521036190073,18714.313726969805,12553.851569285884,20935.42177657596,33489.273345861846,96,LP,9.094947017729282e-13,1200.0,10800.0
0.05,2025-05-10,23921.82973171548,16021.71700440422,12977.590773567412,7892.264194672949,16648.92241221829,11498.389822039377,33421.10773157593,44919.49755361531,106,LP,4.547473508864641e-13,1200.0,10800.0
0.05,2025-05-11,49638.8998136294,17592.19315272649,14249.67645370846,9357.75005577161,170.0540870496419,30664.62049973197,36252.191886436565,66916.81238616853,128,LP,4.547473508864641e-13,1200.0,10800.0
0.05,2025-05-12,49697.62812863151,17411.371263702946,14103.210723599388,7477.2354103857615,1935.5077655803905,30795.120481766207,25149.794911388,55944.91539315421,104,LP,9.094947017729282e-13,1200.0,10800.0
0.05,2025-05-13,46244.185869516565,16059.63289822065,13008.302647558725,10852.953310506577,916.5961626945532,28387.06860541565,42819.09790094378,71206.16650635944,130,LP,9.094947017729282e-13,1200.0,10800.0
0.05,2025-05-14,46769.76093916834,16482.98042717239,13351.21414600964,10388.461321380735,1012.3071960530016,28599.87444896408,40216.09586934879,68815.97031831287,133,LP,9.094947017729282e-13,1200.0,10800.0
0.05,2025-05-15,47753.02831786868,16532.732691372905,13391.513480012056,9510.610185826888,1357.3610090013826,29625.011040975893,37258.41428160447,66883.42532258035,120,LP,9.094947017729282e-13,1200.0,10800.0
0.05,2025-05-16,24257.58794391668,16008.560775096656,12966.93422782829,4043.264772756464,22543.719636071448,11865.313009143169,15707.439830197236,27572.752839340406,92,LP,4.547473508864641e-13,1200.0,10800.0
0.05,2025-05-17,24460.14509511592,16000.0,12960.0,7488.65510047534,18460.001112257924,12023.038907301358,31414.7876780769,43437.82658537826,103,LP,9.094947017729282e-13,1200.0,10800.0
0.05,2025-05-18,47402.39613478613,16176.183787892032,13102.708868192543,10799.712129408515,1452.4652444951682,29346.184203538527,38875.31651851744,68221.50072205596,120,LP,9.094947017729282e-13,1200.0,10800.0
0.05,2025-05-19,46353.342876660536,16072.66803139354,13018.861105428765,5790.30248528424,1574.6218859800035,28408.26728720347,24704.368871551946,53112.63615875541,110,LP,2.273736754432321e-13,1200.0,10800.0
0.05,2025-05-20,46731.97262775405,16114.988549737214,13053.140725287143,12240.498518502314,1383.2285051396248,28778.31833975457,46459.792516584566,75238.11085633913,126,LP,9.094947017729282e-13,1200.0,10800.0
0.05,2025-05-21,46343.93667852787,16032.09780762399,12985.999224175435,9007.342787881928,942.5655996279138,28490.07290919927,35002.161042017644,63492.23395121691,121,LP,9.094947017729282e-13,1200.0,10800.0
0.05,2025-05-22,46750.874441462896,16034.70641206579,12988.112193773288,8364.601728831076,1252.251135334803,28981.293221354823,31814.349369824537,60795.64259117936,124,LP,1.8189894035458565e-12,1200.0,10800.0
0.05,2025-05-23,22964.281912251983,16000.0,12960.0,7137.1748667971615,20640.50789571581,10939.23430787371,29449.460025913115,40388.69433378683,106,LP,1.8189894035458565e-12,1200.0,10800.0
0.05,2025-05-24,23505.661859070264,15999.999999999996,12960.000000000002,4524.660621969777,21235.821097706703,11281.180554635795,18280.994990374937,29562.17554501073,95,LP,1.8189894035458565e-12,1200.0,10800.0
0.05,2025-05-25,45603.81006327219,16038.36500674678,12991.075655464889,7190.042754054483,1201.5532827114548,27859.17513104762,29069.43464633376,56928.60977738138,128,LP,9.094947017729282e-13,1200.0,10800.0
0.05,2025-05-26,45039.91773014527,16060.73468479214,13009.195094681636,13102.8555967579,511.4007867926615,27497.242126699548,51041.50950437269,78538.75163107224,130,LP,9.094947017729282e-13,1200.0,10800.0
0.05,2025-05-27,46269.37039553629,16034.976861405115,12988.331257738146,7214.633865681602,1046.9913575509192,28465.00232782305,29382.61624995926,57847.61857778231,121,LP,9.094947017729282e-13,1200.0,10800.0
0.05,2025-05-28,46003.55951698509,16021.68495613045,12977.564814465666,10063.643320365123,749.2585956854307,28151.098365001897,37611.9709234125,65763.06928841441,123,LP,1.8189894035458565e-12,1200.0,10800.0
0.05,2025-05-29,46220.67032027716,16175.086163931215,13101.819792784288,11450.014847212868,487.2952963431003,28425.39364352077,45278.73885225277,73704.13249577353,133,LP,9.094947017729282e-13,1200.0,10800.0
0.05,2025-05-30,23295.755449115848,16001.30959508152,12961.060772016031,7216.039875075996,20875.31323445969,11198.148400169835,29766.18945722168,40964.33785739151,102,LP,4.547473508864641e-13,1200.0,10800.0
0.05,2025-05-31,23537.10489770193,16000.000000000002,12960.0,6605.400562289297,18713.32390999123,11268.22549704926,27471.787172211352,38740.01266926061,99,LP,9.094947017729282e-13,1200.0,10800.0
0.05,2025-06-01,48156.65562556415,16963.71269578911,13740.60728358918,26291.276086635786,0.0,29545.09994667206,102415.4511074098,131960.55105408188,144,LP,1.8189894035458565e-12,1200.0,10800.0
0.05,2025-06-02,54994.54269915768,17421.980696242594,14111.8043639565,17432.745410255477,476.3043271270632,35547.44463455883,68127.83392877631,103675.27856333512,126,LP,4.547473508864641e-13,1200.0,10800.0
0.05,2025-06-03,58554.30965025419,18012.885014102598,14590.436861423104,13267.43350515147,206.92816939283284,36885.28909006564,52648.73921106244,89534.02830112808,133,LP,9.094947017729282e-13,1200.0,10800.0
0.05,2025-06-04,61657.45338378858,18814.569966153824,15239.801672584594,11834.289261569647,271.71353512234293,38378.366819994735,42406.74137033574,80785.10819033047,127,LP,2.273736754432321e-13,1200.0,10800.0
0.05,2025-06-05,60413.87039875751,18317.37486347188,14837.073639412223,14306.056449724289,90.3076077554831,37628.654546203776,54513.19487192408,92141.84941812784,139,LP,2.273736754432321e-13,1200.0,10800.0
0.05,2025-06-06,30426.054003640893,16000.0,12959.999999999996,12048.86713106952,8579.925734710407,16686.620070020166,47632.96843801487,64319.58850803504,111,LP,9.094947017729282e-13,1200.0,10800.0
0.05,2025-06-07,30954.975803139478,16000.0,12960.0,8793.027008105208,5581.489644578014,16894.852238399333,33135.04996376221,50029.902202161546,112,LP,9.094947017729282e-13,1200.0,10800.0
0.05,2025-06-08,69422.4156857128,21451.18256295079,17375.45787599015,4202.217208140703,4363.984940226183,42390.444386429954,15311.267283694771,57701.71167012473,91,LP,2.273736754432321e-13,1200.0,10800.0
0.05,2025-06-09,60483.06142700308,17815.966888564504,14430.933179737249,13880.485803500422,45.80078834291833,37149.905030696245,56819.22034443013,93969.12537512636,140,LP,4.547473508864641e-13,1200.0,10800.0
0.05,2025-06-10,63756.3110846624,18415.68702837253,14916.706492981746,11438.889274650011,77.77559058830118,38917.56479280244,45068.89364310169,83986.45843590413,138,LP,2.273736754432321e-13,1200.0,10800.0
0.05,2025-06-11,64476.52552633656,19272.73634689463,15610.916440984647,15330.961566252923,61.22087001283194,39348.06969537084,63286.44586573806,102634.5155611089,138,LP,1.1368683772161605e-13,1200.0,10800.0
0.05,2025-06-12,67559.36674273323,20797.529979769264,16845.9992836131,9233.800128157953,389.2447414016913,41302.707328390745,35575.37978184164,76878.08711023239,132,LP,2.273736754432321e-13,1200.0,10800.0
0.05,2025-06-13,29055.623605809837,16000.0,12960.0,8369.238115628898,6039.548021438732,15597.850618813663,32285.65052254467,47883.501141358334,118,LP,4.547473508864641e-13,1200.0,10800.0
0.05,2025-06-14,29891.79572267707,16000.000000000004,12959.999999999998,8078.248838421152,8736.701811098219,15992.54475355006,30584.347024813083,46576.89177836315,114,LP,1.8189894035458565e-12,1200.0,10800.0
0.05,2025-06-15,63465.33841062941,18889.296880109792,15300.330472888934,11076.013974187454,325.411644262688,39114.4200242438,43246.80196036043,82361.22198460423,124,LP,2.273736754432321e-13,1200.0,10800.0
0.05,2025-06-16,63856.601861519855,19245.81851926026,15589.113000600815,12556.440011506991,62.2835377007342,38686.2079399237,50973.75101902,89659.9589589437,141,LP,1.1368683772161605e-13,1200.0,10800.0
0.05,2025-06-17,65353.27745695055,19679.752316343765,15940.599376238451,13114.596972932057,91.7102731106323,39612.52850278704,52416.50946618532,92029.03796897236,140,LP,1.1368683772161605e-13,1200.0,10800.0
0.05,2025-06-18,65738.03540016401,19470.21347926648,15770.872918205843,9009.444807211392,119.74874631477245,39915.47210338352,34922.83949532349,74838.31159870702,133,LP,1.1368683772161605e-13,1200.0,10800.0
0.05,2025-06-19,62437.934207000566,18735.81037845098,15176.006406545292,9743.59217199523,362.2182070901106,38222.72573134194,39066.7125932183,77289.43832456024,133,LP,1.1368683772161605e-13,1200.0,10800.0
0.05,2025-06-20,29456.199774453,16000.000000000004,12960.0,4519.117781735219,8534.736706188218,15916.849765878584,16462.763331698723,32379.613097577305,102,LP,9.094947017729282e-13,1200.0,10800.0
0.05,2025-06-21,29523.27504685417,16000.0,12960.0,4615.1762053907205,11763.710852244896,15755.627992893247,18554.51515341655,34310.1431463098,98,LP,9.094947017729282e-13,1200.0,10800.0
0.05,2025-06-22,61509.2157188204,18409.346371839943,14911.570561190356,9728.20578815405,282.3045963248701,37370.77247456589,37477.58534501848,74848.35781958437,129,LP,1.1368683772161605e-13,1200.0,10800.0
0.05,2025-06-23,62062.51052221623,18766.810517920967,15201.116519515985,8892.113318246542,327.64384205778896,37916.82544315263,38226.58993931928,76143.41538247191,129,LP,9.094947017729282e-13,1200.0,10800.0
0.05,2025-06-24,58141.68553763782,18399.58718036588,14903.665616096365,21651.34511250568,28.31683587398857,35421.552700208485,87179.54576287419,122601.09846308269,141,LP,1.1368683772161605e-13,1200.0,10800.0
0.05,2025-06-25,65438.733129518136,19615.65958703811,15888.68426550087,9067.290142589509,341.6265839037416,39801.31770835418,35936.634125045,75737.95183339919,124,LP,1.1368683772161605e-13,1200.0,10800.0
0.05,2025-06-26,62831.171951760094,19249.216989925804,15591.865761839905,9220.809747779143,847.2466381200073,37966.06590559001,39300.8275611937,77266.89346678372,123,LP,2.273736754432321e-13,1200.0,10800.0
0.05,2025-06-27,28645.05471220121,15999.999999999996,12960.0,4516.104464495556,10349.51331003011,15244.383181966485,17563.963130429125,32808.34631239561,100,LP,1.8189894035458565e-12,1200.0,10800.0
0.05,2025-06-28,28909.896525142613,15999.999999999996,12959.999999999996,5408.771435764074,9501.74184424002,15298.802080679789,21148.01228985897,36446.81437053876,104,LP,9.094947017729282e-13,1200.0,10800.0
0.05,2025-06-29,63565.15633753807,19354.283423545377,15676.969573071754,9744.173126159129,364.2470798902375,38790.26568251463,35777.23695129425,74567.50263380888,130,LP,2.273736754432321e-13,1200.0,10800.0
0.05,2025-06-30,63390.723949650375,19755.16562378148,16001.684155262996,10516.709922761562,276.2684205601288,38447.410456260885,40440.182242326046,78887.59269858693,131,LP,1.8189894035458565e-12,1200.0,10800.0
0.05,2025-07-01,67634.64339396066,19755.1351433389,16001.659466104513,15074.8803635538,89.50404694673175,41618.91313708074,56383.14296490356,98002.0561019843,138,LP,2.273736754432321e-13,1200.0,10800.0
0.05,2025-07-02,72863.72287812969,19883.85783884816,16105.924849467006,5819.320695572975,2000.3442176548576,45941.519246327865,19078.450180167347,65019.96942649521,106,LP,2.273736754432321e-13,1200.0,10800.0
0.05,2025-07-03,70803.04386224784,19477.11901918681,15776.466405541318,12925.992948796036,267.96526406505063,44990.98913583462,47826.51478487072,92817.50392070536,130,LP,1.8189894035458565e-12,1200.0,10800.0
0.05,2025-07-04,37358.09860750679,16000.0,12960.0,6071.27601874837,11508.507159588497,21832.9591431196,21832.84435580077,43665.80349892037,98,LP,9.094947017729282e-13,1200.0,10800.0
0.05,2025-07-05,38110.22168451438,15999.999999999998,12960.0,6288.1922655891785,12568.333983436887,22017.34798087189,22811.626385740103,44828.974366612,109,LP,9.094947017729282e-13,1200.0,10800.0
0.05,2025-07-06,67926.2105063661,19213.34890021027,15562.812609170316,15671.91572412213,153.60838944827856,43102.397502184176,62129.67042666148,105232.06792884566,133,LP,9.094947017729282e-13,1200.0,10800.0
0.05,2025-07-07,70510.35016555926,19641.73879312504,15909.80842243128,7400.605430572074,769.5424587709089,44107.4721040223,26218.20783292236,70325.67993694465,115,LP,2.273736754432321e-13,1200.0,10800.0
0.05,2025-07-08,70352.42026825083,19642.628477142636,15910.529066485527,9545.476883217603,594.4107241446573,44302.28666404791,40289.269927372654,84591.55659142057,119,LP,2.273736754432321e-13,1200.0,10800.0
0.05,2025-07-09,65746.4096900989,19120.720242484604,15487.783396412531,12156.069536884412,210.8173642445589,41561.02643953117,45804.3126392175,87365.33907874867,136,LP,1.8189894035458565e-12,1200.0,10800.0
0.05,2025-07-10,64097.40258171947,18970.927733074863,15366.451463790643,12548.347194450753,187.65012355267567,40786.50639696809,48688.41854583723,89474.92494280532,138,LP,9.094947017729282e-13,1200.0,10800.0
0.05,2025-07-11,36286.54460198681,16000.0,12960.0,8954.685086272766,9682.452538259578,20624.99730177477,34641.489165870706,55266.486467645474,113,LP,9.094947017729282e-13,1200.0,10800.0
0.05,2025-07-12,37561.512747612986,16000.0,12960.0,7464.916032923777,10902.185447203428,21329.143984163347,29831.40173749806,51160.54572166141,110,LP,9.094947017729282e-13,1200.0,10800.0
0.05,2025-07-13,64157.61940388428,18565.47966479912,15038.038528487288,9158.348098312272,520.8059658847247,40820.6666639093,37235.91830865819,78056.58497256749,128,LP,9.094947017729282e-13,1200.0,10800.0
0.05,2025-07-14,60633.91168745137,17883.32698360274,14485.49485671822,14681.480188175814,109.88053207600308,38842.85758942931,56425.829270547634,95268.68685997694,139,LP,4.547473508864641e-13,1200.0,10800.0
0.05,2025-07-15,64250.36312006482,18477.872591982155,14967.076799505548,12576.570006078393,567.0867503332775,41265.818207892095,45740.51759553773,87006.33580342983,122,LP,4.547473508864641e-13,1200.0,10800.0
0.05,2025-07-16,61761.26600637964,18759.608971349742,15195.283266793296,14514.20727421026,576.584192700121,39407.29400142287,52089.41660566356,91496.71060708642,131,LP,1.8189894035458565e-12,1200.0,10800.0
0.05,2025-07-17,61365.95722342203,18341.22404060739,14856.391472891984,14919.035023621387,79.74361266134741,39348.753200840656,58593.34365970034,97942.096860541,139,LP,4.547473508864641e-13,1200.0,10800.0
0.05,2025-07-18,35058.401054530805,16000.0,12959.999999999998,9913.456742532606,10657.609697063412,19777.90194041086,39763.40401100117,59541.305951412025,112,LP,9.094947017729282e-13,1200.0,10800.0
0.05,2025-07-19,35207.87940852984,15999.999999999998,12960.0,8793.004766543256,13778.0651250731,19768.907504399554,35094.620411716496,54863.52791611605,102,LP,9.094947017729282e-13,1200.0,10800.0
0.05,2025-07-20,62050.75990363832,18075.80822309044,14641.404660703258,13603.929701116824,130.30782570129372,39938.40247409977,50956.8335220111,90895.23599611086,130,LP,9.094947017729282e-13,1200.0,10800.0
0.05,2025-07-21,60730.44834373544,18114.13715483573,14672.451095416942,16731.420046695494,30.432981012141568,38879.27092485932,63434.03013469989,102313.3010595592,140,LP,4.547473508864641e-13,1200.0,10800.0
0.05,2025-07-22,65433.42690974136,18997.519617461272,15387.990890143636,12273.2950293143,302.04859507136456,41537.667681602834,47877.43695297174,89415.10463457457,131,LP,9.094947017729282e-13,1200.0,10800.0
0.05,2025-07-23,64202.99895327509,18755.42219827957,15191.891980606451,13626.015501921436,48.93712085674045,40843.49579087759,53397.836118930165,94241.33190980776,135,LP,2.273736754432321e-13,1200.0,10800.0
0.05,2025-07-24,62883.60827810668,18667.48411998539,15120.662137188168,14437.516327853393,157.83062316285333,40159.72129096455,53862.92370882393,94022.64499978848,136,LP,9.094947017729282e-13,1200.0,10800.0
0.05,2025-07-25,35717.7435585815,16000.000000000002,12960.0,6443.741624089652,12616.165616004477,20313.444110494347,24814.335296180023,45127.77940667437,109,LP,9.094947017729282e-13,1200.0,10800.0
0.05,2025-07-26,36577.54900165769,15999.999999999996,12960.0,7180.764015115433,12249.221450106452,20762.89295744476,28449.003522456,49211.89647990076,101,LP,1.8189894035458565e-12,1200.0,10800.0
0.05,2025-07-27,64571.12937626727,18766.444427776347,15200.819986498842,12723.72608065114,44.04121564091065,41034.15357322949,51308.024447676544,92342.17802090602,139,LP,1.8189894035458565e-12,1200.0,10800.0
0.05,2025-07-28,65518.10286542631,18821.41581524205,15245.346810346058,16138.653206329582,125.80983352656438,41603.46182754045,62676.83368329088,104280.29551083132,136,LP,9.094947017729282e-13,1200.0,10800.0
0.05,2025-07-29,67280.87699271915,19084.33015690963,15458.3074270968,12838.47448682633,424.08279973265394,42540.71916365552,49336.14254357241,91876.86170722792,126,LP,2.273736754432321e-13,1200.0,10800.0
0.05,2025-07-30,64930.46330461206,18821.39256658887,15245.327978936984,12959.744210362682,210.88887732285744,41043.365352632085,50533.95812947764,91577.32348210971,137,LP,9.094947017729282e-13,1200.0,10800.0
0.05,2025-07-31,65068.85115923467,19053.226118871466,15433.113156285886,13341.664649201444,95.40657918387024,41276.65242826423,52961.15531060015,94237.8077388644,136,LP,9.094947017729282e-13,1200.0,10800.0
0.05,2025-08-01,35545.03852198098,15999.999999999996,12960.0,4348.586240623993,15602.265095938312,20267.429131951667,15464.642055578928,35732.07118753059,87,LP,4.547473508864641e-13,1200.0,10800.0
0.05,2025-08-02,34172.97109032186,16000.0,12960.0,7265.430504305277,17471.3766612938,19253.818731559106,28828.98405632595,48082.802787885055,106,LP,9.094947017729282e-13,1200.0,10800.0
0.05,2025-08-03,61067.297682612254,17788.90112556155,14409.009911704858,6655.094036641923,1503.0205220641533,39468.10661653966,24069.85907844935,63537.96569498901,120,LP,4.547473508864641e-13,1200.0,10800.0
0.05,2025-08-04,60510.67209443359,17447.57962576952,14132.53949687331,9515.992090075468,1295.9689722795174,39145.56640803623,34637.095339185136,73782.66174722137,129,LP,2.273736754432321e-13,1200.0,10800.0
0.05,2025-08-05,61660.24533067753,17711.972232494336,14346.69750832041,8221.101505561874,1363.7623787321404,39930.18977822513,29234.25747513496,69164.4472533601,118,LP,4.547473508864641e-13,1200.0,10800.0
0.05,2025-08-06,58619.50499815574,17264.399394927634,13984.163509891385,14588.60730936088,1813.4771558137115,37762.82006360063,55236.49496844808,92999.3150320487,126,LP,4.547473508864641e-13,1200.0,10800.0
0.05,2025-08-07,62258.32224233053,18096.44258392152,14658.118492976431,5593.718659961968,1025.7315613474102,40308.39083672881,20731.45012809309,61039.840964821895,114,LP,4.547473508864641e-13,1200.0,10800.0
0.05,2025-08-08,34354.7018414817,16000.0,12960.0,4806.54041271592,20346.071004197613,19403.302786087603,18384.048986368965,37787.35177245657,96,LP,1.8189894035458565e-12,1200.0,10800.0
0.05,2025-08-09,33143.62740186492,16000.0,12960.0,7957.07469803946,19138.773099904385,18523.595749478667,31076.195403641817,49599.79115312049,110,LP,4.547473508864641e-13,1200.0,10800.0
0.05,2025-08-10,58580.69849216136,17264.693500064073,13984.4017350519,12310.190675893427,2305.978353042624,37703.87424397366,45923.10726964434,83626.981513618,128,LP,9.094947017729282e-13,1200.0,10800.0
0.05,2025-08-11,59732.42398826608,17538.919361375003,14206.524682713756,9204.586760048896,1043.362736320399,38490.82542382949,34214.39235811475,72705.21778194423,131,LP,9.094947017729282e-13,1200.0,10800.0
0.05,2025-08-12,61223.24392260914,17719.18028695864,14352.5360324365,10480.081713972071,576.1377320590761,39509.74448217463,40051.25902045108,79561.00350262571,122,LP,4.547473508864641e-13,1200.0,10800.0
0.05,2025-08-13,59149.38395918808,17703.616826525023,14339.929629485268,10820.085139095523,484.8024512438474,38014.813251352025,41074.65425298698,79089.467504339,131,LP,2.273736754432321e-13,1200.0,10800.0
0.05,2025-08-14,58924.677165257766,17630.84879640086,14280.9875250847,11621.832768575843,1270.357679184117,37926.12596921243,45491.75242189502,83417.87839110746,128,LP,9.094947017729282e-13,1200.0,10800.0
0.05,2025-08-15,34579.709174799405,15999.999999999996,12960.0,6240.702098064855,20620.68438953093,19561.27094859159,23623.42343635188,43184.69438494348,108,LP,9.094947017729282e-13,1200.0,10800.0
0.05,2025-08-16,35737.2250313218,15999.999999999996,12960.0,5672.625998257907,21440.57066291305,20329.487380124498,23412.29567448872,43741.78305461322,100,LP,4.547473508864641e-13,1200.0,10800.0
0.05,2025-08-17,57762.6892198063,17155.065393185367,13895.602968480149,10820.507759109496,2158.340937543918,37139.644041026106,41146.444815308816,78286.08885633491,126,LP,9.094947017729282e-13,1200.0,10800.0
0.05,2025-08-18,59430.91049995796,17491.720600287685,14168.293686233024,10582.5455935553,2295.913562791939,38291.13990734765,43510.34803141136,81801.487938759,124,LP,4.547473508864641e-13,1200.0,10800.0
0.05,2025-08-19,59366.5524455986,17555.779945389804,14220.18175576574,10810.99071703821,2524.284923012749,38232.354010692114,40731.79950025574,78964.15351094786,130,LP,1.8189894035458565e-12,1200.0,10800.0
0.05,2025-08-20,59784.28250287884,17687.420350322154,14326.810483760948,15330.203632352834,1103.185202003806,38498.50030524311,59827.18609555511,98325.6864007982,128,LP,4.547473508864641e-13,1200.0,10800.0
0.05,2025-08-21,60381.88742989323,18245.48734285277,14778.844747710747,10130.604431894906,1201.430783312779,38825.22491040214,37982.48465879359,76807.70956919572,126,LP,4.547473508864641e-13,1200.0,10800.0
0.05,2025-08-22,35596.737723176775,15999.999999999996,12960.0,8521.011722764446,19847.18004594123,20257.91780471688,35097.00631899458,55354.92412371146,100,LP,4.547473508864641e-13,1200.0,10800.0
0.05,2025-08-23,34951.52593908258,15999.999999999996,12959.999999999998,7451.148030504248,16832.667819586834,19785.526480556822,30382.0945092047,50167.62098976152,105,LP,9.094947017729282e-13,1200.0,10800.0
0.05,2025-08-24,58932.488977288594,17759.391716691633,14385.107290520224,10229.965931038489,2054.5809988223364,37827.06487519834,42537.62516277715,80364.6900379755,127,LP,9.094947017729282e-13,1200.0,10800.0
0.05,2025-08-25,58843.81067068002,17652.045425217715,14298.156794426348,16560.194584533783,1277.0296077557705,37849.46408918814,63624.24871731586,101473.712806504,131,LP,1.8189894035458565e-12,1200.0,10800.0
0.05,2025-08-26,58958.80467277861,17856.987352300617,14464.159755363504,10686.264429849298,723.4231223574618,37831.08007193265,43834.02769835012,81665.10777028278,131,LP,9.094947017729282e-13,1200.0,10800.0
0.05,2025-08-27,58175.63173389402,17648.0833999568,14294.947553965008,14332.42172561452,1240.768746850083,37381.591244789975,57124.24633927483,94505.8375840648,137,LP,9.094947017729282e-13,1200.0,10800.0
0.05,2025-08-28,59179.41893091306,18054.936646624075,14624.498683765503,15127.315177111555,108.5011618327178,38018.10343443697,59119.03917995024,97137.1426143872,139,LP,4.547473508864641e-13,1200.0,10800.0
0.05,2025-08-29,33104.33870716888,16000.0,12959.999999999998,9385.511898353112,16894.630255521988,18557.346740526213,37784.173546100064,56341.52028662628,110,LP,1.8189894035458565e-12,1200.0,10800.0
0.05,2025-08-30,33437.79083911932,15999.999999999998,12959.999999999996,9865.68874587556,21750.75975166155,18796.51584982732,39096.845794154695,57893.36164398202,104,LP,9.094947017729282e-13,1200.0,10800.0
0.05,2025-08-31,60402.40040805527,18035.667584807925,14608.89074369442,10843.115158712226,1172.115642320669,38916.42927151472,41502.02493104959,80418.4542025643,121,LP,4.547473508864641e-13,1200.0,10800.0
0.1,2025-05-01,47281.91929469952,17426.902205719372,14115.790786632691,9931.971372146303,2891.400447759146,28469.37908501978,42944.78139019341,71414.1604752132,123,LP,9.094947017729282e-13,1200.0,10800.0
0.1,2025-05-02,23781.313824523186,16000.0,12960.000000000002,10114.554255173978,16565.547996363828,11314.543412694398,43363.23043928839,54677.77385198278,104,LP,1.8189894035458565e-12,1200.0,10800.0
0.1,2025-05-03,25873.48533582992,15999.999999999998,12959.999999999998,5854.17887387414,19820.492559704067,12852.50771829125,25074.865404101474,37927.37312239272,88,LP,9.094947017729282e-13,1200.0,10800.0
0.1,2025-05-04,49940.55975530287,17849.3963443887,14458.011038954852,7502.093588567451,2316.600705103141,30716.42662372194,26019.31384614856,56735.7404698705,115,LP,9.094947017729282e-13,1200.0,10800.0
0.1,2025-05-05,48662.774152988684,17112.302642268674,13860.965140237631,10718.80677129379,1054.2366222514306,29943.388244712325,43565.04370101601,73508.43194572834,126,LP,9.094947017729282e-13,1200.0,10800.0
0.1,2025-05-06,49784.53655881716,17383.332444326523,14080.49927990448,6956.275316919043,567.8963446474893,30808.5853722178,28255.065227683885,59063.65059990168,125,LP,9.094947017729282e-13,1200.0,10800.0
0.1,2025-05-07,50305.471155290325,17514.537354181957,14186.775256887384,8706.386649330752,616.249757326512,31157.82518303132,36158.909071840455,67316.73425487177,130,LP,4.547473508864641e-13,1200.0,10800.0
0.1,2025-05-08,50833.913120732046,17676.94242572793,14318.323364839624,9754.224689030683,1403.0063488744258,31687.78865513279,36459.44382780061,68147.23248293341,111,LP,4.547473508864641e-13,1200.0,10800.0
0.1,2025-05-09,25767.93749062508,15999.999999999996,12960.0,4187.32654930346,18415.878189928542,12951.727809289252,17223.336394428137,30175.06420371739,90,LP,1.8189894035458565e-12,1200.0,10800.0
0.1,2025-05-10,24500.190991777272,16011.500695059198,12969.31556299795,6975.727892731224,16312.688469113917,11887.535295341062,29560.685392990483,41448.220688331545,102,LP,1.8189894035458565e-12,1200.0,10800.0
0.1,2025-05-11,50700.528586650464,17977.350045636274,14561.653536965385,8526.05951773837,326.8125123846152,31340.20255456692,33933.14923381032,65273.35178837724,122,LP,9.094947017729282e-13,1200.0,10800.0
0.1,2025-05-12,50800.99223337225,17810.52139031417,14426.522326154482,6121.711523005206,1607.5094588844247,31491.32120159831,20322.082389668147,51813.403591266455,94,LP,9.094947017729282e-13,1200.0,10800.0
0.1,2025-05-13,47308.37321392995,16430.773524584692,13308.926554913602,9580.232070594844,637.5455481870455,29041.48484698013,38365.10360359806,67406.58845057819,127,LP,9.094947017729282e-13,1200.0,10800.0
0.1,2025-05-14,47871.73687988052,16887.536456046604,13678.904529397752,9133.998672559032,782.9548424573685,29282.12529646225,35863.52880003963,65145.65409650188,128,LP,1.8189894035458565e-12,1200.0,10800.0
0.1,2025-05-15,48806.49806140679,16929.22401239925,13712.671450043394,8268.171052670725,1093.0582683883304,30282.737618644685,32830.93547594776,63113.67309459244,116,LP,9.094947017729282e-13,1200.0,10800.0
0.1,2025-05-16,24865.625151714125,16003.62701897856,12962.937885372638,3271.514353102696,22380.943837877563,12282.801751543842,12476.267746892185,24759.069498436023,87,LP,1.8189894035458565e-12,1200.0,10800.0
0.1,2025-05-17,25059.45725607495,16026.44456620776,12981.420098628285,6542.976109885219,18108.609815047363,12437.379340976997,27396.187428799298,39833.5667697763,99,LP,1.1368683772161605e-13,1200.0,10800.0
0.1,2025-05-18,48457.26738472037,16577.065433450298,13427.423001094745,9359.313771659115,990.7706240239264,30017.56727021985,33663.59299249858,63681.16026271843,119,LP,9.094947017729282e-13,1200.0,10800.0
0.1,2025-05-19,47480.11260316143,16469.768155427653,13340.5122058964,5009.69426454232,1845.3343681724984,29132.4023175825,21719.37910276189,50851.78142034439,104,LP,9.094947017729282e-13,1200.0,10800.0
0.1,2025-05-20,47862.68585551234,16545.907795051175,13402.185313991453,10741.450831080678,933.0193888666312,29477.316588712398,41137.93956449536,70615.25615320775,125,LP,1.8189894035458565e-12,1200.0,10800.0
0.1,2025-05-21,47457.47612604727,16385.420590108806,13272.190677988132,8056.562087724053,1038.193018317321,29193.3769557783,32167.93804655481,61361.31500233311,118,LP,1.8189894035458565e-12,1200.0,10800.0
0.1,2025-05-22,47947.044201044206,16474.872378816453,13344.646626841328,7124.998285830523,1125.185918232945,29742.13697947037,27681.9718058418,57424.10878531217,114,LP,1.8189894035458565e-12,1200.0,10800.0
0.1,2025-05-23,23557.847836337223,15999.999999999998,12959.999999999998,6172.438275945643,20269.33722894953,11349.498132807328,25410.87457740238,36760.37271020971,104,LP,9.094947017729282e-13,1200.0,10800.0
0.1,2025-05-24,24109.178981779703,16000.0,12960.0,3687.495320923581,21002.17291936996,11690.816516671694,14836.888483576671,26527.705000248367,89,LP,4.547473508864641e-13,1200.0,10800.0
0.1,2025-05-25,46823.06753684803,16335.121742460558,13231.44861139305,5792.959225052214,967.3434474994026,28645.025342932488,23653.272604856666,52298.29794778915,121,LP,9.094947017729282e-13,1200.0,10800.0
0.1,2025-05-26,46105.34603399773,16018.30144502482,12974.8241704701,11983.489032842675,465.5248422856912,28232.755691142745,46955.18674507628,75187.94243621902,130,LP,9.094947017729282e-13,1200.0,10800.0
0.1,2025-05-27,47466.67909680214,16382.519145366394,13269.84050774678,6003.023576367274,966.6567355498,29240.1816064819,24756.923668970358,53997.10527545225,116,LP,9.094947017729282e-13,1200.0,10800.0
0.1,2025-05-28,47206.07678425738,16439.807375389144,13316.243974065204,9263.02822124877,1071.717504182213,28913.12539525654,35104.8493175396,64017.97471279614,117,LP,9.094947017729282e-13,1200.0,10800.0
0.1,2025-05-29,47424.98272459555,16620.42027085102,13462.540419389326,10196.329367760673,353.3087408945346,29184.53788125217,40781.49579112348,69966.03367237565,132,LP,4.547473508864641e-13,1200.0,10800.0
0.1,2025-05-30,23916.193058118144,16000.000000000004,12960.0,6090.916489313828,20370.876280765304,11621.493345711078,24982.280519879445,36603.77386559053,101,LP,4.547473508864641e-13,1200.0,10800.0
0.1,2025-05-31,24155.32631416195,16000.000000000002,12960.000000000002,5690.842647662805,18416.987411824757,11689.689306300184,23602.044218884203,35291.73352518439,96,LP,4.547473508864641e-13,1200.0,10800.0
0.1,2025-06-01,49591.64352279196,17467.331564862172,14148.53856753836,24955.03595396794,3.0601794360877648,30417.9166497967,97625.22035271,128043.1370025067,143,LP,4.547473508864641e-13,1200.0,10800.0
0.1,2025-06-02,57116.12683496146,17843.272777598984,14453.050949855176,15529.29918629465,614.3967435123103,36728.518134360376,60517.557059899904,97246.07519426028,123,LP,1.8189894035458565e-12,1200.0,10800.0
0.1,2025-06-03,60717.00443681168,18458.88511715841,14951.696944898313,11320.909192170016,338.3586233882653,38130.00158753942,44766.60459924903,82896.60618678844,127,LP,1.8189894035458565e-12,1200.0,10800.0
0.1,2025-06-04,63847.20132504336,18791.47351265888,15221.093545253692,9842.42138917148,473.9819301429974,39770.36352994332,34169.59116069114,73939.95469063446,120,LP,9.094947017729282e-13,1200.0,10800.0
0.1,2025-06-05,62670.49003780972,18758.704103088647,15194.550323501804,12219.56987573604,176.5881172922467,38984.13262650478,45945.88001960225,84930.01264610703,132,LP,9.094947017729282e-13,1200.0,10800.0
0.1,2025-06-06,31184.77534601757,16000.000000000002,12959.999999999998,10923.573155204616,8213.353101222187,17281.6518252806,42598.06944758691,59879.72127286751,105,LP,9.094947017729282e-13,1200.0,10800.0
0.1,2025-06-07,31769.801163431293,16000.0,12959.999999999998,7596.061208474415,5199.349205239043,17531.321916140514,27820.87575264393,45352.19766878444,109,LP,9.094947017729282e-13,1200.0,10800.0
0.1,2025-06-08,71764.15974690783,22107.105737690377,17906.755647529208,3042.4355118404537,5421.321901920451,43947.64389345383,10882.620857368009,54830.26475082184,81,LP,2.273736754432321e-13,1200.0,10800.0
0.1,2025-06-09,63095.259831695774,18262.67544662484,14792.76711176612,11483.92940863214,176.56817213585697,38698.59785782204,46760.408950353536,85459.00680817557,134,LP,2.273736754432321e-13,1200.0,10800.0
0.1,2025-06-10,66257.22303274373,19136.10509650445,15500.245128168604,9261.702165305138,264.6209963796932,40436.40521855903,36096.27441203625,76532.67963059529,127,LP,2.273736754432321e-13,1200.0,10800.0
0.1,2025-06-11,66899.82082621143,20072.07746751245,16258.382748685086,13112.34740984252,114.02720055993508,40831.87222721108,54112.54388573201,94944.41611294309,135,LP,4.547473508864641e-13,1200.0,10800.0
0.1,2025-06-12,70006.3900026243,21530.569477017478,17439.761276384157,7308.198417794248,771.388786451904,42891.1733990389,27812.560164287428,70703.73356332633,118,LP,2.273736754432321e-13,1200.0,10800.0
0.1,2025-06-13,29962.920372661792,16000.0,12959.999999999998,6986.112815486913,5563.719488148709,16284.747160305033,26599.582732617266,42884.329892922295,117,LP,9.094947017729282e-13,1200.0,10800.0
0.1,2025-06-14,30778.88140406218,16000.0,12960.0,6752.534570850794,8298.07322491298,16660.168840708924,24923.65488346956,41583.82372417848,110,LP,9.094947017729282e-13,1200.0,10800.0
0.1,2025-06-15,66345.62088591157,19956.944135619,16165.124749851388,8651.301008812356,578.12817562299,40808.1271476611,32926.27462601341,73734.4017736745,112,LP,2.273736754432321e-13,1200.0,10800.0
0.1,2025-06-16,66764.63079011433,20471.89227366552,16582.23274166907,9932.62263006996,113.5410715211682,40419.7549231176,39764.476914311264,80184.23183742887,138,LP,1.1368683772161605e-13,1200.0,10800.0
0.1,2025-06-17,68205.16778295336,20958.286466642872,16976.212037980724,10714.217820398524,300.29995802307,41328.72033465097,42173.37385819593,83502.09419284691,131,LP,1.1368683772161605e-13,1200.0,10800.0
0.1,2025-06-18,68511.39088665873,20571.110042251727,16662.5991342239,6761.5003913943,435.9894700252021,41610.335857096376,25533.324444929785,67143.66030202617,120,LP,2.273736754432321e-13,1200.0,10800.0
0.1,2025-06-19,65142.02133958261,19654.27825381956,15919.965385593843,7435.65007163285,583.8543429897502,39833.64445907647,29337.34254017528,69170.98699925173,125,LP,2.273736754432321e-13,1200.0,10800.0
0.1,2025-06-20,30420.294424220745,15999.999999999998,12959.999999999998,3327.1977391102446,8306.91131333099,16629.82907848725,11877.778359867742,28507.607438354997,86,LP,1.8189894035458565e-12,1200.0,10800.0
0.1,2025-06-21,30440.63760145547,16000.000000000002,12960.0,3540.3077508163583,11606.20495227183,16417.066003351385,14233.770613362543,30650.83661671393,87,LP,4.547473508864641e-13,1200.0,10800.0
0.1,2025-06-22,64182.79339238256,19251.05395482924,15593.353703411682,7728.0826493437235,795.8346903087371,38948.36613780019,29425.23163571561,68373.5977735158,112,LP,1.1368683772161605e-13,1200.0,10800.0
0.1,2025-06-23,64545.92918973732,19209.031849992047,15559.31579849356,6808.369655894994,643.296794133825,39425.40629280353,29586.1059854592,69011.51227826273,115,LP,2.273736754432321e-13,1200.0,10800.0
0.1,2025-06-24,60660.25506925266,19175.830724547755,15532.422886883687,19304.85326066924,52.90824225782888,36881.97276336802,77573.51170476952,114455.48446813755,140,LP,9.094947017729282e-13,1200.0,10800.0
0.1,2025-06-25,68119.7377837902,20622.28769785636,16704.053035263652,6855.071570352316,619.1533248831504,41391.87839837806,27136.30274771199,68528.18114609005,116,LP,2.273736754432321e-13,1200.0,10800.0
0.1,2025-06-26,65506.99121432606,20155.61517844852,16326.048294543296,7234.672254787078,1364.7127518745826,39552.18078928927,31046.35754959497,70598.53833888425,117,LP,1.1368683772161605e-13,1200.0,10800.0
0.1,2025-06-27,29570.797836314665,16000.0,12959.999999999998,3229.582828116997,9988.734797764992,15908.953737248008,12462.09882537388,28371.052562621888,92,LP,9.094947017729282e-13,1200.0,10800.0
0.1,2025-06-28,29805.48948804995,16000.000000000004,12960.0,4209.8816837011445,9198.445055084425,15946.057758067856,16281.133414676322,32227.191172744177,98,LP,9.094947017729282e-13,1200.0,10800.0
0.1,2025-06-29,66217.33305965872,20296.325720715788,16440.023833779793,7596.95679387659,690.2194332659784,40341.512261705706,27372.826432525293,67714.338694231,118,LP,2.273736754432321e-13,1200.0,10800.0
0.1,2025-06-30,66069.86657559569,20772.51819855062,16825.739740826004,8343.514427868691,588.9185624064264,40018.91483998375,31923.38627337679,71942.30111336053,123,LP,1.1368683772161605e-13,1200.0,10800.0
0.1,2025-07-01,70203.08406181021,20710.189699956216,16775.253656964538,12937.759743044526,339.3637285297233,43111.69675793727,47747.20628856752,90858.9030465048,132,LP,2.273736754432321e-13,1200.0,10800.0
0.1,2025-07-02,75321.41156817618,20797.37323397459,16845.87231951942,4484.236193915386,2949.380480969732,47362.257132260565,14040.516166409425,61402.77329866999,82,LP,2.273736754432321e-13,1200.0,10800.0
0.1,2025-07-03,72991.9692483158,19926.04691622,16140.098002138197,10977.199614063746,422.8010149644103,46283.774847098604,40089.19337421171,86372.96822131032,123,LP,2.273736754432321e-13,1200.0,10800.0
0.1,2025-07-04,38162.88081807272,15999.999999999996,12960.0,5019.130750845756,11261.144102251812,22417.21207605626,17683.454305610372,40100.66638166663,93,LP,4.547473508864641e-13,1200.0,10800.0
0.1,2025-07-05,38947.91616594924,15999.999999999996,12960.0,5070.287823533705,12188.12402281628,22632.41735048793,18053.05992195664,40685.477272444565,102,LP,4.547473508864641e-13,1200.0,10800.0
0.1,2025-07-06,70153.9548176974,19776.955361726228,16019.33384299824,13611.992508775767,214.3442577451898,44372.29602902466,54031.9689358687,98404.26496489336,132,LP,2.273736754432321e-13,1200.0,10800.0
0.1,2025-07-07,72769.46512830905,20205.86405533561,16366.749884821838,5773.52930628846,1294.3974974170785,45434.449860182816,20423.699017524435,65858.14887770725,104,LP,2.273736754432321e-13,1200.0,10800.0
0.1,2025-07-08,72489.93464852244,19716.94648115849,15970.726649738388,7853.004005421604,1025.3318058572786,45573.55825257193,33325.31189907428,78898.8701516462,114,LP,2.273736754432321e-13,1200.0,10800.0
0.1,2025-07-09,67895.71554103219,19521.59138358247,15812.489020701798,10265.51259889788,393.4007603827347,42780.037584316975,38697.91682192796,81477.95440624494,128,LP,2.273736754432321e-13,1200.0,10800.0
0.1,2025-07-10,66260.02476947723,19357.54950412239,15679.61509833914,10573.639810297029,302.1067906576805,41993.711915241714,40986.89582848604,82980.60774372774,135,LP,1.8189894035458565e-12,1200.0,10800.0
0.1,2025-07-11,37145.77217330559,16000.0,12960.0,8054.715489412107,9641.710512717696,21218.70979931007,30757.08318118174,51975.79298049181,111,LP,9.094947017729282e-13,1200.0,10800.0
0.1,2025-07-12,38456.87031006012,16000.0,12960.0,6240.514704597796,10573.141681324583,21953.17475382652,25062.63273994589,47015.80749377241,102,LP,9.094947017729282e-13,1200.0,10800.0
0.1,2025-07-13,66268.47522204314,18932.81825572072,15335.582787133782,7445.50822608713,849.0275795433339,41995.12445907325,30482.256506536258,72477.38096560951,120,LP,9.094947017729282e-13,1200.0,10800.0
0.1,2025-07-14,61916.085407154445,18246.414924759974,14779.596089055583,13402.628211272013,44.21556605540533,39665.42326933007,52383.89490789018,92049.31817722024,141,LP,4.547473508864641e-13,1200.0,10800.0
0.1,2025-07-15,66421.57873894577,18847.210443569897,15266.240459291615,10773.165791208512,864.7239625426826,42466.49516506119,38813.00821044968,81279.50337551086,112,LP,9.094947017729282e-13,1200.0,10800.0
0.1,2025-07-16,63877.75023762669,19127.02708546488,15492.89193922655,12665.798880868437,774.8505889234791,40580.70472878607,45236.4779748184,85817.18270360447,127,LP,4.547473508864641e-13,1200.0,10800.0
0.1,2025-07-17,63138.49958767619,18675.642077946188,15127.27008313641,13281.099104937808,150.81063113756113,40379.8084123693,52775.24327550902,93155.05168787832,138,LP,4.547473508864641e-13,1200.0,10800.0
0.1,2025-07-18,35981.413111219794,16000.0,12959.999999999996,8616.322512398321,10283.487523618114,20385.33959589307,34846.37316099844,55231.71275689151,108,LP,1.8189894035458565e-12,1200.0,10800.0
0.1,2025-07-19,36150.43651695259,16000.000000000002,12959.999999999998,7654.734508804398,13582.35197575699,20402.207979748902,30455.49455850012,50857.70253824903,101,LP,9.094947017729282e-13,1200.0,10800.0
0.1,2025-07-20,63828.55094779081,18403.239218381645,14906.623766889128,11961.04156296494,202.9988425965784,40965.977992029184,45225.28134800395,86191.25934003314,126,LP,9.094947017729282e-13,1200.0,10800.0
0.1,2025-07-21,62393.51347216545,18486.023583824757,14973.679102898055,15185.487522529518,76.90716376826902,39869.8766089657,58165.78592998442,98035.66253895011,135,LP,9.094947017729282e-13,1200.0,10800.0
0.1,2025-07-22,67693.01401662109,19381.10894593925,15698.698246210788,10248.01569019796,463.4743904239283,42795.49578294401,40207.9322534842,83003.4280364282,128,LP,2.273736754432321e-13,1200.0,10800.0
0.1,2025-07-23,66452.3556004205,19131.069985568807,15496.166688310735,11518.0671336089,118.97232010466864,42090.86374269282,45427.930762594006,87518.79450528682,134,LP,1.8189894035458565e-12,1200.0,10800.0
0.1,2025-07-24,65146.94360367075,19047.922222479618,15428.817000208488,12369.867541630698,281.2339230303254,41417.11696452012,46091.21245508989,87508.32941961,130,LP,9.094947017729282e-13,1200.0,10800.0
0.1,2025-07-25,36623.47676651231,16000.0,12959.999999999998,5168.070980660438,12246.228180506088,20912.89518781072,19940.26092123503,40853.15610904575,105,LP,4.547473508864641e-13,1200.0,10800.0
0.1,2025-07-26,37505.93890191974,16000.000000000004,12960.000000000002,5967.311309656348,11964.158644909416,21371.664061637224,23486.363115905377,44858.0271775426,97,LP,9.094947017729282e-13,1200.0,10800.0
0.1,2025-07-27,67165.24703168852,19279.096552628675,15616.068207629229,10359.18996019036,176.21884687942742,42443.268306573336,42307.49835014908,84750.76665672241,133,LP,2.273736754432321e-13,1200.0,10800.0
0.1,2025-07-28,68018.02816234602,19407.954218052306,15720.442916622364,13839.652546162864,215.2921737456178,42998.17314774111,53919.18036682085,96917.35351456195,134,LP,2.273736754432321e-13,1200.0,10800.0
0.1,2025-07-29,69958.86840207521,19731.89873753837,15982.837977406078,10465.470822307696,606.0325142506213,44033.02556387322,40186.75965615774,84219.78522003096,122,LP,2.273736754432321e-13,1200.0,10800.0
0.1,2025-07-30,67689.78623714522,19477.043135672546,15776.40493989476,10674.617783905262,560.5117752727105,42567.99447719979,42143.72616785536,84711.72064505515,132,LP,2.273736754432321e-13,1200.0,10800.0
0.1,2025-07-31,67757.74985468612,19622.82999823645,15894.492298571524,10863.03557241316,197.4514607676832,42718.14542978057,43594.83506030112,86312.98049008168,132,LP,2.273736754432321e-13,1200.0,10800.0
0.1,2025-08-01,36546.158571143984,16000.0,12960.000000000004,3343.626867375606,15598.425771852928,20925.77126282647,11805.220312912705,32730.991575739172,76,LP,9.094947017729282e-13,1200.0,10800.0
0.1,2025-08-02,35168.41449159055,15999.999999999998,12960.0,5799.740483557577,17001.13004181479,19902.64518176063,23040.189789306743,42942.83497106737,103,LP,9.094947017729282e-13,1200.0,10800.0
0.1,2025-08-03,62975.47171185729,18270.5497680149,14799.145312092069,4783.174613306978,1447.7618859081088,40561.75671700105,17308.234715200102,57869.991432201154,104,LP,4.547473508864641e-13,1200.0,10800.0
0.1,2025-08-04,61985.66114995199,17891.870587901216,14492.415176199982,7727.603573758606,898.1542286760332,40042.88128258314,28696.037776149773,68738.91905873292,121,LP,9.094947017729282e-13,1200.0,10800.0
0.1,2025-08-05,63061.19490587039,18130.614717134777,14685.797920879171,6737.189415639428,1201.2577919208852,40761.14257413756,24837.73480714779,65598.87738128535,112,LP,2.273736754432321e-13,1200.0,10800.0
0.1,2025-08-06,59971.08030089778,17610.944330252358,14264.864907504412,12994.31752375683,1504.919135240003,38592.401538896855,50140.31471544206,88732.71625433891,125,LP,9.094947017729282e-13,1200.0,10800.0
0.1,2025-08-07,64218.76490875772,18505.920590446254,14989.795678261473,3866.919702638251,1181.5744492111744,41407.06696785905,14443.614702487212,55850.68167034626,93,LP,1.8189894035458565e-12,1200.0,10800.0
0.1,2025-08-08,35285.757871283466,16000.000000000002,12960.0,3836.522676134391,20307.10929741786,19994.8351056365,15045.478791996497,35040.313897632994,91,LP,9.094947017729282e-13,1200.0,10800.0
0.1,2025-08-09,34090.58632419868,16000.0,12960.0,6817.3018158331615,18945.95914003185,19127.576955392677,26990.126552874943,46117.703508267616,106,LP,9.094947017729282e-13,1200.0,10800.0
0.1,2025-08-10,59907.36030684273,17615.11935495033,14268.246677509764,10478.927007926864,1734.795587329024,38519.14455679209,39354.440858154114,77873.5854149462,126,LP,9.094947017729282e-13,1200.0,10800.0
0.1,2025-08-11,61056.27133583667,17907.4478541282,14505.032761843844,7562.314439280671,654.9173494996534,39309.38285765807,28598.95115104988,67908.33400870796,120,LP,4.547473508864641e-13,1200.0,10800.0
0.1,2025-08-12,62528.42999510314,18111.725137021826,14670.497360987676,9265.61544368284,592.2740127518374,40304.04307162689,36372.68361008207,76676.72668170895,117,LP,4.547473508864641e-13,1200.0,10800.0
0.1,2025-08-13,60457.07649991223,18096.08942537536,14657.832434554037,9337.307115660424,235.14717475134407,38811.87905812854,36372.11265970803,75183.99171783657,130,LP,4.547473508864641e-13,1200.0,10800.0
0.1,2025-08-14,60165.45116101433,17983.54807414892,14566.673940060624,10108.930294413476,931.2163380061788,38701.09306923181,40416.40563380232,79117.49870303413,126,LP,4.547473508864641e-13,1200.0,10800.0
0.1,2025-08-15,35495.83056476836,16000.000000000004,12960.0,5176.68841606189,20472.79209749692,20168.100828661693,19673.70325139492,39841.80408005661,103,LP,9.094947017729282e-13,1200.0,10800.0
0.1,2025-08-16,36626.84820471572,16000.000000000002,12960.0,4775.480497295159,21433.048335344203,20923.532757388846,20033.4297825026,40956.96253989145,93,LP,9.094947017729282e-13,1200.0,10800.0
0.1,2025-08-17,58936.98076388412,17484.13699137845,14162.150963016546,9208.2471431956,1657.8482620511477,37876.907615568656,35348.70617700677,73225.61379257543,124,LP,2.273736754432321e-13,1200.0,10800.0
0.1,2025-08-18,60643.915339176376,17811.82040664684,14427.57452938394,8937.802992615172,1803.356837861988,39067.00488465714,37384.01885580099,76451.02374045813,121,LP,2.273736754432321e-13,1200.0,10800.0
0.1,2025-08-19,60610.66421854251,17893.59421041719,14493.811310437924,9149.35223366201,2042.5735022252488,39022.5904701753,34563.0420645916,73585.6325347669,127,LP,9.094947017729282e-13,1200.0,10800.0
0.1,2025-08-20,61067.35324571589,18025.651740469595,14600.777909780372,13956.494314222784,948.2826625827836,39325.803251109406,54704.63012090633,94030.43337201574,122,LP,4.547473508864641e-13,1200.0,10800.0
0.1,2025-08-21,61658.9832511076,18606.395642390213,15071.180470336078,8460.515198571566,739.864794291696,39637.56006599194,32201.77267039787,71839.33273638981,119,LP,9.094947017729282e-13,1200.0,10800.0
0.1,2025-08-22,36477.797477455984,15999.999999999998,12960.000000000002,7631.672410350171,19838.90048780616,20851.082041445723,31586.83229189238,52437.91433333811,97,LP,1.8189894035458565e-12,1200.0,10800.0
0.1,2025-08-23,35785.01601867919,16000.000000000002,12959.999999999998,6414.6350434406695,16629.644912119857,20365.124928920824,26264.96690577944,46630.09183470026,103,LP,4.547473508864641e-13,1200.0,10800.0
0.1,2025-08-24,60096.68752546689,18005.89024808891,14584.771100952014,8788.990933433088,1730.9698284297574,38594.26534452927,36916.14646680272,75510.41181133199,122,LP,1.8189894035458565e-12,1200.0,10800.0
0.1,2025-08-25,59971.27794262309,17888.36458466918,14489.575313582036,15310.599101496728,1110.0007563660108,38595.90451674035,58912.585052901566,97508.48956964193,129,LP,4.547473508864641e-13,1200.0,10800.0
0.1,2025-08-26,60085.27406861584,18121.957519136195,14678.785590500318,9377.476784996994,490.7605416436236,38574.76454160141,39077.13456189274,77651.89910349416,128,LP,9.094947017729282e-13,1200.0,10800.0
0.1,2025-08-27,59347.86908094905,17899.1748176391,14498.331602287672,12868.892241543635,901.7692404745876,38155.09587311117,52096.60144758249,90251.69732069368,138,LP,4.547473508864641e-13,1200.0,10800.0
0.1,2025-08-28,60406.19295860935,18343.621819666478,14858.333673929848,14055.39047660146,208.50030614084693,38816.37697467682,55860.35888800693,94676.73586268377,133,LP,1.8189894035458565e-12,1200.0,10800.0
0.1,2025-08-29,33976.9366366902,15999.999999999996,12960.0,8207.278078535961,16588.994365226157,19144.918019568417,33201.07169188991,52345.98971145833,108,LP,9.094947017729282e-13,1200.0,10800.0
0.1,2025-08-30,34286.9414724923,16000.0,12960.0,8753.857363568774,21488.079002727733,19385.06100867118,34798.13079503445,54183.19180370563,104,LP,9.094947017729282e-13,1200.0,10800.0
0.1,2025-08-31,61583.51673813495,18303.28333883138,14825.65950445342,9375.476794223963,834.7466146476224,39700.63162651296,36307.620165046406,76008.25179155936,121,LP,9.094947017729282e-13,1200.0,10800.0
0.15,2025-05-01,47863.71885274611,17636.548232566365,14285.604068378756,8762.22014268962,2263.616031248125,28828.495226902287,38362.844998668006,67191.3402255703,119,LP,2.273736754432321e-13,1200.0,10800.0
0.15,2025-05-02,24094.32809781525,16003.22048418179,12962.608592187247,9690.150396776357,16453.546519263728,11499.152736084838,41668.89777434053,53168.05051042537,103,LP,9.094947017729282e-13,1200.0,10800.0
0.15,2025-05-03,26228.620428731752,15999.999999999998,12960.000000000002,5243.522044600519,19564.970823332274,13072.70520552203,22573.64782867236,35646.35303419439,88,LP,9.094947017729282e-13,1200.0,10800.0
0.15,2025-05-04,50615.84197166676,18061.57352760128,14629.874557357038,6461.998086190285,1911.4737542794785,31143.82153496424,22280.92244807646,53424.743983040695,109,LP,4.547473508864641e-13,1200.0,10800.0
0.15,2025-05-05,49333.74909619009,17315.04646436144,14025.187636132769,9649.544343287904,617.4278112493273,30374.101698356477,39742.80767526945,70116.90937362592,123,LP,9.094947017729282e-13,1200.0,10800.0
0.15,2025-05-06,50453.34579594735,17598.187342563477,14254.531747476416,6264.535403560126,504.1432377537515,31234.107886788264,26098.529784995444,57332.63767178371,121,LP,4.547473508864641e-13,1200.0,10800.0
0.15,2025-05-07,50984.70599969664,17729.392252418907,14360.80772445932,7731.022316336065,279.297838073128,31584.25157867368,32770.581137865214,64354.83271653889,129,LP,1.8189894035458565e-12,1200.0,10800.0
0.15,2025-05-08,51502.69197867193,17891.844743566,14492.394242288465,8946.488562355426,1223.217639749821,32121.584231808392,33705.0770887575,65826.6613205659,108,LP,9.094947017729282e-13,1200.0,10800.0
0.15,2025-05-09,26202.312344905924,16000.000000000002,12960.0,3462.2153114960824,18125.141806402007,13234.377231364046,14295.20092911572,27529.578160479767,86,LP,4.547473508864641e-13,1200.0,10800.0
0.15,2025-05-10,24958.50253886687,16006.827474630569,12965.530254450758,6318.089490675121,16114.249526028843,12176.516870787276,26902.642707644834,39079.15957843211,99,LP,4.547473508864641e-13,1200.0,10800.0
0.15,2025-05-11,52049.507780484186,18198.819033967004,14741.043417513274,7391.276493524466,498.92957422158827,32086.03929657102,29673.44446826797,61759.483764839,113,LP,9.094947017729282e-13,1200.0,10800.0
0.15,2025-05-12,51667.685073194734,18013.757038445012,14591.14320114046,5353.879639507038,1667.7556420638846,32038.838529076267,17704.568056780867,49743.406585857134,93,LP,4.547473508864641e-13,1200.0,10800.0
0.15,2025-05-13,48102.267604517794,16697.101292236406,13524.65204671149,8617.674055239357,418.2796475655679,29541.181479372124,35015.673308161306,64556.85478753343,126,LP,9.094947017729282e-13,1200.0,10800.0
0.15,2025-05-14,48701.51622161531,17172.69675189665,13909.884369036286,8086.06225219989,510.6173076215093,29821.71393358273,32020.06201303756,61841.77594662029,127,LP,4.547473508864641e-13,1200.0,10800.0
0.15,2025-05-15,49627.05359979232,17214.38430824929,13943.651289681928,7256.413364122835,847.6756620144688,30807.9464399234,29039.86364724428,59847.81008716768,109,LP,9.094947017729282e-13,1200.0,10800.0
0.15,2025-05-16,25289.216386142733,15999.999999999998,12960.0,2619.175570015472,22152.88542282488,12568.641960258828,9840.430023839504,22409.071984098333,79,LP,4.547473508864641e-13,1200.0,10800.0
0.15,2025-05-17,25484.61951580555,16023.8334512428,12979.305095506666,5955.398115400672,17946.690192136753,12728.521566484884,25031.15997102053,37759.68153750541,97,LP,9.094947017729282e-13,1200.0,10800.0
0.15,2025-05-18,49232.89453993563,16817.910213154868,13622.507272655444,8228.494735443084,589.818234879299,30513.8832640027,29583.055573582336,60096.93883758504,116,LP,2.273736754432321e-13,1200.0,10800.0
0.15,2025-05-19,48238.79381179102,16707.657992191398,13533.20297367503,4640.951314894865,2190.0735581695208,29619.147774094537,20497.961007600254,50117.10878169479,102,LP,9.094947017729282e-13,1200.0,10800.0
0.15,2025-05-20,48640.57342776832,16807.24040037638,13613.864724304864,9583.84007556228,503.6430105924161,29980.75541089663,37220.22258358368,67200.97799448032,125,LP,1.8189894035458565e-12,1200.0,10800.0
0.15,2025-05-21,48253.97330368647,16663.706646453917,13497.602383627667,7523.396678089732,1248.6504356166272,29700.28317962548,31004.982448321804,60705.26562794728,113,LP,9.094947017729282e-13,1200.0,10800.0
0.15,2025-05-22,48801.65228910949,16732.82190920657,13553.58574645733,6003.504134566732,809.2894442603219,30304.12677278187,23778.20250229824,54082.32927508011,113,LP,9.094947017729282e-13,1200.0,10800.0
0.15,2025-05-23,24015.38680573775,16000.0,12960.0,5515.045771002597,20069.48369340701,11659.164424904391,22683.33497611753,34342.49940102192,100,LP,2.273736754432321e-13,1200.0,10800.0
0.15,2025-05-24,24567.48833201489,16019.87158114821,12976.095980730051,2952.412158656978,20721.623506920376,12006.592523236995,11647.782036070228,23654.374559307224,84,LP,9.094947017729282e-13,1200.0,10800.0
0.15,2025-05-25,47704.06017234459,16645.109255669646,13482.538497092411,4927.524416836017,924.0036472700398,29226.853115432637,20239.834795108854,49466.68791054149,115,LP,9.094947017729282e-13,1200.0,10800.0
0.15,2025-05-26,46985.51591194823,16173.986954831664,13100.92943341365,11004.47992944128,337.1053699715027,28823.20035347684,43499.87791704114,72323.07827051799,127,LP,4.547473508864641e-13,1200.0,10800.0
0.15,2025-05-27,48337.92413446421,16727.19475751427,13549.027753586555,5062.294503121995,831.6843336584906,29790.44667783032,21202.776177026037,50993.22285485636,102,LP,1.8189894035458565e-12,1200.0,10800.0
0.15,2025-05-28,48154.81525635823,16708.65136321162,13534.007604201408,8743.460130573521,1449.8075279215395,29482.827838681336,33456.14035484522,62938.96819352656,116,LP,9.094947017729282e-13,1200.0,10800.0
0.15,2025-05-29,48167.81445920196,16848.742880366743,13647.481733097064,9346.713669842278,203.14348177456267,29677.81870545283,37692.72713087134,67370.54583632416,128,LP,4.547473508864641e-13,1200.0,10800.0
0.15,2025-05-30,24360.98022165723,15999.999999999996,12960.000000000002,5496.659975844927,20221.406930835496,11919.110126888503,22402.44332986472,34321.55345675322,97,LP,9.094947017729282e-13,1200.0,10800.0
0.15,2025-05-31,24586.9459660757,16000.0,12960.0,5025.311535176035,18183.07595125174,11980.14232368688,20772.748755913235,32752.891079600115,92,LP,1.1368683772161605e-13,1200.0,10800.0
0.15,2025-06-01,50988.238374309454,17740.253014276997,14369.604941564365,23624.366563488293,17.130565085124317,31196.862096062112,92254.33758701853,123451.19968308065,143,LP,9.094947017729282e-13,1200.0,10800.0
0.15,2025-06-02,58539.07782323937,18083.1032370284,14647.313621993006,14321.402825940708,783.8835841446898,37541.54867016064,55720.98729376255,93262.5359639232,120,LP,9.094947017729282e-13,1200.0,10800.0
0.15,2025-06-03,62157.27985300856,18742.21566703972,15181.194690302164,10046.312373236187,450.204416173857,38999.03959501923,39620.96536118455,78620.00495620377,127,LP,2.273736754432321e-13,1200.0,10800.0
0.15,2025-06-04,65295.08812058828,19064.40774117136,15442.170270348804,8667.648175376684,695.2380084757369,40698.47400812457,29545.198319082767,70243.67232720734,112,LP,2.273736754432321e-13,1200.0,10800.0
0.15,2025-06-05,64062.77192730364,18535.42020072607,15013.69036258812,10938.740197197916,330.4642696969336,39918.69719404983,40825.97086439373,80744.66805844357,124,LP,2.273736754432321e-13,1200.0,10800.0
0.15,2025-06-06,31732.97787665524,16000.000000000002,12959.999999999998,10195.9550020364,8033.937478691639,17689.428211597777,39278.90380608336,56968.33201768114,101,LP,4.547473508864641e-13,1200.0,10800.0
0.15,2025-06-07,32368.15992282085,16000.0,12960.0,6600.645991962856,4802.292748117044,17980.0790535076,23813.34295732181,41793.42201082941,105,LP,9.094947017729282e-13,1200.0,10800.0
0.15,2025-06-08,73137.08022277248,22277.883721166705,18045.08581414504,2432.1861619431447,6151.545211027282,44928.998303135726,8560.828689693488,53489.826992829214,73,LP,9.094947017729282e-13,1200.0,10800.0
0.15,2025-06-09,64700.52269262368,18435.5586209152,14932.802482941315,10035.793427830658,300.8472491471129,39700.2734296504,40579.44256998466,80279.71599963505,125,LP,2.273736754432321e-13,1200.0,10800.0
0.15,2025-06-10,67928.81310917657,19799.19711674577,16037.34966456407,7872.453713123715,420.9751367852497,41507.54442217389,30317.38880953365,71824.93323170755,127,LP,2.273736754432321e-13,1200.0,10800.0
0.15,2025-06-11,68643.72819589831,20723.89291903937,16786.353264421894,11542.25482233468,163.99704694884576,41948.82680747256,47494.23112093895,89443.05792841151,131,LP,2.273736754432321e-13,1200.0,10800.0
0.15,2025-06-12,71739.89628377753,22147.537141567194,17939.50508466943,5999.242250862513,1078.715044408962,44066.04114916496,22430.8794244911,66496.92057365605,109,LP,9.094947017729282e-13,1200.0,10800.0
0.15,2025-06-13,30637.02613132479,15999.999999999996,12959.999999999996,5943.302036727231,5195.014468052023,16780.38112196616,22486.347710852337,39266.728832818495,113,LP,4.547473508864641e-13,1200.0,10800.0
0.15,2025-06-14,31420.45845789956,16000.000000000004,12960.0,5874.563085244439,8061.678793143996,17135.629496561356,21244.63988379753,38380.269380358885,106,LP,4.547473508864641e-13,1200.0,10800.0
0.15,2025-06-15,68222.22369819325,20635.3387236607,16714.62436616517,7225.862512048955,900.3975194133366,41924.34238590041,27004.177377828823,68928.51976372924,102,LP,2.273736754432321e-13,1200.0,10800.0
0.15,2025-06-16,68703.64218329464,21219.677762394997,17187.938987539943,8305.555133197046,283.40572496996054,41610.727645906285,33021.268084157935,74631.99573006423,131,LP,1.1368683772161605e-13,1200.0,10800.0
0.15,2025-06-17,70228.12353717948,21583.089139538773,17482.302203026407,9106.57846724624,596.9038512466883,42644.825624922174,35730.445352705865,78375.27097762804,123,LP,4.547473508864641e-13,1200.0,10800.0
0.15,2025-06-18,70637.89313149311,21581.36099771633,17480.902408150236,5531.167129914587,1140.2107718416046,42924.72616372831,20721.710897837227,63646.437061565535,102,LP,2.273736754432321e-13,1200.0,10800.0
0.15,2025-06-19,66864.83796099841,20228.182102198443,16384.82750278074,6113.082114639861,875.0612762205774,40864.70596616836,24020.42278275364,64885.128748922,117,LP,2.273736754432321e-13,1200.0,10800.0
0.15,2025-06-20,31077.295708341266,16000.000000000004,12959.999999999996,2613.949621769493,8250.664480110749,17106.93270863837,9526.624002528331,26633.556711166704,79,LP,9.094947017729282e-13,1200.0,10800.0
0.15,2025-06-21,31065.11626368772,16000.0,12959.999999999996,2929.1332840928785,11619.509147780602,16858.54722193476,11813.723232031574,28672.270453966332,82,LP,1.8189894035458565e-12,1200.0,10800.0
0.15,2025-06-22,65818.21357585053,19689.43318005324,15948.440875843127,6585.487701673463,1205.3678733138895,39931.84269038656,25358.422679818475,65290.26537020504,105,LP,2.273736754432321e-13,1200.0,10800.0
0.15,2025-06-23,66394.07497816975,19744.40673283196,15992.96945359389,5480.638452576685,1061.9901515083725,40497.09131157216,24315.715997828163,64812.80730940033,103,LP,2.273736754432321e-13,1200.0,10800.0
0.15,2025-06-24,62353.07053580943,19040.17672518452,15422.543147399454,17607.921428583206,74.56613660756977,37915.52815431898,70922.00915562737,108837.53730994636,138,LP,1.1368683772161605e-13,1200.0,10800.0
0.15,2025-06-25,69965.12412887784,21280.70376664881,17237.370050985533,5484.387304453464,968.7563510013624,42504.06868280562,21647.763084441445,64151.831767247066,106,LP,2.273736754432321e-13,1200.0,10800.0
0.15,2025-06-26,67301.74329614262,20830.263718822494,16872.51361224622,6037.092528172885,1833.7018844058932,40649.80196392111,26031.889390933327,66681.69135485444,112,LP,1.1368683772161605e-13,1200.0,10800.0
0.15,2025-06-27,30204.979209011603,15999.999999999998,12960.0,2555.413033966174,9948.746376311108,16370.971538750931,9870.493450818598,26241.46498956953,82,LP,4.547473508864641e-13,1200.0,10800.0
0.15,2025-06-28,30416.586316474302,16000.000000000002,12959.999999999996,3484.6136862629182,9084.27388607055,16371.69131125366,13405.776378764518,29777.467690018177,94,LP,9.094947017729282e-13,1200.0,10800.0
0.15,2025-06-29,67997.62828975359,20858.7527229868,16895.589705619306,6252.608827349934,1019.3055664027002,41399.79322859756,22276.711471171697,63676.504699769255,107,LP,2.273736754432321e-13,1200.0,10800.0
0.15,2025-06-30,67817.59807536188,21348.401703824293,17292.20538009768,6908.657140511946,792.3749088138824,41054.14321963684,26505.75936793557,67559.90258757242,119,LP,2.273736754432321e-13,1200.0,10800.0
0.15,2025-07-01,72077.50006928602,21457.51819468269,17380.589737692975,11581.536490340592,715.5640693035789,44220.9033931232,42497.34281798232,86718.24621110552,126,LP,2.273736754432321e-13,1200.0,10800.0
0.15,2025-07-02,77074.46702502349,21408.19983171048,17340.641863685487,3728.6135931387817,3830.75628347062,48391.60325651905,11298.80339012976,59690.40664664881,74,LP,2.273736754432321e-13,1200.0,10800.0
0.15,2025-07-03,74897.82063111287,20553.75861506848,16648.54447820547,9393.740964418985,625.9285253355074,47405.34916735998,33902.52207927054,81307.87124663052,117,LP,2.273736754432321e-13,1200.0,10800.0
0.15,2025-07-04,38876.60469689054,16000.0,12960.0,4252.386624688306,11208.123854912184,22922.13010191341,14757.373319039933,37679.50342095335,88,LP,1.8189894035458565e-12,1200.0,10800.0
0.15,2025-07-05,39591.14166291047,16000.000000000004,12960.0,4220.036925747965,11981.098621991769,23094.57182271467,14820.279244425854,37914.85106714053,92,LP,9.094947017729282e-13,1200.0,10800.0
0.15,2025-07-06,71759.89768910868,19911.63416223932,16128.42367141384,12114.238684762391,296.94433304560164,45323.5743523498,48165.04051767998,93488.61487002978,126,LP,9.094947017729282e-13,1200.0,10800.0
0.15,2025-07-07,74401.33962359355,20612.579740694597,16696.189589962625,4663.333126565531,1738.799832760455,46398.86988718846,16538.06245114612,62936.93233833458,100,LP,2.273736754432321e-13,1200.0,10800.0
0.15,2025-07-08,74153.21340555846,19806.55582181392,16043.310215669277,6549.267499293886,1367.8482820410425,46558.64193841175,27983.459923322294,74542.10186173405,106,LP,2.273736754432321e-13,1200.0,10800.0
0.15,2025-07-09,69677.58016275807,19960.3283605167,16167.86597201853,8774.971296120824,601.3640537140518,43765.31660430111,33277.10740156885,77042.42400586995,121,LP,1.8189894035458565e-12,1200.0,10800.0
0.15,2025-07-10,68025.51552530075,19739.12368444878,15988.69018440351,9004.094174614158,425.5528165363018,42961.78454110102,35050.56143032738,78012.34597142841,130,LP,2.273736754432321e-13,1200.0,10800.0
0.15,2025-07-11,37768.03042046021,15999.999999999996,12960.0,7143.354982467442,9352.608252927655,21635.91431753429,27330.04217960903,48965.95649714333,108,LP,9.094947017729282e-13,1200.0,10800.0
0.15,2025-07-12,39090.16886323315,15999.999999999998,12960.0,5363.455626379021,10329.38115627884,22374.211831177538,21646.814494969723,44021.02632614726,97,LP,9.094947017729282e-13,1200.0,10800.0
0.15,2025-07-13,68105.47102735384,19290.07081688292,15624.95736167517,6025.590065007907,1198.2272371539973,42985.3359861168,24994.338306788733,67979.67429290553,112,LP,2.273736754432321e-13,1200.0,10800.0
0.15,2025-07-14,63277.40709290317,18520.452363715147,15001.566414609271,12132.497865652038,83.33979278267415,40419.69710834184,48170.79605526464,88590.49316360647,136,LP,9.094947017729282e-13,1200.0,10800.0
0.15,2025-07-15,68264.33857472432,19153.180261521997,15514.07601183281,9287.701977890403,1163.8857195922142,43435.8050748963,33370.13100371256,76805.93607860885,105,LP,9.094947017729282e-13,1200.0,10800.0
0.15,2025-07-16,65701.29989192095,19454.02131434341,15757.757264618154,11166.591230704937,1037.0636895672994,41544.24057773846,40059.12400768479,81603.36458542326,124,LP,1.8189894035458565e-12,1200.0,10800.0
0.15,2025-07-17,65086.65322820109,19035.39957640148,15418.673656885194,11463.888743536609,213.3999855547465,41387.0573442952,45998.82278554271,87385.88012983791,135,LP,9.094947017729282e-13,1200.0,10800.0
0.15,2025-07-18,36595.50862585062,16000.0,12959.999999999998,7947.140673192764,10228.401199043385,20805.02322227209,31867.04725519684,52672.07047746894,107,LP,4.547473508864641e-13,1200.0,10800.0
0.15,2025-07-19,36711.198529652014,16000.0,12960.0,6796.940695312134,13285.32017496415,20765.695139269017,27201.4789882312,47967.17412750021,98,LP,1.8189894035458565e-12,1200.0,10800.0
0.15,2025-07-20,65811.01081432213,18728.26927797729,15169.898115161606,10175.295495228158,337.9569300679466,42022.28452506621,38515.26892510892,80537.55345017512,120,LP,9.094947017729282e-13,1200.0,10800.0
0.15,2025-07-21,64333.728799552,18763.853339007568,15198.721204596131,13383.446154481164,162.29346962172815,40894.94539373636,51456.52458629856,92351.46998003492,132,LP,9.094947017729282e-13,1200.0,10800.0
0.15,2025-07-22,69609.51401727194,19722.064348300715,15974.872122123576,8536.763085505234,603.9402599333752,43844.693392265566,33884.14519879844,77728.838591064,121,LP,2.273736754432321e-13,1200.0,10800.0
0.15,2025-07-23,68413.9267357078,19498.43884981469,15793.735468349903,9702.54721408488,195.22345166123117,43148.65272244984,38632.877212365805,81781.52993481565,130,LP,2.273736754432321e-13,1200.0,10800.0
0.15,2025-07-24,67151.53179265691,19460.44534531148,15762.960729702294,10715.624171743344,553.1993487910745,42496.821701423694,40065.81001928121,82562.6317207049,126,LP,2.273736754432321e-13,1200.0,10800.0
0.15,2025-07-25,37236.4743444698,15999.999999999998,12960.0,4314.418291958139,12005.573069761278,21353.07485930757,16543.597072986733,37896.6719322943,99,LP,9.094947017729282e-13,1200.0,10800.0
0.15,2025-07-26,38089.5702786016,16000.000000000002,12960.0,5266.186302436234,11846.66501437116,21790.78483423633,20273.96235493056,42064.74718916689,92,LP,9.094947017729282e-13,1200.0,10800.0
0.15,2025-07-27,68791.45424569068,19624.497783701725,15895.843204798392,8944.866158451845,322.47602523918795,43362.1565845877,36690.76925819976,80052.92584278746,130,LP,2.273736754432321e-13,1200.0,10800.0
0.15,2025-07-28,69807.34983780095,19738.37487895834,15988.083651956256,12186.63014556589,288.8115230314429,43999.48103614657,47641.73312487176,91641.21416101832,132,LP,2.273736754432321e-13,1200.0,10800.0
0.15,2025-07-29,71491.61913850154,19444.41759977994,15749.978255821748,9091.002073849377,818.9359183927297,44969.90643709406,35039.055925528206,80008.96236262226,116,LP,9.094947017729282e-13,1200.0,10800.0
0.15,2025-07-30,69417.22282961868,19685.59740283573,15945.333896296946,9183.142037153064,756.8473102329651,43537.05317361295,36739.778029529385,80276.83120314233,129,LP,9.094947017729282e-13,1200.0,10800.0
0.15,2025-07-31,69646.28851484033,19651.71949708295,15917.892792637194,9081.025736078003,298.4912798059138,43814.059501490665,36691.67877490462,80505.73827639528,128,LP,1.8189894035458565e-12,1200.0,10800.0
0.15,2025-08-01,37247.93068860117,16000.0,12960.0,2731.231856636058,15687.80287857056,21397.233422348483,9564.086759750817,30961.320182099294,71,LP,9.094947017729282e-13,1200.0,10800.0
0.15,2025-08-02,35813.82401604174,16000.000000000004,12959.999999999998,4841.01473255725,16687.813815265654,20322.524421219125,19406.376942994877,39728.901364214,100,LP,9.094947017729282e-13,1200.0,10800.0
0.15,2025-08-03,64929.19549727024,18663.76767209932,15117.65181440045,3752.9704678811313,2296.570124119171,41584.61242977191,13750.39582103164,55335.00825080355,93,LP,1.8189894035458565e-12,1200.0,10800.0
0.15,2025-08-04,63003.87178254026,18238.681587880368,14773.332086183098,6389.562643805502,512.4298413151603,40647.60177385416,24147.372698468767,64794.97447232292,117,LP,2.273736754432321e-13,1200.0,10800.0
0.15,2025-08-05,64140.3773794512,18464.598960382253,14956.32515790962,5564.985507428285,1044.7793510735153,41425.35050581487,21045.619084368685,62470.96959018355,105,LP,9.094947017729282e-13,1200.0,10800.0
0.15,2025-08-06,61024.03502591596,17904.070137219984,14502.29681114819,11601.733257947091,1109.5956911245942,39243.904248598,45275.0757647733,84518.9800133713,124,LP,4.547473508864641e-13,1200.0,10800.0
0.15,2025-08-07,66168.12088690352,18878.7965001256,15291.82516510174,2918.0419495559345,2111.2062514356003,42432.00311056586,10899.557382981988,53331.56049354785,79,LP,1.8189894035458565e-12,1200.0,10800.0
0.15,2025-08-08,35936.91179342591,15999.999999999998,12960.0,3237.2307193084825,20358.9712627344,20426.29989105055,12851.329201289289,33277.629092339834,83,LP,4.547473508864641e-13,1200.0,10800.0
0.15,2025-08-09,34688.965471448944,16000.0,12960.000000000002,6217.693668257061,18944.73013970601,19524.29023810183,24780.15068891688,44304.4409270187,102,LP,9.094947017729282e-13,1200.0,10800.0
0.15,2025-08-10,60806.43412459564,17855.856763955242,14463.243978803746,9279.455388239738,1388.6576776838851,39090.00311770393,35069.36787870672,74159.37099641064,125,LP,4.547473508864641e-13,1200.0,10800.0
0.15,2025-08-11,61993.64700865456,18187.58281624573,14731.94208115904,6725.600907650534,702.3538478850764,39900.37016414618,25929.456838427224,65829.82700257341,116,LP,2.273736754432321e-13,1200.0,10800.0
0.15,2025-08-12,63438.87188504687,18359.89799622337,14871.517376940928,8435.169295469113,625.1169112335343,40888.15080171469,33714.91042978325,74603.06123149794,112,LP,4.547473508864641e-13,1200.0,10800.0
0.15,2025-08-13,62004.87699342229,18414.932846945758,14916.095606026063,7910.85893231104,295.9192348136362,39680.67591157259,30937.02978327436,70617.70569484694,125,LP,9.094947017729282e-13,1200.0,10800.0
0.15,2025-08-14,61127.7163676542,18236.04222743341,14771.194204221065,9002.497095058081,739.0744561666047,39320.58738419597,36374.44922374555,75695.03660794153,124,LP,9.094947017729282e-13,1200.0,10800.0
0.15,2025-08-15,36118.72773446393,16000.000000000002,12960.0,4427.220010477141,20346.22086160774,20589.026952834723,16842.935748937598,37431.962701772325,97,LP,4.547473508864641e-13,1200.0,10800.0
0.15,2025-08-16,37208.30454704301,16000.0,12959.999999999998,4076.421598039461,21315.4457784158,21318.49589273343,17288.991288305417,38607.48718103884,87,LP,4.547473508864641e-13,1200.0,10800.0
0.15,2025-08-17,59849.658046321085,17736.000093772338,14366.1600759556,7973.628037105944,1288.0524489436327,38467.49297958464,30723.209841839634,69190.70282142427,122,LP,1.8189894035458565e-12,1200.0,10800.0
0.15,2025-08-18,61592.93382609993,18080.43528090788,14645.15257753538,7940.725727379862,1704.261233440631,39681.80244467186,33672.7806027644,73354.58304743626,117,LP,1.8189894035458565e-12,1200.0,10800.0
0.15,2025-08-19,61503.631799152085,18149.33517795809,14700.96149414606,7903.290602770202,1640.8886681102504,39594.308953816064,29969.12124734512,69563.43020116119,126,LP,2.273736754432321e-13,1200.0,10800.0
0.15,2025-08-20,61907.098948637096,18257.01903609787,14788.185419239278,13085.293873908093,872.8681390199275,39873.55648627467,51779.44220629219,91652.99869256683,118,LP,9.094947017729282e-13,1200.0,10800.0
0.15,2025-08-21,62598.98147434902,18887.11147967036,15298.560298532992,7456.840080342239,622.8518902205576,40240.04594282332,28775.44924730116,69015.49519012446,111,LP,9.094947017729282e-13,1200.0,10800.0
0.15,2025-08-22,37076.80359656249,16000.0,12960.0,6885.023037291208,19691.257233853696,21262.35499680055,28636.67560268579,49899.030599486345,91,LP,1.8189894035458565e-12,1200.0,10800.0
0.15,2025-08-23,36433.45660090893,16000.0,12960.0,5621.018968344126,16484.469419253062,20787.25081907973,23308.63682616303,44095.887645242765,101,LP,1.8189894035458565e-12,1200.0,10800.0
0.15,2025-08-24,60981.56239652218,18232.296870182512,14768.160464847835,7820.402436821013,1604.238944675183,39152.07647173875,33267.760977278595,72419.83744901734,120,LP,1.8189894035458565e-12,1200.0,10800.0
0.15,2025-08-25,60828.339705563376,18076.69423074236,14642.122326901306,14289.8358218008,910.5166068564628,39150.88249968813,55900.18577636668,95051.0682760548,128,LP,2.273736754432321e-13,1200.0,10800.0
0.15,2025-08-26,61741.051128594125,18345.230207759683,14859.636468285344,7925.360960440981,651.9999662274347,39481.300598499714,33776.62130885474,73257.92190735445,126,LP,4.547473508864641e-13,1200.0,10800.0
0.15,2025-08-27,60281.54192001187,18110.13263072903,14669.207430890512,11274.622329822876,201.0901833295716,38774.57956802382,46408.60605686755,85183.18562489137,140,LP,9.094947017729282e-13,1200.0,10800.0
0.15,2025-08-28,62244.76795132688,18545.07072667448,15021.50728860633,12365.267662519109,318.6771924445098,39824.80985129974,49525.35380700904,89350.16365830878,131,LP,4.547473508864641e-13,1200.0,10800.0
0.15,2025-08-29,34676.60998503719,16000.000000000004,12960.0,7233.831609335943,16315.22124437313,19627.10996541567,29359.817036999564,48986.92700241524,108,LP,9.094947017729282e-13,1200.0,10800.0
0.15,2025-08-30,34967.395978845474,16000.0,12959.999999999998,7765.287441360001,21179.96358687214,19858.07057109752,30994.82068121773,50852.89125231525,103,LP,9.094947017729282e-13,1200.0,10800.0
0.15,2025-08-31,62481.67712306442,18493.979218567478,14980.12316703966,8510.358301039778,831.5562892430598,40295.70042446219,33675.87700018989,73971.57742465209,117,LP,9.094947017729282e-13,1200.0,10800.0
0.2,2025-05-01,48441.43581309467,17829.40192911676,14441.815562584576,7836.624186678752,1879.0948332412484,29196.58294778792,34522.25172286348,63718.8346706514,114,LP,1.8189894035458565e-12,1200.0,10800.0
0.2,2025-05-02,24413.17602981376,16008.137002216426,12966.590971795304,9063.2091517112,16144.519067770498,11706.364628452866,38977.34781509965,50683.71244355252,100,LP,4.547473508864641e-13,1200.0,10800.0
0.2,2025-05-03,26565.717731666533,16000.000000000004,12959.999999999996,4670.3872646617,19328.933346328227,13298.99373186984,20144.4326728351,33443.42640470494,84,LP,9.094947017729282e-13,1200.0,10800.0
0.2,2025-05-04,51208.080241972944,18263.72195422772,14793.614782924456,5725.503826284237,1728.8095636205885,31519.61010590911,19751.984896784183,51271.59500269329,106,LP,1.8189894035458565e-12,1200.0,10800.0
0.2,2025-05-05,49853.05790354226,17472.085894424243,14152.389574483635,9067.992079767577,525.3468633692368,30713.03357644014,37886.87836520091,68599.91194164104,122,LP,1.8189894035458565e-12,1200.0,10800.0
0.2,2025-05-06,50979.2390685016,17758.81506253968,14384.640200657148,6020.950511141351,755.9323510937595,31571.08149689429,25562.175921581857,57133.25741847615,110,LP,9.094947017729282e-13,1200.0,10800.0
0.2,2025-05-07,51705.65487678918,17890.019972395123,14490.91617764005,7071.666893517746,310.3720255518518,32006.83058850105,30425.48217661902,62432.31276512008,126,LP,9.094947017729282e-13,1200.0,10800.0
0.2,2025-05-08,52049.79518568095,18058.808731392608,14627.635072428013,8224.977319243499,1017.0864459598622,32473.055892484957,31068.65879304605,63541.714685531,104,LP,4.547473508864641e-13,1200.0,10800.0
0.2,2025-05-09,26539.86348658484,16000.0,12960.0,2870.508043581519,17870.98568016635,13483.458801586508,11810.51899720172,25293.977798788223,83,LP,9.094947017729282e-13,1200.0,10800.0
0.2,2025-05-10,25261.18836410728,16001.66450412066,12961.348248337734,5735.643342634097,15835.47016762512,12373.40053970582,24412.99828203285,36786.39882173867,95,LP,4.547473508864641e-13,1200.0,10800.0
0.2,2025-05-11,53399.48389564362,18403.965629456165,14907.212159859491,6255.054894384414,673.7062370980293,32789.62157204753,25144.13295380893,57933.754525856464,107,LP,9.094947017729282e-13,1200.0,10800.0
0.2,2025-05-12,52964.2995890557,18204.05548111289,14745.28493970144,4536.415223057567,2110.749037368485,32719.14656299292,14713.679086557697,47432.82564955061,84,LP,1.8189894035458565e-12,1200.0,10800.0
0.2,2025-05-13,48695.01146149704,16877.241975406898,13670.566000079583,8004.449295356537,363.57201485960303,29935.36062001197,33098.00403457,63033.364654581965,120,LP,9.094947017729282e-13,1200.0,10800.0
0.2,2025-05-14,49383.897899857,17382.06682723604,14079.474130061191,7238.365168967443,305.5215883162682,30248.273452187983,29014.92147427085,59263.19492645883,128,LP,9.094947017729282e-13,1200.0,10800.0
0.2,2025-05-15,50585.73989166788,17423.754383588683,14113.24105070683,6409.989007912573,920.1572833652764,31363.206225645656,25832.47979537543,57195.68602102109,105,LP,4.547473508864641e-13,1200.0,10800.0
0.2,2025-05-16,25664.060644758683,16000.0,12959.999999999996,2253.8632917051928,22162.417403130545,12826.016441509772,8374.86778573775,21200.884227247523,74,LP,2.273736754432321e-13,1200.0,10800.0
0.2,2025-05-17,25855.3708630032,16012.24544632438,12969.918811522744,5278.246957973453,17642.49210284168,12981.737088798163,22220.20080345231,35201.93789225047,93,LP,9.094947017729282e-13,1200.0,10800.0
0.2,2025-05-18,50181.51445657288,17021.991688796596,13787.813267925245,7451.67345955854,722.8413952600791,31048.004668314003,26901.77439542264,57949.77906373664,115,LP,9.094947017729282e-13,1200.0,10800.0
0.2,2025-05-19,49254.3820672028,16915.575509842503,13701.616162972428,4188.197711470439,2713.403881803158,30167.021258589,18849.558759435877,49016.58001802488,96,LP,4.547473508864641e-13,1200.0,10800.0
0.2,2025-05-20,49401.711237855736,17044.67760712868,13806.188861774232,8648.771872150746,284.5995479853706,30428.985389425998,33768.754753415735,64197.74014284173,127,LP,4.547473508864641e-13,1200.0,10800.0
0.2,2025-05-21,49020.17734113948,16882.267079856778,13674.636334683992,7000.733659977926,1450.6649726112885,30165.429996447267,29290.475365346443,59455.90536179371,106,LP,9.094947017729282e-13,1200.0,10800.0
0.2,2025-05-22,50038.481642411454,16931.843431677175,13714.79317965851,5009.63807851337,1014.4386522395024,30954.0644717879,19916.56679339682,50870.631265184726,103,LP,9.094947017729282e-13,1200.0,10800.0
0.2,2025-05-23,24362.218512533946,15999.999999999998,12960.0,4787.882717008139,19689.152346208757,11874.99137049618,19641.03702362137,31516.02839411755,98,LP,9.094947017729282e-13,1200.0,10800.0
0.2,2025-05-24,24933.83927188931,16021.55020279065,12977.455664260426,2529.618960432329,20664.86231045808,12241.156166727254,9958.116422506706,22199.27258923396,75,LP,4.547473508864641e-13,1200.0,10800.0
0.2,2025-05-25,48744.84072912358,16868.765915670243,13663.700391692895,4324.941296337564,1319.706318150466,29808.909571576187,18054.94147053814,47863.85104211433,109,LP,4.547473508864641e-13,1200.0,10800.0
0.2,2025-05-26,47730.24877762439,16347.71363676654,13241.648045780896,10266.323902188167,310.67413882691693,29270.51334748411,41053.11226755125,70323.62561503536,122,LP,9.094947017729282e-13,1200.0,10800.0
0.2,2025-05-27,49141.44960065119,16928.189760979214,13711.833706393169,4568.343060107258,1103.0693061723964,30289.408053671305,19340.641374976032,49630.04942864734,94,LP,9.094947017729282e-13,1200.0,10800.0
0.2,2025-05-28,49477.80458742514,16915.297509574302,13701.39098275518,7803.083662357418,1793.157622963442,30216.199442273988,29808.863735364943,60025.063177638935,110,LP,9.094947017729282e-13,1200.0,10800.0
0.2,2025-05-29,49126.28663997895,17065.53723060729,13823.085156791904,8578.194198625582,351.90526478915035,30270.19684996933,34995.3920997325,65265.58894970182,123,LP,9.094947017729282e-13,1200.0,10800.0
0.2,2025-05-30,24726.17897130713,16001.185820987084,12960.960514999544,4784.564701505885,19874.285100158813,12161.437871576623,19309.422030294547,31470.85990187117,92,LP,4.547473508864641e-13,1200.0,10800.0
0.2,2025-05-31,24956.951416484557,16022.892258147524,12978.542729099494,4350.51417597462,17873.934513411143,12222.686507622437,17880.603529653272,30103.290037275707,87,LP,9.094947017729282e-13,1200.0,10800.0
0.2,2025-06-01,52349.19685072175,17951.12226138777,14540.409031724092,22313.061802219,26.71912327708162,31973.009875320968,86903.44966031009,118876.45953563106,140,LP,9.094947017729282e-13,1200.0,10800.0
0.2,2025-06-02,59915.32299092368,18370.99029598192,14880.50213974535,13194.3939182945,978.4213029816116,38327.09516517169,51189.42581946487,89516.52098463656,116,LP,9.094947017729282e-13,1200.0,10800.0
0.2,2025-06-03,63518.80818002248,18994.966321136,15385.922720120156,8833.29741500134,550.6951606746455,39821.82600544184,34851.546411094474,74673.37241653631,126,LP,9.094947017729282e-13,1200.0,10800.0
0.2,2025-06-04,66800.80176935051,19484.636860033035,15782.55585662676,7451.947570229698,905.4075195072662,41576.75900094428,24907.37539348808,66484.13439443236,106,LP,2.273736754432321e-13,1200.0,10800.0
0.2,2025-06-05,65554.98149684843,18890.306458735864,15301.14823157605,9675.010771661253,491.51602468319487,40792.65569724303,36060.46844940215,76853.12414664518,117,LP,2.273736754432321e-13,1200.0,10800.0
0.2,2025-06-06,32298.364213377365,16000.0,12960.0,9445.36595225136,7848.734765628723,18104.146301039546,36040.253919850176,54144.40022088972,101,LP,9.094947017729282e-13,1200.0,10800.0
0.2,2025-06-07,32963.10288239636,15999.999999999996,12959.999999999998,5670.024512269114,4466.614227998814,18407.422395087957,20094.266676933108,38501.689072021065,99,LP,4.547473508864641e-13,1200.0,10800.0
0.2,2025-06-08,74617.1608951269,22416.202955663157,18157.124394087157,1860.198630369381,7033.357697253624,45968.204202683926,6449.730340104759,52417.93454278869,64,LP,9.094947017729282e-13,1200.0,10800.0
0.2,2025-06-09,66164.79055167479,18875.1829399091,15288.89818132637,8779.477720060804,425.27077981952937,40559.53975112655,35562.10707516662,76121.64682629317,122,LP,2.273736754432321e-13,1200.0,10800.0
0.2,2025-06-10,69359.8157131082,20276.6223361556,16424.06409228604,6694.043291137408,582.8565270427188,42378.94712083957,25675.12916435455,68054.07628519411,122,LP,2.273736754432321e-13,1200.0,10800.0
0.2,2025-06-11,70031.24183765615,21159.04566207432,17138.82698628019,10326.422463067976,252.99930826333264,42790.4623077866,42612.32487493314,85402.78718271974,127,LP,2.273736754432321e-13,1200.0,10800.0
0.2,2025-06-12,73102.17632544712,22254.928645246186,18026.492202649413,4968.394558944285,1389.7430084612963,45020.24952261914,18454.587423251996,63474.83694587113,101,LP,9.094947017729282e-13,1200.0,10800.0
0.2,2025-06-13,31137.393914124783,16000.000000000002,12960.0,5121.867212399968,4873.94742652475,17129.00781365406,19296.72386072178,36425.73167437584,107,LP,1.8189894035458565e-12,1200.0,10800.0
0.2,2025-06-14,31971.00886664676,16000.0,12959.999999999996,4960.463633128478,7698.129749775237,17518.930143323985,17436.764986485305,34955.69512980929,100,LP,9.094947017729282e-13,1200.0,10800.0
0.2,2025-06-15,69751.78601678537,21170.7637971472,17148.318675689232,6116.806686646659,1219.1732486407354,42862.46659696173,22610.35375451743,65472.82035147917,94,LP,2.273736754432321e-13,1200.0,10800.0
0.2,2025-06-16,70217.34079040874,21570.77714490299,17472.329487371426,7001.146413294749,425.9867295052692,42601.70614971119,27774.28583369448,70375.99198340566,127,LP,1.1368683772161605e-13,1200.0,10800.0
0.2,2025-06-17,71779.00986009865,22110.82410377373,17909.767524056722,7861.637252904242,802.5793166192317,43621.34239778755,31035.27215726685,74656.6145550544,114,LP,2.273736754432321e-13,1200.0,10800.0
0.2,2025-06-18,72209.6621973007,21919.98880580986,17755.190932705988,4556.459547751271,1672.9329719480952,43949.42919037155,17210.157395752918,61159.58658612447,98,LP,2.273736754432321e-13,1200.0,10800.0
0.2,2025-06-19,68747.05732686342,20995.467827568697,17006.328940330644,4836.237441013297,1334.651680638669,42007.12100985858,18907.418774475354,60914.53978433393,104,LP,2.273736754432321e-13,1200.0,10800.0
0.2,2025-06-20,31659.89939676554,15999.999999999998,12960.0,2025.124565611668,8244.443112377208,17529.74479826705,7497.62442481186,25027.36922307891,71,LP,9.094947017729282e-13,1200.0,10800.0
0.2,2025-06-21,31651.433464247377,15999.999999999998,12960.0,2350.1052298088543,11626.798294056236,17299.26965823768,9442.190404720834,26741.460062958515,70,LP,9.094947017729282e-13,1200.0,10800.0
0.2,2025-06-22,67421.80961526984,20333.196172329845,16469.88889958718,5554.44835967126,1655.609602198429,40903.65003893251,21466.18722156559,62369.8372604981,98,LP,1.1368683772161605e-13,1200.0,10800.0
0.2,2025-06-23,67959.63655784831,20326.34321994564,16464.338008155966,4507.547287467665,1543.8926335262977,41450.95007293392,20177.07944479331,61628.02951772724,91,LP,2.273736754432321e-13,1200.0,10800.0
0.2,2025-06-24,63828.564292186245,19430.53711787721,15738.735065480549,16237.144699879296,105.11468966888036,38800.995321819966,65359.66214052272,104160.65746234269,135,LP,2.273736754432321e-13,1200.0,10800.0
0.2,2025-06-25,71541.83533683352,21896.72612884448,17736.34816436403,4458.679071218019,1402.7150769044338,43504.85702750519,17459.04763124543,60963.90465875062,92,LP,4.547473508864641e-13,1200.0,10800.0
0.2,2025-06-26,68801.54864287091,21424.374756983085,17353.743553156302,5180.926856959186,2364.4604626699884,41601.92023897306,22421.038712559617,64022.95895153268,103,LP,1.1368683772161605e-13,1200.0,10800.0
0.2,2025-06-27,30759.919616275394,15999.999999999996,12960.000000000002,1961.2329056444987,9909.50665525323,16766.160667060914,7523.328045094269,24289.488712155184,74,LP,9.094947017729282e-13,1200.0,10800.0
0.2,2025-06-28,30969.778116804177,15999.999999999998,12960.0,2809.237514065603,8962.089514203113,16773.185018623044,10647.536801005612,27420.721819628656,87,LP,9.094947017729282e-13,1200.0,10800.0
0.2,2025-06-29,69546.67531521831,21358.705559720685,17300.551503373754,5227.955200182878,1448.707925720923,42342.01138237942,18475.077234121032,60817.088616500456,93,LP,2.273736754432321e-13,1200.0,10800.0
0.2,2025-06-30,69231.99841513191,21586.156051025,17484.786401330253,5878.736951669851,1131.6817337736857,41948.46107822262,22564.05136764857,64512.5124458712,110,LP,4.547473508864641e-13,1200.0,10800.0
0.2,2025-07-01,73391.12145732691,21790.57937007075,17650.369289757306,10586.062885396042,970.4302290761864,45057.33180863699,38667.68568187055,83725.01749050754,124,LP,4.547473508864641e-13,1200.0,10800.0
0.2,2025-07-02,78511.78207588702,21845.956285558168,17695.224591302114,3154.4952932907618,4610.779308255069,49280.04279916352,9216.04250590576,58496.08530506928,67,LP,1.8189894035458565e-12,1200.0,10800.0
0.2,2025-07-03,76344.69346451614,20979.624321921656,16993.49570075654,8229.541412901985,827.6873229196771,48259.28852183292,29553.360242559156,77812.64876439207,114,LP,2.273736754432321e-13,1200.0,10800.0
0.2,2025-07-04,39389.641750740775,15999.999999999993,12960.0,3669.085245746891,11137.859529821006,23282.859548376087,12465.534536994885,35748.39408537097,85,LP,9.094947017729282e-13,1200.0,10800.0
0.2,2025-07-05,40120.48026660479,16000.000000000002,12960.000000000002,3581.6567760344046,11872.057075972529,23480.085495854477,12367.787252954617,35847.87274880909,81,LP,9.094947017729282e-13,1200.0,10800.0
0.2,2025-07-06,73125.0566084497,19904.045387813407,16122.276764128865,10869.17445152561,418.4808862907786,46174.7373792945,43235.06695715526,89409.80433644976,120,LP,2.273736754432321e-13,1200.0,10800.0
0.2,2025-07-07,75810.07779880907,21028.91766609387,17033.42330953603,3823.6274888378166,2228.728164422372,47244.08280416874,13490.443726167963,60734.52653033671,91,LP,2.273736754432321e-13,1200.0,10800.0
0.2,2025-07-08,75467.35146270989,20123.21354054785,16299.802967843763,5574.020894928364,1646.5747682675035,47346.21030969656,23912.125451949392,71258.33576164595,97,LP,2.273736754432321e-13,1200.0,10800.0
0.2,2025-07-09,70959.0557467858,19772.192076667365,16015.475582100564,7738.140648583218,881.7548841355718,44569.160547278414,29310.87567517405,73880.03622245247,114,LP,1.8189894035458565e-12,1200.0,10800.0
0.2,2025-07-10,69357.35901380745,20072.589163572906,16258.797222494051,7851.778413747149,541.7221031424119,43733.413345516485,30435.78198126497,74169.19532678145,127,LP,2.273736754432321e-13,1200.0,10800.0
0.2,2025-07-11,38282.16708406109,15999.999999999996,12960.0,6587.484019718737,9310.873953779826,22009.63592758676,24841.8110010632,46851.44692864996,102,LP,9.094947017729282e-13,1200.0,10800.0
0.2,2025-07-12,39597.193181924,16000.0,12959.999999999996,4740.323078373075,10213.272926963744,22737.37623724172,19038.44700137838,41775.8232386201,92,LP,9.094947017729282e-13,1200.0,10800.0
0.2,2025-07-13,69406.01611458222,19571.87364317698,15853.217650973354,5143.378029997259,1563.0177523758507,43742.64458099651,21252.99420998842,64995.63879098493,101,LP,2.273736754432321e-13,1200.0,10800.0
0.2,2025-07-14,64588.70774515626,18751.07014312653,15188.366815932484,10912.304810802354,130.63001209790107,41169.58505247391,43398.04687224445,84567.63192471836,135,LP,9.094947017729282e-13,1200.0,10800.0
0.2,2025-07-15,69577.22310877815,19394.279699426967,15709.366556535842,8339.202517174886,1482.4618997285888,44191.93884488376,29715.22702395947,73907.16586884322,95,LP,2.273736754432321e-13,1200.0,10800.0
0.2,2025-07-16,67011.25527265793,19738.60719435991,15988.27182743153,10118.098370912718,1244.4548933089447,42296.52930164431,36156.4652375836,78452.99453922792,118,LP,2.273736754432321e-13,1200.0,10800.0
0.2,2025-07-17,66389.74049868752,19282.26947547564,15618.638275135265,10271.638434655892,277.3316663363632,42136.601421520005,41268.318459522816,83404.91988104282,133,LP,9.094947017729282e-13,1200.0,10800.0
0.2,2025-07-18,37150.83704925911,15999.999999999998,12960.0,7269.606056109662,10106.195005368776,21199.962908388512,29043.80696880312,50243.76987719163,105,LP,4.547473508864641e-13,1200.0,10800.0
0.2,2025-07-19,37302.19610121936,15999.999999999996,12960.0,6067.992754324912,13147.369805544273,21195.07322918216,24193.75445339276,45388.82768257492,95,LP,1.8189894035458565e-12,1200.0,10800.0
0.2,2025-07-20,67197.44007137866,18987.84790528004,15380.156803276834,8999.709436679907,499.4801893887045,42806.56695723035,33918.94732192991,76725.51427916027,114,LP,1.8189894035458565e-12,1200.0,10800.0
0.2,2025-07-21,65774.38262089429,19040.581704526485,15422.871180666449,12068.18505540173,235.10780243599456,41700.21778941918,46243.36207202447,87943.57986144364,131,LP,2.273736754432321e-13,1200.0,10800.0
0.2,2025-07-22,71083.1670903526,19874.117484312315,16098.03516229298,7309.3057545142365,821.2459061808254,44716.117076712086,29174.507638875388,73890.62471558747,113,LP,9.094947017729282e-13,1200.0,10800.0
0.2,2025-07-23,69844.51894728205,19852.45383602565,16080.487607180776,8460.52170444048,316.5273062110025,43965.61443426995,33802.555256284824,77768.16969055477,128,LP,2.273736754432321e-13,1200.0,10800.0
0.2,2025-07-24,68530.56413301604,19802.932586286868,16040.375394892364,9567.356520804966,718.8914624264995,43281.9847652157,35691.67941209518,78973.66417731089,121,LP,2.273736754432321e-13,1200.0,10800.0
0.2,2025-07-25,37852.08062229197,16000.0,12960.0,3590.849356851889,11897.610412477186,21760.338164437628,13818.257464976534,35578.595629414165,92,LP,1.8189894035458565e-12,1200.0,10800.0
0.2,2025-07-26,38712.93172412108,15999.999999999996,12959.999999999998,4494.151577473875,11697.991734928282,22212.75941318581,17218.433740397253,39431.193153583066,86,LP,9.094947017729282e-13,1200.0,10800.0
0.2,2025-07-27,70324.54856823919,19783.604847942017,16024.719926833037,7609.060017777673,489.5338649078817,44278.524884544095,31349.326690613525,75627.85157515762,126,LP,4.547473508864641e-13,1200.0,10800.0
0.2,2025-07-28,71299.38470510437,19632.449859136665,15902.284385900695,10768.573438943857,382.9154374789401,44913.969517986654,42115.81008408433,87029.77960207098,124,LP,9.094947017729282e-13,1200.0,10800.0
0.2,2025-07-29,73159.62858956109,19746.69432042342,15994.82239954297,7686.779437996353,1025.290156677003,45960.1789296183,29296.528393077995,75256.7073226963,109,LP,2.273736754432321e-13,1200.0,10800.0
0.2,2025-07-30,70938.10783431059,19456.91022764076,15760.097284389012,7878.511772155294,1016.5526132141428,44502.62601411332,31705.848702171905,76208.47471628521,121,LP,2.273736754432321e-13,1200.0,10800.0
0.2,2025-07-31,71079.20646406787,19694.64172274312,15952.659795421923,7777.435761882618,419.6640319626418,44678.53937301806,31464.019149874835,76142.5585228929,126,LP,2.273736754432321e-13,1200.0,10800.0
0.2,2025-08-01,37847.4433823999,16000.000000000004,12960.0,2306.7458385132963,15862.82955424653,21798.3307140826,7987.343602100807,29785.6743161834,64,LP,9.094947017729282e-13,1200.0,10800.0
0.2,2025-08-02,36363.34578326532,16000.0,12960.0,4043.9719874113134,16440.29283734331,20682.51741318167,16264.668023657594,36947.18543683927,95,LP,9.094947017729282e-13,1200.0,10800.0
0.2,2025-08-03,66251.11238379058,18939.282169281974,15340.818557118402,3101.360162714588,2914.528951008269,42307.96543940132,11390.539430266916,53698.50486966824,82,LP,9.094947017729282e-13,1200.0,10800.0
0.2,2025-08-04,64169.45683661339,18516.035453399767,14997.988717253813,5384.199255082864,619.9542722169629,41298.16290910983,20470.092938322607,61768.25584743243,111,LP,1.8189894035458565e-12,1200.0,10800.0
0.2,2025-08-05,65383.799845174304,18681.480242969803,15131.998996805538,4696.177475651989,1378.1863413286949,42105.04788372919,18039.082543123608,60144.1304268528,96,LP,1.8189894035458565e-12,1200.0,10800.0
0.2,2025-08-06,61716.01363774575,18112.06862374012,14670.775585229494,10567.145031741184,727.4663643096554,39667.51745067999,41649.73937322766,81317.25682390765,126,LP,4.547473508864641e-13,1200.0,10800.0
0.2,2025-08-07,67642.41150049193,19090.073714506885,15462.959708750575,2305.9341128876217,2933.2463576232367,43223.03606347498,8598.294904788494,51821.33096826347,67,LP,9.094947017729282e-13,1200.0,10800.0
0.2,2025-08-08,36481.421792154426,16000.0,12960.0,2744.969631150474,20411.220173304904,20779.12563004226,11016.862291714257,31795.98792175652,76,LP,9.094947017729282e-13,1200.0,10800.0
0.2,2025-08-09,35255.23979074499,15999.999999999996,12960.0,5528.229830999126,18821.54062174412,19903.800920861424,22104.790490403007,42008.59141126443,97,LP,4.547473508864641e-13,1200.0,10800.0
0.2,2025-08-10,61582.47110398511,18079.86223972919,14644.688414180648,8143.104661631583,985.7828900681452,39579.04367975481,30734.249561603952,70313.29324135877,122,LP,9.094947017729282e-13,1200.0,10800.0
0.2,2025-08-11,63057.23112185888,18418.663322111635,14919.117290910424,6158.339740358229,1154.771497682575,40527.71928826248,24325.25872516889,64852.97801343137,107,LP,2.273736754432321e-13,1200.0,10800.0
0.2,2025-08-12,64295.92732060736,18634.698295535687,15094.105619383903,7809.820300287577,804.6112947431492,41439.58831868802,31809.725329495377,73249.3136481834,104,LP,4.547473508864641e-13,1200.0,10800.0
0.2,2025-08-13,63487.73649202009,18668.76517247213,15121.69978970242,6687.546717883011,507.23837713339697,40500.73155536149,26149.38209944393,66650.11365480542,117,LP,1.8189894035458565e-12,1200.0,10800.0
0.2,2025-08-14,61852.44081757589,18425.04567945134,14924.287000355584,8138.647960817529,564.0391159643395,39805.26712059564,33234.5925582951,73039.85967889075,122,LP,4.547473508864641e-13,1200.0,10800.0
0.2,2025-08-15,36634.26032558334,16000.0,12960.000000000002,3769.555304955049,20204.08874720506,20960.02686384408,14240.024695982056,35200.05155982613,90,LP,4.547473508864641e-13,1200.0,10800.0
0.2,2025-08-16,37753.09769938834,16000.0,12960.0,3353.8837982866166,21137.70113100829,21694.60641760345,14325.97391420449,36020.58033180794,82,LP,9.094947017729282e-13,1200.0,10800.0
0.2,2025-08-17,60612.847490922846,17926.5582721609,14520.512200450326,7100.258678148595,1141.66648069421,38964.75292500612,27527.49615521531,66492.24908022143,121,LP,4.547473508864641e-13,1200.0,10800.0
0.2,2025-08-18,62322.87531683838,18281.458216747087,14807.98115556514,7063.835437050475,1519.1180760402387,40137.31518003403,30303.20828428252,70440.52346431655,111,LP,2.273736754432321e-13,1200.0,10800.0
0.2,2025-08-19,62268.86804556892,18352.4064764375,14865.449245914377,6819.950518091587,1284.2012831373788,40077.324667921945,25975.898504375626,66053.22317229757,120,LP,9.094947017729282e-13,1200.0,10800.0
0.2,2025-08-20,62661.9204866468,18440.56991002293,14936.861627118573,12234.219158016063,741.7402950918489,40355.17418548308,48929.52885531671,89284.7030407998,118,LP,9.094947017729282e-13,1200.0,10800.0
0.2,2025-08-21,63705.9721337246,19071.530873718315,15447.940007711835,6497.190059818258,735.1528442030467,40868.97083728461,25460.1398875659,66329.11072485051,107,LP,1.8189894035458565e-12,1200.0,10800.0
0.2,2025-08-22,37599.257246098496,16000.0,12960.0,6144.26951309809,19472.957359196585,21610.949735985458,25674.99256148249,47285.94229746795,88,LP,4.547473508864641e-13,1200.0,10800.0
0.2,2025-08-23,36991.85663172392,15999.999999999998,12960.0,4782.021694169341,16203.872175893262,21176.49751507694,19906.110588045216,41082.60810312216,96,LP,2.273736754432321e-13,1200.0,10800.0
0.2,2025-08-24,62310.31984430579,18489.07547378036,14976.151133762089,6854.197445657357,1918.003466611557,39907.01342177844,29448.245914247836,69355.25933602627,115,LP,9.094947017729282e-13,1200.0,10800.0
0.2,2025-08-25,61650.30298097143,18316.966564945524,14836.742917605872,13393.23600420544,790.2283211705497,39678.43436187408,52697.454217248334,92375.88857912242,122,LP,9.094947017729282e-13,1200.0,10800.0
0.2,2025-08-26,63285.8623115402,18651.78257403354,15107.94388496717,6644.809508120075,858.0147472605714,40306.4000695745,28524.98763601223,68831.38770558673,119,LP,1.8189894035458565e-12,1200.0,10800.0
0.2,2025-08-27,61051.227791543104,18379.88167658101,14887.704158030618,10440.943687930412,85.84509425646229,39255.92041535304,43521.07501679881,82776.99543215185,135,LP,9.094947017729282e-13,1200.0,10800.0
0.2,2025-08-28,63681.13417863732,18838.96054857585,15259.558044346437,11075.77784260848,409.7145336830602,40596.59147093586,44254.75215006042,84851.34362099628,126,LP,9.094947017729282e-13,1200.0,10800.0
0.2,2025-08-29,35190.44707981655,15999.999999999996,12960.0,6373.755022134748,15968.981751951304,19990.016172480333,25846.130365755227,45836.14653823556,106,LP,4.547473508864641e-13,1200.0,10800.0
0.2,2025-08-30,35458.4562389136,16000.000000000002,12960.0,7061.833978669311,20967.57038424957,20208.20587267081,28168.811283543782,48377.0171562146,102,LP,9.094947017729282e-13,1200.0,10800.0
0.2,2025-08-31,63657.20640324525,18740.926297206475,15180.150300737248,7480.542959691116,930.3502831338004,40984.27969556686,29489.505922844888,70473.78561841176,110,LP,9.094947017729282e-13,1200.0,10800.0
0.25,2025-05-01,48881.29646372312,18003.84567305763,14583.11499517668,7195.055307784957,1644.2422936271378,29476.81871050025,31756.82762948968,61233.64633998993,109,LP,9.094947017729282e-13,1200.0,10800.0
0.25,2025-05-02,24676.9100230523,16013.000453070888,12970.530366987416,8592.928708169711,15937.048561805212,11877.482101513777,36981.28328794034,48858.76538945412,99,LP,9.094947017729282e-13,1200.0,10800.0
0.25,2025-05-03,26859.122960117333,16000.000000000002,12960.0,4222.940950282752,19174.892260400084,13496.135904094852,18278.314927113075,31774.450831207927,78,LP,4.547473508864641e-13,1200.0,10800.0
0.25,2025-05-04,51686.70425428313,18414.029635709438,14915.36400492464,4946.744869638564,1400.116159803572,31831.6371274119,16815.97730281222,48647.61443022412,95,LP,9.094947017729282e-13,1200.0,10800.0
0.25,2025-05-05,50299.40225613608,17621.97326290625,14273.798342954062,8527.642720550568,402.8632567344615,31002.73891212242,36164.77694899516,67167.51586111757,120,LP,9.094947017729282e-13,1200.0,10800.0
0.25,2025-05-06,51861.383096722144,17919.08584512248,14514.459534549207,5628.763697104345,1215.4381165865518,32043.497759564983,24126.441988497016,56169.939748062,99,LP,9.094947017729282e-13,1200.0,10800.0
0.25,2025-05-07,52935.59452532543,18056.59353038741,14625.840759613802,6118.753406867553,555.7492114193828,32625.457380369924,26518.236815137087,59143.69419550701,120,LP,9.094947017729282e-13,1200.0,10800.0
0.25,2025-05-08,52830.8109715947,18242.337043456173,14776.2930051995,7593.098435324326,1131.352968662355,32900.31863955677,29012.24636823702,61912.56500779379,100,LP,4.547473508864641e-13,1200.0,10800.0
0.25,2025-05-09,26807.645857762214,15999.999999999998,12960.0,2453.42690142867,17721.68690919089,13654.272582945514,10115.140408291416,23769.41299123693,75,LP,4.547473508864641e-13,1200.0,10800.0
0.25,2025-05-10,25571.467071863983,15999.999999999996,12960.0,5381.606251258922,15792.028039789577,12568.664208336524,22952.155963407236,35520.820171743755,91,LP,9.094947017729282e-13,1200.0,10800.0
0.25,2025-05-11,54481.40476296247,18576.340984485963,15046.83619743363,5435.341599923843,903.1624925006556,33362.42064519462,21852.739841917493,55215.16048711212,102,LP,1.8189894035458565e-12,1200.0,10800.0
0.25,2025-05-12,54059.24987522309,18382.48606684801,14889.81371414689,3909.6201007763057,2545.0023899649477,33303.94617318727,12374.183084826633,45678.12925801391,77,LP,9.094947017729282e-13,1200.0,10800.0
0.25,2025-05-13,49213.45974920674,17054.40595871187,13814.068826556617,7486.629336524347,330.5391869091722,30257.400793513792,31321.448760474887,61578.84955398868,118,LP,9.094947017729282e-13,1200.0,10800.0
0.25,2025-05-14,50516.931985369374,17573.68840289869,14234.687606347936,6252.641094970141,416.4235004554316,30826.798269998195,25087.75410976113,55914.55237975933,123,LP,1.8189894035458565e-12,1200.0,10800.0
0.25,2025-05-15,51709.18549524781,17615.37595925133,14268.45452699358,5589.251534979587,1186.457314636311,31939.91431939453,22444.926555327696,54384.84087472223,100,LP,9.094947017729282e-13,1200.0,10800.0
0.25,2025-05-16,25953.53051156205,15999.999999999998,12959.999999999998,1919.9347009990304,22117.958679227748,13019.783707296694,7055.377762799444,20075.161470096136,70,LP,9.094947017729282e-13,1200.0,10800.0
0.25,2025-05-17,26156.63416353592,16001.96279320153,12961.589862493238,4856.658948615279,17524.12109810957,13180.70115809226,20569.041120052178,33749.74227814443,90,LP,2.273736754432321e-13,1200.0,10800.0
0.25,2025-05-18,51348.9010767902,17184.264091256468,13919.253913917742,6528.7558644265255,936.4786638780046,31668.71057591745,23399.55738617069,55068.26796208814,106,LP,9.094947017729282e-13,1200.0,10800.0
0.25,2025-05-19,50465.67056031416,17087.81706290279,13841.13182095126,3629.423335116476,3333.192103479114,30804.59334326965,16448.293347305753,47252.88669057541,87,LP,9.094947017729282e-13,1200.0,10800.0
0.25,2025-05-20,50599.89904390216,17201.44560466692,13933.170939780206,7531.347146429519,335.57670877830174,31049.27808103897,29381.14462346745,60430.422704506425,123,LP,9.094947017729282e-13,1200.0,10800.0
0.25,2025-05-21,50246.64260125359,17038.823194475397,13801.446787525074,6199.61029505585,1846.261206025788,30791.938217688246,26052.37472129732,56844.31293898556,100,LP,9.094947017729282e-13,1200.0,10800.0
0.25,2025-05-22,51335.13056043218,17150.513617034736,13891.916029798134,4007.692338075258,1267.5944946041782,31620.92313440929,16033.375404906985,47654.298539316274,97,LP,9.094947017729282e-13,1200.0,10800.0
0.25,2025-05-23,24644.535321398194,16006.257458146927,12965.068541099012,4328.721424829989,19511.11894584693,12043.465548768292,17786.942844780948,29830.40839354924,96,LP,4.547473508864641e-13,1200.0,10800.0
0.25,2025-05-24,25248.797477580527,16012.31777743648,12969.97739972355,2234.4626832229587,20686.418399757215,12438.428274076778,8842.057713395108,21280.48598747189,73,LP,1.1368683772161605e-13,1200.0,10800.0
0.25,2025-05-25,49944.17032482923,17076.63944550734,13832.077950860948,3572.700908646176,1727.2995554956888,30445.048250071333,15096.316124625057,45541.36437469639,105,LP,9.094947017729282e-13,1200.0,10800.0
0.25,2025-05-26,48943.95279349071,16554.003433337122,13408.742781003071,9205.99898791868,424.85817907533055,29889.31021639761,37043.70188424151,66933.01210063913,118,LP,9.094947017729282e-13,1200.0,10800.0
0.25,2025-05-27,50337.9890246471,17142.22471852241,13885.202022003152,3846.974276689776,1537.5733048176155,30924.110932748776,16361.745124282996,47285.85605703177,88,LP,4.547473508864641e-13,1200.0,10800.0
0.25,2025-05-28,50686.00324807125,17101.615119342452,13852.308246667386,6961.297118727514,2124.169394123708,30857.46220767716,26736.195561260374,57593.65776893753,107,LP,4.547473508864641e-13,1200.0,10800.0
0.25,2025-05-29,50398.697623767366,17259.17094269991,13979.928463586926,7624.937114119916,634.2687587743079,30931.215459507875,31288.291960583538,62219.50742009141,117,LP,1.8189894035458565e-12,1200.0,10800.0
0.25,2025-05-30,25019.115561506074,16013.918751904295,12971.274189042486,4239.065848299359,19619.303580276955,12350.955677668566,17049.71273462182,29400.668412290383,89,LP,9.094947017729282e-13,1200.0,10800.0
0.25,2025-05-31,25288.92349352283,16010.14544073368,12968.217806994278,3890.849721365643,17748.664031149077,12438.457827608849,15930.03496814647,28368.492795755315,83,LP,1.8189894035458565e-12,1200.0,10800.0
0.25,2025-06-01,53482.47042912412,18172.520415621475,14719.741536653391,21234.7839358988,39.64918605484041,32579.82112477315,82702.97682485532,115282.79794962848,139,LP,9.094947017729282e-13,1200.0,10800.0
0.25,2025-06-02,61115.716888725154,18593.18826437555,15060.482494144191,12157.599357284702,1099.8030257785058,38967.870018433794,47188.0882109878,86155.9582294216,112,LP,1.8189894035458565e-12,1200.0,10800.0
0.25,2025-06-03,64680.39454787364,18796.375504360152,15225.064158531726,7705.338434515483,622.054803227382,40531.74061110632,30535.53431919652,71067.27493030284,124,LP,2.273736754432321e-13,1200.0,10800.0
0.25,2025-06-04,68072.81567179562,19897.665203150867,16117.1088145522,6508.299913668296,1155.2983801985822,42333.28671667385,21328.949646119378,63662.23636279323,102,LP,2.273736754432321e-13,1200.0,10800.0
0.25,2025-06-05,66861.94176829563,19286.769200044902,15622.283052036377,8595.959082826796,644.096686447233,41574.04613009321,31887.31843953256,73461.36456962576,115,LP,2.273736754432321e-13,1200.0,10800.0
0.25,2025-06-06,32787.21588787445,15999.999999999998,12960.000000000004,8626.725864378623,7518.946352253078,18464.51149167771,32904.90465267304,51369.41614435075,95,LP,9.094947017729282e-13,1200.0,10800.0
0.25,2025-06-07,33463.42873283013,16000.0,12960.0,4833.636351995208,4130.551918158677,18780.82250421848,16807.45126521636,35588.27376943485,97,LP,4.547473508864641e-13,1200.0,10800.0
0.25,2025-06-08,75928.09219682877,22406.422230419023,18149.202006639407,1479.2246847328945,7965.17339111539,46943.81414915941,5090.481587312674,52034.29573647208,58,LP,2.273736754432321e-13,1200.0,10800.0
0.25,2025-06-09,67565.75921579654,19357.2354892733,15679.360746311377,7647.024299069153,602.1960385704347,41403.84623421132,31012.53060901504,72416.37684322636,113,LP,2.273736754432321e-13,1200.0,10800.0
0.25,2025-06-10,70759.15506644425,20742.57629603437,16801.48679978784,5607.587713285484,807.2090501498801,43267.164849957815,21495.375814156658,64762.54066411447,112,LP,2.273736754432321e-13,1200.0,10800.0
0.25,2025-06-11,71386.90463625529,21559.49409686203,17463.190218458247,9152.53876768264,358.6932088674862,43641.51736070857,38028.40845608847,81669.92581679704,119,LP,4.547473508864641e-13,1200.0,10800.0
0.25,2025-06-12,74414.64547971264,22372.80753796577,18121.97410575228,4088.86446059014,1800.2850747559594,45940.919164673614,15168.99825681942,61109.91742149303,87,LP,4.547473508864641e-13,1200.0,10800.0
0.25,2025-06-13,31692.314933711063,16000.0,12960.0,4421.178154457592,4728.17938816866,17539.45887758689,16371.851352984278,33911.310230571165,104,LP,1.8189894035458565e-12,1200.0,10800.0
0.25,2025-06-14,32533.555238769004,15999.999999999993,12960.0,4228.210712475146,7528.423201244155,17936.91787421792,14596.05777418159,32532.97564839951,93,LP,9.094947017729282e-13,1200.0,10800.0
0.25,2025-06-15,71098.80823199275,21537.400373125165,17445.294302231392,5213.285762762311,1593.0135905279478,43699.91472210517,19367.733352726813,63067.64807483198,83,LP,2.273736754432321e-13,1200.0,10800.0
0.25,2025-06-16,71598.0273936667,22012.77473581836,17830.347536012872,5881.8043509372965,603.351728131843,43468.92369608744,23408.847888374778,66877.77158446221,122,LP,2.273736754432321e-13,1200.0,10800.0
0.25,2025-06-17,73123.13508747511,22391.78076067888,18137.3424161499,6805.4112231215695,1037.0967494010374,44497.39609783066,27153.62501864516,71651.02111647582,110,LP,9.094947017729282e-13,1200.0,10800.0
0.25,2025-06-18,73560.57148385273,22264.51500128385,18034.25715103992,3667.346141131248,2069.268874740053,44825.02307325715,14014.793697382824,58839.816770639976,93,LP,2.273736754432321e-13,1200.0,10800.0
0.25,2025-06-19,70065.90435207734,21393.63442784,17328.8438865504,4053.025330839244,1794.6349416269836,42824.365827242975,15883.662352177158,58708.02817942013,94,LP,2.273736754432321e-13,1200.0,10800.0
0.25,2025-06-20,32189.899514357963,16000.0,12960.0,1572.2343544351268,8321.55301879309,17914.694304101715,5819.550404141644,23734.24470824336,60,LP,9.094947017729282e-13,1200.0,10800.0
0.25,2025-06-21,32191.43466939125,15999.999999999998,12960.000000000004,1933.493150377244,11750.1874197685,17701.703201966775,7726.920682941094,25428.62388490787,60,LP,9.094947017729282e-13,1200.0,10800.0
0.25,2025-06-22,68876.17448499199,20899.381474015267,16928.49899395237,4722.009001818823,2169.959906747921,41792.15380447916,18415.84247834655,60207.99628282571,88,LP,1.1368683772161605e-13,1200.0,10800.0
0.25,2025-06-23,69385.36208101826,20891.42271302275,16922.052397548425,3705.136427279682,2059.842192823626,42331.09300767345,16638.13580577814,58969.22881345159,85,LP,2.273736754432321e-13,1200.0,10800.0
0.25,2025-06-24,65280.43449314961,19953.979059724545,16162.72303837688,14944.320015732055,164.70623753400207,39678.54774006191,59947.65200981105,99626.19974987296,130,LP,1.1368683772161605e-13,1200.0,10800.0
0.25,2025-06-25,73017.75338746709,22302.283807294378,18064.84988390844,3692.144159677018,2035.0422570915048,44492.72505186213,14263.085652630292,58755.810704492425,77,LP,2.273736754432321e-13,1200.0,10800.0
0.25,2025-06-26,70120.93339727615,21871.457168135457,17715.880306189723,4439.939389922985,2857.9120919200705,42442.94855077843,19178.304581373064,61621.25313215149,100,LP,9.094947017729282e-13,1200.0,10800.0
0.25,2025-06-27,31261.469144915274,16000.0,12960.0,1491.3453361718375,9941.168614420449,17143.414218681835,5645.5550972264455,22788.96931590828,69,LP,9.094947017729282e-13,1200.0,10800.0
0.25,2025-06-28,31443.718125304003,16000.0,12960.0,2259.8091362117475,8886.601144849088,17127.212769092912,8328.645096495002,25455.857865587917,76,LP,1.8189894035458565e-12,1200.0,10800.0
0.25,2025-06-29,70910.03298911071,21794.90577008311,17653.873673767324,4427.566442847736,1928.7988023093287,43204.30054214389,15474.146518726484,58678.44706087038,85,LP,4.547473508864641e-13,1200.0,10800.0
0.25,2025-06-30,70566.49227079301,21960.061733820126,17787.6500043943,5007.728642078131,1524.125200111996,42818.96153048952,19253.333594920427,62072.295125409946,103,LP,2.273736754432321e-13,1200.0,10800.0
0.25,2025-07-01,74643.3916608067,22044.130765121616,17855.745919748508,9695.729874777984,1284.1926568782508,45882.28168211745,35308.58967029185,81190.8713524093,120,LP,2.273736754432321e-13,1200.0,10800.0
0.25,2025-07-02,79689.52145669289,21938.449316446444,17770.14394632162,2749.120855620762,5365.570575522181,50044.16754375267,7819.250680138062,57863.41822389074,60,LP,2.273736754432321e-13,1200.0,10800.0
0.25,2025-07-03,77556.72764137278,21296.17344090384,17249.90048713211,7293.025365232374,1043.061119500092,49011.69709330988,26093.15586255463,75104.85295586451,108,LP,2.273736754432321e-13,1200.0,10800.0
0.25,2025-07-04,39872.78604111733,15999.999999999998,12959.999999999998,3155.8105945623565,11107.729169013017,23625.80240946137,10493.899354073916,34119.70176353529,81,LP,1.8189894035458565e-12,1200.0,10800.0
0.25,2025-07-05,40609.88921987566,16000.0,12960.0,3037.663126737878,11817.472379946872,23823.590435318183,10306.275792166052,34129.866227484235,75,LP,4.547473508864641e-13,1200.0,10800.0
0.25,2025-07-06,74432.30980835047,20203.918218114617,16365.173756672835,9749.490743112776,549.0745400214735,46927.25780327244,38986.3873841304,85913.64518740284,116,LP,9.094947017729282e-13,1200.0,10800.0
0.25,2025-07-07,76991.16151165153,21311.393093950704,17262.228406100076,3133.5918791811578,2666.1059363154072,47966.21847459337,11039.289611348717,59005.508085942085,85,LP,2.273736754432321e-13,1200.0,10800.0
0.25,2025-07-08,76737.5420048156,20424.8460562012,16544.125305522968,4752.213201980986,2037.6474394516904,48098.692871081,20483.201353721463,68581.89422480247,87,LP,2.273736754432321e-13,1200.0,10800.0
0.25,2025-07-09,72096.80852688279,19865.12732600972,16090.753134067869,6835.251095285999,1098.9604135602706,45261.62322302723,25845.37986265414,71107.00308568137,110,LP,2.273736754432321e-13,1200.0,10800.0
0.25,2025-07-10,70537.9839342983,19968.864508055587,16174.780251525028,6796.516045489208,686.7923399236236,44462.30538745284,26193.82242457441,70656.12781202725,124,LP,9.094947017729282e-13,1200.0,10800.0
0.25,2025-07-11,38783.42867782133,16000.000000000002,12959.999999999998,5941.725290357167,9166.376818178487,22353.51758515121,22290.25050203105,44643.76808718227,101,LP,9.094947017729282e-13,1200.0,10800.0
0.25,2025-07-12,40148.315102681445,15999.999999999998,12960.0,4088.170373020917,10112.242142369038,23119.5161322904,16438.848988415044,39558.36512070545,82,LP,9.094947017729282e-13,1200.0,10800.0
0.25,2025-07-13,70598.09290758256,19770.652401186864,16014.228444961362,4390.469443889892,1964.417995246939,44446.13808632633,18200.94835107372,62647.08643740005,95,LP,9.094947017729282e-13,1200.0,10800.0
0.25,2025-07-14,65723.08659881086,18975.978534526646,15370.542612966588,9895.544779646189,205.51624023033327,41792.34846881425,39551.00229274766,81343.35076156192,133,LP,9.094947017729282e-13,1200.0,10800.0
0.25,2025-07-15,70728.27000738213,19652.05807420811,15918.167040108572,7552.24479611907,1797.5731860683363,44840.71959003947,26806.44867649128,71647.16826653076,93,LP,2.273736754432321e-13,1200.0,10800.0
0.25,2025-07-16,68233.05920060181,20035.394109259283,16228.669228500014,9180.332927092591,1472.103863601808,42991.46668220914,32805.44730653212,75796.91398874126,115,LP,2.273736754432321e-13,1200.0,10800.0
0.25,2025-07-17,67629.51102265103,19567.27972203627,15849.49657484938,9158.615469871616,349.9272786690869,42845.535150968295,36941.33844751452,79786.87359848281,129,LP,2.273736754432321e-13,1200.0,10800.0
0.25,2025-07-18,37657.69594663767,15999.999999999996,12959.999999999996,6587.612733932163,9931.060580569836,21559.58185343553,26281.96262964217,47841.544483077705,101,LP,1.8189894035458565e-12,1200.0,10800.0
0.25,2025-07-19,37843.44900947083,16000.000000000004,12959.999999999998,5388.075896937475,13008.705856408304,21574.89014712322,21420.00944633249,42994.8995934557,94,LP,9.094947017729282e-13,1200.0,10800.0
0.25,2025-07-20,68610.29207650847,19331.77945277854,15658.74135675062,7812.716165246528,659.9919290604155,43575.78601442253,29412.14281507773,72987.92882950025,109,LP,1.8189894035458565e-12,1200.0,10800.0
0.25,2025-07-21,67190.44355159714,19339.46363208176,15664.965541986225,10787.852422727432,314.04853422904955,42470.866740912345,41392.48224517991,83863.34898609226,128,LP,9.094947017729282e-13,1200.0,10800.0
0.25,2025-07-22,72501.00857900498,19787.016731433127,16027.483552460832,6198.2542274386615,1144.585010804679,45560.79121105136,24975.658114952377,70536.44932600373,101,LP,2.273736754432321e-13,1200.0,10800.0
0.25,2025-07-23,71171.81336164133,19716.5003753037,15970.365303995995,7254.936177501109,464.0673511680753,44754.88416788308,29204.130074560904,73959.01424244398,117,LP,9.094947017729282e-13,1200.0,10800.0
0.25,2025-07-24,69951.8030421048,19944.41601246075,16154.976970093208,8401.74332388533,947.6353236225976,44097.2287366682,31373.46322991316,75470.69196658136,116,LP,9.094947017729282e-13,1200.0,10800.0
0.25,2025-07-25,38409.12197764162,16000.000000000002,12960.0,2973.226751532264,11837.02916250722,22142.883564323016,11394.369363830978,33537.25292815399,85,LP,9.094947017729282e-13,1200.0,10800.0
0.25,2025-07-26,39285.43142047164,16000.000000000002,12960.0,3911.659135359983,11687.998989164947,22598.37105317841,14716.214004310574,37314.585057488985,80,LP,9.094947017729282e-13,1200.0,10800.0
0.25,2025-07-27,71640.36773437879,19616.60223551633,15889.44781076823,6409.213201026354,637.2367106570407,45065.0966782768,26571.483709898363,71636.58038817515,118,LP,2.273736754432321e-13,1200.0,10800.0
0.25,2025-07-28,72639.41916093665,19757.16396067226,16003.302808144534,9577.670917226886,508.3516923024857,45690.87869432493,37461.88797633139,83152.76667065632,120,LP,2.273736754432321e-13,1200.0,10800.0
0.25,2025-07-29,74529.4217520106,20179.05701076285,16345.036178717906,6663.163825324303,1289.3187952899775,46739.79408911025,25385.094231255287,72124.88832036554,98,LP,2.273736754432321e-13,1200.0,10800.0
0.25,2025-07-30,72213.90515210907,19814.23805800365,16049.53282698296,6910.095901683726,1256.0417727721003,45222.8781668481,28049.499137558192,73272.3773044063,115,LP,2.273736754432321e-13,1200.0,10800.0
0.25,2025-07-31,72323.20376566824,20026.709753954587,16221.634900703211,6734.416798298935,557.549444049121,45377.90961437664,27426.11027348413,72804.01988786076,118,LP,2.273736754432321e-13,1200.0,10800.0
0.25,2025-08-01,38311.49991102848,15999.999999999998,12960.0,2028.274046788012,16048.414291149837,22116.599661393517,7016.295426863452,29132.89508825697,56,LP,9.094947017729282e-13,1200.0,10800.0
0.25,2025-08-02,36848.96941350161,15999.999999999993,12960.0,3393.753647590779,16275.698127759062,21009.259970820105,13661.518050732551,34670.77802155266,89,LP,9.094947017729282e-13,1200.0,10800.0
0.25,2025-08-03,67510.39793189813,19172.97416032717,15530.109069865006,2579.012258064818,3607.065116167461,43009.5938493869,9524.884987833591,52534.47883722049,76,LP,4.547473508864641e-13,1200.0,10800.0
0.25,2025-08-04,65373.30550842003,18760.072143940608,15195.658436591892,4427.639689874227,820.8764076122134,41950.60284694281,16872.499518521367,58823.102365464176,105,LP,9.094947017729282e-13,1200.0,10800.0
0.25,2025-08-05,66592.95272480493,18920.59504822492,15325.681989062185,3860.319539597908,1706.049471906766,42756.26615018842,15000.904752196468,57757.17090238489,89,LP,1.8189894035458565e-12,1200.0,10800.0
0.25,2025-08-06,62391.69802031737,18328.601727234556,14846.167399059988,9662.224273099328,457.0886985754671,40102.12198863089,38163.56600346578,78265.68799209667,124,LP,2.273736754432321e-13,1200.0,10800.0
0.25,2025-08-07,68812.68050416597,19341.093622464374,15666.285834196144,1848.564715522741,3598.452181420489,43887.81298637092,6858.962404714479,50746.77539108539,59,LP,4.547473508864641e-13,1200.0,10800.0
0.25,2025-08-08,36960.84759478796,15999.999999999996,12959.999999999998,2333.701207059751,20479.377551847712,21108.731582256347,9381.520981722198,30490.252563978545,72,LP,9.094947017729282e-13,1200.0,10800.0
0.25,2025-08-09,35771.14248317584,16000.0,12960.000000000002,4811.899080579688,18621.11256375553,20262.76995238987,19227.990700566133,39490.760652956,91,LP,4.547473508864641e-13,1200.0,10800.0
0.25,2025-08-10,62350.64996460653,18297.733920194,14821.164475357142,7340.575058823016,910.0365285926836,40088.91757614838,27901.408155114288,67990.32573126267,119,LP,4.547473508864641e-13,1200.0,10800.0
0.25,2025-08-11,64292.52675156268,18629.827690191018,15090.160429054724,5316.398248173082,1508.0044052661378,41247.533978544285,21039.413465435693,62286.94744397998,102,LP,9.094947017729282e-13,1200.0,10800.0
0.25,2025-08-12,65565.2244911768,18838.82953934853,15259.451926872314,6869.855812523912,1095.1590412244996,42158.21175635105,28112.58390185157,70270.79565820261,96,LP,9.094947017729282e-13,1200.0,10800.0
0.25,2025-08-13,64837.936225910045,18907.813985187426,15315.329328001808,5605.26974397195,729.7418626963818,41248.22102037034,21929.6446856602,63177.86570603054,109,LP,4.547473508864641e-13,1200.0,10800.0
0.25,2025-08-14,62880.06530498948,18665.52159698353,15119.072493556654,7318.922264115386,726.2474823446644,40404.55574257963,30149.382394711003,70553.93813729064,120,LP,9.094947017729282e-13,1200.0,10800.0
0.25,2025-08-15,37180.9400442847,15999.999999999996,12959.999999999998,3144.0427968960794,20125.255957847457,21330.043086192123,11916.762767678763,33246.80585387089,82,LP,9.094947017729282e-13,1200.0,10800.0
0.25,2025-08-16,38264.05962898688,15999.999999999996,12959.999999999996,2778.961613013385,21073.74087533361,22045.44468166273,12026.008403710592,34071.45308537333,76,LP,9.094947017729282e-13,1200.0,10800.0
0.25,2025-08-17,61266.80479737628,18096.331191745103,14658.028265313536,6408.140369477196,1071.2486237552464,39388.3505993025,25218.42986242154,64606.78046172405,118,LP,9.094947017729282e-13,1200.0,10800.0
0.25,2025-08-18,63003.84874411843,18437.815028512163,14934.630173094854,6352.097728308066,1458.6460003425225,40598.6363715427,27649.234434356804,68247.8708058995,106,LP,9.094947017729282e-13,1200.0,10800.0
0.25,2025-08-19,62916.71588911435,18507.40434586558,14990.99752015112,5999.532536815053,1082.1815502149473,40506.80410978597,23104.18313889155,63610.98724867751,111,LP,9.094947017729282e-13,1200.0,10800.0
0.25,2025-08-20,63380.24775403572,18661.8377438624,15116.088572528548,11390.74960411117,574.5571201463683,40813.33132400934,45880.3033643739,86693.63468838324,114,LP,9.094947017729282e-13,1200.0,10800.0
0.25,2025-08-21,64924.30034038721,19293.70415317559,15627.900364072228,5645.173949382675,1059.2520173332036,41538.45114421617,22224.239484479367,63762.690628695535,96,LP,9.094947017729282e-13,1200.0,10800.0
0.25,2025-08-22,38071.91380728629,16000.0,12960.0,5626.82803962337,19428.17244690966,21943.183001423982,23421.665206498477,45364.84820792246,82,LP,1.8189894035458565e-12,1200.0,10800.0
0.25,2025-08-23,37431.55698394333,16000.0,12960.0,4192.176990950577,16053.727824893913,21473.16500087717,17441.08283469038,38914.24783556755,91,LP,9.094947017729282e-13,1200.0,10800.0
0.25,2025-08-24,63512.11238908742,18717.102440847742,15160.852977086672,6056.816260160129,2279.0897021531528,40560.71314176902,26038.411559896576,66599.1247016656,110,LP,4.547473508864641e-13,1200.0,10800.0
0.25,2025-08-25,62316.72052744558,18522.15291074665,15002.943857704784,12580.773587715445,605.1980454524888,40113.11602137677,49701.88001410628,89814.99603548305,121,LP,9.094947017729282e-13,1200.0,10800.0
0.25,2025-08-26,64536.918397686735,18915.633570407983,15321.663192030464,5721.622421785447,1135.752057761336,40992.78544339841,24553.183617696923,65545.96906109533,111,LP,1.8189894035458565e-12,1200.0,10800.0
0.25,2025-08-27,62060.12232380488,18610.664543843657,15074.638280513362,9621.270695210756,231.21788901867447,39836.24895082264,40337.393567211446,80173.64251803409,132,LP,9.094947017729282e-13,1200.0,10800.0
0.25,2025-08-28,64786.105182320505,19095.27135507899,15467.16979761398,10091.470018919708,481.6786604418783,41224.558886291234,40180.590297941904,81405.14918423313,122,LP,9.094947017729282e-13,1200.0,10800.0
0.25,2025-08-29,35614.774805455825,16000.0,12960.0,5790.943739311444,15810.49819476727,20293.39732196468,23475.833145982106,43769.23046794678,104,LP,2.273736754432321e-13,1200.0,10800.0
0.25,2025-08-30,35883.26028144832,15999.999999999996,12959.999999999996,6445.024207114009,20775.564655229,20504.09333246183,25676.041406056924,46180.13473851876,99,LP,4.547473508864641e-13,1200.0,10800.0
0.25,2025-08-31,64785.95487593877,18985.32486459877,15378.113140325007,6553.428523099498,1085.5485914311712,41610.815358062784,25705.740045910345,67316.55540397312,106,LP,9.094947017729282e-13,1200.0,10800.0
0.3,2025-05-01,49318.28578689555,18150.440248843428,14701.856601563177,6655.107305881244,1513.43064549654,29745.69007810156,29637.88785116112,59383.57792926268,106,LP,9.094947017729282e-13,1200.0,10800.0
0.3,2025-05-02,24924.68361576305,16017.995957742638,12974.576725771536,8350.915986035967,15941.860286494575,12027.908643452804,36062.89748758736,48090.80613104015,97,LP,9.094947017729282e-13,1200.0,10800.0
0.3,2025-05-03,27097.13356947578,16000.0,12960.0,3897.721758606877,19087.683678082656,13650.46124606951,16899.47708176572,30549.93832783523,74,LP,9.094947017729282e-13,1200.0,10800.0
0.3,2025-05-04,52631.737426717096,18578.26670976393,15048.396034908788,4253.167845885809,1620.3672644144283,32327.660018798502,14325.705333241678,46653.36535204018,90,LP,9.094947017729282e-13,1200.0,10800.0
0.3,2025-05-05,50759.310645052,17760.54639615663,14386.042580886871,8208.87560269449,517.6756324767298,31305.268059400518,35364.97163387793,66670.23969327845,115,LP,9.094947017729282e-13,1200.0,10800.0
0.3,2025-05-06,52841.05698404921,18072.52861597052,14638.74817893612,5076.970269792328,1614.1644501404796,32569.35475033942,21862.55670269577,54431.91145303519,95,LP,4.547473508864641e-13,1200.0,10800.0
0.3,2025-05-07,53868.0112403758,18210.03630123545,14750.129404000712,5424.252276950362,764.5106700914315,33122.06888755728,23718.84619534885,56840.91508290613,112,LP,1.8189894035458565e-12,1200.0,10800.0
0.3,2025-05-08,53781.11751881374,18391.846215912134,14897.395434888824,6846.236608758421,1306.3909465488568,33408.99123439361,26187.723259204824,59596.71449359843,92,LP,9.094947017729282e-13,1200.0,10800.0
0.3,2025-05-09,27065.59325825297,15999.999999999998,12960.0,2149.5427619504208,17675.75017020339,13843.84963494043,8882.592498993596,22726.442133934022,73,LP,1.8189894035458565e-12,1200.0,10800.0
0.3,2025-05-10,25837.15405663396,16000.0,12959.999999999998,4946.778220628532,15622.886993929154,12743.666680305276,21072.41210419521,33816.07878450048,89,LP,4.547473508864641e-13,1200.0,10800.0
0.3,2025-05-11,55481.59709270261,18758.99660322904,15194.787248615525,4772.987281808097,1206.2959365638642,33903.11332624034,19159.028336905507,53062.14166314584,89,LP,9.094947017729282e-13,1200.0,10800.0
0.3,2025-05-12,55039.8280323909,18549.8750031982,15025.39875259054,3419.2482050662115,3003.4047535161217,33811.00672876138,10620.786322251071,44431.79305101245,71,LP,9.094947017729282e-13,1200.0,10800.0
0.3,2025-05-13,49779.74095179661,17234.592848375905,13960.020207184489,6999.671693902294,375.6272378408249,30590.365404604167,29612.547673334768,60202.91307793894,116,LP,2.273736754432321e-13,1200.0,10800.0
0.3,2025-05-14,51508.5792724777,17716.232421418008,14350.148261348584,5438.94279047153,567.2891195464861,31342.596647881688,21875.24683058373,53217.843478465424,115,LP,9.094947017729282e-13,1200.0,10800.0
0.3,2025-05-15,52649.69547578559,17756.883399814404,14383.075553849669,4893.344824958553,1404.1741714460768,32429.090333294444,19628.803782925563,52057.894116220006,96,LP,9.094947017729282e-13,1200.0,10800.0
0.3,2025-05-16,26253.467635977344,16000.000000000004,12960.0,1580.7756976909386,22078.736800334947,13208.655982258511,5746.353860370825,18955.009842629337,67,LP,1.8189894035458565e-12,1200.0,10800.0
0.3,2025-05-17,26450.004528560312,15999.999999999998,12960.0,4453.691073945895,17414.89651917287,13382.680375099935,18958.023698480123,32340.704073580066,81,LP,1.8189894035458565e-12,1200.0,10800.0
0.3,2025-05-18,52303.46734586691,17342.299381849018,14047.262499297703,5797.807287368454,1130.069650684066,32171.633558378133,20709.85460160317,52881.4881599813,104,LP,4.547473508864641e-13,1200.0,10800.0
0.3,2025-05-19,51421.37998659535,17253.70523806298,13975.501242831013,3182.9074998746773,3810.866941238068,31321.9554250078,14604.72898675006,45926.68441175786,85,LP,9.094947017729282e-13,1200.0,10800.0
0.3,2025-05-20,51655.02572653548,17373.00290553543,14072.132353483696,6606.211815322494,432.972173139582,31627.399136186446,25840.592860891706,57467.99199707815,117,LP,1.8189894035458565e-12,1200.0,10800.0
0.3,2025-05-21,51306.62852011525,17204.24499795308,13935.438448341996,5463.090108674855,2138.296795845694,31366.755342006192,23069.73913816306,54436.49448016925,94,LP,4.547473508864641e-13,1200.0,10800.0
0.3,2025-05-22,52475.45246046037,17293.687411626237,14007.886803417256,3185.3010167032458,1558.3220522879749,32258.23526225432,12949.56333359138,45207.7985958457,91,LP,9.094947017729282e-13,1200.0,10800.0
0.3,2025-05-23,24953.29576944132,16015.1206881845,12972.247757429446,3857.551365773245,19347.025321126177,12235.5968290044,15809.174650241632,28044.771479246032,92,LP,4.547473508864641e-13,1200.0,10800.0
0.3,2025-05-24,25587.45349541746,16004.004533851235,12963.243672419498,1940.0691199332912,20732.26037058568,12654.778103914794,7671.006955678281,20325.78505959308,72,LP,4.547473508864641e-13,1200.0,10800.0
0.3,2025-05-25,51093.3267052168,17219.792213031265,13948.031692555329,2929.928554943263,2206.484556350784,31051.54788846717,12617.99624128265,43669.54412974982,100,LP,9.094947017729282e-13,1200.0,10800.0
0.3,2025-05-26,50037.27221996963,16731.940464637173,13552.871776356113,8338.170545362314,616.5411270508906,30480.30994420724,33701.79004717598,64182.09999138322,116,LP,9.094947017729282e-13,1200.0,10800.0
0.3,2025-05-27,51407.00000537583,17329.664726445888,14037.028428421165,3273.9581053688016,1997.954512719914,31515.03491288525,13886.096376852624,45401.13128973788,82,LP,9.094947017729282e-13,1200.0,10800.0
0.3,2025-05-28,51702.27630157799,17250.616979507515,13972.99975340109,6326.711545510087,2477.546520981655,31434.26042197671,24286.21595250971,55720.47637448642,102,LP,9.094947017729282e-13,1200.0,10800.0
0.3,2025-05-29,51458.0376288817,17424.366277329813,14113.736684637151,6788.33286346661,825.6173996556511,31536.002400545447,27874.4283420923,59410.43074263775,111,LP,9.094947017729282e-13,1200.0,10800.0
0.3,2025-05-30,25372.599966068054,16000.849024972264,12960.687710227532,3605.0857615201753,19341.291146176834,12591.002703954233,14353.975133391055,26944.977837345286,80,LP,9.094947017729282e-13,1200.0,10800.0
0.3,2025-05-31,25616.294172648497,16001.127332572289,12960.913139383556,3296.6835529434184,17483.581982403186,12654.400335540862,13403.936158307628,26058.33649384849,81,LP,4.547473508864641e-13,1200.0,10800.0
0.3,2025-06-01,54752.97954814385,18409.254979434685,14911.496533342097,20042.36179416044,72.75659621170013,33251.77131752187,77923.12469892616,111174.89601644802,139,LP,9.094947017729282e-13,1200.0,10800.0
0.3,2025-06-02,62315.29828098259,18796.876437218507,15225.46991414699,11258.105760037535,1361.190067948609,39630.763283530105,43761.31521982615,83392.07850335626,110,LP,2.273736754432321e-13,1200.0,10800.0
0.3,2025-06-03,65823.71556008961,19030.64702850591,15414.824093089788,6708.711371262402,724.2371626025677,41198.07654880153,26686.63719004981,67884.71373885134,120,LP,2.273736754432321e-13,1200.0,10800.0
0.3,2025-06-04,69361.81670255348,20204.55368462274,16365.688484544422,5595.3987376962505,1473.089423504743,43118.59571168429,18114.74236642955,61233.33807811384,92,LP,2.273736754432321e-13,1200.0,10800.0
0.3,2025-06-05,68126.57520489758,19573.653146703982,15854.65904883023,7521.324618505205,779.587708862369,42307.79522017717,27977.83488830477,70285.63010848194,111,LP,2.273736754432321e-13,1200.0,10800.0
0.3,2025-06-06,33249.10573431428,15999.999999999996,12960.0,7863.450639545536,7217.560973859827,18805.169222563272,29913.664003827034,48718.83322639031,90,LP,4.547473508864641e-13,1200.0,10800.0
0.3,2025-06-07,33938.32503426829,16000.000000000002,12960.0,4028.665150187201,3800.477017788827,19132.25874617882,13867.875073051146,33000.133819229966,88,LP,4.547473508864641e-13,1200.0,10800.0
0.3,2025-06-08,77224.16472610584,22513.102313761367,18235.61287414671,1113.9457023828609,8875.69772220738,47869.15475867112,3826.345220030965,51695.499978702086,50,LP,2.273736754432321e-13,1200.0,10800.0
0.3,2025-06-09,68991.9396734523,19806.22015260896,16043.038323613257,6613.6826187151655,909.7277298384302,42266.22495955227,26860.789505111938,69127.01446466421,104,LP,2.273736754432321e-13,1200.0,10800.0
0.3,2025-06-10,72096.16339891299,21294.103109084583,17248.223518358514,4718.988747912799,1150.8283227663976,44101.11503105212,18099.31955196404,62200.43458301616,100,LP,2.273736754432321e-13,1200.0,10800.0
0.3,2025-06-11,72594.11908580162,21796.19970230312,17654.921758865523,8160.51809809575,528.9129237930997,44445.536332471005,34019.28356578841,78464.81989825942,114,LP,2.273736754432321e-13,1200.0,10800.0
0.3,2025-06-12,75580.43401235505,22368.307328529743,18118.328936109094,3370.4249097112915,2248.4890963123603,46812.34358311475,12365.907777518496,59178.25136063325,77,LP,4.547473508864641e-13,1200.0,10800.0
0.3,2025-06-13,32166.50477719558,16000.000000000002,12960.0,3874.042317365656,4655.233394561239,17884.665907122995,14265.622469667764,32150.28837679076,99,LP,9.094947017729282e-13,1200.0,10800.0
0.3,2025-06-14,32966.22373757835,16000.000000000002,12960.000000000002,3590.2604998228007,7323.141487401156,18242.66699124041,12236.12696286265,30478.793954103065,86,LP,4.547473508864641e-13,1200.0,10800.0
0.3,2025-06-15,72307.92668527958,21714.82123444562,17589.005199900952,4425.410627137047,1980.5469445386375,44480.27773890392,16440.86268140219,60921.14042030611,79,LP,2.273736754432321e-13,1200.0,10800.0
0.3,2025-06-16,72795.01569863841,22254.93754744876,18026.4994134335,4905.487545555456,778.0122935119407,44269.988048799234,19574.718806943125,63844.70685574236,115,LP,4.547473508864641e-13,1200.0,10800.0
0.3,2025-06-17,74127.51261443217,22424.40939402146,18163.771609157386,6080.722621932182,1310.5862348336177,45222.95261356031,24376.39722967813,69599.34984323844,105,LP,4.547473508864641e-13,1200.0,10800.0
0.3,2025-06-18,74569.5442702674,22364.313585475626,18115.09400423525,3076.927081882881,2468.86087090991,45533.45723258922,11870.847671090723,57404.30490367995,87,LP,9.094947017729282e-13,1200.0,10800.0
0.3,2025-06-19,71169.10125095761,21568.07223610575,17470.138511245656,3443.050751143738,2254.714077241248,43558.44187031794,13518.091026465838,57076.53289678378,87,LP,2.273736754432321e-13,1200.0,10800.0
0.3,2025-06-20,32615.485738554024,15999.999999999996,12959.999999999998,1324.9637392879526,8499.86862784198,18224.302224742663,4885.126669410272,23109.428894152938,52,LP,9.094947017729282e-13,1200.0,10800.0
0.3,2025-06-21,32605.82958625655,16000.0,12960.0,1697.768933010667,11928.858119267215,17993.908559531785,6868.596013696906,24862.50457322869,55,LP,9.094947017729282e-13,1200.0,10800.0
0.3,2025-06-22,70047.9095530099,21257.205235697085,17218.336240914643,4071.1591325347554,2622.858590762215,42516.16774899047,16052.336237089428,58568.5039860799,82,LP,2.273736754432321e-13,1200.0,10800.0
0.3,2025-06-23,70611.74071383216,21342.429465727306,17287.367867239114,2975.780417313435,2471.1735326574044,43095.88652488351,13463.260476229843,56559.14700111336,76,LP,2.273736754432321e-13,1200.0,10800.0
0.3,2025-06-24,66602.0809752836,20395.610774709457,16520.444727514663,13768.438371024364,226.56104911317823,40487.30509440062,55151.824448517946,95639.12954291856,129,LP,4.547473508864641e-13,1200.0,10800.0
0.3,2025-06-25,74190.46700346988,22571.964680037818,18283.29139083063,3202.501663668882,2666.8740112649066,45310.88271915827,12308.363563988589,57619.24628314686,67,LP,9.094947017729282e-13,1200.0,10800.0
0.3,2025-06-26,71337.66005722221,21976.19615733088,17800.718887438015,3862.646265525237,3477.4452195212366,43308.79223660848,16629.177372400824,59937.969609009306,94,LP,4.547473508864641e-13,1200.0,10800.0
0.3,2025-06-27,31712.15617583797,16000.0,12959.999999999996,1147.6304653694667,10048.14077454077,17476.789424668656,4353.10220766767,21829.891632336326,54,LP,1.8189894035458565e-12,1200.0,10800.0
0.3,2025-06-28,31902.966979371296,16000.000000000004,12960.000000000002,1793.5747238258105,8879.61558653044,17461.04573541261,6473.787661189667,23934.83339660228,71,LP,4.547473508864641e-13,1200.0,10800.0
0.3,2025-06-29,72168.21947545382,22115.565191230744,17913.607804896903,3788.9212176645815,2487.414773451233,44050.264196714175,12904.104417610886,56954.36861432506,79,LP,2.273736754432321e-13,1200.0,10800.0
0.3,2025-06-30,71769.05556051951,22371.58746785028,18120.985848958728,4220.98976319324,1861.7597214878592,43609.19152524223,16052.347399683382,59661.53892492561,93,LP,4.547473508864641e-13,1200.0,10800.0
0.3,2025-07-01,75904.92384602377,22393.110663454067,18138.4196373978,8870.599279830843,1654.288066465019,46725.651131791004,32034.93034303285,78760.58147482385,117,LP,2.273736754432321e-13,1200.0,10800.0
0.3,2025-07-02,80942.55498347481,22460.315964469697,18192.85593122045,2520.448749169221,6290.777332728123,50847.249177088175,6989.066416647371,57836.31559373555,54,LP,2.273736754432321e-13,1200.0,10800.0
0.3,2025-07-03,78656.74598946131,21641.717400459354,17529.791094372078,6490.740843354068,1275.1415933947806,49672.79529586727,23072.38161081577,72745.17690668305,106,LP,2.273736754432321e-13,1200.0,10800.0
0.3,2025-07-04,40297.60979167855,15999.999999999996,12960.0,2779.934143468045,11156.676468479927,23939.41140206248,9020.142724601232,32959.55412666371,78,LP,9.094947017729282e-13,1200.0,10800.0
0.3,2025-07-05,41028.03838159511,15999.999999999996,12960.0,2622.987969839676,11820.94638476812,24136.25006573084,8744.199151069599,32880.44921680044,69,LP,1.8189894035458565e-12,1200.0,10800.0
0.3,2025-07-06,75477.195341344,20410.943528105232,16532.86425776524,8896.833298846657,701.967819850672,47568.29604171318,35741.84197937056,83310.13802108375,109,LP,2.273736754432321e-13,1200.0,10800.0
0.3,2025-07-07,78018.95284110504,21586.123354686977,17484.75991729645,2612.7366636904694,3120.843300738324,48588.90854793379,9137.671503300788,57726.580051234574,73,LP,2.273736754432321e-13,1200.0,10800.0
0.3,2025-07-08,77771.48720675336,20666.12308515521,16739.55969897572,4183.875726096351,2457.412530003553,48722.67844375697,18092.122291680917,66814.8007354379,84,LP,2.273736754432321e-13,1200.0,10800.0
0.3,2025-07-09,73174.80816791684,20076.72360258269,16262.14611809198,6019.843478523358,1321.3491452828275,45897.645017626826,22797.45929874689,68695.10431637372,104,LP,2.273736754432321e-13,1200.0,10800.0
0.3,2025-07-10,71535.02577414436,19874.79432973868,16098.583407088332,5911.656314843251,816.8477830039249,45081.78099586687,22723.323315204565,67805.10431107142,120,LP,2.273736754432321e-13,1200.0,10800.0
0.3,2025-07-11,39224.9080139552,16000.0,12960.0,5341.793290036568,9007.924153991768,22666.865629032283,19939.508346647133,42606.37397567942,98,LP,4.547473508864641e-13,1200.0,10800.0
0.3,2025-07-12,40575.37841321543,16000.0,12959.999999999996,3602.7376190408813,10053.87269892297,23428.514993109617,14465.64928742025,37894.16428052987,79,LP,9.094947017729282e-13,1200.0,10800.0
0.3,2025-07-13,71517.64291131563,19513.237342229084,15805.722247205558,3785.51089584054,2327.9183121326564,45056.05885516992,15709.366482202917,60765.42533737284,91,LP,2.273736754432321e-13,1200.0,10800.0
0.3,2025-07-14,66830.6534215376,19165.13463321959,15523.75905290787,8882.496233467205,264.09485802642,42450.42716896342,35595.41827735555,78045.84544631897,132,LP,9.094947017729282e-13,1200.0,10800.0
0.3,2025-07-15,71846.25586349009,19861.639299989707,16087.927832991663,6796.836907313184,2120.330720471911,45514.76757182551,23902.92228395903,69417.68985578454,89,LP,2.273736754432321e-13,1200.0,10800.0
0.3,2025-07-16,69337.48436023353,20276.417531064217,16423.898200162017,8354.079815181783,1704.4814611797826,43636.73688404921,29782.65835208358,73419.3952361328,108,LP,2.273736754432321e-13,1200.0,10800.0
0.3,2025-07-17,68757.50608376636,19765.880411976723,16010.363133701148,8178.35379398204,459.9265328061536,43491.485192632594,33080.42305620377,76571.90824883636,125,LP,2.273736754432321e-13,1200.0,10800.0
0.3,2025-07-18,38083.91903802175,16000.000000000004,12960.0,6024.745255056246,9794.416193078,21864.00674180605,24020.27634436974,45884.28308617579,98,LP,9.094947017729282e-13,1200.0,10800.0
0.3,2025-07-19,38245.49671445807,15999.999999999998,12959.999999999996,4761.616775931359,12784.294440389427,21855.956247681635,19052.41367241073,40908.369920092366,90,LP,1.8189894035458565e-12,1200.0,10800.0
0.3,2025-07-20,69776.20947542753,19580.857029033243,15860.49419351693,6871.815182855678,837.6836061002248,44245.61690490445,25712.82669190968,69958.44359681413,105,LP,2.273736754432321e-13,1200.0,10800.0
0.3,2025-07-21,68378.03640653347,19582.818517643915,15862.082999291571,9717.476449853486,385.0279880346213,43149.48363959204,37163.76060954232,80313.24424913435,127,LP,2.273736754432321e-13,1200.0,10800.0
0.3,2025-07-22,73739.5985924477,20036.102062993235,16229.24267102452,5361.047108897015,1498.6416927093326,46283.67898583648,21586.384146297576,67870.06313213406,95,LP,2.273736754432321e-13,1200.0,10800.0
0.3,2025-07-23,72369.47383682796,19753.01825239697,15999.94478444154,6259.144637685893,658.9978898917582,45478.00231982529,25211.436624826256,70689.43894465154,107,LP,2.273736754432321e-13,1200.0,10800.0
0.3,2025-07-24,71118.34193376744,19718.92552394465,15972.329674395169,7460.8228916854,1216.096975903365,44850.43976482745,27767.16409166962,72617.60385649707,111,LP,2.273736754432321e-13,1200.0,10800.0
0.3,2025-07-25,38900.19999167043,15999.999999999996,12959.999999999996,2438.0419252467136,11792.92235025048,22486.772509952472,9442.980145842668,31929.752655795142,79,LP,9.094947017729282e-13,1200.0,10800.0
0.3,2025-07-26,39759.38206465955,16000.0,12960.0,3241.056764237705,11491.347262230587,22949.640957161955,11994.862896378849,34944.5038535408,76,LP,9.094947017729282e-13,1200.0,10800.0
0.3,2025-07-27,72918.59814659652,19924.812626229294,16139.098227245726,5434.585379294303,882.2793269072542,45814.96913103135,22500.8908381962,68315.85996922755,111,LP,2.273736754432321e-13,1200.0,10800.0
0.3,2025-07-28,73807.6435638004,20066.538494410583,16253.896180472571,8583.432994604836,623.5570111338966,46375.98007609704,33472.40128899117,79848.38136508821,114,LP,2.273736754432321e-13,1200.0,10800.0
0.3,2025-07-29,75683.6558521279,20488.867209134565,16595.982439399,5835.5529841613525,1557.0781165536775,47417.77876200227,22135.851108594885,69553.62987059716,93,LP,2.273736754432321e-13,1200.0,10800.0
0.3,2025-07-30,73448.75772430762,20143.551725707846,16316.276897823358,5997.779729736232,1516.0085761593664,45913.26812689631,24669.817487312943,70583.08561420925,108,LP,2.273736754432321e-13,1200.0,10800.0
0.3,2025-07-31,73449.25500304044,20324.77253110861,16463.065750197973,5838.554967365898,731.1069228290406,46045.39166310049,23827.320499517155,69872.71216261765,108,LP,2.273736754432321e-13,1200.0,10800.0
0.3,2025-08-01,38816.18659981959,15999.999999999996,12960.0,1781.70612300294,16306.533056155871,22485.611243865293,6101.913794241208,28587.5250381065,52,LP,4.547473508864641e-13,1200.0,10800.0
0.3,2025-08-02,37313.58697932703,15999.999999999996,12960.000000000002,2850.0542567578987,16196.616302751598,21337.727022841136,11560.19676617088,32897.92378901201,80,LP,1.8189894035458565e-12,1200.0,10800.0
0.3,2025-08-03,68759.44593264928,19443.83481610533,15749.506201045311,2114.6591471670663,4340.296481423011,43703.16918473335,7987.769700392404,51690.93888512575,69,LP,2.273736754432321e-13,1200.0,10800.0
0.3,2025-08-04,66590.70311869035,18981.505689978563,15375.019608882636,3447.9824762967405,1016.5444305578288,42619.44437663894,13305.381708950748,55924.82608558969,97,LP,9.094947017729282e-13,1200.0,10800.0
0.3,2025-08-05,67728.46242199696,19111.39005899213,15480.225947783623,3210.561014569665,2155.549592024786,43407.91031433149,12497.122275286476,55905.03258961797,79,LP,9.094947017729282e-13,1200.0,10800.0
0.3,2025-08-06,63347.2957909468,18519.465874914367,15000.76735868064,8799.928021093854,514.1260291402672,40656.81685286312,34932.47075867206,75589.28761153518,121,LP,9.094947017729282e-13,1200.0,10800.0
0.3,2025-08-07,69915.46982462432,19589.189689759,15867.243648704783,1446.2760666853285,4251.814600255433,44522.35159418496,5349.59241249041,49871.94400667537,54,LP,2.273736754432321e-13,1200.0,10800.0
0.3,2025-08-08,37381.02985058202,16000.0,12959.999999999996,1998.7186526351968,20564.577253217216,21401.484297901217,8105.5185736819185,29507.002871583136,64,LP,1.8189894035458565e-12,1200.0,10800.0
0.3,2025-08-09,36194.48768896441,16000.0,12959.999999999998,4490.054875911644,18722.61356487605,20556.03725826609,17711.02451991063,38267.06177817672,89,LP,9.094947017729282e-13,1200.0,10800.0
0.3,2025-08-10,63007.35456905806,18483.239719011148,14971.42417239903,6768.587879094572,959.5078515405128,40515.32198065553,25818.162507094385,66333.48448774991,110,LP,9.094947017729282e-13,1200.0,10800.0
0.3,2025-08-11,65363.82008729274,18819.4622205013,15243.764398606054,4655.60986686914,1882.478798933306,41839.15584562284,18393.340918387104,60232.49676400994,97,LP,4.547473508864641e-13,1200.0,10800.0
0.3,2025-08-12,66615.05556226772,19035.20440277101,15418.51556624452,6123.014130668922,1360.8372064101518,42760.7721456537,25116.641542581667,67877.41368823536,90,LP,9.094947017729282e-13,1200.0,10800.0
0.3,2025-08-13,65933.39595397237,19139.633992524505,15503.103533944848,4849.811564925263,1025.6976103179898,41862.462927543165,18951.600515847167,60814.06344339033,102,LP,9.094947017729282e-13,1200.0,10800.0
0.3,2025-08-14,63904.41763584492,18835.616285086297,15256.849190919898,6525.341648226931,924.7012065721192,40981.77070636198,26975.62265375672,67957.3933601187,115,LP,4.547473508864641e-13,1200.0,10800.0
0.3,2025-08-15,37646.47028762732,15999.999999999993,12960.0,2704.2191436557023,20150.962547949694,21647.51184076669,10108.073484886976,31755.58532565367,78,LP,4.547473508864641e-13,1200.0,10800.0
0.3,2025-08-16,38753.193425020894,16000.0,12960.0,2208.945938181464,20992.85899653569,22392.271163893733,9724.686023173104,32116.95718706684,68,LP,9.094947017729282e-13,1200.0,10800.0
0.3,2025-08-17,62018.756714053685,18324.411467136237,14842.773288380347,5800.723037937607,1172.447956568738,39879.55416333763,23012.41027789978,62891.96444123741,114,LP,1.8189894035458565e-12,1200.0,10800.0
0.3,2025-08-18,63669.58238062371,18653.408029965496,15109.260504272052,5684.664191239304,1415.9834295029077,41024.34415531485,24949.147041757013,65973.49119707187,102,LP,9.094947017729282e-13,1200.0,10800.0
0.3,2025-08-19,63569.34815009161,18724.394734424422,15166.759734883784,5265.688537069366,959.7416376203392,40930.82074634189,20312.50903319064,61243.32977953252,109,LP,9.094947017729282e-13,1200.0,10800.0
0.3,2025-08-20,64031.205348768606,18854.85469329321,15272.432301567507,10876.573294457656,674.6651848339006,41252.06885905321,43951.86139390106,85203.93025295428,112,LP,1.8189894035458565e-12,1200.0,10800.0
0.3,2025-08-21,66003.8268723888,19514.16869969253,15806.476646750947,4944.014285927196,1395.7306220410985,42151.07459176349,19504.623873713816,61655.69846547731,90,LP,9.094947017729282e-13,1200.0,10800.0
0.3,2025-08-22,38501.81792795556,15999.999999999998,12959.999999999998,5100.015588177989,19331.26411613356,22246.2897945566,21232.95847865064,43479.24827320724,78,LP,9.094947017729282e-13,1200.0,10800.0
0.3,2025-08-23,37861.81009113117,15999.999999999996,12960.0,3614.4660473647423,15906.269988495917,21787.850573494336,15023.810921543172,36811.66149503751,86,LP,1.8189894035458565e-12,1200.0,10800.0
0.3,2025-08-24,64554.13761483546,18932.353608580503,15335.206422950205,5399.155433783167,2622.556379654996,41156.75051380195,23280.623422493263,64437.37393629521,102,LP,9.094947017729282e-13,1200.0,10800.0
0.3,2025-08-25,62892.13212329326,18668.177447851194,15121.223732759468,11866.084940046048,438.1763315809201,40484.34290267438,46983.10612899305,87467.44903166743,120,LP,9.094947017729282e-13,1200.0,10800.0
0.3,2025-08-26,65574.46068404365,19107.85750120689,15477.364575977585,4991.605799103771,1406.7551745847709,41582.39827515493,21409.20143368084,62991.59970883577,102,LP,9.094947017729282e-13,1200.0,10800.0
0.3,2025-08-27,63145.04882124008,18796.579887462434,15225.229708844572,8684.1037078292,343.65348378476386,40443.959772711125,36634.88748796522,77078.84726067635,128,LP,9.094947017729282e-13,1200.0,10800.0
0.3,2025-08-28,65954.72735394121,19301.462605636363,15634.184710565458,9127.541838676574,647.1963142135421,41873.92024287537,36361.08232206846,78235.00256494383,119,LP,9.094947017729282e-13,1200.0,10800.0
0.3,2025-08-29,36012.68071128304,15999.999999999998,12960.0,5208.2613167784575,15625.721678061502,20572.02840865328,21096.656241375636,41668.68465002891,98,LP,4.547473508864641e-13,1200.0,10800.0
0.3,2025-08-30,36283.63034989216,15999.999999999998,12960.0,5883.090422331249,20614.00093889008,20787.437048391104,23364.03406340412,44151.471111795225,97,LP,1.8189894035458565e-12,1200.0,10800.0
0.3,2025-08-31,65852.47779491532,19189.54419456388,15543.530797596744,5739.820243878927,1299.661558493773,42219.93279978384,22451.60957556706,64671.5423753509,96,LP,4.547473508864641e-13,1200.0,10800.0
0.35,2025-05-01,50166.81095984528,18304.075978826848,14826.301542849746,6114.567928197766,1792.225652065949,30188.200557234748,27451.789516171808,57639.99007340656,103,LP,9.094947017729282e-13,1200.0,10800.0
0.35,2025-05-02,25216.730899272603,16013.874937611949,12971.238699465675,7884.925963099998,15768.700540892994,12203.336297215754,34119.827105949706,46323.16340316546,96,LP,1.8189894035458565e-12,1200.0,10800.0
0.35,2025-05-03,27394.50139818457,16000.000000000002,12959.999999999998,3476.468544305654,18963.79829249022,13841.98828056346,15132.408008470327,28974.396289033783,71,LP,4.547473508864641e-13,1200.0,10800.0
0.35,2025-05-04,53629.31211541587,18720.99723202079,15164.007757936844,3724.154091941206,2061.8093999397925,32849.78735188252,12561.7853753182,45411.57272720072,84,LP,9.094947017729282e-13,1200.0,10800.0
0.35,2025-05-05,51530.89182006212,17920.588363958035,14515.676574806012,7638.846286505949,688.8195174160437,31713.329828141053,33327.653077105264,65040.98290524632,112,LP,9.094947017729282e-13,1200.0,10800.0
0.35,2025-05-06,53857.88480113498,18249.2057265762,14781.85663852672,4533.69327598987,2054.1466224087017,33090.82558786482,19532.66845769904,52623.49404556386,93,LP,9.094947017729282e-13,1200.0,10800.0
0.35,2025-05-07,54882.16541535211,18386.74818351667,14893.2660286485,4694.292700410325,1015.1300108942648,33646.2897700359,20554.07729358372,54200.36706361962,101,LP,1.8189894035458565e-12,1200.0,10800.0
0.35,2025-05-08,54754.069429862895,18573.708282929547,15044.703709172927,6099.514646227852,1498.0671023341324,33921.64131049506,23176.99217994978,57098.633490444845,86,LP,9.094947017729282e-13,1200.0,10800.0
0.35,2025-05-09,27343.75258981782,16000.0,12960.000000000002,1780.5092622839857,17584.87600210181,14028.706870627722,7316.706836387814,21345.413707015538,66,LP,2.273736754432321e-13,1200.0,10800.0
0.35,2025-05-10,26111.119223887275,15999.999999999996,12959.999999999998,4469.937474226226,15420.01141478017,12920.48494286214,18991.058590977977,31911.543533840115,86,LP,1.8189894035458565e-12,1200.0,10800.0
0.35,2025-05-11,56505.074017022096,18954.412215235418,15353.073894340689,4097.0036155905245,1516.6602283845605,34447.024933528926,16457.14091572891,50904.16584925784,82,LP,2.273736754432321e-13,1200.0,10800.0
0.35,2025-05-12,56049.43890588204,18724.89213383911,15167.162628409676,2982.6926821673264,3543.2068492866047,34356.64394183269,9173.904175106689,43530.548116939375,66,LP,9.094947017729282e-13,1200.0,10800.0
0.35,2025-05-13,50723.13548551908,17379.428597631813,14077.337164081768,6172.119867503287,463.9511528056616,31096.260046767828,26352.176905472006,57448.43695223984,112,LP,9.094947017729282e-13,1200.0,10800.0
0.35,2025-05-14,52557.139403992864,17890.275537664707,14491.123185508412,4657.2243187642325,801.0625872674731,31895.04696058699,18897.45321666015,50792.50017724714,104,LP,1.8189894035458565e-12,1200.0,10800.0
0.35,2025-05-15,53649.83896030486,17920.30534814289,14515.447331995743,4221.835149482629,1701.757810307014,32950.17819859232,16885.641183459302,49835.81938205162,88,LP,4.547473508864641e-13,1200.0,10800.0
0.35,2025-05-16,26551.453639739004,15999.999999999996,12959.999999999998,1316.2585417440932,22112.205648149764,13401.026884050409,4785.240399511853,18186.267283562254,54,LP,9.094947017729282e-13,1200.0,10800.0
0.35,2025-05-17,26740.53159641617,15999.999999999996,12959.999999999998,4119.658370886718,17371.390883969558,13573.548593907844,17599.343871031597,31172.89246493944,78,LP,9.094947017729282e-13,1200.0,10800.0
0.35,2025-05-18,53273.946191433686,17488.17784572494,14165.4240550372,5126.645233999337,1401.6695347452908,32710.24669611474,18146.24035948089,50856.48705559563,100,LP,9.094947017729282e-13,1200.0,10800.0
0.35,2025-05-19,52375.99387161744,17408.030633515664,14100.504813147692,2727.057299592901,4280.308800842374,31852.67935837073,12615.366316044823,44468.04567441555,80,LP,9.094947017729282e-13,1200.0,10800.0
0.35,2025-05-20,52654.40080520159,17509.79087015861,14182.93060482847,5783.0956295378455,583.2413527426357,32190.862074416487,22588.70213183232,54779.5642062488,106,LP,9.094947017729282e-13,1200.0,10800.0
0.35,2025-05-21,52334.371736757865,17342.317738187827,14047.277367932136,4825.523431643115,2502.239514811964,31948.74316393845,20362.981813462997,52311.72497740145,87,LP,9.094947017729282e-13,1200.0,10800.0
0.35,2025-05-22,53420.70150724716,17430.02979006675,14118.324129954064,2503.928303302419,1796.2933337702334,32773.679352727595,10241.697290113068,43015.37664284067,80,LP,9.094947017729282e-13,1200.0,10800.0
0.35,2025-05-23,25293.99168293316,16008.425249093703,12966.824451765902,3357.325554863271,19188.76755713529,12462.46866119271,13733.173116376314,26195.641777569024,90,LP,2.273736754432321e-13,1200.0,10800.0
0.35,2025-05-24,25946.199420122262,15999.999999999996,12959.999999999996,1619.049562056543,20770.74759884547,12909.72421712994,6396.6347881998245,19306.359005329767,68,LP,9.094947017729282e-13,1200.0,10800.0
0.35,2025-05-25,52156.88492470176,17400.891617455607,14094.722210139036,2359.184962112529,2664.890296164393,31668.084648921653,10219.56699084535,41887.651639767006,85,LP,9.094947017729282e-13,1200.0,10800.0
0.35,2025-05-26,51114.317041338174,16893.6736443096,13683.875651890776,7453.430538954349,778.116637873704,31088.63258152857,30141.86489056992,61230.49747209849,107,LP,9.094947017729282e-13,1200.0,10800.0
0.35,2025-05-27,52521.03119345842,17509.42017217289,14182.63033946004,2735.621179179229,2539.4952399247977,32136.17767654684,11486.566225592014,43622.743902138856,74,LP,1.8189894035458565e-12,1200.0,10800.0
0.35,2025-05-28,52847.64209132467,17431.76404076734,14119.728873021544,5511.237657132149,2773.020480711035,32069.509737597127,21191.667168611075,53261.1769062082,99,LP,1.8189894035458565e-12,1200.0,10800.0
0.35,2025-05-29,52703.13373777394,17620.705236530866,14272.771241590002,5847.10177071916,1092.1780135522383,32215.869186127733,24181.320943996303,56397.19013012404,107,LP,9.094947017729282e-13,1200.0,10800.0
0.35,2025-05-30,25779.232179396444,16000.000000000002,12960.0,3110.956376873377,19253.95528960316,12868.14000610462,12302.657062999802,25170.79706910442,73,LP,9.094947017729282e-13,1200.0,10800.0
0.35,2025-05-31,26006.617611115573,16000.000000000002,12959.999999999998,2810.198804103467,17387.634865219035,12908.85904850508,11380.373536953237,24289.232585458318,77,LP,9.094947017729282e-13,1200.0,10800.0
0.35,2025-06-01,55789.56919355964,18561.458450701502,15034.781345068215,19056.284986335533,94.35077426188712,33835.62792256727,74138.44287668652,107974.0707992538,137,LP,9.094947017729282e-13,1200.0,10800.0
0.35,2025-06-02,63339.5342772298,18992.036126139363,15383.549262172884,10452.788752475131,1543.0287157384564,40235.34311759133,40753.57647536628,80988.91959295761,107,LP,2.273736754432321e-13,1200.0,10800.0
0.35,2025-06-03,66960.6991540727,19258.360304646696,15599.27184676382,5771.4521372275285,880.6960000840241,41879.20368956263,23168.21948731753,65047.42317688016,112,LP,2.273736754432321e-13,1200.0,10800.0
0.35,2025-06-04,70472.86981572813,20465.550772782237,16577.096125953612,4872.426771847208,1811.58112408005,43778.49098759865,15551.73271348452,59330.22370108317,84,LP,2.273736754432321e-13,1200.0,10800.0
0.35,2025-06-05,69297.65418292902,19833.29582842647,16064.969621025442,6618.693691328639,998.7036501899616,43021.807784303,24760.600855754124,67782.40864005713,102,LP,2.273736754432321e-13,1200.0,10800.0
0.35,2025-06-06,33654.19115808517,15999.999999999998,12960.0,7228.003456320777,6987.199214405951,19089.22441427262,27680.68504799442,46769.90946226704,87,LP,9.094947017729282e-13,1200.0,10800.0
0.35,2025-06-07,34366.35241390494,15999.999999999998,12960.0,3395.0980326294184,3594.937279867696,19439.72714450059,11695.706844294018,31135.433988794608,82,LP,1.8189894035458565e-12,1200.0,10800.0
0.35,2025-06-08,78309.88366269287,22568.918706150493,18280.824151981906,881.5566491569947,9718.422491014604,48646.46211543293,3056.165853337793,51702.62796877072,43,LP,9.094947017729282e-13,1200.0,10800.0
0.35,2025-06-09,70248.5076614197,20162.74787579243,16331.825779391864,5783.498558647865,1268.3713903336802,43022.04344036819,23677.806395600823,66699.84983596901,98,LP,2.273736754432321e-13,1200.0,10800.0
0.35,2025-06-10,73282.47202871044,21631.09601906512,17521.187775442748,3937.557198431976,1491.6767501867216,44843.98892073087,15299.858090748396,60143.84701147927,92,LP,4.547473508864641e-13,1200.0,10800.0
0.35,2025-06-11,73787.39465169462,22187.09143187959,17971.544059822467,7155.53154558899,642.9325085598268,45194.53029958252,30153.26316252585,75347.79346210837,113,LP,2.273736754432321e-13,1200.0,10800.0
0.35,2025-06-12,76733.28818007122,22481.428603400705,18209.95716875457,2749.923387637816,2759.348699729572,47626.70476244238,10100.535785963291,57727.24054840567,70,LP,4.547473508864641e-13,1200.0,10800.0
0.35,2025-06-13,32527.624725006805,15999.999999999996,12960.0,3269.121186280405,4411.432211287216,18137.942134465426,12030.488430697766,30168.43056516319,92,LP,9.094947017729282e-13,1200.0,10800.0
0.35,2025-06-14,33349.507899543954,16000.0,12960.0,3095.249270567864,7211.414420111822,18521.735588167263,10499.379522567186,29021.11511073445,75,LP,9.094947017729282e-13,1200.0,10800.0
0.35,2025-06-15,73309.20904187174,22065.82890100279,17873.321409812263,3843.661064618959,2333.3882819668397,45117.38423715752,14297.395163851716,59414.77940100924,69,LP,2.273736754432321e-13,1200.0,10800.0
0.35,2025-06-16,73790.126484552,22365.227370571443,18115.83417016287,4222.208371824845,1068.888839301611,44974.19218425911,16751.09739867627,61725.28958293538,106,LP,4.547473508864641e-13,1200.0,10800.0
0.35,2025-06-17,75128.32293575344,22372.89336678106,18122.043627092666,5358.704883398345,1599.1668627967083,45971.687341771445,21555.042949666244,67526.73029143769,97,LP,1.8189894035458565e-12,1200.0,10800.0
0.35,2025-06-18,75571.63761035497,22458.015879609447,18190.99286248365,2490.183730205801,2866.407423434983,46273.53414659174,9592.316734852891,55865.85088144463,82,LP,4.547473508864641e-13,1200.0,10800.0
0.35,2025-06-19,72188.56346541998,21984.574416969022,17807.505277744905,3020.140129132884,2772.130255328752,44234.42734119703,11803.16489392759,56037.59223512462,81,LP,2.273736754432321e-13,1200.0,10800.0
0.35,2025-06-20,33031.656644003146,15999.999999999996,12959.999999999998,1088.7361500043835,8679.811944007528,18538.834089711792,4001.0537526325606,22539.887842344357,48,LP,4.547473508864641e-13,1200.0,10800.0
0.35,2025-06-21,33037.75237348878,15999.999999999998,12960.0,1457.2016864085913,12120.213659897368,18306.48075944662,5930.07417319476,24236.55493264138,53,LP,9.094947017729282e-13,1200.0,10800.0
0.35,2025-06-22,71155.13996053155,21505.23190547003,17419.237843430732,3455.134129077531,3066.9389275697745,43232.055181487245,13676.83164815384,56908.88682964109,78,LP,4.547473508864641e-13,1200.0,10800.0
0.35,2025-06-23,71775.34213417742,21717.20393092892,17590.935184052425,2475.3032623235813,3063.0906496245134,43817.67571096369,11314.780031102502,55132.45574206619,69,LP,4.547473508864641e-13,1200.0,10800.0
0.35,2025-06-24,67630.48831483169,20754.26852327277,16810.957503850947,12859.178988167816,277.5640335776984,41126.704902374106,51459.70717433093,92586.41207670503,129,LP,2.273736754432321e-13,1200.0,10800.0
0.35,2025-06-25,75279.63423436071,22641.96380281169,18339.990680277468,2705.8163391185108,3246.056084278345,46074.68572999673,10400.02238550833,56474.70811550506,59,LP,2.273736754432321e-13,1200.0,10800.0
0.35,2025-06-26,72430.40387270405,22364.625705147657,18115.3468211696,3314.086310047905,3947.827465440572,44036.0856977184,14219.992822441693,58256.078520160096,88,LP,1.1368683772161605e-13,1200.0,10800.0
0.35,2025-06-27,32180.21253236538,16000.0,12959.999999999996,926.4241498461272,10294.990815544845,17821.994585592845,3542.457915031636,21364.45250062448,45,LP,1.8189894035458565e-12,1200.0,10800.0
0.35,2025-06-28,32315.73684739452,15999.999999999998,12960.0,1410.3491275652486,8909.1598582931,17763.467766269856,4969.039091775274,22732.50685804513,63,LP,9.094947017729282e-13,1200.0,10800.0
0.35,2025-06-29,73298.69571550083,22557.94713381791,18271.93717839251,3205.724327431069,2950.6415541731726,44777.776672045344,10667.89571569357,55445.67238773892,68,LP,2.273736754432321e-13,1200.0,10800.0
0.35,2025-06-30,72911.46883546058,22489.484042270327,18216.482074238964,3614.368635554516,2375.1515196503865,44419.30943040985,13659.32020429644,58078.62963470629,83,LP,2.273736754432321e-13,1200.0,10800.0
0.35,2025-07-01,76994.7393924865,22640.578954278357,18338.868952965466,8171.341015296307,1997.826373136598,47484.63927842478,29260.924015121826,76745.56329354661,113,LP,4.547473508864641e-13,1200.0,10800.0
0.35,2025-07-02,82074.8866731869,22713.23670623423,18397.72173204973,2336.962116934224,7191.567449269962,51628.46935059762,6322.664016104252,57951.13336670187,51,LP,4.547473508864641e-13,1200.0,10800.0
0.35,2025-07-03,79850.73087823528,22009.39718932609,17827.611723354137,5683.576498456536,1592.1029773865157,50438.72341185956,19935.265865275556,70373.98927713512,100,LP,2.273736754432321e-13,1200.0,10800.0
0.35,2025-07-04,40746.53220854401,16000.0,12960.0,2376.2101522170306,11201.874894094371,24274.388182779112,7428.301235827577,31702.68941860669,71,LP,1.8189894035458565e-12,1200.0,10800.0
0.35,2025-07-05,41439.455097199294,15999.999999999998,12960.0,2282.4338777873154,11891.809008319944,24432.928041907573,7475.253983200711,31908.182025108283,62,LP,9.094947017729282e-13,1200.0,10800.0
0.35,2025-07-06,76507.27301862335,20681.16606016427,16751.744508733056,8079.614738609691,863.484655801825,48186.96542253049,32484.052479477225,80671.01790200772,106,LP,2.273736754432321e-13,1200.0,10800.0
0.35,2025-07-07,79196.98364869482,21823.928125667797,17677.38178179091,2119.3089752620326,3760.263513413314,49340.981121147655,7241.281845925464,56582.26296707312,66,LP,9.094947017729282e-13,1200.0,10800.0
0.35,2025-07-08,78821.83628970984,20919.170419892565,16944.52804011298,3631.743901740721,2907.5507950043066,49354.71254135149,15679.649387609405,65034.36192896089,79,LP,2.273736754432321e-13,1200.0,10800.0
0.35,2025-07-09,74201.11238865141,20321.39548021165,16460.330338971435,5301.209997022677,1582.5322277672126,46512.17202432544,20052.625637662088,66564.79766198753,101,LP,2.273736754432321e-13,1200.0,10800.0
0.35,2025-07-10,72544.23966727786,20049.46675487999,16240.068071452792,5077.63851514016,958.8561156574896,45686.3954478541,19476.8795014851,65163.2749493392,110,LP,2.273736754432321e-13,1200.0,10800.0
0.35,2025-07-11,39682.16431366536,15999.999999999998,12960.0,4905.368394556825,9028.755558222185,22989.781321412745,18053.148511996373,41042.92983340912,92,LP,9.094947017729282e-13,1200.0,10800.0
0.35,2025-07-12,41002.01339598914,16000.0,12960.000000000004,3120.0451582376527,9997.815220893464,23725.27518942756,12610.880344925868,36336.15553435343,73,LP,9.094947017729282e-13,1200.0,10800.0
0.35,2025-07-13,72682.80161788382,19601.689820463347,15877.368754575313,3173.472837286673,2864.232989282464,45740.73285739633,13168.090293188296,58908.82315058463,88,LP,2.273736754432321e-13,1200.0,10800.0
0.35,2025-07-14,67837.33138197793,19374.642801728896,15693.460669400403,8023.261857656288,371.7318906390632,43008.62092840741,32295.02215532473,75303.64308373214,127,LP,4.547473508864641e-13,1200.0,10800.0
0.35,2025-07-15,72791.64720117662,19954.21200985299,16162.911727980923,6189.085048725848,2440.381384697077,46069.33377615479,21624.961424965117,67694.29520111991,84,LP,9.094947017729282e-13,1200.0,10800.0
0.35,2025-07-16,70286.45372729612,20159.241623310496,16328.985714881504,7608.515535154933,1930.149970688719,44240.69693259851,26959.7897334929,71200.48666609141,106,LP,1.8189894035458565e-12,1200.0,10800.0
0.35,2025-07-17,69816.64759587255,19978.333729598497,16182.450320974784,7329.590444780061,629.9385653622253,44113.86923023306,29712.55145439601,73826.42068462906,120,LP,2.273736754432321e-13,1200.0,10800.0
0.35,2025-07-18,38503.382458673565,16000.0,12959.999999999998,5506.404293300045,9695.53865197361,22171.524431044592,21755.36820219685,43926.89263324144,92,LP,9.094947017729282e-13,1200.0,10800.0
0.35,2025-07-19,38670.68831008434,16000.000000000002,12960.0,4197.253000712577,12645.12226079691,22148.31949102897,16713.010179443827,38861.3296704728,88,LP,9.094947017729282e-13,1200.0,10800.0
0.35,2025-07-20,70945.25593489979,19829.87953091928,16062.202420044616,6000.845949269689,1088.4465566281638,44908.24251247213,22320.49399922057,67228.7365116927,100,LP,2.273736754432321e-13,1200.0,10800.0
0.35,2025-07-21,69570.20352423335,19827.111636722184,16059.96042574497,8663.166201360065,476.4691646162124,43813.52703619553,33017.81395773855,76831.34099393408,119,LP,2.273736754432321e-13,1200.0,10800.0
0.35,2025-07-22,74947.92986418586,20331.70855022241,16468.683925680154,4559.449127024878,1849.2097500018224,46984.46648276671,18314.60014915044,65299.06663191714,90,LP,2.273736754432321e-13,1200.0,10800.0
0.35,2025-07-23,73592.63092425553,20013.2045215796,16210.695662479471,5423.388529299859,996.9634777885952,46190.56715691065,21808.430456376424,67998.99761328707,99,LP,2.273736754432321e-13,1200.0,10800.0
0.35,2025-07-24,72236.97173871737,19974.831909881053,16179.613847003651,6669.4044684858745,1494.686144325853,45497.5626766573,24849.30646223756,70346.86913889486,105,LP,2.273736754432321e-13,1200.0,10800.0
0.35,2025-07-25,39343.07133499764,15999.999999999998,12960.0,1989.611275733292,11787.363044064268,22781.756321622743,7630.034503475853,30411.7908250986,72,LP,9.094947017729282e-13,1200.0,10800.0
0.35,2025-07-26,40226.90944458679,16000.0,12960.0,2835.459380670762,11553.277258590884,23261.77989112705,10308.981586921383,33570.76147804844,69,LP,4.547473508864641e-13,1200.0,10800.0
0.35,2025-07-27,74053.77242725916,20176.483599529765,16342.951715619109,4605.4134900812405,1140.464233429743,46458.458475189866,19344.783627448018,65803.24210263789,105,LP,2.273736754432321e-13,1200.0,10800.0
0.35,2025-07-28,75004.2837944116,20360.59582594001,16492.08261901141,7621.954335660133,802.8476898098018,47067.19426519469,29837.418793251836,76904.61305844653,104,LP,2.273736754432321e-13,1200.0,10800.0
0.35,2025-07-29,76840.55670280055,20776.1434817208,16828.67622019385,5091.633314473559,1915.4768057471597,48106.47073582855,19412.52612527145,67518.99686110001,82,LP,2.273736754432321e-13,1200.0,10800.0
0.35,2025-07-30,74507.655934587,20397.21199722017,16521.741717748337,5266.523970994523,1795.4555761096904,46555.10605864325,21720.26213778141,68275.36819642466,102,LP,1.8189894035458565e-12,1200.0,10800.0
0.35,2025-07-31,74484.29769823709,20568.868884329386,16660.7837963068,5032.120645201785,913.3369887496372,46689.29584090223,20555.3617616508,67244.65760255302,104,LP,2.273736754432321e-13,1200.0,10800.0
0.35,2025-08-01,39277.28331592227,15999.999999999998,12960.0,1577.0951615806985,16563.018810836307,22793.60004995864,5435.709487142522,28229.30953710116,48,LP,1.8189894035458565e-12,1200.0,10800.0
0.35,2025-08-02,37751.43628939791,16000.000000000002,12960.0,2339.4609709600145,16123.872327024586,21632.38050820519,9614.540493004864,31246.921001210056,76,LP,9.094947017729282e-13,1200.0,10800.0
0.35,2025-08-03,69739.82811250303,19642.493033981387,15910.419357524925,1838.7337919688352,5007.008244682073,44263.724713627846,7036.603630329978,51300.32834395782,64,LP,2.273736754432321e-13,1200.0,10800.0
0.35,2025-08-04,67670.38456353729,19184.59408969685,15539.521212654448,2697.850547999811,1307.5071511613678,43228.78655079232,10379.067188772002,53607.85373956432,82,LP,9.094947017729282e-13,1200.0,10800.0
0.35,2025-08-05,68798.73252715492,19313.4954312294,15643.931299295817,2623.7633042575853,2600.621966145594,43993.50609934508,10287.233367339635,54280.73946668471,72,LP,4.547473508864641e-13,1200.0,10800.0
0.35,2025-08-06,64416.30341659015,18719.08243634647,15162.45677344064,7954.424201803407,699.702688821066,41258.32535094978,31582.33543656379,72840.66078751357,116,LP,9.094947017729282e-13,1200.0,10800.0
0.35,2025-08-07,70932.58661229117,19787.51744366721,16027.889129370436,1230.5919452855987,5015.564993279988,45111.24094458524,4478.682074023824,49589.92301860906,44,LP,1.8189894035458565e-12,1200.0,10800.0
0.35,2025-08-08,37768.30805443959,16000.0,12959.999999999998,1713.05883186396,20666.19563630355,21678.3575473804,6956.369055955071,28634.72660333547,60,LP,9.094947017729282e-13,1200.0,10800.0
0.35,2025-08-09,36568.33856845039,15999.999999999998,12960.0,4093.3361159191136,18699.7456843695,20815.10182314212,16129.088231749329,36944.19005489145,81,LP,9.094947017729282e-13,1200.0,10800.0
0.35,2025-08-10,63740.51403328784,18650.63696232339,15107.015939481947,6019.232181867916,911.5061423143196,40958.894401016376,22812.094479695552,63770.98888071193,105,LP,1.8189894035458565e-12,1200.0,10800.0
0.35,2025-08-11,66449.35056232043,18988.08637522565,15380.349963932777,3956.4845021066976,2236.8453198009224,42440.31363217752,15673.825332699054,58114.13896487657,89,LP,4.547473508864641e-13,1200.0,10800.0
0.35,2025-08-12,67710.7612651857,19202.661045319677,15554.155446708932,5318.92407043021,1620.6360870051776,43353.06438476046,21892.653323160688,65245.71770792115,84,LP,1.8189894035458565e-12,1200.0,10800.0
0.35,2025-08-13,67037.02739016624,19337.186361689524,15663.120952968517,4196.824692927577,1438.8072243728047,42479.16449733007,16431.634133183863,58910.798630513935,89,LP,1.8189894035458565e-12,1200.0,10800.0
0.35,2025-08-14,64992.71464172763,18991.69235435785,15383.270807029858,5684.682635659457,1142.684746725767,41585.73353655255,23480.93654875756,65066.67008531011,112,LP,9.094947017729282e-13,1200.0,10800.0
0.35,2025-08-15,38009.75914973355,16000.0,12959.999999999998,2279.4673092974867,20089.49957569771,21906.89192676909,8408.188202699994,30315.080129469083,73,LP,9.094947017729282e-13,1200.0,10800.0
0.35,2025-08-16,39119.96446440718,16000.0,12959.999999999998,1801.3134117106397,20951.997509451157,22651.198113871276,7986.256332106181,30637.45444597745,59,LP,9.094947017729282e-13,1200.0,10800.0
0.35,2025-08-17,62862.20303130234,18519.8968449768,15001.116444431213,5229.8765958760505,1407.9056099661304,40365.53756595134,20911.810161638918,61277.347727590255,105,LP,9.094947017729282e-13,1200.0,10800.0
0.35,2025-08-18,64233.85184752959,18841.306670541944,15261.45840313897,5181.906487006833,1441.7944504667812,41380.147500176136,22942.30236215626,64322.4498623324,99,LP,4.547473508864641e-13,1200.0,10800.0
0.35,2025-08-19,64141.22821690822,18915.69324914416,15321.711531806772,4548.07697666891,777.6634262397437,41290.06497570474,17469.28436134546,58759.34933705021,104,LP,9.094947017729282e-13,1200.0,10800.0
0.35,2025-08-20,64685.15120235924,19010.979309151728,15398.893240412895,10383.844900354592,806.2189673083367,41637.51087381814,42171.688270953375,83809.19914477151,110,LP,9.094947017729282e-13,1200.0,10800.0
0.35,2025-08-21,67037.82353709197,19698.516167856505,15955.798095963772,4263.116141959164,1713.8031238250635,42718.31791755358,16780.384357370305,59498.70227492388,83,LP,9.094947017729282e-13,1200.0,10800.0
0.35,2025-08-22,38872.21495591353,16000.0,12960.000000000002,4590.1552695792425,19191.800825492777,22514.44735365915,19075.021446637365,41589.46880029651,75,LP,4.547473508864641e-13,1200.0,10800.0
0.35,2025-08-23,38241.53443005706,15999.999999999998,12960.0,3151.4907338873613,15823.01901394442,22051.41374480887,13028.997504840376,35080.411249649245,80,LP,4.547473508864641e-13,1200.0,10800.0
0.35,2025-08-24,65540.9711012124,19093.450527102483,15465.694926953014,4838.633917178764,3018.259934908354,41707.6555292539,20916.62687917036,62624.28240842426,99,LP,9.094947017729282e-13,1200.0,10800.0
0.35,2025-08-25,63578.860429445245,18810.57899885505,15236.568989072592,11290.132482318591,521.8958853147226,40909.90468496405,44724.87829002296,85634.782974987,118,LP,9.094947017729282e-13,1200.0,10800.0
0.35,2025-08-26,66596.27305544104,19296.446683634516,15630.121813743954,4294.610959994835,1695.740762211995,42167.415870421246,18429.629327202296,60597.04519762354,100,LP,2.273736754432321e-13,1200.0,10800.0
0.35,2025-08-27,64141.89749156064,18992.44326395773,15383.879043805766,7858.051022869522,477.23542761152913,41011.11388834156,33196.424745242846,74207.5386335844,125,LP,4.547473508864641e-13,1200.0,10800.0
0.35,2025-08-28,66988.66041773543,19520.27591529383,15811.423491388,8277.730262626676,789.743273122941,42463.28321180465,32945.565473827664,75408.84868563231,116,LP,2.273736754432321e-13,1200.0,10800.0
0.35,2025-08-29,36427.35748548602,15999.999999999996,12960.0,4688.78842796892,15520.92556345494,20860.906323925003,19042.468716025323,39903.375039950326,92,LP,9.094947017729282e-13,1200.0,10800.0
0.35,2025-08-30,36654.04801298946,15999.999999999998,12960.0,5352.895967189798,20454.22414684593,21046.194256165632,21173.492636836003,42219.68689300164,95,LP,9.094947017729282e-13,1200.0,10800.0
0.35,2025-08-31,66867.74193110113,19366.441194146875,15686.81736725897,5023.583354308026,1565.078375187924,42797.81471078355,19488.592215799326,62286.40692658287,89,LP,9.094947017729282e-13,1200.0,10800.0
0.4,2025-05-01,51039.39045770362,18419.545856009667,14919.832143367828,5671.164405009043,2199.46235007083,30644.977885662254,25594.11732407793,56239.09520974019,99,LP,1.8189894035458565e-12,1200.0,10800.0
0.4,2025-05-02,25453.411852427613,16007.47294245668,12966.05308338991,7463.125718134015,15584.797628161525,12348.443649291365,32366.7374433074,44715.18109259877,95,LP,4.547473508864641e-13,1200.0,10800.0
0.4,2025-05-03,27640.83862769328,16000.000000000002,12960.0,3072.7425298263456,18806.409507519624,14006.392089687391,13415.459929801767,27421.85201948916,67,LP,4.547473508864641e-13,1200.0,10800.0
0.4,2025-05-04,54594.45856214506,18858.32878402436,15275.246315059736,3298.537569380648,2575.246329227753,33356.32399509335,11178.394964836229,44534.71895992958,76,LP,1.8189894035458565e-12,1200.0,10800.0
0.4,2025-05-05,52501.478969707634,18045.854541459485,14617.142178582186,6880.076465968384,876.8362727987217,32218.92966366636,30191.708357127656,62410.63802079402,104,LP,9.094947017729282e-13,1200.0,10800.0
0.4,2025-05-06,54788.24140153278,18386.075996642365,14892.72155728032,4060.722793862021,2485.5273893661,33583.04069053181,17495.787945434324,51078.82863596613,86,LP,9.094947017729282e-13,1200.0,10800.0
0.4,2025-05-07,55812.26244917179,18538.49778453738,15016.183205475276,4039.3747845808593,1261.4767046905563,34127.590807564346,17735.65135466285,51863.2421622272,93,LP,9.094947017729282e-13,1200.0,10800.0
0.4,2025-05-08,55715.24830044788,18726.40617715857,15168.389003498443,5352.866170915633,1683.584897703383,34425.96577475702,20289.215651916136,54715.18142667316,86,LP,9.094947017729282e-13,1200.0,10800.0
0.4,2025-05-09,27629.821038951057,15999.999999999996,12960.0,1424.9025756182364,17515.337764569296,14221.604633713758,5794.240931404011,20015.84556511777,60,LP,9.094947017729282e-13,1200.0,10800.0
0.4,2025-05-10,26382.90455125654,15999.999999999996,12960.0,4066.804481289601,15288.663749212808,13088.685627992054,17310.79576596652,30399.481393958573,87,LP,9.094947017729282e-13,1200.0,10800.0
0.4,2025-05-11,57507.07964230421,19153.466883822963,15514.308175896604,3456.929485024247,1840.771336068775,34977.30845778276,13938.99798408794,48916.3064418707,78,LP,4.547473508864641e-13,1200.0,10800.0
0.4,2025-05-12,57044.889940370085,18912.111266300293,15318.810125703238,2593.5812377237467,4113.974804163441,34884.299466706034,7894.421873091118,42778.72133979715,59,LP,1.8189894035458565e-12,1200.0,10800.0
0.4,2025-05-13,51701.93128706027,17513.50943202,14185.942639936202,5386.409757548014,631.561485857824,31622.61689289973,23235.41050365461,54858.02739655433,105,LP,9.094947017729282e-13,1200.0,10800.0
0.4,2025-05-14,53513.0162299782,18049.07626135977,14619.751771701413,4009.227198038712,1078.770155025225,32416.47432846097,16258.46520135275,48674.93952981373,101,LP,9.094947017729282e-13,1200.0,10800.0
0.4,2025-05-15,54625.710078961,18074.17301111458,14640.08013900281,3574.1030675952543,2000.6619911111588,33489.17831970155,14239.957864127602,47729.13618382915,82,LP,9.094947017729282e-13,1200.0,10800.0
0.4,2025-05-16,26869.633776293434,16000.000000000004,12960.0,1145.9006950371736,22260.02793799727,13614.385932924202,4138.588425144966,17752.97435806917,46,LP,4.547473508864641e-13,1200.0,10800.0
0.4,2025-05-17,27058.123072253584,16000.000000000002,12960.0,3719.493847714397,17288.817836634647,13785.548112127935,15949.981622017896,29735.529734145835,75,LP,4.547473508864641e-13,1200.0,10800.0
0.4,2025-05-18,54293.24663261234,17635.358865522227,14284.640681073004,4388.135616526765,1654.4959646898906,33265.22867801002,15471.592614560555,48736.821292570574,95,LP,1.8189894035458565e-12,1200.0,10800.0
0.4,2025-05-19,53523.60831059507,17568.24479953321,14230.278287621904,2240.0266804365942,4910.451929120351,32459.952961209397,10482.48691975724,42942.43988096663,73,LP,9.094947017729282e-13,1200.0,10800.0
0.4,2025-05-20,53819.69368346334,17664.84800403344,14308.526883267092,4858.944738340109,794.922484370431,32804.73685333175,19103.28135943472,51908.01821276648,104,LP,9.094947017729282e-13,1200.0,10800.0
0.4,2025-05-21,53438.011949962005,17520.13011272459,14191.30539130692,4287.930469752179,3034.502414963188,32530.15403094041,18143.779529511277,50673.93356045168,82,LP,9.094947017729282e-13,1200.0,10800.0
0.4,2025-05-22,54499.124638878806,17599.63860680887,14255.707271515184,1846.8939912259136,2185.4564781443714,33393.795715958884,7596.907431338555,40990.70314729744,73,LP,1.1368683772161605e-13,1200.0,10800.0
0.4,2025-05-23,25654.46253434966,16002.752564216216,12962.229577015134,2923.1647311611687,19116.155394976413,12714.576976009395,11871.587733721268,24586.164709730663,84,LP,9.094947017729282e-13,1200.0,10800.0
0.4,2025-05-24,26278.0100307507,16000.0,12960.0,1372.2427253553665,20855.751372772727,13134.195325552892,5397.488288831866,18531.68361438476,58,LP,9.094947017729282e-13,1200.0,10800.0
0.4,2025-05-25,53118.91925839735,17533.438724915883,14202.085367181864,1944.459942380327,3187.015659710322,32198.43164639157,8448.706359316096,40647.13800570767,75,LP,9.094947017729282e-13,1200.0,10800.0
0.4,2025-05-26,52081.64026914397,17043.126648802165,13804.932585529754,6692.609312083899,956.2225679554626,31638.566248679195,27011.547822903933,58650.11407158313,101,LP,9.094947017729282e-13,1200.0,10800.0
0.4,2025-05-27,53485.6823583368,17671.210166962246,14313.680235239424,2292.625209723235,3030.410336337205,32679.263324371987,9543.884545548555,42223.14786992054,70,LP,9.094947017729282e-13,1200.0,10800.0
0.4,2025-05-28,53875.650837663125,17582.080367562754,14241.48509772583,4857.52761940754,3118.7590872337423,32650.11886550109,18695.63542888683,51345.75429438792,94,LP,9.094947017729282e-13,1200.0,10800.0
0.4,2025-05-29,53650.05653211285,17774.686811037365,14397.496316940267,5201.317067543501,1364.059605559262,32742.204849078807,21637.742326962056,54379.94717604086,98,LP,9.094947017729282e-13,1200.0,10800.0
0.4,2025-05-30,26086.98941718587,16000.0,12959.999999999998,2746.062400144548,19196.818550663756,13077.743760656209,10855.287591777713,23933.03135243392,69,LP,4.547473508864641e-13,1200.0,10800.0
0.4,2025-05-31,26331.66478143693,16000.000000000002,12960.0,2450.064961863593,17352.54819330053,13133.670485146977,9870.40542795767,23004.075913104647,71,LP,2.273736754432321e-13,1200.0,10800.0
0.4,2025-06-01,56742.01066612332,18763.16935860276,15198.16718046824,18163.007477638635,115.1896656274389,34369.12329574188,70668.03702141775,105037.16031715964,135,LP,1.1368683772161605e-13,1200.0,10800.0
0.4,2025-06-02,64346.66737736468,19203.016145053145,15554.443077493046,9690.451067304311,1747.737927108903,40805.64529016693,37915.04665289486,78720.6919430618,103,LP,2.273736754432321e-13,1200.0,10800.0
0.4,2025-06-03,68008.71212408229,19504.989336487783,15799.041362555108,5002.324773638522,1112.722090454803,42484.8378926493,20311.32663093207,62796.16452358138,107,LP,2.273736754432321e-13,1200.0,10800.0
0.4,2025-06-04,71417.69588522919,20740.561901172965,16799.8551399501,4306.246032928462,2137.9743402681115,44344.08831299532,13567.355662902964,57911.443975898284,80,LP,2.273736754432321e-13,1200.0,10800.0
0.4,2025-06-05,70267.80231394208,20126.426669390992,16302.405602206702,5893.694842192338,1188.158072283481,43593.478849740844,22135.665057994447,65729.1439077353,98,LP,2.273736754432321e-13,1200.0,10800.0
0.4,2025-06-06,33996.07657871166,15999.999999999996,12960.0,6660.153918783739,6761.235097495405,19329.22330365854,25621.2464088212,44950.46971247974,83,LP,9.094947017729282e-13,1200.0,10800.0
0.4,2025-06-07,34741.63980672101,15999.999999999996,12959.999999999998,2992.4264908250184,3567.553130879366,19708.231241275724,10436.609588866391,30144.840830142115,75,LP,9.094947017729282e-13,1200.0,10800.0
0.4,2025-06-08,79213.61486837508,22613.85613026897,18317.223465517865,696.9290252875162,10428.987962244835,49296.31500817613,2481.615799497277,51777.9308076734,40,LP,9.094947017729282e-13,1200.0,10800.0
0.4,2025-06-09,71222.19065696046,20462.038392037888,16574.25109755069,5207.017776600855,1608.7084057407876,43607.7590979094,21340.653081188186,64948.41217909759,91,LP,2.273736754432321e-13,1200.0,10800.0
0.4,2025-06-10,74207.01972772185,21769.46881287525,17633.269738428953,3432.398881660938,1884.775301603172,45443.01823687751,13446.349918065396,58889.3681549429,80,LP,2.273736754432321e-13,1200.0,10800.0
0.4,2025-06-11,74697.97145793478,22379.58723253946,18127.465658356963,6424.732147260075,786.1357143456896,45788.42321571969,27211.016519851502,72999.43973557118,109,LP,2.273736754432321e-13,1200.0,10800.0
0.4,2025-06-12,77638.98721144507,22523.920628006614,18244.375708685355,2262.985966487844,3170.0368252783373,48292.11702148081,8282.983944749854,56575.10096623066,66,LP,4.547473508864641e-13,1200.0,10800.0
0.4,2025-06-13,32870.82482007194,16000.000000000004,12959.999999999998,2775.8334718457963,4261.344591917732,18397.063124398,10277.283853510153,28674.34697790815,88,LP,9.094947017729282e-13,1200.0,10800.0
0.4,2025-06-14,33714.28833743806,16000.000000000002,12959.999999999998,2655.8910609214413,7136.836648359495,18797.05535571653,8840.685567947792,27637.74092366432,74,LP,4.547473508864641e-13,1200.0,10800.0
0.4,2025-06-15,74289.52010725015,22292.932512645108,18057.27533524253,3296.761537379837,2723.6501338940834,45775.59264220102,12159.219685029762,57934.81232723079,60,LP,4.547473508864641e-13,1200.0,10800.0
0.4,2025-06-16,74757.82098949535,22370.193810748115,18119.85698670597,3559.8628932536844,1373.2942420402155,45700.021821099785,14039.207139348016,59739.2289604478,97,LP,2.273736754432321e-13,1200.0,10800.0
0.4,2025-06-17,75992.07835354435,22420.624967534328,18160.706223702808,4780.278370178669,1875.4267632248457,46614.09602606128,19244.363411268743,65858.45943733002,89,LP,4.547473508864641e-13,1200.0,10800.0
0.4,2025-06-18,76478.68893303923,22521.44523776856,18242.37064259253,2089.1152796252,3360.3387174884165,46946.59781626684,8043.325197864184,54989.92301413103,70,LP,2.273736754432321e-13,1200.0,10800.0
0.4,2025-06-19,73146.52778780939,22323.415047751296,18081.966188678554,2604.739216438539,3250.313945175186,44866.56348241938,10209.90335052904,55076.46683294841,77,LP,4.547473508864641e-13,1200.0,10800.0
0.4,2025-06-20,33429.421458380995,16000.0,12960.000000000004,896.3979230765137,8885.23853145751,18821.806996197884,3288.221913467838,22110.02890966572,41,LP,4.547473508864641e-13,1200.0,10800.0
0.4,2025-06-21,33443.71285783958,16000.0,12960.0,1238.1049169878356,12307.07737482742,18608.030319205704,4977.682354983952,23585.712674189657,48,LP,9.094947017729282e-13,1200.0,10800.0
0.4,2025-06-22,72204.882600017,21827.786902227897,17680.507390804596,2949.2641345797992,3549.5261231735003,43933.62840286278,11703.308039829251,55636.93644269203,73,LP,2.273736754432321e-13,1200.0,10800.0
0.4,2025-06-23,72825.18039317784,21912.253278268006,17748.925155397086,2087.47189886818,3688.038169175105,44523.66813973309,9532.776595613415,54056.44473534651,61,LP,2.273736754432321e-13,1200.0,10800.0
0.4,2025-06-24,68695.71559138043,21095.540298937594,17087.387642139453,11892.642812891423,311.4134974737199,41786.63266331053,47589.31644590404,89375.94910921456,127,LP,2.273736754432321e-13,1200.0,10800.0
0.4,2025-06-25,76309.74822816964,22682.1751842261,18372.56189922314,2351.3294437390537,3914.043020239076,46841.21327739712,9036.257017273783,55877.4702946709,49,LP,4.547473508864641e-13,1200.0,10800.0
0.4,2025-06-26,73517.98925698074,22638.94644561322,18337.5466209467,2853.8529242962936,4523.058523277196,44776.40742213751,12257.782670130586,57034.190092268094,84,LP,4.547473508864641e-13,1200.0,10800.0
0.4,2025-06-27,32600.97958286421,15999.999999999996,12960.0,767.5238204320136,10556.85753662956,18117.09549149067,2988.6467909530074,21105.74228244368,39,LP,4.547473508864641e-13,1200.0,10800.0
0.4,2025-06-28,32745.190416961457,15999.999999999993,12960.0,1140.5954278897575,9068.85972818456,18080.01038409699,3960.194960575496,22040.20534467249,56,LP,1.8189894035458565e-12,1200.0,10800.0
0.4,2025-06-29,74280.26672539298,22618.77174842501,18321.205116224257,2773.5789325756755,3488.510492434582,45463.43372132878,9148.56805117545,54612.00177250423,63,LP,2.273736754432321e-13,1200.0,10800.0
0.4,2025-06-30,73865.77105563652,22577.60174524125,18287.85741364542,3160.630456995059,2858.973197702421,45087.579983432566,11913.29722606211,57000.87720949468,78,LP,4.547473508864641e-13,1200.0,10800.0
0.4,2025-07-01,77967.77315533053,22729.86972012271,18411.1944732994,7581.909647814338,2364.4635229882274,48184.69037795767,26917.048346857697,75101.73872481537,109,LP,4.547473508864641e-13,1200.0,10800.0
0.4,2025-07-02,83088.4729506784,22800.757691373696,18468.61373001269,2161.7078061417437,8013.270428792484,52357.04291940998,5724.417843070655,58081.46076248063,50,LP,4.547473508864641e-13,1200.0,10800.0
0.4,2025-07-03,81001.70392218574,22295.505561262617,18059.35950462272,4899.992516504699,1905.1314487172035,51187.35611989572,16967.537740282758,68154.89386017848,90,LP,2.273736754432321e-13,1200.0,10800.0
0.4,2025-07-04,41163.63480762035,16000.0,12960.0,2065.275425444526,11308.04276639821,24568.20603941421,6322.702821796058,30890.908861210268,64,LP,9.094947017729282e-13,1200.0,10800.0
0.4,2025-07-05,41843.43537740162,15999.999999999996,12960.0,1969.9819713716192,11983.33738210657,24716.650737297885,6386.006894288388,31102.657631586277,56,LP,1.8189894035458565e-12,1200.0,10800.0
0.4,2025-07-06,77579.93007227735,20998.41730327461,17008.718015652437,7237.329867812785,1033.579102467965,48815.87568979205,29092.65528762457,77908.53097741662,99,LP,2.273736754432321e-13,1200.0,10800.0
0.4,2025-07-07,80250.52670765994,22084.290990360525,17888.275702192026,1758.052596567537,4403.081249392319,50018.37584250962,5830.530616177273,55848.90645868689,61,LP,2.273736754432321e-13,1200.0,10800.0
0.4,2025-07-08,79919.49630243909,21261.312601417245,17221.66320714797,3052.388854148531,3360.84874565168,50008.97453408053,13118.590663735751,63127.56519781628,75,LP,2.273736754432321e-13,1200.0,10800.0
0.4,2025-07-09,75348.08061867292,20629.354306372406,16709.776988161648,4578.322877023943,1948.1011608194424,47192.73469709139,17275.797652339745,64468.53234943114,98,LP,1.8189894035458565e-12,1200.0,10800.0
0.4,2025-07-10,73632.32716950885,20304.402217403607,16446.565796096922,4362.058165231104,1282.9255300999284,46322.7236007225,16529.50764127242,62852.23124199492,98,LP,2.273736754432321e-13,1200.0,10800.0
0.4,2025-07-11,40054.58801936032,16000.0,12960.0,4404.370614150668,8900.181483510989,23261.555072868858,16101.072888357085,39362.62796122594,86,LP,9.094947017729282e-13,1200.0,10800.0
0.4,2025-07-12,41350.110570468096,15999.999999999998,12960.0,2704.394593381576,9930.26183051634,23981.00552649545,10902.400803175176,34883.40632967063,68,LP,9.094947017729282e-13,1200.0,10800.0
0.4,2025-07-13,73625.43905360618,19837.86995405475,16068.674662784348,2739.038509176072,3327.5618715118558,46301.13103288383,11343.292390829152,57644.423423712986,77,LP,2.273736754432321e-13,1200.0,10800.0
0.4,2025-07-14,68874.92550447347,19557.914086167435,15841.910409795622,7162.1260199070575,513.368631342049,43593.68275862713,28944.50738657861,72538.19014520574,122,LP,2.273736754432321e-13,1200.0,10800.0
0.4,2025-07-15,73709.6634937983,19662.15290958152,15926.343856761026,5519.827625037084,2744.63148268156,46652.34607540409,19050.092009267275,65702.43808467136,82,LP,1.8189894035458565e-12,1200.0,10800.0
0.4,2025-07-16,71300.20079261457,20051.73104510972,16241.902146538878,6856.576271210849,2212.38478192124,44875.37438961571,24169.39387870909,69044.7682683248,103,LP,2.273736754432321e-13,1200.0,10800.0
0.4,2025-07-17,70865.38254982272,20091.22108399558,16273.889078036413,6445.729426155111,773.3639033520112,44735.99654547829,26234.647804076383,70970.64434955467,114,LP,9.094947017729282e-13,1200.0,10800.0
0.4,2025-07-18,38940.29997342147,16000.000000000002,12959.999999999998,4968.943415637516,9594.99528905898,22478.871610365062,19676.910154003293,42155.78176436835,88,LP,9.094947017729282e-13,1200.0,10800.0
0.4,2025-07-19,39120.59845451989,16000.000000000002,12960.0,3692.9613526296826,12590.740757149571,22476.34976721832,14668.637583830128,37144.98735104845,83,LP,9.094947017729282e-13,1200.0,10800.0
0.4,2025-07-20,72067.08274374776,19955.27278840828,16163.770958610705,5145.627743261303,1331.2304405448133,45564.316722371295,19009.8521006296,64574.168823000895,93,LP,9.094947017729282e-13,1200.0,10800.0
0.4,2025-07-21,70632.19125735344,19905.28209528236,16123.278497178711,7790.560192906134,650.9985021559182,44433.59525361353,29692.692679172294,74126.28793278582,115,LP,9.094947017729282e-13,1200.0,10800.0
0.4,2025-07-22,76070.91345817318,20544.59049132464,16641.11829797296,3846.3460338116593,2218.642681966491,47637.0747270446,15618.809136471897,63255.883863516494,84,LP,2.273736754432321e-13,1200.0,10800.0
0.4,2025-07-23,74704.95413190051,20240.090393375747,16394.473218634357,4822.061642275052,1464.851482767502,46825.80213933242,19427.04619374317,66252.84833307558,90,LP,2.273736754432321e-13,1200.0,10800.0
0.4,2025-07-24,73375.13682602548,20212.750879951964,16372.328212761093,5880.596731401234,1798.8388902358574,46146.30263997353,22083.63712086627,68229.9397608398,98,LP,2.273736754432321e-13,1200.0,10800.0
0.4,2025-07-25,39783.99187877387,15999.999999999998,12960.0,1566.7453543522872,11805.417666459492,23099.399293506416,6132.348495031132,29231.74778853755,64,LP,9.094947017729282e-13,1200.0,10800.0
0.4,2025-07-26,40666.874627321806,16000.000000000002,12960.0,2345.9336369836747,11503.716697638814,23564.90947521632,8486.434763788051,32051.34423900437,59,LP,4.547473508864641e-13,1200.0,10800.0
0.4,2025-07-27,75166.30097262163,20448.80693214878,16563.53361504051,3840.301408142148,1436.1392636555115,47116.70154074193,16230.91028115909,63347.611821901024,95,LP,2.273736754432321e-13,1200.0,10800.0
0.4,2025-07-28,76048.82798306773,20619.0773007432,16701.452613601985,6820.193494082289,996.5195566754768,47689.66323933,26703.86191051155,74393.52514984155,99,LP,2.273736754432321e-13,1200.0,10800.0
0.4,2025-07-29,77913.03983988604,21036.846669656625,17039.845802421863,4465.593571236885,2312.386593888164,48755.44306634503,16998.382239573344,65753.82530591838,72,LP,2.273736754432321e-13,1200.0,10800.0
0.4,2025-07-30,75614.36525599519,20641.16587089156,16719.34435542216,4585.774692670193,2175.0643831959965,47224.50247929875,19000.92394485155,66225.4264241503,97,LP,2.273736754432321e-13,1200.0,10800.0
0.4,2025-07-31,75571.3247176992,20780.51027805397,16832.213325223718,4212.847198114456,1140.8786963167522,47320.82121331945,17406.52651937926,64727.34773269871,97,LP,2.273736754432321e-13,1200.0,10800.0
0.4,2025-08-01,39664.07269792731,15999.999999999998,12960.0,1394.8556726417853,16767.56870390243,23056.08153510184,4832.624344295255,27888.705879397094,43,LP,9.094947017729282e-13,1200.0,10800.0
0.4,2025-08-02,38139.09584108121,15999.999999999998,12960.0,1970.68023909084,16142.75114683872,21889.325662891308,8174.5033373487795,30063.829000240086,67,LP,1.8189894035458565e-12,1200.0,10800.0
0.4,2025-08-03,70682.2558502706,19823.671464714847,16057.173886419025,1548.219624431484,5624.497913072919,44785.287185135225,6076.0089917394,50861.29617687463,59,LP,2.273736754432321e-13,1200.0,10800.0
0.4,2025-08-04,68668.10877262279,19345.470470293032,15669.83108093736,2115.9575632230967,1692.7718631568744,43779.53699344236,8182.63434360375,51962.17133704611,73,LP,4.547473508864641e-13,1200.0,10800.0
0.4,2025-08-05,69738.46555832573,19452.2595046778,15756.33019878902,2119.423781468971,3009.650300572579,44516.70365093979,8417.509894091902,52934.213545031685,62,LP,9.094947017729282e-13,1200.0,10800.0
0.4,2025-08-06,65356.43520587841,18873.854264063342,15287.821953891314,7255.333664977557,911.3372940172744,41770.60500810924,28828.38437111717,70598.9893792264,107,LP,9.094947017729282e-13,1200.0,10800.0
0.4,2025-08-07,71921.3225733567,19995.015365818217,16195.962446312757,1015.580679444927,5749.865083296165,45666.7610790515,3617.0827622581473,49283.84384130965,42,LP,2.273736754432321e-13,1200.0,10800.0
0.4,2025-08-08,38151.36216027808,15999.999999999996,12960.0,1460.9376324388509,20797.12854271693,21943.032320498,5956.418102582448,27899.45042308045,57,LP,9.094947017729282e-13,1200.0,10800.0
0.4,2025-08-09,36924.92044578255,15999.999999999996,12960.0,3660.680774447892,18623.672220230445,21057.701691875016,14451.103503574575,35508.80519544959,75,LP,9.094947017729282e-13,1200.0,10800.0
0.4,2025-08-10,64673.40331386212,18799.74919816957,15227.79685051736,5302.72274859034,1099.5546648002498,41470.6440146955,19844.90262266966,61315.54663736516,100,LP,9.094947017729282e-13,1200.0,10800.0
0.4,2025-08-11,67357.4991692071,19168.98858392304,15526.880752977662,3413.7428283825,2567.880833310895,42938.65936402514,13475.725576359377,56414.38494038452,81,LP,9.094947017729282e-13,1200.0,10800.0
0.4,2025-08-12,68656.51105519553,19372.201607695,15691.48330223296,4677.54799310902,1892.797092842504,43875.44387629694,19296.020993427475,63171.46486972441,81,LP,9.094947017729282e-13,1200.0,10800.0
0.4,2025-08-13,67990.42399549985,19508.06090403803,15801.52933227081,3662.2907454424985,1825.2037191751283,43017.24973833597,14307.323473875664,57324.57321221164,81,LP,2.273736754432321e-13,1200.0,10800.0
0.4,2025-08-14,65927.48118474882,19167.23180684776,15525.457763546689,5011.696305419855,1371.1124635342571,42116.02303400368,20672.090961334998,62788.113995338674,107,LP,9.094947017729282e-13,1200.0,10800.0
0.4,2025-08-15,38362.32669355522,16000.0,12960.0,1937.415258551865,20100.01506877376,22145.626567282765,7163.362842412024,29308.98940969479,67,LP,9.094947017729282e-13,1200.0,10800.0
0.4,2025-08-16,39490.63167841015,15999.999999999996,12960.0,1487.2880138871074,21008.6393256306,22900.06080990715,6677.4968506469,29577.55766055405,53,LP,9.094947017729282e-13,1200.0,10800.0
0.4,2025-08-17,63783.33395883678,18634.047835791465,15093.578746991085,4652.507525635449,1729.9787790051787,40876.29326590336,18672.5414978312,59548.83476373456,99,LP,9.094947017729282e-13,1200.0,10800.0
0.4,2025-08-18,64932.715755048,18970.221581160476,15365.879480739985,4698.021927293981,1632.2799652548194,41789.20803769365,21027.762807679195,62816.970845372845,94,LP,9.094947017729282e-13,1200.0,10800.0
0.4,2025-08-19,64980.970489555664,19049.05527025216,15429.734768904254,3951.4595648223226,995.4495030300808,41760.457697382975,15161.589084439143,56922.04678182212,91,LP,9.094947017729282e-13,1200.0,10800.0
0.4,2025-08-20,65589.25822563835,19162.440057806263,15521.576446823075,9637.644308737828,935.3478567263268,42131.010352085854,39119.25626496153,81250.26661704738,106,LP,9.094947017729282e-13,1200.0,10800.0
0.4,2025-08-21,67946.22332560149,19858.43743639937,16085.334323483494,3722.593601432405,2051.295330784689,43221.16231708761,14688.341633411104,57909.50395049872,77,LP,2.273736754432321e-13,1200.0,10800.0
0.4,2025-08-22,39209.941334827454,16000.000000000002,12959.999999999998,4179.342262659435,19118.714197486886,22748.981179256207,17286.801313203927,40035.78249246013,74,LP,4.547473508864641e-13,1200.0,10800.0
0.4,2025-08-23,38588.01249901519,16000.0,12960.0,2719.513285790208,15737.519634805398,22296.616761336027,11162.39058728866,33459.007348624684,75,LP,9.094947017729282e-13,1200.0,10800.0
0.4,2025-08-24,66517.00944492333,19262.50126303696,15602.626023059936,4324.847194451853,3448.3919160648247,42253.99979593512,18649.70735095897,60903.70714689409,91,LP,2.273736754432321e-13,1200.0,10800.0
0.4,2025-08-25,64601.74687344495,18959.05602149047,15356.83537740728,10376.645974587407,603.0851872825045,41480.19224222192,40952.56422130146,82432.75646352337,114,LP,9.094947017729282e-13,1200.0,10800.0
0.4,2025-08-26,67620.3888686655,19511.32561557915,15804.173748619109,3643.826796741233,2028.245415113348,42746.02605831068,15659.20907563435,58405.23513394503,89,LP,2.273736754432321e-13,1200.0,10800.0
0.4,2025-08-27,65129.209508351145,19170.71823921365,15528.281773763054,7036.555822751454,609.1799989853414,41553.029252911205,29752.317789335902,71305.34704224711,123,LP,2.273736754432321e-13,1200.0,10800.0
0.4,2025-08-28,67951.22526330333,19681.96644486321,15942.392820339202,7540.541494181925,984.3981496279152,43006.708586805216,29972.855494047933,72979.56408085315,110,LP,2.273736754432321e-13,1200.0,10800.0
0.4,2025-08-29,36762.36900070238,16000.0,12960.0,4258.049277644812,15425.197928347205,21100.0197832387,17348.205210251435,38448.22499349013,88,LP,4.547473508864641e-13,1200.0,10800.0
0.4,2025-08-30,37011.86091993013,15999.999999999996,12960.0,4884.693616972976,20343.834703569773,21300.59581875532,19238.372637999404,40538.96845675472,92,LP,9.094947017729282e-13,1200.0,10800.0
0.4,2025-08-31,67792.44502153507,19541.06817130661,15828.265218758352,4406.859445253251,1839.878430906725,43323.383652715245,16952.832883261835,60276.21653597708,84,LP,9.094947017729282e-13,1200.0,10800.0
0.45,2025-05-01,51890.82091313078,18559.134893543694,15032.899263770392,5262.320454024672,2615.5269373821457,31083.769346481055,23867.30419682587,54951.07354330693,95,LP,9.094947017729282e-13,1200.0,10800.0
0.45,2025-05-02,25691.358958942328,16005.524253206477,12964.474645097243,7132.88359734095,15492.87286484071,12493.04023368657,30956.53060743903,43449.5708411256,94,LP,9.094947017729282e-13,1200.0,10800.0
0.45,2025-05-03,27915.390371792357,15999.999999999998,12959.999999999998,2693.476032135205,18701.69475392756,14183.255282059712,11783.743798167565,25966.99908022728,65,LP,9.094947017729282e-13,1200.0,10800.0
0.45,2025-05-04,55447.23873062311,18990.53243100533,15382.33126911432,2972.6632128095844,3077.033448208353,33796.530821395485,10099.421115514164,43895.95193690965,72,LP,9.094947017729282e-13,1200.0,10800.0
0.45,2025-05-05,53407.64404613144,18166.57775565233,14714.927982078394,6201.343203956917,1081.3306765144107,32687.830826535544,27323.70953900809,60011.54036554364,95,LP,9.094947017729282e-13,1200.0,10800.0
0.45,2025-05-06,55732.66172936511,18543.33728751972,15020.10320289097,3591.743395379138,2931.0886734488367,34084.78673365797,15494.137343827131,49578.92407748511,81,LP,9.094947017729282e-13,1200.0,10800.0
0.45,2025-05-07,56762.02865793378,18708.692956096296,15154.041294438,3448.711421178546,1588.242467454032,34643.74863714127,15143.935528335493,49787.68416547676,89,LP,1.8189894035458565e-12,1200.0,10800.0
0.45,2025-05-08,56638.74626470219,18916.143539838828,15322.076267269453,4678.187498573441,1896.35409070626,34932.71529648303,17629.556622006883,52562.27191848992,79,LP,4.547473508864641e-13,1200.0,10800.0
0.45,2025-05-09,27931.31554690276,16000.000000000002,12960.0,1134.234117471935,17526.163814374693,14419.300903409026,4589.984483194689,19009.285386603715,54,LP,2.273736754432321e-13,1200.0,10800.0
0.45,2025-05-10,26663.07156797964,16000.000000000004,12959.999999999998,3734.742518894665,15236.768803540965,13263.760455383408,15913.616371334085,29177.37682671749,83,LP,4.547473508864641e-13,1200.0,10800.0
0.45,2025-05-11,58374.902973002376,19309.427782757582,15640.636504033642,3004.7207116116742,2226.7533225567863,35454.93318885035,12205.432911145655,47660.36609999601,70,LP,1.1368683772161605e-13,1200.0,10800.0
0.45,2025-05-12,57891.7415266145,19084.501752936645,15458.44641987868,2306.5315928562213,4641.022553079433,35361.256646981936,6922.600437569141,42283.85708455108,54,LP,2.273736754432321e-13,1200.0,10800.0
0.45,2025-05-13,52663.20061011384,17687.078953735858,14326.533952526046,4609.409933174843,782.8527754122092,32123.428491200397,20030.620069657383,52154.04856085777,101,LP,9.094947017729282e-13,1200.0,10800.0
0.45,2025-05-14,54501.11092794385,18292.69227745826,14817.080744741192,3426.2561257447505,1437.6067376382066,32946.62500231707,13793.606419217824,46740.231421534896,94,LP,9.094947017729282e-13,1200.0,10800.0
0.45,2025-05-15,55544.490192836936,18297.342227506968,14820.847204280648,2968.8588160846366,2271.795702361919,33996.678355259966,11755.257439470535,45751.9357947305,77,LP,4.547473508864641e-13,1200.0,10800.0
0.45,2025-05-16,27185.976655498987,16000.000000000004,12959.999999999998,988.5919477922948,22419.062069957938,13842.41904372346,3483.117664698327,17325.536708421787,42,LP,1.8189894035458565e-12,1200.0,10800.0
0.45,2025-05-17,27349.505904979604,15999.999999999996,12960.0,3385.7287973312173,17246.43561897749,13994.708376522924,14482.190299780465,28476.89867630339,72,LP,4.547473508864641e-13,1200.0,10800.0
0.45,2025-05-18,55367.327171205645,17815.930762778073,14430.903917850235,3688.041937591708,1994.1741638695255,33840.086881654104,12815.646597256567,46655.73347891067,88,LP,1.8189894035458565e-12,1200.0,10800.0
0.45,2025-05-19,54559.30217633013,17733.942879303802,14364.49373223608,1812.9729430721347,5487.609422334549,33031.95773169816,8597.230477789237,41629.188209487394,67,LP,9.094947017729282e-13,1200.0,10800.0
0.45,2025-05-20,54782.25002628852,17807.98256616055,14424.465878590045,4128.444822873072,999.7833449244245,33340.484483749155,16233.242227247736,49573.72671099689,95,LP,9.094947017729282e-13,1200.0,10800.0
0.45,2025-05-21,54499.867100968775,17681.586076885567,14322.084722277315,3691.705600288121,3469.4560633153155,33128.570855083424,15600.615789190855,48729.18664427428,75,LP,4.547473508864641e-13,1200.0,10800.0
0.45,2025-05-22,55559.91879612938,17771.127095142976,14394.612947065814,1394.2083545885594,2760.98218597411,33955.30777214066,5821.408186479309,39776.71595861997,61,LP,1.8189894035458565e-12,1200.0,10800.0
0.45,2025-05-23,25929.721769403783,16000.0,12959.999999999998,2569.7092747283723,19038.48216079882,12894.8682755936,10396.383818388884,23291.252093982483,77,LP,9.094947017729282e-13,1200.0,10800.0
0.45,2025-05-24,26576.989522530563,16000.000000000004,12960.0,1153.4442654559157,20935.93240465314,13327.91080098111,4557.550809857399,17885.46161083851,50,LP,4.547473508864641e-13,1200.0,10800.0
0.45,2025-05-25,54110.51123516494,17708.597332191384,14343.96383907502,1600.2611593102774,3801.1287180255176,32729.218484879093,7033.292304182269,39762.51078906136,69,LP,9.094947017729282e-13,1200.0,10800.0
0.45,2025-05-26,53004.132119050686,17155.7637778806,13896.168660083284,6060.822204164709,1225.5262554180858,32133.81317255118,24646.531521378463,56780.34469392964,98,LP,9.094947017729282e-13,1200.0,10800.0
0.45,2025-05-27,54407.62973609845,17845.821367694898,14455.115307832868,1896.507930257768,3523.064306494203,33175.49998750165,7840.099790132117,41015.59977763377,63,LP,1.8189894035458565e-12,1200.0,10800.0
0.45,2025-05-28,54767.253967256256,17745.448722971145,14373.813465606623,4358.872131885679,3480.6667417774224,33146.76377996449,16771.642554064238,49918.406334028725,88,LP,9.094947017729282e-13,1200.0,10800.0
0.45,2025-05-29,54591.24137607938,17959.79733724716,14547.435843170202,4605.155707220807,1673.9120892232313,33286.3520715433,19178.410269618907,52464.762341162204,93,LP,1.8189894035458565e-12,1200.0,10800.0
0.45,2025-05-30,26423.722962622716,16000.0,12960.0,2330.722024240943,19118.211720197,13321.74125819728,9156.90699950507,22478.64825770235,60,LP,9.094947017729282e-13,1200.0,10800.0
0.45,2025-05-31,26660.81983828867,16000.0,12960.0,2099.8751129269613,17331.513401215634,13356.80125103465,8418.143165263262,21774.944416297916,66,LP,9.094947017729282e-13,1200.0,10800.0
0.45,2025-06-01,57693.096440233305,18947.646749410455,15347.593867022477,17284.975927971238,153.19318581656592,34910.72231537733,67223.20369004105,102133.92600541838,131,LP,1.1368683772161605e-13,1200.0,10800.0
0.45,2025-06-02,65225.47800764011,19107.04365097757,15476.705357291836,8982.904198284326,1937.2364622386951,41346.702477854735,35263.25398768598,76609.95646554072,98,LP,9.094947017729282e-13,1200.0,10800.0
0.45,2025-06-03,68912.40718266285,19739.93522361623,15989.347531129148,4376.265634431182,1345.7182912736214,43022.02009272367,17884.960582475178,60906.98067519885,101,LP,2.273736754432321e-13,1200.0,10800.0
0.45,2025-06-04,72401.44404022332,21092.38021475452,17084.82797395116,3824.025815451608,2572.6567982048964,44930.80322570464,11929.07944553998,56859.882671244624,72,LP,2.273736754432321e-13,1200.0,10800.0
0.45,2025-06-05,71151.35615103711,20383.123891294665,16510.330351948684,5310.342778397087,1439.5873734215484,44125.506957383885,20053.019864156275,64178.52682154016,91,LP,2.273736754432321e-13,1200.0,10800.0
0.45,2025-06-06,34344.4315264808,15999.999999999996,12960.0,6159.742098612969,6609.1782250937695,19589.92200860532,23732.386376869,43322.30838547432,79,LP,9.094947017729282e-13,1200.0,10800.0
0.45,2025-06-07,35093.416795592704,15999.999999999998,12959.999999999996,2659.515318560774,3586.418947486816,19967.86940715122,9372.69441523761,29340.56382238883,67,LP,4.547473508864641e-13,1200.0,10800.0
0.45,2025-06-08,80100.26071160444,22718.120283230182,18401.67742941645,573.9980984512125,11172.89268957526,49945.70105306272,2065.647233315812,52011.348286378525,34,LP,4.547473508864641e-13,1200.0,10800.0
0.45,2025-06-09,72140.82711814239,20732.78107016085,16793.55266683029,4728.270554188142,1997.1565356666456,44170.98823486448,19376.865341499062,63547.853576363545,90,LP,2.273736754432321e-13,1200.0,10800.0
0.45,2025-06-10,75101.7559819535,21964.78086524961,17791.472500852185,2984.385737724632,2294.3891219473785,46051.40482640965,11702.114822019275,57753.519648428926,77,LP,2.273736754432321e-13,1200.0,10800.0
0.45,2025-06-11,75630.44933124042,22407.348307309658,18149.952128920824,5682.75243695949,971.3592731444136,46448.12150331163,24223.387435981665,70671.5089392933,103,LP,2.273736754432321e-13,1200.0,10800.0
0.45,2025-06-12,78555.03486767586,22605.480789411184,18310.43943942305,1868.264744903559,3675.866829257972,48960.44781700906,6759.308676949993,55719.75649395905,60,LP,9.094947017729282e-13,1200.0,10800.0
0.45,2025-06-13,33221.21050614749,16000.0,12960.0,2406.574350846981,4242.471156994476,18654.92071097192,8881.855980021024,27536.77669099294,81,LP,1.8189894035458565e-12,1200.0,10800.0
0.45,2025-06-14,34077.89289470926,16000.0,12960.0,2254.5670570621714,7099.117201771427,19065.50076415143,7358.101878104586,26423.602642256017,70,LP,9.094947017729282e-13,1200.0,10800.0
0.45,2025-06-15,75111.006645672,22301.4382678862,18064.16499698782,2845.9161352572373,3092.6751766975385,46364.30038700911,10438.622873814598,56802.92326082371,55,LP,4.547473508864641e-13,1200.0,10800.0
0.45,2025-06-16,75656.50674034086,22357.778331707905,18109.800448683403,3088.7108061627187,1803.186846812412,46376.56715365028,12173.413587013638,58549.98074066392,89,LP,9.094947017729282e-13,1200.0,10800.0
0.45,2025-06-17,76898.39398864703,22484.25978191498,18212.25042335113,4259.411118472552,2248.784531889077,47275.8198652715,17206.430589584037,64482.25045485554,84,LP,2.273736754432321e-13,1200.0,10800.0
0.45,2025-06-18,77358.70182189954,22599.937178032786,18305.94911420656,1775.245410214869,3911.5682682881834,47591.591081416685,6889.553455252028,54481.14453666871,64,LP,4.547473508864641e-13,1200.0,10800.0
0.45,2025-06-19,74047.36807342031,22380.295320847057,18128.03920988612,2239.826559658659,3775.434322118038,45486.20423376176,8887.516580121706,54373.72081388347,72,LP,4.547473508864641e-13,1200.0,10800.0
0.45,2025-06-20,33796.263842290406,15999.999999999996,12960.0,758.5673066849652,9114.250298975372,19091.327758887925,2754.781132323312,21846.108891211235,38,LP,1.8189894035458565e-12,1200.0,10800.0
0.45,2025-06-21,33793.69621222814,16000.000000000002,12959.999999999998,1020.4421541267968,12439.397966354934,18862.69173888616,4063.128071603992,22925.819810490157,42,LP,4.547473508864641e-13,1200.0,10800.0
0.45,2025-06-22,73228.59055370081,22233.4116010606,18009.063396859092,2461.092689469272,4007.993938968578,44595.0466326568,9857.744530511469,54452.791163168265,67,LP,2.273736754432321e-13,1200.0,10800.0
0.45,2025-06-23,73869.32753703263,22332.14388229348,18089.03654465772,1732.294394734092,4297.228594130961,45205.63604603874,7892.8080275348175,53098.44407357356,56,LP,2.273736754432321e-13,1200.0,10800.0
0.45,2025-06-24,69779.34475930079,21499.703836853936,17414.76010785169,10947.249716150827,372.8584964493797,42453.91346924768,43742.97515972112,86196.8886289688,125,LP,2.273736754432321e-13,1200.0,10800.0
0.45,2025-06-25,77355.84609554519,22739.65729615822,18419.12240988816,2032.955800846045,4630.845643454496,47613.882295801006,7712.340121527726,55326.22241732873,46,LP,4.547473508864641e-13,1200.0,10800.0
0.45,2025-06-26,74565.50449472241,22712.73706326854,18397.31702124752,2394.57517875888,5097.27579812695,45557.81431117573,10233.29087919289,55791.10519036862,78,LP,2.273736754432321e-13,1200.0,10800.0
0.45,2025-06-27,33049.94108029997,16000.000000000002,12959.999999999998,635.1531262696624,10873.448339902969,18456.808296764742,2493.5780528137843,20950.386349578526,34,LP,1.8189894035458565e-12,1200.0,10800.0
0.45,2025-06-28,33179.13667002181,16000.0,12960.000000000002,903.9548619416936,9266.165415296842,18394.912393607185,3025.032290536425,21419.94468414361,46,LP,9.094947017729282e-13,1200.0,10800.0
0.45,2025-06-29,75350.51938874598,22617.870929254208,18320.47545269591,2336.4976278400864,4121.853006694444,46247.74373868447,7579.119419826773,53826.863158511245,57,LP,9.094947017729282e-13,1200.0,10800.0
0.45,2025-06-30,74832.49733351337,22509.08027368586,18232.355021685544,2688.6197685600537,3366.707866739796,45804.14111741026,10104.906685070016,55909.04780248028,68,LP,4.547473508864641e-13,1200.0,10800.0
0.45,2025-07-01,78932.71807259123,22796.530651260728,18465.189827521197,7060.903826593158,2795.7370421115347,48881.23330063664,24851.54774486624,73732.78104550288,105,LP,4.547473508864641e-13,1200.0,10800.0
0.45,2025-07-02,84018.23781711436,22846.95556183794,18506.03400508873,1981.4683062075628,8754.018199906057,53022.88720240528,5187.598231350958,58210.48543375624,44,LP,4.547473508864641e-13,1200.0,10800.0
0.45,2025-07-03,82085.06195241062,22692.471628328,18380.90201894568,4249.084383300168,2262.157792995133,51890.83114090861,14588.10330001096,66478.93444091958,85,LP,2.273736754432321e-13,1200.0,10800.0
0.45,2025-07-04,41601.00303310843,15999.999999999996,12959.999999999996,1807.6491069025735,11487.784673344344,24893.291217321224,5409.026638686044,30302.31785600727,56,LP,1.8189894035458565e-12,1200.0,10800.0
0.45,2025-07-05,42243.81290450264,16000.0,12960.0,1719.4875062596248,12133.220444095596,25020.04678979055,5546.192357474791,30566.23914726534,52,LP,4.547473508864641e-13,1200.0,10800.0
0.45,2025-07-06,78638.70262584672,21313.435997668646,17263.883158111603,6449.744590515993,1244.9128268056847,49481.44568258239,26000.625185657627,75482.07086824001,93,LP,2.273736754432321e-13,1200.0,10800.0
0.45,2025-07-07,81310.85277953453,22401.80933805263,18145.46556382263,1470.765943142676,5115.792181780538,50707.85180549792,4714.576097000141,55422.427902498064,57,LP,2.273736754432321e-13,1200.0,10800.0
0.45,2025-07-08,80949.33968686851,21571.926285630565,17473.260291360762,2553.0166966249435,3832.3033725569794,50643.810255917066,10942.789269741215,61586.59952565828,67,LP,2.273736754432321e-13,1200.0,10800.0
0.45,2025-07-09,76344.44183169099,20906.107806707198,16933.947323432825,3941.6534840618806,2255.2098158118383,47784.764472481926,14810.744721628897,62595.50919411082,89,LP,2.273736754432321e-13,1200.0,10800.0
0.45,2025-07-10,74621.48258257643,20614.077342696917,16697.402647584502,3733.9767935962536,1585.161297726932,46904.32033435472,13864.661203870714,60768.98153822543,94,LP,2.273736754432321e-13,1200.0,10800.0
0.45,2025-07-11,40419.54168107381,16000.0,12959.999999999998,4130.477826665443,8991.242357739255,23529.028858073063,14722.756703946883,38251.78556201995,82,LP,4.547473508864641e-13,1200.0,10800.0
0.45,2025-07-12,41763.60071414536,16000.0,12960.0,2324.47858240829,9963.83596322032,24287.540647244878,9302.803358751498,33590.344005996376,63,LP,4.547473508864641e-13,1200.0,10800.0
0.45,2025-07-13,74548.03513579605,20048.619511685487,16239.381804465243,2336.303977514095,3807.381006089904,46860.02964076984,9641.682891992376,56501.71253276222,72,LP,1.8189894035458565e-12,1200.0,10800.0
0.45,2025-07-14,69826.44919325608,19764.107016853217,16008.926683651103,6401.340036594156,664.929679981461,44163.21882867589,25878.997690496264,70042.21651917216,117,LP,2.273736754432321e-13,1200.0,10800.0
0.45,2025-07-15,74685.978795777,19759.72791610172,16005.379612042394,4950.040703675675,3132.620612060019,47265.73036590967,16753.67877473688,64019.40914064655,71,LP,2.273736754432321e-13,1200.0,10800.0
0.45,2025-07-16,72255.79938976682,20312.46764067413,16453.098788946052,6207.889377563815,2469.7565322692267,45432.52719807346,21747.80286730712,67180.33006538058,98,LP,2.273736754432321e-13,1200.0,10800.0
0.45,2025-07-17,71744.62715656124,19826.732965985837,16059.653702448522,5719.096546262818,976.228372620083,45296.20162978393,23324.19759661483,68620.39922639876,112,LP,9.094947017729282e-13,1200.0,10800.0
0.45,2025-07-18,39317.99987538628,16000.000000000004,12960.0,4622.473460511714,9626.225235897991,22736.856967233063,18163.062631354,40899.91959858706,85,LP,9.094947017729282e-13,1200.0,10800.0
0.45,2025-07-19,39504.33418385523,15999.999999999996,12959.999999999998,3194.0069336679758,12475.52206752321,22735.36363527615,12686.735649862125,35422.09928513828,76,LP,1.8189894035458565e-12,1200.0,10800.0
0.45,2025-07-20,73023.0366938416,19547.488645427697,15833.46580279643,4407.0604426509335,1626.096077194607,46151.74974027123,16262.59304536161,62414.34278563284,83,LP,9.094947017729282e-13,1200.0,10800.0
0.45,2025-07-21,71615.87154030721,19515.27042830689,15807.36904692858,6888.215971257723,806.4367801866254,45055.3813298941,26189.214192375955,71244.59552227006,109,LP,9.094947017729282e-13,1200.0,10800.0
0.45,2025-07-22,77205.18302213922,20813.512677094783,16858.945268446772,3211.1877898460125,2666.6587866705536,48307.017634394455,13035.66244454886,61342.68007894332,75,LP,2.273736754432321e-13,1200.0,10800.0
0.45,2025-07-23,75757.66690407536,20488.40836467379,16595.610775385765,4185.297776436687,1833.619974557355,47441.73338946112,16896.137949863107,64337.87133932422,87,LP,2.273736754432321e-13,1200.0,10800.0
0.45,2025-07-24,74518.11369991265,20449.34715280468,16563.971193771795,5128.729142970635,2144.9948838504024,46811.683168551055,19418.06866587946,66229.75183443051,91,LP,2.273736754432321e-13,1200.0,10800.0
0.45,2025-07-25,40243.60668325714,15999.999999999996,12959.999999999998,1230.2806020730636,11928.567718663544,23428.40834712402,4898.966921248657,28327.37526837268,56,LP,9.094947017729282e-13,1200.0,10800.0
0.45,2025-07-26,41113.99475776727,16000.000000000002,12959.999999999998,2028.3118162547496,11633.21500735535,23887.376239931054,7077.692899705378,30965.069139636435,56,LP,9.094947017729282e-13,1200.0,10800.0
0.45,2025-07-27,76192.87317044388,20665.02385111064,16738.669319399614,3234.1335167835773,1815.4623555164471,47706.67438309526,13798.49222761797,61505.16661071323,86,LP,2.273736754432321e-13,1200.0,10800.0
0.45,2025-07-28,77130.76623697422,20813.09214873616,16858.60464047629,6016.795925984397,1238.1974213654285,48317.84745408209,23625.13428912023,71942.98174320231,95,LP,2.273736754432321e-13,1200.0,10800.0
0.45,2025-07-29,79009.60024724348,21268.88128146067,17227.793837983147,3861.614281773957,2760.881135539907,49387.75615258921,14658.265924354217,64046.02207694342,66,LP,2.273736754432321e-13,1200.0,10800.0
0.45,2025-07-30,76680.69111352236,20872.257818594,16906.528833061137,3943.5218416801104,2555.229919669626,47847.1088587321,16426.1234367593,64273.2322954914,92,LP,2.273736754432321e-13,1200.0,10800.0
0.45,2025-07-31,76685.37045188161,21073.353752020117,17069.4165391363,3445.1521188112065,1431.5890911423382,47964.53157867274,14325.057592618405,62289.58917129115,86,LP,2.273736754432321e-13,1200.0,10800.0
0.45,2025-08-01,40041.77651446407,15999.999999999998,12960.0,1224.0114696443047,16974.428317441707,23297.300163652304,4310.205148496459,27607.50531214876,40,LP,9.094947017729282e-13,1200.0,10800.0
0.45,2025-08-02,38525.328422742044,16000.000000000002,12960.0,1671.1168318551129,16229.42032126383,22139.35003380176,7062.203153311881,29201.55318711364,61,LP,9.094947017729282e-13,1200.0,10800.0
0.45,2025-08-03,71696.89069750955,19965.212999212505,16171.82252936213,1309.9208447999522,6373.941089125787,45349.98477701647,5275.4757735944295,50625.4605506109,49,LP,9.094947017729282e-13,1200.0,10800.0
0.45,2025-08-04,69610.04996241888,19494.81293712852,15790.7984790741,1668.6062995369243,2158.986720568063,44291.00712414618,6443.053578306531,50734.06070245271,65,LP,2.273736754432321e-13,1200.0,10800.0
0.45,2025-08-05,70724.45855358604,19612.533539628672,15886.152167099226,1709.5957275360072,3555.3631752592687,45062.34894993937,6869.572142313185,51931.92109225255,52,LP,2.273736754432321e-13,1200.0,10800.0
0.45,2025-08-06,66229.98072222367,18978.131690185644,15372.286669050369,6620.607849051785,1130.3442834735215,42257.38518514293,26379.951372364696,68637.33655750763,103,LP,4.547473508864641e-13,1200.0,10800.0
0.45,2025-08-07,72724.00520629727,19826.10438690123,16059.144553389991,830.9791142813624,6400.039237067395,46164.95330632285,2950.1026382936147,49115.05594461647,34,LP,2.273736754432321e-13,1200.0,10800.0
0.45,2025-08-08,38527.960319553,15999.999999999998,12959.999999999996,1237.031586539618,20949.82065609261,22194.44695463162,5100.250736342419,27294.69769097404,47,LP,9.094947017729282e-13,1200.0,10800.0
0.45,2025-08-09,37265.95758051745,15999.999999999996,12960.0,3271.0758045768457,18575.104385094302,21290.05379116004,12899.84021246234,34189.89400362238,70,LP,1.8189894035458565e-12,1200.0,10800.0
0.45,2025-08-10,65545.56759128763,18935.49871579094,15337.753959790663,4690.711726119534,1333.915511406881,41960.912699059154,17313.05360711019,59273.96630616934,93,LP,9.094947017729282e-13,1200.0,10800.0
0.45,2025-08-11,68227.95830624495,19303.648858912107,15635.955575718806,2966.632669675318,2965.6443593936347,43432.25363209307,11789.763231500465,55222.016863593526,71,LP,9.094947017729282e-13,1200.0,10800.0
0.45,2025-08-12,69503.30597615539,19517.171077185536,15808.908572520288,4134.617774143572,2169.1175956337192,44340.446270592896,17132.75657266941,61473.20284326231,77,LP,9.094947017729282e-13,1200.0,10800.0
0.45,2025-08-13,68853.89294920687,19695.391592443226,15953.267189879014,3218.242872234417,2209.031968877075,43503.05369136193,12631.802631795365,56134.85632315729,75,LP,2.273736754432321e-13,1200.0,10800.0
0.45,2025-08-14,66799.05513143775,19318.184045839986,15647.729077130389,4395.330804844287,1597.6399842391177,42601.05243297276,18216.98566995641,60818.038102929175,101,LP,9.094947017729282e-13,1200.0,10800.0
0.45,2025-08-15,38702.41608352924,16000.0,12960.0,1690.3987600371474,20193.087960233053,22379.887729039383,6142.574029297434,28522.461758336816,61,LP,1.8189894035458565e-12,1200.0,10800.0
0.45,2025-08-16,39827.902449370944,15999.999999999996,12960.0,1203.7507059923898,21062.372788696677,23141.580001617916,5432.628090929502,28574.20809254741,45,LP,4.547473508864641e-13,1200.0,10800.0
0.45,2025-08-17,64654.371261964,18782.024338978383,15213.439714572483,4127.516986215345,2047.9100071067896,41365.30167921546,16630.868365768096,57996.17004498356,95,LP,9.094947017729282e-13,1200.0,10800.0
0.45,2025-08-18,65800.72482389412,19120.467304164595,15487.578516373324,4121.490013020996,1895.210432457188,42273.00680538287,18545.175598053476,60818.182403436345,87,LP,9.094947017729282e-13,1200.0,10800.0
0.45,2025-08-19,65852.04772453316,19205.508783558224,15556.462114682156,3425.3522850192608,1310.6932906763468,42246.50764559011,13142.843612997356,55389.35125858746,85,LP,9.094947017729282e-13,1200.0,10800.0
0.45,2025-08-20,66515.06808882933,19318.34880790888,15647.862534406197,8923.748457129697,1117.639205789675,42643.838458138336,36290.59951384928,78934.43797198762,101,LP,9.094947017729282e-13,1200.0,10800.0
0.45,2025-08-21,68787.86989723107,20028.55563372373,16223.130063316215,3291.526919144705,2429.552762634936,43693.14786219227,13048.788341729756,56741.93620392203,70,LP,2.273736754432321e-13,1200.0,10800.0
0.45,2025-08-22,39539.89328447802,16000.0,12960.000000000004,3774.623395876533,19043.94728035455,22975.10245438496,15621.538730279406,38596.64118466436,69,LP,9.094947017729282e-13,1200.0,10800.0
0.45,2025-08-23,38938.90221259392,15999.999999999996,12960.0,2304.6602614155486,15673.556324009478,22539.32285375635,9366.254043408182,31905.57689716453,71,LP,9.094947017729282e-13,1200.0,10800.0
0.45,2025-08-24,67403.74168551536,19451.039680942744,15755.342141563622,3836.2835648958,3810.738227698711,42745.397047157545,16561.88204818269,59307.27909534024,87,LP,1.8189894035458565e-12,1200.0,10800.0
0.45,2025-08-25,65540.07510427726,19127.455278173,15493.23877532013,9608.558209929184,741.3297946869205,41982.41575994791,37730.59472699581,79713.01048694372,106,LP,9.094947017729282e-13,1200.0,10800.0
0.45,2025-08-26,68551.0795314041,19697.453418870355,15954.937269284985,3145.1870704672765,2424.932068952688,43263.34937364671,13482.930331096826,56746.27970474353,82,LP,2.273736754432321e-13,1200.0,10800.0
0.45,2025-08-27,66094.88110289817,19347.521406330558,15671.492339127748,6333.740289248372,838.4434582770755,42071.07448966545,26925.82335499065,68996.89784465611,116,LP,4.547473508864641e-13,1200.0,10800.0
0.45,2025-08-28,68844.93650822082,19865.274368729428,16090.872238670836,6949.268402114165,1252.00779694307,43508.95434227238,27632.82261944317,71141.77696171554,102,LP,2.273736754432321e-13,1200.0,10800.0
0.45,2025-08-29,37140.44310719406,16000.0,12960.0,3861.11415268915,15406.336909883215,21357.436446592845,15789.68699510527,37147.12344169812,83,LP,2.273736754432321e-13,1200.0,10800.0
0.45,2025-08-30,37387.47047310459,15999.999999999996,12960.0,4409.140974656386,20243.89161442765,21564.78617677351,17296.28507493032,38861.07125170384,89,LP,4.547473508864641e-13,1200.0,10800.0
0.45,2025-08-31,68803.08405825739,19753.48070218509,16000.319368769928,3785.509438087957,2188.8090795968446,43899.53619884272,14455.281474775593,58354.81767361831,75,LP,2.273736754432321e-13,1200.0,10800.0
0.5,2025-05-01,52637.61919951044,18695.16143102007,15143.080759126256,4861.092896031862,2935.252623648492,31485.67666261165,22204.1538865779,53689.83054918956,93,LP,1.8189894035458565e-12,1200.0,10800.0
0.5,2025-05-02,25948.80790369518,16000.161577065155,12960.130877422776,6790.061523852486,15408.51864457195,12655.297096764614,29491.22676487756,42146.52386164217,92,LP,4.547473508864641e-13,1200.0,10800.0
0.5,2025-05-03,28176.690350519297,16000.0,12960.0,2344.794112507834,18614.31281302713,14364.622940214747,10367.369810859387,24731.992751074133,60,LP,9.094947017729282e-13,1200.0,10800.0
0.5,2025-05-04,56345.45552915486,19147.534330670675,15509.502807843244,2574.0317328132637,3546.788405807362,34283.51443483588,8797.800186690774,43081.31462152665,68,LP,1.1368683772161605e-13,1200.0,10800.0
0.5,2025-05-05,54372.783946136144,18315.03882353561,14835.181447063853,5574.606430589571,1391.526200253958,33200.571978185115,24657.866543273223,57858.43852145834,89,LP,9.094947017729282e-13,1200.0,10800.0
0.5,2025-05-06,56644.982767876056,18713.505068965285,15157.939105861882,3211.745925691006,3431.080363796992,34578.17750005628,13871.326278615988,48449.50377867227,80,LP,4.547473508864641e-13,1200.0,10800.0
0.5,2025-05-07,57679.75781312938,18874.11373787272,15288.032127676905,2924.0668263860302,1949.89707931959,35145.22414498108,12902.348556611803,48047.572701592886,82,LP,4.547473508864641e-13,1200.0,10800.0
0.5,2025-05-08,57530.555838896704,19084.10734520703,15458.126949617696,4092.1434136336793,2170.206456941053,35420.8819269137,15385.599185699466,50806.48111261317,74,LP,1.8189894035458565e-12,1200.0,10800.0
0.5,2025-05-09,28209.36771166964,15999.999999999996,12960.0,931.3556157444808,17601.33747741412,14617.620806391384,3755.531298274444,18373.152104665827,48,LP,4.547473508864641e-13,1200.0,10800.0
0.5,2025-05-10,26941.575744916478,16000.0,12960.0,3321.273996334859,15101.804457918002,13454.830685464993,14104.135967999748,27558.96665346474,80,LP,9.094947017729282e-13,1200.0,10800.0
0.5,2025-05-11,59342.70602712995,19492.75667430859,15789.13290618996,2529.427120765436,2684.430296443427,36026.26693219681,10297.727799085038,46323.994731281855,65,LP,1.1368683772161605e-13,1200.0,10800.0
0.5,2025-05-12,58831.38154384549,19270.280292520823,15608.92703694187,1977.368355859976,5216.2014107931855,35894.48746186335,5813.481280259326,41707.96874212267,47,LP,1.1368683772161605e-13,1200.0,10800.0
0.5,2025-05-13,53606.80873744535,17892.99296573593,14493.324302246105,3950.390541409619,1028.3178486984748,32640.369495206,17253.769829601526,49894.13932480752,91,LP,4.547473508864641e-13,1200.0,10800.0
0.5,2025-05-14,55375.48577055877,18465.60791731486,14957.142413025038,2909.5535591972443,1762.4250421328586,33426.01599089388,11636.298165988454,45062.314156882334,87,LP,1.8189894035458565e-12,1200.0,10800.0
0.5,2025-05-15,56498.30792558806,18480.059317973675,14968.848047558677,2414.411922909669,2636.4502947494,34525.04226937599,9512.223204604274,44037.26547398027,70,LP,4.547473508864641e-13,1200.0,10800.0
0.5,2025-05-16,27466.96398020398,15999.999999999996,12960.0,853.2669758332179,22564.72442270387,14038.09598712903,2973.796239106462,17011.892226235494,37,LP,4.547473508864641e-13,1200.0,10800.0
0.5,2025-05-17,27646.9560569943,15999.999999999998,12960.0,2963.52677658621,17121.683750247183,14201.01621839997,12765.654392651571,26966.67061105154,65,LP,9.094947017729282e-13,1200.0,10800.0
0.5,2025-05-18,56382.23566854129,18002.90067638017,14582.349547867943,3096.419899281246,2381.936339310313,34395.25953236733,10571.568993816058,44966.82852618339,74,LP,4.547473508864641e-13,1200.0,10800.0
0.5,2025-05-19,55492.27546872941,17906.313132487565,14504.11363731493,1503.5850406151435,6078.444464171918,33549.258292350656,7267.535098604208,40816.79339095487,61,LP,9.094947017729282e-13,1200.0,10800.0
0.5,2025-05-20,55745.43669214273,17981.418675193367,14564.949126906627,3432.480796538074,1234.0531237274035,33869.16449927926,13492.210118339037,47361.37461761829,85,LP,1.1368683772161605e-13,1200.0,10800.0
0.5,2025-05-21,55398.01606419919,17823.77313180378,14437.25623676106,3279.5769021002047,3928.4607879233454,33612.489013943385,13863.442511873036,47475.93152581642,69,LP,9.094947017729282e-13,1200.0,10800.0
0.5,2025-05-22,56470.9454083768,17949.457877092314,14539.060880444777,1078.9507309722078,3322.868326034805,34448.85542116262,4545.541939572253,38994.39736073488,50,LP,1.1368683772161605e-13,1200.0,10800.0
0.5,2025-05-23,26218.659128385545,15999.999999999996,12959.999999999996,2175.0302781163928,18932.74052316861,13088.971393508267,8808.96643695215,21897.937830460414,74,LP,9.094947017729282e-13,1200.0,10800.0
0.5,2025-05-24,26882.3415480504,15999.999999999998,12960.0,981.8491508244964,21069.689315541564,13545.094497112928,3893.9733238443896,17439.067820957316,46,LP,9.094947017729282e-13,1200.0,10800.0
0.5,2025-05-25,54987.89170211397,17879.929893094726,14482.743213406728,1337.761765532488,4383.456604625124,33192.97902163581,5927.864172004191,39120.84319364,65,LP,1.8189894035458565e-12,1200.0,10800.0
0.5,2025-05-26,53918.986291502864,17315.963608386643,14025.930522793176,5384.537512492276,1433.657768401682,32630.503181200773,21962.50980679451,54593.01298799529,96,LP,9.094947017729282e-13,1200.0,10800.0
0.5,2025-05-27,55372.249651770864,18000.147135273364,14580.119179571426,1557.8018272955585,4119.656223364492,33712.67624218407,6372.186208832061,40084.86245101613,57,LP,4.547473508864641e-13,1200.0,10800.0
0.5,2025-05-28,55775.507285516775,17907.53720757687,14505.10513813726,3757.7367242342903,3856.987840311459,33700.237628233706,14444.977703043838,48145.21533127755,80,LP,9.094947017729282e-13,1200.0,10800.0
0.5,2025-05-29,55586.745643849135,18117.298220280245,14675.011558427002,4000.6427041958777,2034.978186191768,33815.570061629216,16808.323481401785,50623.893543031,86,LP,4.547473508864641e-13,1200.0,10800.0
0.5,2025-05-30,26739.298491433685,15999.999999999996,12959.999999999998,2063.69259486554,19166.75781963256,13539.804028286875,8094.926380483235,21634.730408770112,56,LP,1.1368683772161605e-13,1200.0,10800.0
0.5,2025-05-31,26961.32435487875,16000.000000000004,12959.999999999998,1817.9234294358127,17350.06623431456,13567.434107733216,7216.340388984414,20783.77449671763,62,LP,4.547473508864641e-13,1200.0,10800.0
0.5,2025-06-01,58595.44787600946,19117.151999463,15484.893119565024,16450.979911865525,189.34260797701216,35425.907706863625,63935.5300396743,99361.43774653792,130,LP,4.547473508864641e-13,1200.0,10800.0
0.5,2025-06-02,66040.07852603694,18885.51824699808,15297.269780068436,8357.005004675273,2168.0276137825813,41871.5417002989,32928.259759270644,74799.80145956954,93,LP,2.273736754432321e-13,1200.0,10800.0
0.5,2025-06-03,69811.41624011053,19998.654041316026,16198.90977346598,3766.878630790729,1586.1837697178933,43567.49060976053,15482.130233199474,59049.62084296,95,LP,2.273736754432321e-13,1200.0,10800.0
0.5,2025-06-04,73230.2079325661,21210.987420690493,17180.899810759296,3447.919521661802,3002.7790276300484,45471.54352614204,10682.966653461202,56154.51017960325,62,LP,2.273736754432321e-13,1200.0,10800.0
0.5,2025-06-05,72141.91632844976,20722.207285572505,16784.98790131373,4667.323045624298,1722.7019731486284,44740.42341493732,17619.99248833762,62360.41590327493,90,LP,2.273736754432321e-13,1200.0,10800.0
0.5,2025-06-06,34689.18039428928,15999.999999999998,12959.999999999998,5602.725106062116,6396.910100351401,19836.35594204901,21661.011320630183,41497.3672626792,76,LP,9.094947017729282e-13,1200.0,10800.0
0.5,2025-06-07,35465.686046447896,16000.000000000002,12960.0,2165.9685229088,3465.141402690032,20226.45889122304,7626.340647629845,27852.79953885288,63,LP,9.094947017729282e-13,1200.0,10800.0
0.5,2025-06-08,81187.35061389423,23097.739900332897,18709.169319269648,444.5415782839475,12058.398344448258,50711.834845922654,1647.997002276376,52359.83184819903,28,LP,4.547473508864641e-13,1200.0,10800.0
0.5,2025-06-09,73199.65283554641,21093.377825938114,17085.636039009874,4174.281431549952,2433.4797468347924,44835.54203421436,17186.078883622722,62021.620917837085,88,LP,4.547473508864641e-13,1200.0,10800.0
0.5,2025-06-10,76213.692983033,22284.33116376469,18050.308242649407,2496.5827772556368,2857.808605840019,46795.68126944184,9812.58780700277,56608.26907644461,73,LP,2.273736754432321e-13,1200.0,10800.0
0.5,2025-06-11,76628.01477455703,22402.43570793426,18145.97292342675,4925.280615767715,1212.3862891505603,47183.50107639992,21078.25352662441,68261.75460302434,93,LP,4.547473508864641e-13,1200.0,10800.0
0.5,2025-06-12,79640.81173016528,22773.267691022746,18446.346829728423,1435.7580351590057,4297.257470696635,49768.50441857811,5112.906340262156,54881.41075884026,50,LP,4.547473508864641e-13,1200.0,10800.0
0.5,2025-06-13,33590.35353821675,16000.0,12959.999999999998,2067.092636956764,4272.13247517351,18918.23033970063,7690.871422121417,26609.101761822047,73,LP,4.547473508864641e-13,1200.0,10800.0
0.5,2025-06-14,34444.79988951492,15999.999999999996,12960.0,1862.1865510639311,7073.643690578856,19327.713593559514,6018.820607692504,25346.53420125202,65,LP,1.8189894035458565e-12,1200.0,10800.0
0.5,2025-06-15,76125.58324079575,22315.27806761843,18075.37523477093,2315.3322241477526,3574.038298762666,47079.12531524891,8503.105183379077,55582.23049862799,47,LP,2.273736754432321e-13,1200.0,10800.0
0.5,2025-06-16,76577.69438541195,22384.46720054965,18131.41843244521,2594.946504662486,2225.5393053033176,47044.73717271433,10254.245856508282,57298.98302922261,81,LP,4.547473508864641e-13,1200.0,10800.0
0.5,2025-06-17,77971.10255072848,22627.10219157889,18327.952775178903,3655.611008930327,2690.552926592151,48056.95348656632,14889.499941408903,62946.45342797522,74,LP,2.273736754432321e-13,1200.0,10800.0
0.5,2025-06-18,78448.91139929072,22731.80722297555,18412.7638506102,1385.4013912501473,4586.87851817552,48369.58736760383,5501.939950983478,53871.52731858731,57,LP,2.273736754432321e-13,1200.0,10800.0
0.5,2025-06-19,75058.95799641815,22358.900055219,18110.70904472739,1937.3735578943172,4488.636343820857,46218.3612981838,7730.136278594041,53948.497576777845,61,LP,4.547473508864641e-13,1200.0,10800.0
0.5,2025-06-20,34148.135759781144,16000.0,12960.0,603.3704243514615,9310.925334132608,19339.03392681129,2194.059985228963,21533.093912040255,35,LP,9.094947017729282e-13,1200.0,10800.0
0.5,2025-06-21,34180.8350644637,16000.0,12959.999999999996,805.3665562222968,12611.461220686,19140.668404964505,3153.9484190050557,22294.61682396956,37,LP,9.094947017729282e-13,1200.0,10800.0
0.5,2025-06-22,74293.50337912826,22369.935117467718,18119.64744514885,2027.606827834036,4613.481434643431,45323.40626418663,8194.544321171452,53517.95058535808,57,LP,4.547473508864641e-13,1200.0,10800.0
0.5,2025-06-23,74911.89250399215,22449.609013047902,18184.18330056881,1399.5993379050349,4984.780129418078,45921.95363210683,6408.216448079795,52330.17008018663,48,LP,9.094947017729282e-13,1200.0,10800.0
0.5,2025-06-24,70815.22224281999,21795.209556707,17654.119740932678,10034.805838312535,440.1460153581844,43111.723624620165,39947.58741974987,83059.31104437003,119,LP,2.273736754432321e-13,1200.0,10800.0
0.5,2025-06-25,78348.74770363444,22861.587887397694,18517.88618879213,1693.689419282684,5261.314057644904,48351.61722617123,6278.642906958292,54630.26013312952,39,LP,9.094947017729282e-13,1200.0,10800.0
0.5,2025-06-26,75617.12982379596,22831.85725646916,18493.804377740016,1970.8328784493276,5702.525990182806,46324.27846194447,8375.622645969599,54699.90110791407,75,LP,4.547473508864641e-13,1200.0,10800.0
0.5,2025-06-27,33435.09348703596,15999.999999999998,12960.0,508.9953572541388,11132.442977623436,18730.39679697466,2044.3615831647735,20774.758380139432,32,LP,9.094947017729282e-13,1200.0,10800.0
0.5,2025-06-28,33626.272509959614,16000.000000000004,12960.0,685.1873872951836,9494.533780588134,18725.923677323648,2202.9006119732426,20928.82428929689,37,LP,9.094947017729282e-13,1200.0,10800.0
0.5,2025-06-29,76539.91074280496,22702.727608497597,18389.20936288305,1957.467538100292,4916.091501957379,47131.428939246296,6229.211074221544,53360.64001346784,53,LP,4.547473508864641e-13,1200.0,10800.0
0.5,2025-06-30,75929.41149134756,22555.927875892696,18270.30157947308,2223.089829351767,3989.191040946376,46617.85284797428,8297.86588215254,54915.71873012682,60,LP,4.547473508864641e-13,1200.0,10800.0
0.5,2025-07-01,79961.71274328277,22871.416234522287,18525.84714996305,6548.903567904521,3298.5031932947213,49638.877186066005,22807.110161324097,72445.9873473901,99,LP,4.547473508864641e-13,1200.0,10800.0
0.5,2025-07-02,85054.41371177968,22872.08849090641,18526.391677634198,1811.5975791837177,9615.54811102452,53783.1864344818,4593.485621601531,58376.67205608333,41,LP,4.547473508864641e-13,1200.0,10800.0
0.5,2025-07-03,83040.39885882003,22780.358783724914,18452.090614817174,3749.369459993164,2701.081216572122,52564.05788347758,12657.743181508456,65221.80106498604,77,LP,2.273736754432321e-13,1200.0,10800.0
0.5,2025-07-04,42024.0184467848,15999.999999999998,12960.0,1649.343277964373,11752.494258082508,25206.85245341849,4867.065408163084,30073.917861581576,52,LP,4.547473508864641e-13,1200.0,10800.0
0.5,2025-07-05,42667.48695636293,16000.0,12960.0,1476.62520966168,12314.032199357946,25338.36304509888,4629.560871827017,29967.923916925894,49,LP,9.094947017729282e-13,1200.0,10800.0
0.5,2025-07-06,79689.94300153607,21620.929969070177,17512.953274946845,5715.818727367893,1503.803484780639,50138.2663231154,23144.21534504541,73282.4816681608,85,LP,2.273736754432321e-13,1200.0,10800.0
0.5,2025-07-07,82217.4496717592,22496.182170489305,18221.907558096333,1213.9011355219498,5747.593428221519,51351.96249292485,3728.037666355712,55080.00015928056,49,LP,2.273736754432321e-13,1200.0,10800.0
0.5,2025-07-08,81960.6566886254,21806.68471449336,17663.414618739618,2105.143123767294,4351.142699972306,51298.087476529785,8939.34694639227,60237.43442292206,59,LP,2.273736754432321e-13,1200.0,10800.0
0.5,2025-07-09,77373.12441084471,21148.28775215883,17130.11307924865,3329.4505414777327,2625.675262745613,48428.82857042637,12488.488816857873,60917.317387284245,80,LP,2.273736754432321e-13,1200.0,10800.0
0.5,2025-07-10,75659.8605852742,20840.97002487541,16881.18572014908,3124.2772199384463,1970.730117152988,47541.3116022667,11378.75128157286,58920.06288383957,84,LP,1.8189894035458565e-12,1200.0,10800.0
0.5,2025-07-11,40851.81535485124,16000.0,12960.000000000004,3704.162114493243,8997.200319344482,23849.2477178671,13013.78569506056,36863.03341292766,76,LP,9.094947017729282e-13,1200.0,10800.0
0.5,2025-07-12,42151.59774439375,15999.999999999998,12960.0,1970.5086293681463,9997.863040428569,24562.646705444917,7868.246517831423,32430.893223276336,60,LP,1.8189894035458565e-12,1200.0,10800.0
0.5,2025-07-13,75698.55389665051,20316.371309221948,16456.260760469777,1895.413136695874,4466.13608459422,47552.35896125784,7882.97057669418,55435.32953795201,63,LP,2.273736754432321e-13,1200.0,10800.0
0.5,2025-07-14,70855.64677582814,19956.95264032379,16165.131638662266,5598.886693561901,855.0332510618516,44759.98260839709,22855.953101310355,67615.93570970744,109,LP,2.273736754432321e-13,1200.0,10800.0
0.5,2025-07-15,75762.24064023007,19963.635331015503,16170.54461812256,4385.72370571375,3605.823049717556,47890.74043673637,14713.168668194285,62603.90910493065,59,LP,2.273736754432321e-13,1200.0,10800.0
0.5,2025-07-16,73279.58699288216,20525.380501112224,16625.558205900903,5503.7103511290425,2748.9116654665454,46024.33165462056,19304.941012096973,65329.27266671753,93,LP,1.8189894035458565e-12,1200.0,10800.0
0.5,2025-07-17,72738.68462643151,19930.130130963196,16143.405406080185,4949.818356555844,1181.362191437684,45881.85489663285,20357.81866544155,66239.6735620744,104,LP,2.273736754432321e-13,1200.0,10800.0
0.5,2025-07-18,39696.67688003539,16000.0,12960.0,4180.589353411628,9563.018133447022,23000.022833764837,16399.495665551523,39399.51849931636,81,LP,9.094947017729282e-13,1200.0,10800.0
0.5,2025-07-19,39908.32993067488,15999.999999999998,12960.0,2766.763224692673,12452.274105367558,23023.034922879044,11090.387315293898,34113.42223817294,71,LP,4.547473508864641e-13,1200.0,10800.0
0.5,2025-07-20,74135.12508923224,19757.02584852956,16003.190937308937,3729.543777785639,2020.8557391305976,46807.56025925966,13775.236476643136,60582.7967359028,73,LP,1.8189894035458565e-12,1200.0,10800.0
0.5,2025-07-21,72691.25098897083,19672.847317469448,15935.006327150257,6078.327222816808,1041.9878714684623,45696.7360140177,23133.71831877853,68830.45433279625,101,LP,2.273736754432321e-13,1200.0,10800.0
0.5,2025-07-22,78297.94914981014,21068.18910340404,17065.233173757268,2672.2091646653525,3172.0577681620616,48968.45462486255,10778.065682980829,59746.52030784338,70,LP,2.273736754432321e-13,1200.0,10800.0
0.5,2025-07-23,76849.90394971948,20734.063480708835,16794.591419374156,3557.274863584131,2251.1596353022715,48085.41814335752,14420.375328006006,62505.79347136352,81,LP,2.273736754432321e-13,1200.0,10800.0
0.5,2025-07-24,75615.21156448434,20687.98077774016,16757.26442996953,4453.139612010314,2521.162828724026,47448.99228479546,16886.851305385077,64335.843590180535,87,LP,2.273736754432321e-13,1200.0,10800.0
0.5,2025-07-25,40645.8349020364,16000.000000000002,12960.0,984.6760136678688,12085.191349037596,23702.500601708645,4035.910584354086,27738.41118606273,47,LP,9.094947017729282e-13,1200.0,10800.0
0.5,2025-07-26,41535.46567695547,16000.0,12959.999999999996,1625.181567270737,11651.555677559549,24171.94742224265,5712.105522624492,29884.052944867144,52,LP,9.094947017729282e-13,1200.0,10800.0
0.5,2025-07-27,77312.31908969348,20895.932456755487,16925.70528997195,2661.88980399652,2318.791926906465,48362.27018794346,11465.885527659511,59828.155715602974,74,LP,2.273736754432321e-13,1200.0,10800.0
0.5,2025-07-28,78151.10026548081,21052.75180396499,17052.728961211644,5273.499437415683,1469.6996268098171,48903.14686970072,20757.78959266704,69660.93646236777,87,LP,2.273736754432321e-13,1200.0,10800.0
0.5,2025-07-29,80071.82556676675,21541.41776110622,17448.548386496033,3304.291646721158,3214.001888877726,50008.3330874049,12422.222989300488,62430.55607670538,62,LP,2.273736754432321e-13,1200.0,10800.0
0.5,2025-07-30,77761.10187223075,21163.405514353493,17142.35846662633,3319.121042593091,2955.9218170966733,48460.91184576188,13849.842627565922,62310.754473327805,88,LP,2.273736754432321e-13,1200.0,10800.0
0.5,2025-07-31,77695.80691667489,21313.73028245468,17264.121528788288,2843.3227125313706,1794.524608873209,48549.11213814374,12095.96710473688,60645.079242880616,81,LP,1.8189894035458565e-12,1200.0,10800.0
0.5,2025-08-01,40457.51615797551,15999.999999999998,12960.0,1055.6564535188377,17221.81294482769,23578.360112031423,3759.343414400538,27337.703526431964,38,LP,9.094947017729282e-13,1200.0,10800.0
0.5,2025-08-02,38908.94904899169,15999.999999999996,12960.0,1382.6946807229135,16324.61879638128,22396.23107985528,5983.093616859964,28379.324696715244,54,LP,9.094947017729282e-13,1200.0,10800.0
0.5,2025-08-03,72578.74721494725,19699.01036638122,15956.19839676879,1136.0379436651417,7132.493205666626,45907.88500669056,4615.986302376525,50523.87130906708,45,LP,2.273736754432321e-13,1200.0,10800.0
0.5,2025-08-04,70607.62949762432,19684.09742667219,15944.118915604467,1230.6987254028993,2682.6946286261664,44849.80883128606,4798.044638833839,49647.853470119895,55,LP,2.273736754432321e-13,1200.0,10800.0
0.5,2025-08-05,71614.45801000208,19774.798462101026,16017.586754301828,1407.7787826033425,4112.715351472896,45574.19573499833,5734.981829104768,51309.1775641031,46,LP,2.273736754432321e-13,1200.0,10800.0
0.5,2025-08-06,67166.00405507763,19119.671626466807,15486.934017438116,5962.987973795398,1381.8551531776702,42785.35718235841,23900.88920680235,66686.24638916076,98,LP,4.547473508864641e-13,1200.0,10800.0
0.5,2025-08-07,73609.09378917304,19615.15922406752,15888.278971494685,662.3616696699662,7156.589956270182,46725.82342918044,2289.009061815107,49014.83249099555,31,LP,4.547473508864641e-13,1200.0,10800.0
0.5,2025-08-08,38875.252223531264,15999.999999999996,12960.0,1080.1470362797456,21140.22800981101,22429.658911602724,4485.514160550898,26915.173072153622,41,LP,9.094947017729282e-13,1200.0,10800.0
0.5,2025-08-09,37615.75752737906,15999.999999999998,12960.000000000002,3079.6220408749564,18733.450568254026,21524.682369395443,11937.189931769632,33461.87230116507,69,LP,4.547473508864641e-13,1200.0,10800.0
0.5,2025-08-10,66519.31388283761,19088.355680878536,15461.56810151161,4080.826957043517,1668.7342105142002,42491.45602979112,14965.89235201655,57457.348381807664,86,LP,9.094947017729282e-13,1200.0,10800.0
0.5,2025-08-11,69181.89057132257,19463.006153825525,15765.034984598671,2491.5293636622187,3414.195432424612,43958.008441426304,10096.094299574805,54054.10274100111,66,LP,2.273736754432321e-13,1200.0,10800.0
0.5,2025-08-12,70474.48465853912,19674.05715131672,15935.986292566544,3595.849868031132,2571.720017820076,44872.259520167405,14989.646918925428,59861.90643909283,72,LP,2.273736754432321e-13,1200.0,10800.0
0.5,2025-08-13,69757.66240468943,19833.45655547075,16065.099809931306,2803.619411882873,2671.945621032856,44010.53453292075,11191.776964608172,55202.31149752892,69,LP,2.273736754432321e-13,1200.0,10800.0
0.5,2025-08-14,67693.64406772221,19457.49584150253,15760.571631617053,3889.9012993948727,1960.330173898271,43082.8710440038,16260.33895233084,59343.20999633464,92,LP,2.273736754432321e-13,1200.0,10800.0
0.5,2025-08-15,39039.56997952891,16000.000000000002,12959.999999999998,1487.4097784908818,20327.252874686463,22603.219622313667,5351.542411977119,27954.762034290787,55,LP,9.094947017729282e-13,1200.0,10800.0
0.5,2025-08-16,40171.5747284344,15999.999999999996,12959.999999999996,1024.0521434610937,21226.34650522884,23369.05418269819,4685.100063636939,28054.15424633513,39,LP,9.094947017729282e-13,1200.0,10800.0
0.5,2025-08-17,65563.40263956043,18962.956887306387,15359.995078718175,3606.911887543353,2401.9591018489045,41868.1089080982,14604.211309453643,56472.320217551845,88,LP,9.094947017729282e-13,1200.0,10800.0
0.5,2025-08-18,66744.98423802135,19302.93452027328,15635.37696142136,3552.155150616092,2235.4662131188643,42792.67646299965,16105.744926079087,58898.421389078736,80,LP,4.547473508864641e-13,1200.0,10800.0
0.5,2025-08-19,66777.17039355476,19380.424847645983,15698.144126593244,2905.0635597914365,1682.2931822934515,42754.21222525339,11247.851488272692,54002.06371352608,75,LP,9.094947017729282e-13,1200.0,10800.0
0.5,2025-08-20,67339.59247714383,19462.60624864037,15764.711061398704,8327.149501049982,1318.1557242854738,43105.63644522423,33893.51420794096,76999.15065316518,90,LP,4.547473508864641e-13,1200.0,10800.0
0.5,2025-08-21,69709.89126602586,20203.725846600348,16365.017935746277,2921.551301469045,2948.316173307512,44206.36415995855,11621.906013982169,55828.27017394072,60,LP,2.273736754432321e-13,1200.0,10800.0
0.5,2025-08-22,39903.54105080269,15999.999999999998,12959.999999999996,3378.4996441072626,19011.47129490995,23215.394789973216,13982.645209610968,37198.03999958419,64,LP,9.094947017729282e-13,1200.0,10800.0
0.5,2025-08-23,39270.80722643057,15999.999999999996,12960.0,2006.1966717757896,15706.997748206362,22754.845374107703,8166.294314502805,30921.139688610507,62,LP,9.094947017729282e-13,1200.0,10800.0
0.5,2025-08-24,68250.6679724566,19627.086033971653,15897.93968751704,3407.79159445318,4195.723737121849,43210.0778470347,14783.205710742452,57993.28355777716,81,LP,2.273736754432321e-13,1200.0,10800.0
0.5,2025-08-25,66429.12819944968,19300.978298615704,15633.792421878725,8918.852098473351,907.7074045193772,42479.68928153852,34953.47127123656,77433.16055277508,99,LP,1.8189894035458565e-12,1200.0,10800.0
0.5,2025-08-26,69424.05294486976,19864.756227207326,16090.452544037931,2713.4338597218903,2834.3647380889306,43763.48971009633,11641.370716083611,55404.86042617994,79,LP,2.273736754432321e-13,1200.0,10800.0
0.5,2025-08-27,66986.51435126968,19541.16996232354,15828.347669482073,5664.202613614802,1023.745805376341,42597.04437412344,24129.301594694138,66726.34596881756,106,LP,9.094947017729282e-13,1200.0,10800.0
0.5,2025-08-28,69714.91194196107,19846.119094226717,16075.356466323645,6329.278122635529,1505.6324533601903,44059.00577515185,25119.20345294497,69178.20922809682,97,LP,1.8189894035458565e-12,1200.0,10800.0
0.5,2025-08-29,37572.83353497228,15999.999999999998,12960.0,3400.366493084972,15377.97967805725,21659.07163768537,13961.400857728617,35620.47249541399,77,LP,9.094947017729282e-13,1200.0,10800.0
0.5,2025-08-30,37843.32031445028,15999.999999999996,12960.0,3871.42993799422,20162.030419111165,21873.01716307814,15123.91999367909,36996.93715675723,84,LP,9.094947017729282e-13,1200.0,10800.0
0.5,2025-08-31,69804.49540819437,19992.28365808215,16193.749763046544,3233.0834638363567,2592.421893661799,44480.0437702088,12392.758919457956,56872.80268966675,66,LP,2.273736754432321e-13,1200.0,10800.0
0.55,2025-05-01,53492.02355820756,18797.00630478008,15225.575106871862,4488.799182924102,3398.0127432234503,31942.48800095089,20645.581410977706,52588.06941192859,88,LP,9.094947017729282e-13,1200.0,10800.0
0.55,2025-05-02,26189.10475889805,16000.000000000002,12960.0,6353.748454600294,15212.533130165011,12814.597377783535,27642.95783556184,40457.555213345375,92,LP,4.547473508864641e-13,1200.0,10800.0
0.55,2025-05-03,28431.64359806085,16000.0,12960.0,2010.9427104113747,18535.414658472226,14540.578490221573,9009.133857795332,23549.712348016903,57,LP,2.273736754432321e-13,1200.0,10800.0
0.55,2025-05-04,57315.32705542588,19271.271271266705,15609.729729726034,2118.5230126505576,4037.6411932024334,34824.08341878213,7366.479383694837,42190.56280247697,61,LP,1.1368683772161605e-13,1200.0,10800.0
0.55,2025-05-05,55299.00033468657,18441.92397765498,14937.958421900536,5087.011913868949,1806.039892801074,33700.45313990534,22594.04102175624,56294.494161661576,84,LP,9.094947017729282e-13,1200.0,10800.0
0.55,2025-05-06,57535.02377054391,18838.15494369224,15258.90550439071,2918.666745567521,4004.35871014324,35070.605769324604,12640.430455644631,47711.03622496924,75,LP,1.1368683772161605e-13,1200.0,10800.0
0.55,2025-05-07,58583.16522392214,19004.18943092688,15393.39343905077,2477.783626343264,2382.306908389294,35648.8395515764,11026.148432700837,46674.98798427724,75,LP,4.547473508864641e-13,1200.0,10800.0
0.55,2025-05-08,58413.93763607252,19208.715698970303,15559.059716165944,3466.761421085352,2404.530674353511,35905.19743360969,13059.981727901144,48965.17916151084,74,LP,4.547473508864641e-13,1200.0,10800.0
0.55,2025-05-09,28494.44365746913,15999.999999999998,12959.999999999998,762.8005971985242,17717.858404667655,14815.704034066575,3084.7177015414945,17900.42173560807,38,LP,1.8189894035458565e-12,1200.0,10800.0
0.55,2025-05-10,27217.1853392508,16000.0,12960.0,2942.710614752748,14998.850670670216,13644.631934663186,12482.134818513276,26126.766753176464,77,LP,1.8189894035458565e-12,1200.0,10800.0
0.55,2025-05-11,60186.52186564651,19385.02571697328,15701.870830748358,2188.233719030992,3207.521615119252,36541.22933311903,8945.237670447012,45486.46700356604,60,LP,9.094947017729282e-13,1200.0,10800.0
0.55,2025-05-12,59804.79026529025,19464.008805672616,15765.84713259482,1688.4034121441057,5863.836771023229,36454.78998320855,4868.836509976198,41323.62649318476,40,LP,4.547473508864641e-13,1200.0,10800.0
0.55,2025-05-13,54560.46354862088,18082.507247258123,14646.830870279082,3347.707774304775,1343.2821792799496,33169.83986224404,14698.889954401837,47868.72981664587,83,LP,1.8189894035458565e-12,1200.0,10800.0
0.55,2025-05-14,56281.41478022856,18658.73490759364,15113.57527515084,2496.185116390728,2218.291480843166,33922.8272986634,9964.703202907316,43887.53050157071,75,LP,4.547473508864641e-13,1200.0,10800.0
0.55,2025-05-15,57346.374486649394,18655.020395509207,15110.566520362456,1986.12591828604,3022.988246455356,34994.32903887769,7786.330860573515,42780.6598994512,64,LP,1.1368683772161605e-13,1200.0,10800.0
0.55,2025-05-16,27746.124364568022,15999.999999999996,12960.000000000002,741.6100135257741,22732.22784476047,14243.597510050717,2593.7645819547797,16837.362092005493,34,LP,4.547473508864641e-13,1200.0,10800.0
0.55,2025-05-17,27957.662198463106,16000.0,12960.0,2602.98434386943,17071.847458999207,14429.801035203924,11257.115011117574,25686.9160463215,55,LP,9.094947017729282e-13,1200.0,10800.0
0.55,2025-05-18,57239.93244431659,18178.40873877396,14724.511078406904,2684.154391179048,2794.0210751285967,34870.43628987656,9045.782000226824,43916.21829010339,62,LP,1.1368683772161605e-13,1200.0,10800.0
0.55,2025-05-19,56373.10533813334,18074.99515992241,14640.746079537152,1247.1621043446294,6670.801812092712,34027.47388405286,6132.43414182131,40159.90802587417,57,LP,1.1368683772161605e-13,1200.0,10800.0
0.55,2025-05-20,56664.93925457854,18147.032367773,14699.09621789613,2873.731102730472,1563.3393907654836,34379.68981322568,11394.29419866811,45773.98401189379,79,LP,1.1368683772161605e-13,1200.0,10800.0
0.55,2025-05-21,56345.85912004015,17992.096908856034,14573.598496173388,2853.0958822266552,4417.841306250828,34135.20206159877,12002.505369322149,46137.70743092092,65,LP,9.094947017729282e-13,1200.0,10800.0
0.55,2025-05-22,57473.23968903674,18149.624618476668,14701.1959409661,841.0244052679004,4049.204600127413,35013.33335632776,3543.290799414907,38556.62415574267,38,LP,2.273736754432321e-13,1200.0,10800.0
0.55,2025-05-23,26526.764763118736,16000.0,12960.0,1805.60833948458,18871.424219269986,13307.580731253258,7271.736474157517,20579.31720541077,65,LP,4.547473508864641e-13,1200.0,10800.0
0.55,2025-05-24,27196.126157962917,16000.000000000002,12960.0,803.2164243934185,21204.841199022994,13784.759617105428,3178.0825363300446,16962.84215343547,42,LP,4.547473508864641e-13,1200.0,10800.0
0.55,2025-05-25,55924.37808779364,18037.57173659495,14610.433106641907,1102.4213068092922,5054.650581316557,33735.552160472245,4892.633224346046,38628.185384818295,53,LP,9.094947017729282e-13,1200.0,10800.0
0.55,2025-05-26,54809.01307242568,17483.781359954643,14161.862901563263,4760.417575372078,1667.6792394063768,33138.756821897085,19399.36986842329,52538.12669032038,86,LP,1.1368683772161605e-13,1200.0,10800.0
0.55,2025-05-27,56238.99603412341,18169.753998405788,14717.500738708684,1240.4509801953732,4636.82645462168,34200.685484103786,4917.800022515252,39118.48550661904,50,LP,9.094947017729282e-13,1200.0,10800.0
0.55,2025-05-28,56655.30788254364,18053.90998983,14623.667091762294,3251.150906879508,4202.39179135545,34201.001437834784,12542.041080522244,46743.04251835703,75,LP,2.273736754432321e-13,1200.0,10800.0
0.55,2025-05-29,56476.98691318928,18235.6451295332,14770.872554921893,3479.529843613991,2381.6206821919623,34335.81946633094,14757.739179680657,49093.5586460116,81,LP,2.273736754432321e-13,1200.0,10800.0
0.55,2025-05-30,27049.254507866197,16000.000000000004,12960.000000000002,1802.784927878462,19215.80616907799,13776.817693014573,7010.223204608536,20787.040897623105,52,LP,9.094947017729282e-13,1200.0,10800.0
0.55,2025-05-31,27251.12834680725,15999.999999999998,12960.0,1582.1008563140815,17404.047653121335,13779.443530839118,6237.193637905526,20016.637168744644,61,LP,9.094947017729282e-13,1200.0,10800.0
0.55,2025-06-01,59457.670996853456,19086.067585363977,15459.714744144823,15627.103922628374,233.59577826268304,35928.29401399918,60650.58432398884,96578.87833798802,128,LP,9.094947017729282e-13,1200.0,10800.0
0.55,2025-06-02,66946.60613793734,19048.77405385893,15429.506983625732,7766.728910168665,2453.2605278728124,42393.3780222321,30699.16754114651,73092.5455633786,90,LP,2.273736754432321e-13,1200.0,10800.0
0.55,2025-06-03,70777.82175775363,20199.74796950635,16361.795855300144,3205.285221363975,1952.788031578065,44143.8064477854,13251.225065301143,57395.03151308654,87,LP,2.273736754432321e-13,1200.0,10800.0
0.55,2025-06-04,74212.62840932122,21512.66112590845,17425.255511985844,3016.709210863027,3496.6711895949798,46116.10462515652,9241.435783905074,55357.54040906159,58,LP,2.273736754432321e-13,1200.0,10800.0
0.55,2025-06-05,73066.97957686837,20945.22735131545,16965.634154565516,4102.837499622032,2040.905863073808,45327.00359577488,15501.636016781817,60828.6396125567,85,LP,4.547473508864641e-13,1200.0,10800.0
0.55,2025-06-06,35019.83184122779,15999.999999999998,12960.0,5139.542001060543,6264.378442288339,20084.86714481289,19964.74705657449,40049.61420138739,70,LP,9.094947017729282e-13,1200.0,10800.0
0.55,2025-06-07,35821.176529811906,15999.999999999998,12960.0,1906.462099053388,3561.125462198633,20496.592499312323,6923.028915530178,27419.6214148425,58,LP,1.8189894035458565e-12,1200.0,10800.0
0.55,2025-06-08,82221.94266212027,23546.69951781121,19072.826609427088,367.9887582223144,12931.135245291784,51433.60728968408,1351.5320814704114,52785.13937115449,27,LP,4.547473508864641e-13,1200.0,10800.0
0.55,2025-06-09,74281.13498100087,21423.522077131507,17353.05288247652,3637.958559378284,2915.911612390849,45541.70761221119,15014.09095203532,60555.79856424651,85,LP,2.273736754432321e-13,1200.0,10800.0
0.55,2025-06-10,77178.17104964632,22425.20281066992,18164.41427664264,1983.3191476406616,3282.2574299263706,47485.0099799624,7758.766800299591,55243.77678026199,70,LP,4.547473508864641e-13,1200.0,10800.0
0.55,2025-06-11,77737.56002050955,22469.01982099184,18199.90605500339,4136.339470029276,1520.3394078837118,47992.1714355867,17751.173579181625,65743.34501476833,87,LP,9.094947017729282e-13,1200.0,10800.0
0.55,2025-06-12,80854.02264180781,23134.68342272977,18739.093572411108,1090.9370386082128,5096.978396764037,50613.47771373479,3965.085201897143,54578.56291563193,41,LP,4.547473508864641e-13,1200.0,10800.0
0.55,2025-06-13,33995.03117934255,15999.999999999996,12959.999999999998,1815.1744126866429,4424.8918920291935,19205.534310141484,6888.219290511172,26093.753600652657,69,LP,9.094947017729282e-13,1200.0,10800.0
0.55,2025-06-14,34818.45209367976,16000.0,12959.999999999998,1574.4286492796746,7159.537992959431,19594.61238293777,5044.220717019974,24638.83309995774,57,LP,4.547473508864641e-13,1200.0,10800.0
0.55,2025-06-15,77178.76261456925,22437.791408499408,18174.61104088452,1827.7923152060596,4116.400228827089,47825.36763381009,6697.102752163228,54522.47038597332,39,LP,4.547473508864641e-13,1200.0,10800.0
0.55,2025-06-16,77628.83529008432,22541.57243859061,18258.6736752584,2046.5457473243368,2698.429457409768,47805.92325140271,8115.304405536404,55921.22765693911,71,LP,2.273736754432321e-13,1200.0,10800.0
0.55,2025-06-17,78898.95043983118,22764.175155119512,18438.9818756468,3212.1025999760964,3148.8485436679016,48737.88683610966,13136.179605813304,61874.066441922965,66,LP,2.273736754432321e-13,1200.0,10800.0
0.55,2025-06-18,79377.21460482138,22865.116272107072,18520.744180406728,1130.313872663272,5234.765485784292,49055.38833896636,4530.192491220259,53585.58083018662,54,LP,2.273736754432321e-13,1200.0,10800.0
0.55,2025-06-19,75991.92536290934,22337.979630545196,18093.763500741603,1682.5220481206793,5170.72708122644,46920.15158340959,6745.153499324047,53665.30508273364,56,LP,4.547473508864641e-13,1200.0,10800.0
0.55,2025-06-20,34513.02215957052,15999.999999999998,12959.999999999998,476.7011781760504,9549.142487746574,19591.683864309685,1762.60390981834,21354.287774128024,29,LP,1.1368683772161605e-13,1200.0,10800.0
0.55,2025-06-21,34528.31642390327,15999.999999999996,12959.999999999998,658.1433396418496,12811.719363545124,19388.261869364014,2577.1310499162278,21965.39291928025,29,LP,1.8189894035458565e-12,1200.0,10800.0
0.55,2025-06-22,75202.8267895388,22354.709095705603,18107.31436752154,1720.1750024449052,5218.265963799642,45973.60271874532,7045.075673017383,53018.678391762696,53,LP,2.273736754432321e-13,1200.0,10800.0
0.55,2025-06-23,75825.90405353837,22399.89432449756,18143.914402843024,1159.3497525766045,5667.987884460448,46589.22611449952,5302.562043798266,51891.78815829778,44,LP,2.273736754432321e-13,1200.0,10800.0
0.55,2025-06-24,71872.97624397831,22052.246095986688,17862.319337749217,9118.448951661265,532.7061874021149,43795.09569630052,36163.07700810104,79958.17270440154,115,LP,2.273736754432321e-13,1200.0,10800.0
0.55,2025-06-25,79407.65776184094,22925.495133103686,18569.651057813982,1331.7304299315174,5946.122749816092,49143.03936967059,4860.155089866838,54003.19445953742,32,LP,4.547473508864641e-13,1200.0,10800.0
0.55,2025-06-26,76629.36064888065,22896.465337452675,18546.136923336668,1637.9980994610687,6369.646500892382,47060.74392584877,6952.415107612544,54013.159033461314,66,LP,4.547473508864641e-13,1200.0,10800.0
0.55,2025-06-27,33815.83142545594,16000.0,12960.0,390.64621313774137,11394.831771927016,19001.44327637205,1584.786463697553,20586.229740069608,29,LP,9.094947017729282e-13,1200.0,10800.0
0.55,2025-06-28,34028.65581279804,16000.0,12960.0,517.8721060933169,9729.601802224694,19022.28567783628,1574.1003265393886,20596.386004375665,30,LP,4.547473508864641e-13,1200.0,10800.0
0.55,2025-06-29,77547.96043720428,22779.89198091186,18451.71250453861,1662.5494965431817,5614.561924040887,47873.59839203721,5215.795635260156,53089.39402729736,46,LP,9.094947017729282e-13,1200.0,10800.0
0.55,2025-06-30,77039.36596673206,22695.294568001707,18383.188600081383,1847.6373612174607,4697.213376695858,47442.74710731161,6847.486140922252,54290.23324823386,55,LP,4.547473508864641e-13,1200.0,10800.0
0.55,2025-07-01,81058.08152298027,23022.76063317706,18648.43611287342,6089.899913176261,3907.112882519565,50456.31578648033,20937.07616811301,71393.39195459333,96,LP,9.094947017729282e-13,1200.0,10800.0
0.55,2025-07-02,86057.16502340692,22982.374332170657,18615.723209058226,1680.0465845513313,10465.79411817917,54526.2890409013,4149.805226044908,58676.09426694621,36,LP,9.094947017729282e-13,1200.0,10800.0
0.55,2025-07-03,84086.02462565771,22658.863615295897,18353.67952838968,3270.9252479896977,3291.3468534078647,53316.31839088107,10938.0762923662,64254.39468324727,72,LP,4.547473508864641e-13,1200.0,10800.0
0.55,2025-07-04,42481.014889712285,16000.000000000004,12960.0,1467.1693061012484,12027.316729146864,25540.45857827725,4255.608712417865,29796.067290695115,51,LP,9.094947017729282e-13,1200.0,10800.0
0.55,2025-07-05,43110.105349780766,15999.999999999996,12960.0,1263.490271784377,12543.51565489848,25658.17703866861,3898.5196975307135,29556.696736199327,46,LP,9.094947017729282e-13,1200.0,10800.0
0.55,2025-07-06,80647.4240087155,21910.24091356917,17747.29513999103,5129.21561631123,1819.7123014485965,50749.94129950048,20789.002943288284,71538.94424278876,79,LP,2.273736754432321e-13,1200.0,10800.0
0.55,2025-07-07,83087.07303568683,22475.38383410759,18205.060905627142,1001.7090016047648,6408.976342144496,51978.28344405121,2925.116818935656,54903.40026298686,40,LP,4.547473508864641e-13,1200.0,10800.0
0.55,2025-07-08,82881.71655274578,21927.91455064426,17761.610786021847,1723.358107942638,4867.38387939936,51920.368053220125,7285.871954440864,59206.24000766099,51,LP,2.273736754432321e-13,1200.0,10800.0
0.55,2025-07-09,78379.6207414265,21424.54155665391,17353.87866088967,2752.2342794255846,3002.467108421167,49045.648657411664,10337.998583688715,59383.64724110038,72,LP,2.273736754432321e-13,1200.0,10800.0
0.55,2025-07-10,76676.4981940378,21058.70357345871,17057.549894501553,2648.977305227469,2470.6984369747925,48159.25428724354,9584.917263264202,57744.17155050775,71,LP,2.273736754432321e-13,1200.0,10800.0
0.55,2025-07-11,41273.51571201782,16000.000000000002,12960.0,3296.8864975220904,9011.625059539909,24139.52804720533,11534.783001771766,35674.3110489771,70,LP,1.8189894035458565e-12,1200.0,10800.0
0.55,2025-07-12,42567.68303723823,15999.999999999996,12960.0,1582.5463883899297,10025.986092294826,24848.268332511827,6271.058588960228,31119.326921472057,55,LP,9.094947017729282e-13,1200.0,10800.0
0.55,2025-07-13,76742.233746419,20580.306091041137,16670.047933743324,1534.2467134080662,5098.501902529257,48177.634376730086,6430.399351930458,54608.03372866054,57,LP,2.273736754432321e-13,1200.0,10800.0
0.55,2025-07-14,71846.72482290406,19839.100048469256,16069.671039260096,4762.653306558842,1032.2699035870753,45359.64769997916,19696.52438316152,65056.17208314067,100,LP,1.8189894035458565e-12,1200.0,10800.0
0.55,2025-07-15,76799.29477198474,20177.34376761632,16343.64845176922,3849.5302926747263,4066.0791654790505,48496.70238593542,12789.351282648566,61286.05366858399,52,LP,2.273736754432321e-13,1200.0,10800.0
0.55,2025-07-16,74372.82861868375,20731.991507186824,16792.91312082133,4822.80652173912,3121.993370724047,46668.241435408,16912.236164927304,63580.4776003353,84,LP,2.273736754432321e-13,1200.0,10800.0
0.55,2025-07-17,73776.42305573856,20127.293413082167,16303.107664596557,4221.678811341384,1453.5000519276732,46496.67844149546,17575.878734943435,64072.557176438895,93,LP,2.273736754432321e-13,1200.0,10800.0
0.55,2025-07-18,40093.20020766002,15999.999999999996,12960.0,3704.394031365445,9483.346139025463,23286.925287862286,14578.540137121174,37865.46542498346,74,LP,4.547473508864641e-13,1200.0,10800.0
0.55,2025-07-19,40327.56219515052,15999.999999999996,12960.0,2365.518065156173,12470.2612103067,23332.66386776609,9448.422082745994,32781.08595051208,63,LP,9.094947017729282e-13,1200.0,10800.0
0.55,2025-07-20,75143.93956369824,19976.042157620694,16180.59414767276,3139.4371834165986,2397.95052050024,47404.73341744632,11417.10511474334,58821.83853218966,67,LP,2.273736754432321e-13,1200.0,10800.0
0.55,2025-07-21,73668.42340800716,19871.1308327514,16095.615974528631,5368.76976935445,1271.928969138859,46270.9459583358,20323.04086567084,66593.98682400663,95,LP,2.273736754432321e-13,1200.0,10800.0
0.55,2025-07-22,79399.60155690834,21339.83108842249,17285.26318162222,2118.014399886689,3667.903433328092,49642.17184068962,8596.026354278096,58238.198194967714,65,LP,2.273736754432321e-13,1200.0,10800.0
0.55,2025-07-23,77926.97448829359,20987.7116649662,17000.046448622623,2970.748871674058,2693.511026957406,48736.66111691757,12093.440742397504,60830.10185931508,70,LP,2.273736754432321e-13,1200.0,10800.0
0.55,2025-07-24,76707.29255408308,20929.466988551343,16952.868260726587,3837.821784799391,2952.0436110577198,48102.220624048,14630.970672430512,62733.19129647852,79,LP,2.273736754432321e-13,1200.0,10800.0
0.55,2025-07-25,41058.61823317141,16000.000000000002,12960.0,791.7506374122867,12305.049303917029,23974.3555294329,3382.9928345523044,27357.34836398521,41,LP,4.547473508864641e-13,1200.0,10800.0
0.55,2025-07-26,41920.6242523884,15999.999999999996,12960.0,1377.902850058479,11789.435535780216,24429.15299476277,4808.004174620082,29237.15716938285,47,LP,4.547473508864641e-13,1200.0,10800.0
0.55,2025-07-27,78209.93028549997,21137.07167668989,17121.028058118816,2275.7878242274555,2784.48469115635,48900.10691933727,9849.64085327022,58749.74777260749,61,LP,2.273736754432321e-13,1200.0,10800.0
0.55,2025-07-28,79020.61825406694,21248.472716718174,17211.262900541726,4721.579476159755,1750.1106807169242,49438.79600610276,18580.987639240597,68019.78364534336,83,LP,2.273736754432321e-13,1200.0,10800.0
0.55,2025-07-29,80990.57388192025,21580.829654741778,17480.47202034084,2939.293776677964,3760.2640741972746,50611.86843003114,11039.043579909136,61650.91200994028,55,LP,4.547473508864641e-13,1200.0,10800.0
0.55,2025-07-30,78751.5130135216,21408.432950634844,17340.830690014223,2773.1295677463304,3353.786270647318,49049.905092187066,11680.917676422072,60730.82276860914,77,LP,2.273736754432321e-13,1200.0,10800.0
0.55,2025-07-31,78661.28472576442,21514.5680697824,17426.800136523743,2359.856334596192,2238.376860435288,49137.46177002688,10177.47752153025,59314.93929155713,68,LP,2.273736754432321e-13,1200.0,10800.0
0.55,2025-08-01,40815.57939431237,16000.000000000002,12960.0,928.0515872017236,17452.271314847436,23834.05890038079,3295.2465000278435,27129.305400408637,35,LP,9.094947017729282e-13,1200.0,10800.0
0.55,2025-08-02,39258.45409287587,16000.000000000002,12959.999999999996,1165.764361376898,16457.193520919438,22645.944089442557,5052.395793330125,27698.33988277268,48,LP,9.094947017729282e-13,1200.0,10800.0
0.55,2025-08-03,73486.48670232244,19698.646721870988,15955.9038447155,969.696617536822,7873.960459370444,46467.70191379521,3985.7183446391273,50453.42025843434,43,LP,2.273736754432321e-13,1200.0,10800.0
0.55,2025-08-04,71593.5233818485,19844.99456872837,16074.445600669982,957.4898323889964,3364.8091628457705,45395.99130979343,3747.9978989850106,49143.98920877844,43,LP,2.273736754432321e-13,1200.0,10800.0
0.55,2025-08-05,72582.18361592657,19952.067282638956,16161.174498937551,1094.627316060805,4733.608414952653,46106.84497480025,4531.446355281176,50638.29133008143,39,LP,2.273736754432321e-13,1200.0,10800.0
0.55,2025-08-06,68112.61980588711,19325.021268796107,15653.267227724848,5361.684135739743,1688.150633888939,43298.21987922778,21625.63976230749,64923.85964153527,90,LP,1.8189894035458565e-12,1200.0,10800.0
0.55,2025-08-07,74559.26687031043,19801.65569727267,16039.341114790855,529.0055509419789,7937.972588770599,47278.71935718808,1753.0123290783597,49031.73168626644,26,LP,2.273736754432321e-13,1200.0,10800.0
0.55,2025-08-08,39253.20226120736,15999.999999999996,12960.0,908.3777219263004,21346.408733133667,22691.39948943888,3772.09348442552,26463.4929738644,37,LP,1.8189894035458565e-12,1200.0,10800.0
0.55,2025-08-09,38004.889436760175,16000.0,12959.999999999998,2784.050987359064,18827.01142411925,21792.11948428381,10696.494833533494,32488.6143178173,68,LP,9.094947017729282e-13,1200.0,10800.0
0.55,2025-08-10,67445.44968447884,19244.79149650174,15588.281112166407,3563.171930265551,2047.4921804090652,43007.14269382269,12970.586830727056,55977.72952454975,72,LP,9.094947017729282e-13,1200.0,10800.0
0.55,2025-08-11,70128.25801271311,19622.400824851185,15894.144668129458,2147.471537969348,3986.220060627393,44499.07349103165,8835.435950082388,53334.509441114045,58,LP,2.273736754432321e-13,1200.0,10800.0
0.55,2025-08-12,71362.11352091428,19844.8759765954,16074.349541042273,3105.7080229463927,2936.7514583075545,45372.79605076341,13069.38432844332,58442.18037920674,62,LP,2.273736754432321e-13,1200.0,10800.0
0.55,2025-08-13,70661.02060210264,19741.949792234085,15990.979331709612,2374.891114547496,3163.9618061256638,44557.81675939247,9617.292444499884,54175.10920389235,60,LP,1.8189894035458565e-12,1200.0,10800.0
0.55,2025-08-14,68628.58660906745,19641.52486417439,15909.635139981254,3338.047605486898,2308.4535070278957,43595.561790315296,14141.40269639836,57736.96448671365,87,LP,2.273736754432321e-13,1200.0,10800.0
0.55,2025-08-15,39414.19092584658,16000.0,12960.0,1214.0956655513562,20428.55970806461,22850.77602550771,4344.394171820128,27195.17019732784,46,LP,1.8189894035458565e-12,1200.0,10800.0
0.55,2025-08-16,40566.81317335542,15999.999999999998,12960.0,862.6031301030591,21460.13593679182,23621.77263522709,4012.569002917085,27634.34163814417,33,LP,9.094947017729282e-13,1200.0,10800.0
0.55,2025-08-17,66477.16014856177,19143.27288000803,15506.051032806505,3120.1198698555468,2794.664554549129,42356.6047967334,12759.939080376473,55116.54387710987,87,LP,9.094947017729282e-13,1200.0,10800.0
0.55,2025-08-18,67720.01079277878,19513.59037152123,15806.008200932194,3041.011944354037,2659.3249498771074,43315.5779783411,13925.645477552494,57241.22345589359,77,LP,9.094947017729282e-13,1200.0,10800.0
0.55,2025-08-19,67708.4873275991,19570.309186795384,15851.950441304258,2440.2272320826105,2112.695764190584,43261.7724382087,9622.581138242393,52884.353576451096,67,LP,9.094947017729282e-13,1200.0,10800.0
0.55,2025-08-20,68353.72918609383,19672.30986483099,15934.570990513104,7601.299367770072,1566.5986128793495,43650.46393371165,31104.75173293057,74755.21566664222,83,LP,1.8189894035458565e-12,1200.0,10800.0
0.55,2025-08-21,70734.0099007075,20396.122637104487,16520.859336054637,2544.7585846966304,3559.086701020956,44781.37379918969,10195.018222108574,54976.39202129826,55,LP,9.094947017729282e-13,1200.0,10800.0
0.55,2025-08-22,40219.72230061767,16000.000000000004,12960.0,3053.0219016814517,19002.17480229912,23432.021943311334,12672.738062636414,36104.76000594776,58,LP,9.094947017729282e-13,1200.0,10800.0
0.55,2025-08-23,39597.59041243286,16000.0,12960.0,1724.1538763915144,15751.738138824378,22968.37544732879,7029.82437020134,29998.19981753013,56,LP,9.094947017729282e-13,1200.0,10800.0
0.55,2025-08-24,69206.22934673805,19808.622994792426,16044.98462578186,3000.423606666141,4709.425101060309,43737.743618557,13057.88265876647,56795.62627732346,73,LP,2.273736754432321e-13,1200.0,10800.0
0.55,2025-08-25,67392.5210877361,19456.79175898348,15760.001324776622,8184.327907053554,1106.9715439161312,43015.29611151171,32204.71971077354,75220.01582228525,98,LP,1.8189894035458565e-12,1200.0,10800.0
0.55,2025-08-26,70340.07968742146,19557.66858614452,15841.711554777065,2289.30878331896,3384.6130560396314,44344.018591110274,9818.567771290724,54162.586362401,71,LP,4.547473508864641e-13,1200.0,10800.0
0.55,2025-08-27,67935.25279671246,19716.059491325555,15970.0081879737,5040.485692969564,1315.538319663508,43131.829116536726,21639.909218315704,64771.73833485243,101,LP,1.8189894035458565e-12,1200.0,10800.0
0.55,2025-08-28,70674.19339303528,19602.54491312616,15878.061379632183,5619.653694051503,1801.5685702594824,44671.330390468414,22373.89348049063,67045.22387095905,92,LP,9.094947017729282e-13,1200.0,10800.0
0.55,2025-08-29,38017.19441910168,15999.999999999998,12959.999999999996,3001.616582926955,15423.590652028632,21962.237674476903,12315.167898963424,34277.40557344033,69,LP,4.547473508864641e-13,1200.0,10800.0
0.55,2025-08-30,38238.5821106802,15999.999999999998,12959.999999999998,3419.48000062693,20105.342277973792,22142.99376543,13276.136970451784,35419.13073588178,82,LP,4.547473508864641e-13,1200.0,10800.0
0.55,2025-08-31,70902.09873214614,20216.90358280178,16375.691902069437,2684.7004999452142,3098.964468025688,45105.84177813121,10363.298692312195,55469.14047044341,62,LP,2.273736754432321e-13,1200.0,10800.0
0.6,2025-05-01,54336.1137541789,18909.28260615714,15316.51891098728,4148.379280447171,3880.3505394562135,32401.68523131634,19215.270794819957,51616.95602613629,85,LP,9.094947017729282e-13,1200.0,10800.0
0.6,2025-05-02,26419.26863314503,15999.999999999996,12959.999999999998,5990.887985842089,15079.836535653789,12964.124035487876,26058.10977294733,39022.2338084352,89,LP,4.547473508864641e-13,1200.0,10800.0
0.6,2025-05-03,28651.70974828008,15999.999999999996,12959.999999999996,1749.5680231714755,18494.106121451558,14695.416669460894,7920.578798335821,22615.995467796714,55,LP,4.547473508864641e-13,1200.0,10800.0
0.6,2025-05-04,58065.1111233019,19370.646843085822,15690.223942899516,1850.4345918007248,4500.455481582987,35252.450814371565,6462.680969881242,41715.13178425281,53,LP,9.094947017729282e-13,1200.0,10800.0
0.6,2025-05-05,56079.87944305604,18556.60723908562,15030.851863659353,4705.438671034393,2183.555938664166,34149.6723934702,21016.213067827663,55165.88546129787,79,LP,9.094947017729282e-13,1200.0,10800.0
0.6,2025-05-06,58393.21497283326,18948.350126837067,15348.163602738025,2610.6644457428174,4533.610527810372,35547.50123350897,11377.649141952686,46925.15037546166,70,LP,1.1368683772161605e-13,1200.0,10800.0
0.6,2025-05-07,59532.41843610552,19124.323371414142,15490.701930845462,2048.2558575986104,2879.206903135449,36177.79413255958,9218.240216949018,45396.0343495086,68,LP,2.273736754432321e-13,1200.0,10800.0
0.6,2025-05-08,59368.38740494185,19361.319527080377,15682.668816935107,2838.155041979033,2701.379336775617,36425.767463233,10766.02105933982,47191.78852257282,64,LP,1.1368683772161605e-13,1200.0,10800.0
0.6,2025-05-09,28740.80612069213,16000.000000000002,12960.0,659.7338468269979,17861.15411751913,14984.325380661025,2659.630027993552,17643.955408654576,35,LP,4.547473508864641e-13,1200.0,10800.0
0.6,2025-05-10,27476.51575602828,16000.0,12959.999999999998,2563.6239898857752,14879.094462580724,13811.73984369688,10947.115077355738,24758.854921052614,71,LP,4.547473508864641e-13,1200.0,10800.0
0.6,2025-05-11,61038.79955819256,19141.07584744592,15504.271436431203,1811.738550243379,3729.654614087888,37061.10937112157,7451.829538348607,44512.93890947018,57,LP,1.1368683772161605e-13,1200.0,10800.0
0.6,2025-05-12,60676.22674231973,19434.814415638284,15742.199676667013,1418.5608712096423,6470.977641224768,36951.32245078105,4073.660437196728,41024.98288797778,35,LP,4.547473508864641e-13,1200.0,10800.0
0.6,2025-05-13,55465.01959202455,18203.626455603742,14744.93742903903,2854.155465153207,1731.2732639463738,33663.03783823733,12652.28341010155,46315.32124833888,74,LP,9.094947017729282e-13,1200.0,10800.0
0.6,2025-05-14,57228.15394146398,18767.80041612067,15201.91833705774,2059.795481788128,2707.918560855847,34447.48759439922,8275.304714937263,42722.79230933649,71,LP,1.8189894035458565e-12,1200.0,10800.0
0.6,2025-05-15,58310.24673325618,18810.929485165776,15236.852882984282,1619.0177113474092,3590.129559088764,35528.74368789604,6361.863477200114,41890.60716509616,54,LP,1.1368683772161605e-13,1200.0,10800.0
0.6,2025-05-16,28053.344337995404,15999.999999999998,12960.0,615.9215968229422,22913.75940148502,14459.775116443006,2135.530025498436,16595.30514194144,30,LP,9.094947017729282e-13,1200.0,10800.0
0.6,2025-05-17,28244.421068127584,16000.000000000002,12959.999999999998,2375.36249805201,17130.98448284626,14635.79677422843,10325.45078199721,24961.24755622564,54,LP,1.8189894035458565e-12,1200.0,10800.0
0.6,2025-05-18,58286.69940786547,18380.058759385967,14887.847595102628,2277.8790553778213,3396.1991989599574,35456.81332324054,7726.907207915697,43183.72053115624,58,LP,1.1368683772161605e-13,1200.0,10800.0
0.6,2025-05-19,57384.83008529912,18263.006910716387,14793.035597680277,986.0069009697802,7385.649123232801,34605.3762379709,4935.743279009113,39541.11951698001,46,LP,1.8189894035458565e-12,1200.0,10800.0
0.6,2025-05-20,57672.3408860588,18339.060288760527,14854.638833896026,2268.07682289096,1928.6014374185847,34947.855162479354,9110.05134741719,44057.906509896544,67,LP,1.1368683772161605e-13,1200.0,10800.0
0.6,2025-05-21,57368.38728787984,18173.0765666054,14720.192018950376,2413.6367786778346,4966.524235569324,34716.21739771056,10094.838756536948,44811.056154247504,58,LP,1.1368683772161605e-13,1200.0,10800.0
0.6,2025-05-22,58478.54925018085,18339.45119898645,14854.955471179032,675.3897434140267,4852.812449120791,35585.22608187281,2849.4269860672275,38434.65306794004,34,LP,4.547473508864641e-13,1200.0,10800.0
0.6,2025-05-23,26819.936003841125,15999.999999999998,12959.999999999998,1479.0928606007717,18838.079981108567,13533.6213184085,5950.04156686789,19483.66288527639,59,LP,9.094947017729282e-13,1200.0,10800.0
0.6,2025-05-24,27503.1498369672,15999.999999999998,12960.0,654.742974599085,21363.39142823296,14021.471573445244,2559.0852793619324,16580.556852807174,40,LP,1.8189894035458565e-12,1200.0,10800.0
0.6,2025-05-25,56949.86740025084,18189.5648671388,14733.547542382426,907.6268952688674,5856.466787430008,34330.71128092658,4034.17122510952,38364.882506036105,49,LP,9.094947017729282e-13,1200.0,10800.0
0.6,2025-05-26,55844.61528466,17650.763363199454,14297.118324191557,4149.941961869439,2061.0792575215505,33725.45576234169,16940.136227857518,50665.59199019921,76,LP,9.094947017729282e-13,1200.0,10800.0
0.6,2025-05-27,57171.11422149341,18327.09802615576,14844.949401186166,954.8978916383944,5253.49618816222,34749.74400610768,3677.819751229024,38427.5637573367,42,LP,9.094947017729282e-13,1200.0,10800.0
0.6,2025-05-28,57589.080399715865,18217.786119348377,14756.40675667219,2767.3805088954327,4621.257445935116,34759.160729439725,10675.05967490959,45434.22040434931,69,LP,1.1368683772161605e-13,1200.0,10800.0
0.6,2025-05-29,57416.11409601109,18403.41629793649,14906.767201328556,2916.856221556257,2726.197720959416,34872.46902171347,12339.375676439982,47211.84469815345,73,LP,2.273736754432321e-13,1200.0,10800.0
0.6,2025-05-30,27345.887613328687,15999.999999999998,12960.0,1551.6083719875762,19261.2627186496,14006.386273477265,5936.5027448568,19942.889018334063,47,LP,2.273736754432321e-13,1200.0,10800.0
0.6,2025-05-31,27562.262378550306,16000.000000000004,12959.999999999996,1352.2769422175247,17485.35777076782,14024.214028228678,5240.548047780558,19264.76207600924,53,LP,1.8189894035458565e-12,1200.0,10800.0
0.6,2025-06-01,60310.7695339482,18747.22906219802,15185.255540380396,14755.798083671754,279.76779580233125,36487.53247714232,57149.81549072258,93637.3479678649,128,LP,1.1368683772161605e-13,1200.0,10800.0
0.6,2025-06-02,67994.52203463964,19290.23624890262,15625.09136161112,7145.025991250098,2833.5956885982414,43040.17523889746,28255.345844695745,71295.52108359321,87,LP,2.273736754432321e-13,1200.0,10800.0
0.6,2025-06-03,71822.45258297803,20539.074371923656,16636.650241258158,2677.7411295079414,2405.402748487156,44809.43140676119,10987.422995220668,55796.85440198185,76,LP,2.273736754432321e-13,1200.0,10800.0
0.6,2025-06-04,75192.49250395782,21858.36621876589,17705.27663720037,2673.535462304148,4067.677568029775,46762.95588550693,8128.844601340137,54891.800486847074,55,LP,2.273736754432321e-13,1200.0,10800.0
0.6,2025-06-05,74066.52153984003,21219.59203992644,17187.869552340413,3554.103521392036,2439.584556979385,45990.86900451621,13435.85685882178,59426.72586333798,79,LP,2.273736754432321e-13,1200.0,10800.0
0.6,2025-06-06,35388.58312822989,16000.0,12960.0,4635.767687776173,6129.3554160060585,20373.181665036587,18082.12065692488,38455.30232196147,66,LP,9.094947017729282e-13,1200.0,10800.0
0.6,2025-06-07,36184.03437378665,15999.999999999996,12960.0,1618.3009743323312,3635.822181452319,20782.685116010143,5993.0390813106005,26775.724197320746,53,LP,9.094947017729282e-13,1200.0,10800.0
0.6,2025-06-08,83137.15925418615,23878.493105960843,19341.579415828284,291.47926933885844,13706.801566725788,52094.4170294065,1042.8831351546096,53137.30016456112,23,LP,9.094947017729282e-13,1200.0,10800.0
0.6,2025-06-09,75251.30518939171,21883.51750002689,17725.649175021783,3200.3825556021816,3361.10668665545,46193.97609728534,13098.830909097667,59292.80700638301,79,LP,2.273736754432321e-13,1200.0,10800.0
0.6,2025-06-10,78127.49653469132,22530.52268469944,18249.723374606547,1577.094976164646,3805.3479674297496,48185.92753477207,6086.521506943128,54272.4490417152,55,LP,2.273736754432321e-13,1200.0,10800.0
0.6,2025-06-11,78643.75491215152,22551.371094812195,18266.61058679788,3546.597363271517,1821.1454507420483,48661.10377747301,15278.079959359531,63939.183736832536,78,LP,4.547473508864641e-13,1200.0,10800.0
0.6,2025-06-12,81845.34983433697,23486.485758420968,19024.053464320983,878.6461398332101,5809.17224673688,51311.55729920724,3142.1128114795906,54453.67011068684,33,LP,9.094947017729282e-13,1200.0,10800.0
0.6,2025-06-13,34393.19054387436,15999.999999999996,12960.000000000002,1604.8230509469408,4612.699894821302,19491.9900388832,6184.601991933436,25676.592030816635,64,LP,9.094947017729282e-13,1200.0,10800.0
0.6,2025-06-14,35256.048198314835,16000.000000000002,12960.0,1336.807478459372,7359.51292677421,19902.641493995277,4242.013003283515,24144.65449727879,49,LP,9.094947017729282e-13,1200.0,10800.0
0.6,2025-06-15,78140.16335690088,22403.313166130203,18146.683664565466,1490.781799127745,4747.341321130569,48547.044560925126,5374.34713395214,53921.39169487727,34,LP,4.547473508864641e-13,1200.0,10800.0
0.6,2025-06-16,78562.61352120544,22678.003882878395,18369.1831451315,1670.3058421268065,3230.0458089186955,48512.76250702672,6546.963073935669,55059.72558096239,60,LP,2.273736754432321e-13,1200.0,10800.0
0.6,2025-06-17,79844.38543832523,22870.3547365863,18524.987336634906,2804.46851040812,3666.4753321152903,49456.35458540823,11443.402047027455,60899.75663243568,61,LP,4.547473508864641e-13,1200.0,10800.0
0.6,2025-06-18,80380.1822330018,22991.27355627656,18622.931580584016,898.0511104242843,5981.500467733544,49802.0813871615,3615.823783440648,53417.90517060215,45,LP,2.273736754432321e-13,1200.0,10800.0
0.6,2025-06-19,76946.44313833312,22470.63339044276,18201.213046258632,1410.862832429144,5828.381426578155,47624.49875360048,5692.158406922134,53316.65716052261,50,LP,4.547473508864641e-13,1200.0,10800.0
0.6,2025-06-20,34862.887221230965,15999.999999999996,12959.999999999996,339.43461229426293,9761.74098352523,19856.197921839957,1207.0589321040409,21063.256853944,26,LP,4.547473508864641e-13,1200.0,10800.0
0.6,2025-06-21,34871.48467755309,16000.0,12960.0,569.0936127393036,13065.837890292394,19636.49447403884,2260.922554733424,21897.417028772263,26,LP,9.094947017729282e-13,1200.0,10800.0
0.6,2025-06-22,76204.20846475771,22334.929772038064,18091.293115350836,1400.0747186282165,5903.305426698703,46728.41456006064,5708.749629076172,52437.164189136805,49,LP,2.273736754432321e-13,1200.0,10800.0
0.6,2025-06-23,76892.23379943165,22427.13572931861,18165.979940748075,911.0681537305844,6480.860164591702,47368.53267302255,4126.097647020845,51494.6303200434,39,LP,2.273736754432321e-13,1200.0,10800.0
0.6,2025-06-24,72926.1140011499,22385.43894741189,18132.20554740364,8254.070013726256,658.1583648678879,44461.46085065617,32633.663964363343,77095.12481501952,108,LP,4.547473508864641e-13,1200.0,10800.0
0.6,2025-06-25,80434.767769473,23046.259025021907,18667.469810267743,1129.2381859795591,6747.795374031726,49894.19194704919,4009.850452807743,53904.04239985693,28,LP,2.273736754432321e-13,1200.0,10800.0
0.6,2025-06-26,77664.60318148605,22993.1272341511,18624.433059662395,1355.520233440418,7104.045407104423,47825.30507681089,5712.335518752151,53537.64059556304,57,LP,4.547473508864641e-13,1200.0,10800.0
0.6,2025-06-27,34240.01523331713,16000.000000000004,12960.0,308.78745978677136,11737.156826437227,19300.92909329837,1241.8674203765809,20542.79651367495,22,LP,9.094947017729282e-13,1200.0,10800.0
0.6,2025-06-28,34421.43093387936,15999.999999999998,12960.0,385.9147907435437,9990.419607956244,19296.00296658557,1112.4357218768878,20408.43868846246,24,LP,9.094947017729282e-13,1200.0,10800.0
0.6,2025-06-29,78574.95353782838,22872.229640575628,18526.50600886626,1297.2292135241437,6258.690586309825,48616.8073572342,3957.714691271932,52574.52204850613,40,LP,9.094947017729282e-13,1200.0,10800.0
0.6,2025-06-30,78094.8127292126,22786.89546437223,18457.385326141502,1469.2277101912612,5356.8463178398015,48223.17448163647,5451.06145328238,53674.23593491885,51,LP,9.094947017729282e-13,1200.0,10800.0
0.6,2025-07-01,82141.45704413173,23170.99441484088,18768.505476021102,5666.3475650928185,4538.771637071444,51238.04583222962,19238.73571664493,70476.78154887454,90,LP,4.547473508864641e-13,1200.0,10800.0
0.6,2025-07-02,87154.82858944839,23155.958162834417,18756.32611189588,1572.1893699719326,11422.619541815116,55334.80123413471,3834.7824599645446,59169.58369409925,35,LP,2.273736754432321e-13,1200.0,10800.0
0.6,2025-07-03,85239.43678350426,22837.91320913048,18498.709699395687,2731.703510750224,3871.517851186373,54157.9601591095,8818.660452621001,62976.6206117305,64,LP,4.547473508864641e-13,1200.0,10800.0
0.6,2025-07-04,42922.98606319255,16000.000000000004,12959.999999999998,1282.0052740346632,12284.123870560545,25849.698672609757,3612.9597796093262,29462.65845221908,48,LP,1.8189894035458565e-12,1200.0,10800.0
0.6,2025-07-05,43590.68667545462,16000.000000000004,12960.0,1003.0449343630388,12763.651643150988,26000.371104378803,3012.055159001934,29012.426263380738,39,LP,4.547473508864641e-13,1200.0,10800.0
0.6,2025-07-06,81698.44951482725,22058.89097114223,17867.7016866252,4514.441364707938,2227.720045018166,51412.13360220395,18395.3383989332,69807.47200113715,73,LP,2.273736754432321e-13,1200.0,10800.0
0.6,2025-07-07,84202.07455352138,22460.57306129842,18193.064179651723,778.980958352077,7304.063863560099,52772.69395977975,2136.805764389433,54909.49972416918,32,LP,4.547473508864641e-13,1200.0,10800.0
0.6,2025-07-08,83986.43386753814,22271.17140353463,18039.64883686305,1342.580097689659,5526.104381889554,52625.686379109575,5701.528245797353,58327.21462490693,48,LP,2.273736754432321e-13,1200.0,10800.0
0.6,2025-07-09,79470.94928112457,21750.785468026304,17618.136229101307,2212.28330927583,3491.858334808745,49722.43953391008,8282.797096995131,58005.2366309052,64,LP,2.273736754432321e-13,1200.0,10800.0
0.6,2025-07-10,77691.87605198383,21340.32043690727,17285.659553894886,2212.0978982807183,2995.689683918827,48793.40582881605,7906.198610950461,56699.60443976651,65,LP,2.273736754432321e-13,1200.0,10800.0
0.6,2025-07-11,41700.58347967127,16000.000000000004,12960.000000000002,3082.352646717849,9224.15897638912,24448.94750553886,10424.697030327468,34873.64453586633,59,LP,9.094947017729282e-13,1200.0,10800.0
0.6,2025-07-12,42993.81002944612,16000.000000000002,12960.0,1246.9778661058674,10116.544562218647,25155.739775747395,4829.088678562573,29984.82845430997,47,LP,1.8189894035458565e-12,1200.0,10800.0
0.6,2025-07-13,77703.74296428337,20847.92387560133,16886.818339237077,1277.0056511195808,5751.922679038709,48761.436444742685,5365.985058654875,54127.42150339756,51,LP,2.273736754432321e-13,1200.0,10800.0
0.6,2025-07-14,72725.1289063154,19597.548379254767,15874.014187196362,4099.391894052919,1293.3073916432445,45924.22838044063,17156.91280704886,63081.14118748949,95,LP,2.273736754432321e-13,1200.0,10800.0
0.6,2025-07-15,77743.06588387383,20396.9551986671,16521.53371092035,3423.526045672148,4542.119858465905,49061.40228515417,11225.368154220036,60286.7704393742,50,LP,2.273736754432321e-13,1200.0,10800.0
0.6,2025-07-16,75311.76377327554,20964.00426625987,16980.843455670496,4307.563218165189,3501.6027975180195,47236.53902541353,15075.243149846856,62311.78217526039,75,LP,2.273736754432321e-13,1200.0,10800.0
0.6,2025-07-17,74793.89944332169,20329.83259229649,16467.16439976016,3587.19674935732,1798.0119334760066,47090.242637805575,15082.314383957904,62172.55702176348,89,LP,2.273736754432321e-13,1200.0,10800.0
0.6,2025-07-18,40502.55742771809,16000.000000000002,12960.0,3493.655679777509,9681.9650074956,23583.745891009363,13239.241649194691,36822.987540204056,70,LP,4.547473508864641e-13,1200.0,10800.0
0.6,2025-07-19,40730.87740079837,15999.999999999998,12960.0,2018.4575406985248,12526.515891496909,23616.044614119422,8121.731668959383,31737.77628307881,58,LP,9.094947017729282e-13,1200.0,10800.0
0.6,2025-07-20,76139.57298958182,20209.585193765277,16369.764006949868,2635.447183743685,2845.2207698434427,48014.4454561226,9485.66520068883,57500.11065681144,59,LP,2.273736754432321e-13,1200.0,10800.0
0.6,2025-07-21,74740.03965132016,20123.23543644334,16299.820703519106,4580.4349741227925,1507.3105425187232,46895.3254127572,17356.317090009677,64251.64250276688,88,LP,2.273736754432321e-13,1200.0,10800.0
0.6,2025-07-22,80435.74981924664,21612.45283598204,17506.086797145457,1817.1956659136413,4351.434829657035,50266.89059576047,7379.275502810404,57646.16609857087,55,LP,2.273736754432321e-13,1200.0,10800.0
0.6,2025-07-23,78871.66056242152,21214.14696590108,17183.459042379873,2535.421314740938,3159.8468369745765,49321.72151631517,10356.63903879766,59678.36055511283,65,LP,2.273736754432321e-13,1200.0,10800.0
0.6,2025-07-24,77716.94965262525,21168.918561325445,17146.824034673613,3337.7752695072386,3416.1583954806542,48719.77576384283,12881.766512330005,61601.54227617283,70,LP,2.273736754432321e-13,1200.0,10800.0
0.6,2025-07-25,41490.48796181721,16000.0,12960.0,659.0253491143067,12604.193744264849,24278.59959419856,2876.343821948455,27154.943416147016,33,LP,9.094947017729282e-13,1200.0,10800.0
0.6,2025-07-26,42364.94790982276,15999.999999999998,12960.0,1140.6089442416965,11996.465287397792,24741.21231810021,3932.676877238325,28673.88919533853,42,LP,4.547473508864641e-13,1200.0,10800.0
0.6,2025-07-27,79340.9935053799,21359.63074707101,17301.300905127522,1968.5569514585488,3566.0308148949607,49577.73910005445,8526.51764212444,58104.25674217889,56,LP,2.273736754432321e-13,1200.0,10800.0
0.6,2025-07-28,80078.85160553445,21513.23522079279,17425.72052884216,4014.147423698326,2050.607103948816,50078.52884613772,15802.465212002717,65880.99405814044,75,LP,2.273736754432321e-13,1200.0,10800.0
0.6,2025-07-29,82032.04274321684,21855.87623171894,17703.259747692344,2472.327881334405,4282.508190524649,51277.27745268146,9311.70015094399,60588.97760362545,49,LP,2.273736754432321e-13,1200.0,10800.0
0.6,2025-07-30,79806.98085230365,21557.83414420549,17461.845656806447,2247.875440684081,3855.6137555886826,49732.43132053083,9673.1979271757,59405.62924770653,71,LP,4.547473508864641e-13,1200.0,10800.0
0.6,2025-07-31,79652.86632899457,21583.667479037373,17482.770658020276,1873.4940118441584,2730.467253154959,49772.75823827673,8090.634496306768,57863.392734583496,63,LP,2.273736754432321e-13,1200.0,10800.0
0.6,2025-08-01,41224.29123622135,16000.0,12960.0,817.6161908795866,17750.54776043427,24110.00438978445,2897.7228645539,27007.72725433835,33,LP,9.094947017729282e-13,1200.0,10800.0
0.6,2025-08-02,39611.10292265663,15999.999999999998,12960.0,977.2698200538382,16621.34780937714,22885.463566609214,4294.4061838269245,27179.86975043614,45,LP,2.273736754432321e-13,1200.0,10800.0
0.6,2025-08-03,74463.99237436599,19927.60710741517,16141.361757006283,817.6524511228675,8655.919491746638,47013.75526357746,3450.4537460453,50464.20900962276,38,LP,1.8189894035458565e-12,1200.0,10800.0
0.6,2025-08-04,72577.9510530025,20101.940308418023,16282.571649818598,715.1012744017619,4058.0285854715103,45965.756891748766,2807.0482972379123,48772.80518898668,36,LP,2.273736754432321e-13,1200.0,10800.0
0.6,2025-08-05,73511.3940419647,20082.58606489922,16266.89471256837,886.8346725555984,5430.227628856129,46661.84924817623,3654.726151054155,50316.57539923039,29,LP,2.273736754432321e-13,1200.0,10800.0
0.6,2025-08-06,69068.73343717415,19518.49245862534,15809.97889148653,4781.009417127355,2026.8300204960176,43833.94053902913,19425.15943158,63259.09997060912,84,LP,2.273736754432321e-13,1200.0,10800.0
0.6,2025-08-07,75589.40414273657,20105.29942823765,16285.292536872494,421.676565823462,8803.088567194889,47870.287820164114,1392.6326131339133,49262.92043329803,20,LP,2.273736754432321e-13,1200.0,10800.0
0.6,2025-08-08,39605.87755880728,15999.999999999998,12960.0,772.1160297879841,21562.822338595262,22939.134107161684,3195.864830911696,26134.998938073382,36,LP,9.094947017729282e-13,1200.0,10800.0
0.6,2025-08-09,38389.20257608676,15999.999999999998,12960.0,2455.578475376101,18882.85205146286,22066.9682114631,9432.435306463922,31499.40351792702,63,LP,9.094947017729282e-13,1200.0,10800.0
0.6,2025-08-10,68467.39225173042,19420.05905197832,15730.24783210244,3065.540899583188,2538.502881437721,43575.12809630538,11154.195800299756,54729.323896605136,62,LP,4.547473508864641e-13,1200.0,10800.0
0.6,2025-08-11,71108.26183949469,19830.065986207457,16062.353448828042,1772.330773321768,4551.626742103712,45045.53622642512,7447.497996173878,52493.034222599,52,LP,2.273736754432321e-13,1200.0,10800.0
0.6,2025-08-12,72436.84276357156,20085.052552239944,16268.892567314351,2592.375941059878,3452.515069705852,45978.5446932646,10981.987856157391,56960.532549422,57,LP,2.273736754432321e-13,1200.0,10800.0
0.6,2025-08-13,71597.35241466985,19567.308513962344,15849.519896309495,2040.0175328134949,3798.601879830504,45151.17878107667,8261.818040403732,53412.9968214804,57,LP,2.273736754432321e-13,1200.0,10800.0
0.6,2025-08-14,69658.95902933567,19872.535018004517,16096.753364583656,2825.358798153747,2782.245190735238,44194.45929152382,12018.149110236362,56212.60840176018,82,LP,2.273736754432321e-13,1200.0,10800.0
0.6,2025-08-15,39825.71010025789,16000.000000000002,12960.0,955.1517953032206,20581.135012227787,23127.61366445964,3443.998158244833,26571.61182270447,41,LP,4.547473508864641e-13,1200.0,10800.0
0.6,2025-08-16,40960.4504621127,15999.999999999998,12959.999999999996,690.6811315845898,21681.85122703062,23888.852230540408,3252.557833219528,27141.410063759937,29,LP,2.273736754432321e-13,1200.0,10800.0
0.6,2025-08-17,67500.06763754775,19347.19772220838,15671.230154988783,2581.161714621777,3239.868168283273,42911.841161363205,10759.324540748936,53671.16570211214,81,LP,4.547473508864641e-13,1200.0,10800.0
0.6,2025-08-18,68736.65353512709,19678.40557927009,15939.508519208772,2557.572973862076,3161.213832261189,43882.45197807861,11828.736219501525,55711.18819758014,69,LP,9.094947017729282e-13,1200.0,10800.0
0.6,2025-08-19,68717.72931485916,19790.0669983116,16029.95426863239,1974.003075154892,2613.959610334845,43812.89117897312,7933.861501454189,51746.75268042731,59,LP,9.094947017729282e-13,1200.0,10800.0
0.6,2025-08-20,69311.0110322482,19882.31961602278,16104.678888978451,6952.845866185479,1835.5251047226911,44183.58449861259,28508.96763568244,72692.55213429502,82,LP,2.273736754432321e-13,1200.0,10800.0
0.6,2025-08-21,71603.85020885525,20075.894069583934,16261.474196362984,2183.729455246562,4128.741307547527,45339.08252504544,8863.574782905418,54202.65730795085,49,LP,9.094947017729282e-13,1200.0,10800.0
0.6,2025-08-22,40667.1841299327,16000.0,12960.0,2647.236578169019,19043.851308101726,23724.665479089403,11082.025911987468,34806.69139107687,51,LP,9.094947017729282e-13,1200.0,10800.0
0.6,2025-08-23,39973.68482060111,16000.000000000004,12960.0,1429.3579012222713,15833.03657182337,23219.855921690825,5860.292767099411,29080.14868879024,48,LP,9.094947017729282e-13,1200.0,10800.0
0.6,2025-08-24,70219.1916747108,20018.05072363257,16214.621086142384,2561.790404830015,5243.962958717306,44312.86249767134,11130.579532386237,55443.44203005757,70,LP,2.273736754432321e-13,1200.0,10800.0
0.6,2025-08-25,68390.69648471083,19630.70999083751,15900.875092578382,7427.211747119045,1314.986316904091,43565.762011913845,29283.23079683205,72848.99280874588,93,LP,2.273736754432321e-13,1200.0,10800.0
0.6,2025-08-26,71342.411324201,19492.45364697828,15788.887454052405,1919.399494051184,4029.426241992975,44951.83208526713,8246.12333900022,53197.95542426735,65,LP,2.273736754432321e-13,1200.0,10800.0
0.6,2025-08-27,69081.95835054206,19994.456183775557,16195.5095088582,4241.528625699793,1610.3914346578306,43768.35003621975,18381.29100029888,62149.64103651863,94,LP,2.273736754432321e-13,1200.0,10800.0
0.6,2025-08-28,71852.29977730161,19884.30796008396,16106.289447668005,4841.806448754352,2148.29273030668,45352.9885290634,19323.793473946425,64676.78200300982,82,LP,2.273736754432321e-13,1200.0,10800.0
0.6,2025-08-29,38377.878692966,15999.999999999996,12960.0,2683.2919465574946,15465.950289523504,22212.294643724224,11034.85817946801,33247.152823192235,64,LP,4.547473508864641e-13,1200.0,10800.0
0.6,2025-08-30,38608.27485469077,15999.999999999996,12960.0,2881.812260288398,19937.36728164584,22403.330000343693,11006.043783515704,33409.373783859395,74,LP,1.1368683772161605e-13,1200.0,10800.0
0.6,2025-08-31,71883.34651042227,20164.441527616877,16333.197637369663,2191.821899910249,3597.3014367519745,45688.59788306862,8512.716377434594,54201.31426050322,56,LP,2.273736754432321e-13,1200.0,10800.0
0.65,2025-05-01,55173.91229274948,19054.563098824423,15434.196110047782,3796.572023280817,4338.73852725366,32853.812508486386,17687.94658770766,50541.75909619405,84,LP,9.094947017729282e-13,1200.0,10800.0
0.65,2025-05-02,26657.16088862924,15999.999999999998,12960.0,5762.399659033985,15089.240464329896,13114.73066390691,24905.4470692296,38020.17773313652,88,LP,1.1368683772161605e-13,1200.0,10800.0
0.65,2025-05-03,28928.08559712291,16000.000000000004,12960.0,1536.0183343556107,18556.93228147852,14891.106362372167,7019.970571064408,21911.076933436576,49,LP,1.8189894035458565e-12,1200.0,10800.0
0.65,2025-05-04,58820.38882540839,19533.782022257496,15822.363438028568,1669.4317528401286,5043.7346606862575,35669.92065083305,5857.957668300229,41527.87831913328,50,LP,4.547473508864641e-13,1200.0,10800.0
0.65,2025-05-05,56878.99236782851,18673.752358064543,15125.739410032284,4311.832051949969,2566.8046717462303,34581.19852140959,19289.810500399333,53871.009021808924,74,LP,9.094947017729282e-13,1200.0,10800.0
0.65,2025-05-06,59280.38751863373,19135.31513043168,15499.605255649658,2277.257611978494,5051.85288916354,36043.04289928384,9931.959487086611,45975.00238637045,63,LP,4.547473508864641e-13,1200.0,10800.0
0.65,2025-05-07,60380.24752945568,19270.284300911844,15608.930283738597,1684.4690202500324,3335.51658253246,36665.46600336664,7689.58976256395,44355.05576593059,64,LP,1.8189894035458565e-12,1200.0,10800.0
0.65,2025-05-08,60270.69664602147,19529.711073647835,15819.065969654748,2301.338714141937,3034.8778561703257,36939.679561710334,8664.308218860951,45603.98778057129,56,LP,1.8189894035458565e-12,1200.0,10800.0
0.65,2025-05-09,29015.788558347733,15999.999999999996,12959.999999999998,544.0107799404702,18020.413488288206,15174.09085008911,2186.7165046358477,17360.807354724955,30,LP,2.273736754432321e-13,1200.0,10800.0
0.65,2025-05-10,27759.39097173733,15999.999999999996,12960.0,2297.065757872035,14895.411446276035,14002.141145503385,9819.514568374834,23821.65571387822,68,LP,9.094947017729282e-13,1200.0,10800.0
0.65,2025-05-11,61912.14473728999,19293.847848560486,15628.016757333991,1494.1169101140022,4256.351472844155,37566.68627118244,6268.1083227510535,43834.7945939335,51,LP,2.273736754432321e-13,1200.0,10800.0
0.65,2025-05-12,61442.34960981617,19157.259940581625,15517.380551871118,1208.4466327669668,7079.721620539298,37445.77046016004,3387.026600503677,40832.79706066372,30,LP,4.547473508864641e-13,1200.0,10800.0
0.65,2025-05-13,56372.46245240298,18324.907450726576,14843.175035088529,2312.8904057065647,2074.407675804828,34157.61116787087,10459.129413720246,44616.74058159112,67,LP,1.1368683772161605e-13,1200.0,10800.0
0.65,2025-05-14,58167.59410472432,18915.71363878167,15321.728047413157,1683.1348353911822,3242.594565413656,34969.73710682838,6812.554201474883,41782.29130830326,64,LP,9.094947017729282e-13,1200.0,10800.0
0.65,2025-05-15,59290.01547296831,18976.030602382387,15370.584787929734,1267.8742989352666,4187.385674117582,36090.12578472023,4974.460681668826,41064.58646638905,45,LP,1.1368683772161605e-13,1200.0,10800.0
0.65,2025-05-16,28390.390474869688,15999.999999999996,12960.0,540.8615970760674,23175.745538612427,14717.21791387119,1886.669375005204,16603.887288876394,25,LP,4.547473508864641e-13,1200.0,10800.0
0.65,2025-05-17,28592.97698083026,16000.000000000002,12960.0,2090.4052321470667,17194.58312964399,14898.519469110372,9141.09337622828,24039.61284533865,48,LP,4.547473508864641e-13,1200.0,10800.0
0.65,2025-05-18,59360.45909678802,18581.06778491031,15050.664905777348,1879.6710007103848,4033.5591183654487,36081.139445403474,6319.388561926506,42400.52800732998,50,LP,2.273736754432321e-13,1200.0,10800.0
0.65,2025-05-19,58486.204825903216,18474.83429017324,14964.615775040327,746.6816504263957,8207.451411196704,35234.98217716173,3859.510085427081,39094.49226258881,37,LP,1.1368683772161605e-13,1200.0,10800.0
0.65,2025-05-20,58746.30635678458,18538.752176327274,15016.389262825092,1776.3716788038157,2472.920305419548,35569.17559759074,7267.409757802479,42836.585355393225,54,LP,1.1368683772161605e-13,1200.0,10800.0
0.65,2025-05-21,58387.30615346211,18369.43402146,14879.2415573826,2027.2715472737527,5561.769953325136,35316.324928826056,8396.842531738062,43713.16746056412,51,LP,4.547473508864641e-13,1200.0,10800.0
0.65,2025-05-22,59497.391219090496,18535.858366746805,15014.04527706491,535.0945373068345,5694.041850048778,36188.61967892954,2264.495140435354,38453.1148193649,28,LP,4.547473508864641e-13,1200.0,10800.0
0.65,2025-05-23,27152.42005006314,15999.999999999996,12959.999999999998,1165.4258884928995,18856.89705522271,13788.889810277386,4676.212212274533,18465.10202255192,54,LP,4.547473508864641e-13,1200.0,10800.0
0.65,2025-05-24,27855.30354776633,16000.0,12960.000000000004,529.9872166468147,21590.78938107981,14299.080296809514,2021.9947368627795,16321.075033672294,35,LP,9.094947017729282e-13,1200.0,10800.0
0.65,2025-05-25,57944.19228089616,18377.842967743727,14886.052803872422,755.3305827088847,6662.722516400411,34908.75938591538,3380.919961335712,38289.67934725109,44,LP,1.1368683772161605e-13,1200.0,10800.0
0.65,2025-05-26,56864.15970528689,17848.401798569306,14457.20545684114,3600.6107232527484,2493.741136811474,34290.85045730114,14692.746926941738,48983.59738424288,69,LP,4.547473508864641e-13,1200.0,10800.0
0.65,2025-05-27,58238.50234662224,18553.07839101156,15027.993496719362,720.5926334110541,6043.642785741101,35347.02797442999,2625.222801478586,37972.25077590858,39,LP,1.1368683772161605e-13,1200.0,10800.0
0.65,2025-05-28,58630.21107180558,18423.45676200145,14922.999977221174,2244.3361797097405,5100.266366735048,35348.29193000696,8710.81818743762,44059.11011744458,63,LP,1.1368683772161605e-13,1200.0,10800.0
0.65,2025-05-29,58505.68424965706,18619.90338406432,15082.121741092094,2387.397358493124,3245.1764651779654,35501.49099980567,10035.707394570189,45537.19839437585,65,LP,2.273736754432321e-13,1200.0,10800.0
0.65,2025-05-30,27678.67417350792,16000.0,12960.0,1287.9856677779967,19330.42657461925,14254.791061258204,4850.157924860999,19104.9489861192,43,LP,4.547473508864641e-13,1200.0,10800.0
0.65,2025-05-31,27879.97565301869,15999.999999999998,12959.999999999998,1165.7968306251173,17616.59093364381,14261.646181360722,4497.261039298614,18758.907220659337,44,LP,4.547473508864641e-13,1200.0,10800.0
0.65,2025-06-01,61231.427556703806,18989.827355219142,15381.76015772751,13952.480509448458,351.01456866062915,37046.219603140366,53766.7016686705,90812.92127181086,124,LP,1.1368683772161605e-13,1200.0,10800.0
0.65,2025-06-02,68849.8903133224,19519.423069105047,15810.73268597509,6648.115189121099,3148.507669313535,43567.856493501786,26271.63180841974,69839.48830192152,84,LP,2.273736754432321e-13,1200.0,10800.0
0.65,2025-06-03,72783.50372172418,20821.124520714875,16865.11086177905,2262.3687460475808,2897.4919755026,45412.98460871026,9292.151911915877,54705.13652062614,71,LP,2.273736754432321e-13,1200.0,10800.0
0.65,2025-06-04,76141.32517993626,21869.123032026782,17713.9896559417,2285.185401540697,4626.116388725214,47435.54937676285,6953.052336132788,54388.60171289564,49,LP,2.273736754432321e-13,1200.0,10800.0
0.65,2025-06-05,75081.75558523694,21574.89712658489,17475.66667253376,3117.9602339720304,2951.1673484911844,46650.0840296254,11777.149023077896,58427.23305270329,76,LP,2.273736754432321e-13,1200.0,10800.0
0.65,2025-06-06,35782.80253510128,15999.999999999996,12959.999999999996,4181.95365349212,6069.760788593399,20668.575746165883,16480.549211475423,37149.12495764131,62,LP,9.094947017729282e-13,1200.0,10800.0
0.65,2025-06-07,36667.29511975485,15999.999999999998,12960.0,1301.335056616355,3802.117009704547,21133.917679952832,4842.313056435289,25976.23073638812,49,LP,4.547473508864641e-13,1200.0,10800.0
0.65,2025-06-08,84114.65197365824,24018.313354635044,19454.83381725438,220.6390559158042,14586.888225526714,52822.0257694274,761.1492301068508,53583.17499953425,18,LP,4.547473508864641e-13,1200.0,10800.0
0.65,2025-06-09,76314.13948873439,22295.96315786906,18059.73015787394,2771.813362320077,3917.007117726008,46897.21429176355,11427.877406399484,58325.09169816304,71,LP,2.273736754432321e-13,1200.0,10800.0
0.65,2025-06-10,79159.287292143,22622.92325751765,18324.5678385893,1253.612357954275,4496.099997835585,48934.9996214452,4751.535678588379,53686.53530003357,48,LP,9.094947017729282e-13,1200.0,10800.0
0.65,2025-06-11,79632.29284890718,22619.535386345247,18321.82366293965,2956.2271407604994,2206.3619495954235,49391.256049259,12800.82828217247,62192.08433143147,67,LP,4.547473508864641e-13,1200.0,10800.0
0.65,2025-06-12,82816.797598402,23806.17777988493,19283.004001706795,691.192767945111,6532.425154835652,52010.03709196712,2457.6582602595063,54467.69535222663,29,LP,2.273736754432321e-13,1200.0,10800.0
0.65,2025-06-13,34801.803359518206,16000.000000000004,12960.0,1327.032318317492,4743.521977835699,19789.602205224077,5169.762189376579,24959.36439460065,55,LP,9.094947017729282e-13,1200.0,10800.0
0.65,2025-06-14,35655.63726069787,15999.999999999998,12960.0,1104.4166163436994,7526.71112704157,20192.956391470198,3480.3798616550384,23673.33625312523,45,LP,9.094947017729282e-13,1200.0,10800.0
0.65,2025-06-15,79125.43568297627,22443.558843821116,18179.2826634951,1171.1999958852607,5405.385165202184,49251.27299572862,4263.796528134848,53515.069523863465,25,LP,2.273736754432321e-13,1200.0,10800.0
0.65,2025-06-16,79589.91320160465,22759.92971165365,18435.54306643946,1321.3867522000996,3892.860491923905,49249.57002531089,5143.48300993295,54393.05303524384,52,LP,2.273736754432321e-13,1200.0,10800.0
0.65,2025-06-17,80824.31336844435,23125.044913168225,18731.286379666264,2414.6769678369005,4208.220586112622,50131.822825629344,10011.643966674386,60143.46679230373,54,LP,4.547473508864641e-13,1200.0,10800.0
0.65,2025-06-18,81303.81817582244,23039.313939996973,18661.844291397545,722.2195646787288,6720.177191901757,50474.861357902046,2921.376210027908,53396.23756792995,39,LP,4.547473508864641e-13,1200.0,10800.0
0.65,2025-06-19,77848.38521293923,22515.097344284422,18237.228848870385,1190.3264909365062,6501.339008461713,48284.673373048994,4814.75045436467,53099.42382741367,46,LP,4.547473508864641e-13,1200.0,10800.0
0.65,2025-06-20,35290.14231248896,15999.999999999996,12960.0,248.0136855861718,10097.57514807514,20149.959346545904,895.1616406775568,21045.12098722346,20,LP,9.094947017729282e-13,1200.0,10800.0
0.65,2025-06-21,35269.12679356647,16000.0,12959.999999999998,473.52611314087466,13367.912506707353,19915.19082603068,1922.3874871776145,21837.57831320829,23,LP,2.273736754432321e-13,1200.0,10800.0
0.65,2025-06-22,77207.57822777177,22436.75328076129,18173.77015741665,1082.4122484009235,6569.666252828039,47449.98549632545,4432.719364295082,51882.70486062053,43,LP,9.094947017729282e-13,1200.0,10800.0
0.65,2025-06-23,77827.78680146398,22495.45711017308,18221.320259240198,709.1815133932171,7201.545463924331,48033.09545695614,3220.713705181365,51253.80916213751,34,LP,4.547473508864641e-13,1200.0,10800.0
0.65,2025-06-24,73956.8258345951,22477.51673367471,18206.78855427652,7394.981283293763,812.2866884906749,45168.85959043637,29132.37062595336,74301.23021638973,100,LP,2.273736754432321e-13,1200.0,10800.0
0.65,2025-06-25,81542.04451613987,23337.77981459552,18903.60164982237,933.5749419236544,7604.019926623712,50675.84250990772,3181.4063659535423,53857.24887586126,25,LP,9.094947017729282e-13,1200.0,10800.0
0.65,2025-06-26,78757.6318667217,23091.499807707463,18704.11484424304,1094.4228114620212,7917.285881385982,48624.17505714632,4626.150246143412,53250.32530328973,50,LP,2.273736754432321e-13,1200.0,10800.0
0.65,2025-06-27,34670.73427249401,16000.0,12960.0,242.70315842527083,12101.791564252611,19592.21546259401,1008.1137338019984,20600.329196396007,20,LP,9.094947017729282e-13,1200.0,10800.0
0.65,2025-06-28,34878.06149401335,16000.000000000002,12960.0,300.7405429377068,10361.87592028439,19611.228317620407,853.9384447970393,20465.166762417448,19,LP,9.094947017729282e-13,1200.0,10800.0
0.65,2025-06-29,79758.65849849311,22968.73196391121,18604.672890768084,1007.0282105138466,7133.859102530498,49491.82269496191,3017.355958323068,52509.17865328498,32,LP,4.547473508864641e-13,1200.0,10800.0
0.65,2025-06-30,79105.64107650914,22916.56691772144,18562.41920335436,1228.1670163485114,6101.97639515724,48958.70408750713,4559.681275840478,53518.38536334761,45,LP,2.273736754432321e-13,1200.0,10800.0
0.65,2025-07-01,83117.85080393533,23280.128593142894,18856.904160445745,5308.3682401589695,5136.450578063836,51949.12168213312,17911.468274511284,69860.5899566444,86,LP,9.094947017729282e-13,1200.0,10800.0
0.65,2025-07-02,88223.5025418112,23293.55344911348,18867.77829378192,1450.3325989640325,12343.29361877702,56080.79664978809,3526.2227849404926,59607.01943472859,34,LP,2.273736754432321e-13,1200.0,10800.0
0.65,2025-07-03,86351.67810051807,22953.952868012508,18592.70182309013,2372.889431953913,4602.897554216266,54939.93669052972,7527.289635472839,62467.22632600256,59,LP,4.547473508864641e-13,1200.0,10800.0
0.65,2025-07-04,43319.1900871066,16000.0,12960.0,1106.3429129011552,12504.665533341093,26115.79953003565,3081.5310662681213,29197.33059630377,42,LP,9.094947017729282e-13,1200.0,10800.0
0.65,2025-07-05,44009.90422941692,16000.0,12960.0,807.7007818355368,12987.525044585793,26295.544029858556,2364.078963972802,28659.622993831355,36,LP,4.547473508864641e-13,1200.0,10800.0
0.65,2025-07-06,82894.86206307614,22360.333714309712,18111.870308590864,3805.194953931057,2657.612061288361,52170.42184291677,15504.104821346204,67674.52666426299,68,LP,2.273736754432321e-13,1200.0,10800.0
0.65,2025-07-07,85377.58586510886,22546.08386901452,18262.32793390176,605.7931472173309,8290.140310546773,53595.6352870906,1601.4132487059064,55197.0485357965,28,LP,9.094947017729282e-13,1200.0,10800.0
0.65,2025-07-08,85153.18344135446,22401.56150478061,18145.26481887229,982.3997370864691,6307.899475865939,53408.05071456384,4117.439163040207,57525.48987760405,40,LP,4.547473508864641e-13,1200.0,10800.0
0.65,2025-07-09,80581.15251837895,21885.042593654784,17726.884500860375,1756.2189060061114,4120.488314923994,50433.894232971244,6567.139223782877,57001.03345675412,52,LP,2.273736754432321e-13,1200.0,10800.0
0.65,2025-07-10,78810.00340845669,21691.76365424988,17570.3285599424,1783.8791271725972,3618.82405798848,49472.49138457883,6236.710607228548,55709.20199180738,59,LP,2.273736754432321e-13,1200.0,10800.0
0.65,2025-07-11,42150.73205143848,15999.999999999996,12960.0,2697.053503326113,9289.008404764598,24765.468767902275,9101.245109559057,33866.71387746133,55,LP,9.094947017729282e-13,1200.0,10800.0
0.65,2025-07-12,43442.80087887988,16000.0,12959.999999999996,938.7983480820888,10257.35589362864,25464.99959052263,3566.571048355641,29031.57063887827,35,LP,9.094947017729282e-13,1200.0,10800.0
0.65,2025-07-13,78875.16524808088,21172.069749495044,17149.376497090983,1014.160267454808,6598.911863131638,49458.8641719413,4293.526066258417,53752.39023819972,45,LP,2.273736754432321e-13,1200.0,10800.0
0.65,2025-07-14,73759.05930011666,19819.79287196671,16054.032226293031,3440.6574041582817,1626.2768419346053,46525.679959284666,14495.47276014794,61021.152719432604,84,LP,2.273736754432321e-13,1200.0,10800.0
0.65,2025-07-15,78815.76841904853,20688.4009741756,16757.60478908223,3023.264876554781,5159.1865271766255,49701.16664961915,9692.025115319351,59393.1917649385,39,LP,2.273736754432321e-13,1200.0,10800.0
0.65,2025-07-16,76355.25030677624,21213.96712112213,17183.313368108924,3761.500865630775,3951.5340360604814,47863.99840333316,13115.002709519496,60979.00111285265,68,LP,2.273736754432321e-13,1200.0,10800.0
0.65,2025-07-17,75891.7808714438,20591.180730431,16678.85639164911,2975.655966040274,2234.696432035515,47734.719939910254,12477.70473082377,60212.42467073402,81,LP,1.8189894035458565e-12,1200.0,10800.0
0.65,2025-07-18,40921.524523761545,16000.000000000002,12960.0,2951.532499869621,9558.80892363117,23867.3962710512,11249.393808454488,35116.790079505685,65,LP,9.094947017729282e-13,1200.0,10800.0
0.65,2025-07-19,41176.21684651539,16000.0,12960.0,1658.0690181096893,12611.46681462508,23919.28191297761,6665.91986715222,30585.20178012983,49,LP,9.094947017729282e-13,1200.0,10800.0
0.65,2025-07-20,77438.63354832731,20486.647759546344,16594.18468523254,1974.3693538890675,3430.561611235914,48760.48318221457,7092.086092908432,55852.569275123,52,LP,2.273736754432321e-13,1200.0,10800.0
0.65,2025-07-21,75937.97532216394,20385.52437914357,16512.274747106298,3808.3031128214343,1883.279452948098,47588.89134746093,14430.175736679785,62019.06708414071,78,LP,2.273736754432321e-13,1200.0,10800.0
0.65,2025-07-22,81463.40096415322,21574.06609692193,17474.993538506766,1463.993576578572,5033.177365649962,50933.6227676689,6015.813212391752,56949.435980060654,46,LP,2.273736754432321e-13,1200.0,10800.0
0.65,2025-07-23,79978.68437516098,21488.246985244277,17405.480058047862,2007.9793382386288,3687.349669536547,49978.06347361532,8338.68377000617,58316.74724362149,57,LP,2.273736754432321e-13,1200.0,10800.0
0.65,2025-07-24,78779.56637041816,21415.32962513288,17346.416996357628,2864.583425334516,3958.7651669774423,49346.30933661458,11165.914509533077,60512.22384614765,61,LP,2.273736754432321e-13,1200.0,10800.0
0.65,2025-07-25,41939.403679269264,15999.999999999993,12959.999999999996,521.2904715088994,12915.3745841115,24594.149098615097,2391.5642578426978,26985.7133564578,28,LP,9.094947017729282e-13,1200.0,10800.0
0.65,2025-07-26,42801.97153155337,15999.999999999998,12960.0,956.023819472295,12248.903784359003,25041.43935984093,3175.644070723715,28217.08343056465,39,LP,4.547473508864641e-13,1200.0,10800.0
0.65,2025-07-27,80325.40960656006,21546.93377407384,17453.01635699981,1685.660461130987,4231.962850617021,50184.048157050645,7351.188364243072,57535.23652129372,51,LP,2.273736754432321e-13,1200.0,10800.0
0.65,2025-07-28,81163.3771699447,21674.209275403115,17556.109513076524,3378.047854966457,2468.4480292512385,50760.04343829963,13366.192775810645,64126.23621411028,68,LP,2.273736754432321e-13,1200.0,10800.0
0.65,2025-07-29,83170.03587337205,22262.313814349374,18032.474189623,2051.142688032844,4922.092986678527,51983.09284093234,7742.187017338147,59725.279858270485,43,LP,2.273736754432321e-13,1200.0,10800.0
0.65,2025-07-30,80798.28059982546,21772.25993209544,17635.530544997302,1836.7764359012535,4395.073598628571,50372.14049288246,8001.350948104096,58373.49144098656,63,LP,2.273736754432321e-13,1200.0,10800.0
0.65,2025-07-31,80590.78225592937,21821.027609634657,17675.03236380407,1548.6093408695938,3298.4000843017243,50368.24029711761,6750.919829559074,57119.16012667669,55,LP,2.273736754432321e-13,1200.0,10800.0
0.65,2025-08-01,41623.01954936548,15999.999999999998,12960.0,700.4810091316062,18032.14089183042,24386.262887929974,2521.2594847992286,26907.522372729203,29,LP,4.547473508864641e-13,1200.0,10800.0
0.65,2025-08-02,40032.12238269462,16000.0,12960.0,767.0573919466281,16832.154841307914,23164.330460686408,3471.548785755871,26635.87924644228,38,LP,9.094947017729282e-13,1200.0,10800.0
0.65,2025-08-03,75375.11396341278,20105.79691541459,16285.69550148582,687.2565799832634,9402.789146133942,47549.172114871006,2898.6735800399783,50447.84569491098,31,LP,1.8189894035458565e-12,1200.0,10800.0
0.65,2025-08-04,73480.22538645059,19803.59879502391,16040.91502396937,532.4289549099474,4834.3154869726695,46538.62031789031,2072.219735854883,48610.84005374519,29,LP,4.547473508864641e-13,1200.0,10800.0
0.65,2025-08-05,74403.50065530304,19804.373767103403,16041.542751353756,679.4657542423759,6167.8256604624285,47226.03693966229,2858.3837553109543,50084.42069497325,23,LP,9.094947017729282e-13,1200.0,10800.0
0.65,2025-08-06,70052.36710068141,19763.234276132334,16008.219763667192,4229.891273401545,2412.844594951141,44381.98531996732,17341.486124788367,61723.47144475569,74,LP,2.273736754432321e-13,1200.0,10800.0
0.65,2025-08-07,76538.83438378689,20306.62481070654,16448.366096672296,341.68373863567,9634.274158388327,48429.18152514486,1100.0964848223562,49529.278009967216,18,LP,2.273736754432321e-13,1200.0,10800.0
0.65,2025-08-08,40007.440995148485,16000.0,12960.0,603.9632131843491,21796.232958332832,23224.69546541357,2489.7933495061234,25714.48881491969,33,LP,9.094947017729282e-13,1200.0,10800.0
0.65,2025-08-09,38756.57570620076,15999.999999999996,12960.0,2117.303876878056,18911.95058307882,22311.78874613604,8183.590682069598,30495.379428205637,59,LP,1.8189894035458565e-12,1200.0,10800.0
0.65,2025-08-10,69459.31278558001,19659.197883012814,15923.950285240378,2658.3174798997643,3077.7636177073528,44122.84889056343,9676.5599429911,53799.40883355453,58,LP,2.273736754432321e-13,1200.0,10800.0
0.65,2025-08-11,72121.13485134649,19936.248305676632,16148.361127598077,1419.901991630522,5191.896331565135,45625.7938638363,6048.830134139915,51674.62399797621,47,LP,2.273736754432321e-13,1200.0,10800.0
0.65,2025-08-12,73438.80397635075,20122.21160714987,16298.991401791398,2162.556180410822,4017.596301403111,46562.51686062734,9140.47510897579,55702.99196960313,55,LP,9.094947017729282e-13,1200.0,10800.0
0.65,2025-08-13,72631.447160978,19843.04859508032,16072.869362015055,1684.6084629105192,4424.896940823265,45735.59338456647,6842.237059573687,52577.83044414016,48,LP,2.273736754432321e-13,1200.0,10800.0
0.65,2025-08-14,70664.49179071386,20095.989265982804,16277.751305446074,2334.296840854377,3254.259687698172,44746.32056950746,10060.010086973229,54806.330656480684,68,LP,2.273736754432321e-13,1200.0,10800.0
0.65,2025-08-15,40236.92305901434,15999.999999999998,12959.999999999998,771.9502794564298,20809.14645513744,23410.67562555028,2707.28251274096,26117.95813829124,34,LP,1.8189894035458565e-12,1200.0,10800.0
0.65,2025-08-16,41398.24212539135,15999.999999999996,12960.0,514.5193758570076,21943.4811345817,24190.627617273374,2449.708369566257,26640.33598683964,26,LP,1.8189894035458565e-12,1200.0,10800.0
0.65,2025-08-17,68422.92114346972,19563.5397193322,15846.467172659082,2153.0888932999064,3693.543873429855,43455.57175268156,9032.340252419375,52487.91200510094,76,LP,2.273736754432321e-13,1200.0,10800.0
0.65,2025-08-18,69686.86382364747,19883.105922874707,16105.315797528514,2143.695238690356,3658.6533203249655,44436.62512497678,9966.09562390876,54402.72074888554,55,LP,1.8189894035458565e-12,1200.0,10800.0
0.65,2025-08-19,69683.55476981672,19964.53766418519,16171.27550799001,1564.156696703565,3136.7892603251,44368.85675081625,6448.743912434637,50817.60066325089,52,LP,2.273736754432321e-13,1200.0,10800.0
0.65,2025-08-20,70248.3175599565,20061.712991284945,16249.987522940804,6336.165977531011,2122.067002476705,44716.54233146343,26009.84743639268,70726.3897678561,80,LP,2.273736754432321e-13,1200.0,10800.0
0.65,2025-08-21,72527.20460255595,20025.48736862134,16220.644768583285,1873.630745753084,4751.574264937655,45899.38613666693,7711.134945319623,53610.52108198655,42,LP,2.273736754432321e-13,1200.0,10800.0
0.65,2025-08-22,41064.825704694296,16000.0,12960.0,2301.5408145858823,19095.797119280185,23993.690757960845,9586.706818278451,33580.397576239295,48,LP,2.273736754432321e-13,1200.0,10800.0
0.65,2025-08-23,40447.812331588095,15999.999999999998,12959.999999999998,1125.7782559242214,16003.584437512316,23546.330123587,4612.165493275366,28158.49561686237,40,LP,9.094947017729282e-13,1200.0,10800.0
0.65,2025-08-24,71188.05144072023,19692.051655185394,15950.561840700168,2093.861204803715,5806.833347705382,44935.2820916408,9120.27660950289,54055.55870114369,67,LP,9.094947017729282e-13,1200.0,10800.0
0.65,2025-08-25,69477.18832227735,19865.318924215306,16090.908328614396,6654.468403116382,1584.1591131261646,44175.8899840916,26191.027051931927,70366.91703602353,88,LP,2.273736754432321e-13,1200.0,10800.0
0.65,2025-08-26,72441.40551703564,19830.683266817323,16062.853446122032,1556.7209240084762,4701.4782370155,45598.33957589634,6641.707639350194,52240.04721524653,58,LP,2.273736754432321e-13,1200.0,10800.0
0.65,2025-08-27,70113.81910519951,20165.051053033865,16333.691352957432,3578.8945947329903,1947.205133189395,44369.79756559619,15577.892105668469,59947.68967126466,86,LP,9.094947017729282e-13,1200.0,10800.0
0.65,2025-08-28,72878.71564017201,20161.13522008763,16330.51952827098,4314.937058069001,2595.242023091028,45960.23999024881,17239.45622145493,63199.69621170374,71,LP,2.273736754432321e-13,1200.0,10800.0
0.65,2025-08-29,38760.63808651185,16000.0,12960.0,2401.9489389802834,15567.366675492136,22480.625323022134,9854.411101642174,32335.036424664308,63,LP,9.094947017729282e-13,1200.0,10800.0
0.65,2025-08-30,38994.66501999549,16000.0,12960.0,2528.593076988875,19970.538263651037,22663.23117788726,9599.890173118132,32263.121351005397,68,LP,9.094947017729282e-13,1200.0,10800.0
0.65,2025-08-31,72765.99817053461,19935.94739514856,16148.11739007033,1807.291084441055,4138.836166564115,46247.91230719857,7009.577280016016,53257.489587214586,46,LP,9.094947017729282e-13,1200.0,10800.0
0.7,2025-05-01,55968.95992649176,19214.93671484009,15564.09873902048,3520.953092035761,4827.696242707918,33283.823310487714,16450.476539582327,49734.29985007004,77,LP,9.094947017729282e-13,1200.0,10800.0
0.7,2025-05-02,26893.961483018666,16000.0,12960.0,5412.94451986232,14976.58591954765,13273.329652145423,23399.44401433334,36672.773666478766,86,LP,9.094947017729282e-13,1200.0,10800.0
0.7,2025-05-03,29200.832455804262,16000.000000000002,12960.0,1349.5601819105657,18643.220987714827,15073.42298179933,6276.192971510895,21349.615953310225,47,LP,4.547473508864641e-13,1200.0,10800.0
0.7,2025-05-04,59654.79343848692,19728.01303143873,15979.69055546538,1437.719333609049,5609.522962789282,36142.702765367154,5037.763148572103,41180.46591393926,43,LP,1.8189894035458565e-12,1200.0,10800.0
0.7,2025-05-05,57765.797451699065,18890.293193376136,15301.137486634669,3830.693505352331,2931.328450309933,35070.95365665583,17114.517818564702,52185.47147522053,71,LP,1.8189894035458565e-12,1200.0,10800.0
0.7,2025-05-06,60141.94665245239,19313.269542225185,15643.7483292024,2007.880705728668,5610.223778491611,36534.63197575717,8750.62602530897,45285.25800106614,57,LP,1.1368683772161605e-13,1200.0,10800.0
0.7,2025-05-07,61161.42965808202,19109.974412235504,15479.07927391076,1383.6582712549848,3846.346841012263,37140.25483776716,6374.998767548732,43515.2536053159,57,LP,9.094947017729282e-13,1200.0,10800.0
0.7,2025-05-08,61154.82972364911,19646.77447012665,15913.887320802583,1895.939530618544,3491.3697049435914,37456.67562157121,7128.776816974951,44585.45243854616,49,LP,9.094947017729282e-13,1200.0,10800.0
0.7,2025-05-09,29363.374475160766,16000.0,12960.0,419.6544393288928,18243.64306448966,15424.877021675788,1684.180659515204,17109.057681190992,27,LP,9.094947017729282e-13,1200.0,10800.0
0.7,2025-05-10,28093.12794473344,16000.0,12960.0,1961.830564870496,14893.913226270604,14250.178613847713,8394.830961418662,22645.009575266373,60,LP,4.547473508864641e-13,1200.0,10800.0
0.7,2025-05-11,62850.693080378696,19550.60573446795,15835.99064491904,1260.1929075242022,4912.191815020669,38119.61231230958,5325.792182342477,43445.40449465206,47,LP,2.273736754432321e-13,1200.0,10800.0
0.7,2025-05-12,62490.84672566527,19349.67434773892,15673.236221668523,974.5146319651984,7857.727998226732,38067.13248099599,2624.616354482754,40691.74883547875,26,LP,2.273736754432321e-13,1200.0,10800.0
0.7,2025-05-13,57405.57846679394,18529.770679307912,15009.114250239409,1823.497881021794,2579.207152080567,34731.351158166195,8340.742908240512,43072.09406640671,52,LP,9.094947017729282e-13,1200.0,10800.0
0.7,2025-05-14,59167.95885475041,19163.38589127753,15522.342571934803,1357.847558700715,3870.614310775066,35544.06080101866,5453.233360895903,40997.29416191456,57,LP,4.547473508864641e-13,1200.0,10800.0
0.7,2025-05-15,60332.57823684248,19155.185210723103,15515.700020685712,980.511954553906,4908.546718025675,36713.891626591314,3807.812055903756,40521.70368249507,37,LP,1.8189894035458565e-12,1200.0,10800.0
0.7,2025-05-16,28757.9689171578,15999.999999999996,12959.999999999998,455.4387059963664,23457.901089820836,14990.014049303576,1587.8718961014913,16577.88594540507,22,LP,9.094947017729282e-13,1200.0,10800.0
0.7,2025-05-17,28966.129028638105,16000.0,12960.0,1849.1128648327056,17326.442810137476,15179.031386352704,8116.325193931119,23295.356580283824,41,LP,4.547473508864641e-13,1200.0,10800.0
0.7,2025-05-18,60304.2742402704,18783.084984682733,15214.298837593014,1584.4594748375916,4643.779468018284,36639.47449586804,5318.880780344302,41958.35527621234,45,LP,1.1368683772161605e-13,1200.0,10800.0
0.7,2025-05-19,59429.86836519448,18653.046925392096,15108.9680095676,544.6241499219932,8915.197049291979,35803.20335824644,2892.684555084385,38695.88791333083,31,LP,2.273736754432321e-13,1200.0,10800.0
0.7,2025-05-20,59676.38815034775,18705.22216499868,15151.229953648935,1446.0454591158425,3041.0465814471863,36138.59664879478,5923.219647881488,42061.81629667627,44,LP,1.1368683772161605e-13,1200.0,10800.0
0.7,2025-05-21,59343.22274989796,18536.25388242365,15014.36564476316,1652.3053960812997,6111.024624985441,35891.92542871437,6785.193287775469,42677.11871648984,46,LP,1.1368683772161605e-13,1200.0,10800.0
0.7,2025-05-22,60575.93154854547,18656.548323989016,15111.804142431103,395.5499062775873,6610.106456598485,36829.55297304384,1695.2232283373355,38524.77620138118,25,LP,9.094947017729282e-13,1200.0,10800.0
0.7,2025-05-23,27526.709775673884,16000.0,12960.0,872.8401678112529,18938.6010601518,14066.481825194527,3444.885136134124,17511.366961328655,45,LP,9.094947017729282e-13,1200.0,10800.0
0.7,2025-05-24,28180.315567438727,16000.0,12960.0,428.4828712824371,21814.297055387837,14540.274046050636,1637.0795303654993,16177.353576416135,32,LP,1.1368683772161605e-13,1200.0,10800.0
0.7,2025-05-25,59060.31865516127,18569.641613454674,15041.409706898285,610.701645909981,7597.77821118153,35567.92379982636,2733.2738240375,38301.19762386386,37,LP,2.273736754432321e-13,1200.0,10800.0
0.7,2025-05-26,58009.78267707581,18034.05629615753,14607.585599887603,3037.1366354557986,3040.615666261687,34963.724018175446,12421.8948522856,47385.61887046105,63,LP,1.1368683772161605e-13,1200.0,10800.0
0.7,2025-05-27,59327.436337821775,18764.411439034368,15199.17326561784,518.3536858132436,6890.184550218491,35980.28127183407,1822.1460099572191,37802.42728179129,31,LP,2.273736754432321e-13,1200.0,10800.0
0.7,2025-05-28,59699.64937830069,18635.62478547369,15094.856076233693,1794.7621808826618,5679.818749943342,35971.41479136025,6864.312567420209,42835.72735878046,53,LP,1.1368683772161605e-13,1200.0,10800.0
0.7,2025-05-29,59504.63314526196,18830.763813054396,15252.918688574056,1981.676668820041,3798.341189601673,36090.86969354027,8264.551040054377,44355.42073359465,55,LP,1.1368683772161605e-13,1200.0,10800.0
0.7,2025-05-30,28026.745631213944,15999.999999999996,12960.0,1084.6907786848526,19475.20314323213,14513.263115995333,4024.957196477868,18538.2203124732,37,LP,4.547473508864641e-13,1200.0,10800.0
0.7,2025-05-31,28211.26832436029,16000.0,12960.0,1001.163701319818,17783.250475680114,14507.557251837374,3797.226639262943,18304.78389110032,38,LP,2.273736754432321e-13,1200.0,10800.0
0.7,2025-06-01,62206.47829102779,19236.474543571243,15581.544380292711,13153.787335992747,480.50916374200926,37619.28104898045,50609.91655582652,88229.19760480698,119,LP,4.547473508864641e-13,1200.0,10800.0
0.7,2025-06-02,69913.11970703691,19798.16050980917,16036.510012945431,6000.896781301221,3511.558541474406,44199.13532510319,23875.066858732745,68074.20218383594,80,LP,2.273736754432321e-13,1200.0,10800.0
0.7,2025-06-03,73844.71884049513,20991.306735394573,17002.9584556696,1789.603067812238,3453.606795249068,46095.52399196432,7437.519686536058,53533.04367850038,59,LP,4.547473508864641e-13,1200.0,10800.0
0.7,2025-06-04,77133.51532072018,21867.982498007703,17713.065823386245,1927.6623454982205,5261.000174930277,48165.27646402233,5847.596637948376,54012.87310197071,46,LP,2.273736754432321e-13,1200.0,10800.0
0.7,2025-06-05,76119.74979597829,21739.51678343837,17609.008594585077,2641.4223519239104,3481.345942382246,47359.643658571134,10011.383004374258,57371.02666294539,69,LP,2.273736754432321e-13,1200.0,10800.0
0.7,2025-06-06,36245.98609288397,16000.0,12960.0,3667.70664759087,6018.697340474848,21002.877668392888,14556.353168803287,35559.23083719618,58,LP,9.094947017729282e-13,1200.0,10800.0
0.7,2025-06-07,37152.68105574277,15999.999999999998,12959.999999999998,994.3753015692632,3980.543190645364,21492.10211853345,3644.818579790982,25136.92069832444,39,LP,1.8189894035458565e-12,1200.0,10800.0
0.7,2025-06-08,85164.92659335201,24103.804364251748,19524.081535043915,167.11441585783996,15567.394913335353,53607.6282454773,552.74563205764,54160.37387753494,15,LP,4.547473508864641e-13,1200.0,10800.0
0.7,2025-06-09,77341.70923061529,22337.89488764613,18093.694858993367,2346.400467597954,4511.196936227148,47648.78216877399,9693.255866693931,57342.03803546792,64,LP,2.273736754432321e-13,1200.0,10800.0
0.7,2025-06-10,80143.2584974904,22691.54463431021,18380.15115379127,1001.3883450227768,5214.80912866091,49669.36852180905,3730.0411688509935,53399.40969066004,41,LP,4.547473508864641e-13,1200.0,10800.0
0.7,2025-06-11,80720.24266025265,22726.109119988432,18408.14838719063,2428.0191925222243,2745.8548033104057,50202.84829127476,10554.940567237132,60757.78885851189,58,LP,2.273736754432321e-13,1200.0,10800.0
0.7,2025-06-12,83866.40896680819,24028.16064861914,19462.810125381504,544.7196095570469,7393.386619794263,52768.67335299295,1939.7872173545084,54708.46057034746,22,LP,4.547473508864641e-13,1200.0,10800.0
0.7,2025-06-13,35244.454372612345,15999.999999999998,12959.999999999996,1056.198000067768,4915.338672680116,20106.89027419309,4153.499348310709,24260.389622503804,44,LP,4.547473508864641e-13,1200.0,10800.0
0.7,2025-06-14,36150.14502789318,15927.389781152331,12901.185722733386,855.8523121477892,7786.450531622028,20531.704898640823,2722.554531428476,23254.259430069294,41,LP,9.094947017729282e-13,1200.0,10800.0
0.7,2025-06-15,80150.7687704543,22508.62318331312,18231.984778483627,892.1320382128793,6139.288070504368,50022.0258218126,3200.1406570689587,53222.166478881554,21,LP,9.094947017729282e-13,1200.0,10800.0
0.7,2025-06-16,80710.8571155762,23086.813608111494,18700.319022570315,1101.9429065111744,4732.252619879538,50058.94693399742,4280.888650533187,54339.83558453061,45,LP,2.273736754432321e-13,1200.0,10800.0
0.7,2025-06-17,81930.65557212607,23496.30015397657,19032.00312472102,2019.4300540140548,4848.7773802179145,50908.985439153,8454.369154516973,59363.35459366997,48,LP,4.547473508864641e-13,1200.0,10800.0
0.7,2025-06-18,82417.37340503943,23349.18110166688,18912.83669235017,558.6408435871496,7611.278939309876,51270.94029235636,2297.9350619621446,53568.87535431851,36,LP,9.094947017729282e-13,1200.0,10800.0
0.7,2025-06-19,78914.55694199717,22617.651341255478,18320.29758641693,975.9672693055034,7333.666256464139,49060.22972768444,4027.3159825962985,53087.54571028074,39,LP,2.273736754432321e-13,1200.0,10800.0
0.7,2025-06-20,35722.36741191405,16000.0,12960.000000000004,171.10364304067187,10452.890204954723,20453.663778637183,602.7853735524282,21056.449152189613,12,LP,9.094947017729282e-13,1200.0,10800.0
0.7,2025-06-21,35653.26765002231,15999.999999999996,12960.0,391.6059441421965,13670.133194164511,20169.675474063675,1659.9612681578596,21829.636742221533,20,LP,4.547473508864641e-13,1200.0,10800.0
0.7,2025-06-22,78201.72306902024,22536.117393900626,18254.25508905951,860.5853969223034,7323.10506110143,48162.74281898864,3545.490271411384,51708.23309040003,39,LP,4.547473508864641e-13,1200.0,10800.0
0.7,2025-06-23,78901.31341017038,22592.834188698223,18300.19569284556,502.2755348393674,8049.664449157077,48823.81894355359,2264.401053210476,51088.21999676406,29,LP,9.094947017729282e-13,1200.0,10800.0
0.7,2025-06-24,74987.92001610299,22444.15883427088,18179.76865575941,6550.128465617701,1004.8660532092366,45913.656505204686,25715.32124297581,71628.97774818049,98,LP,2.273736754432321e-13,1200.0,10800.0
0.7,2025-06-25,82778.74674165607,23774.34420898924,19257.218809281283,766.8724904768501,8591.072465758301,51540.53059449561,2505.905474354431,54046.436068850046,21,LP,4.547473508864641e-13,1200.0,10800.0
0.7,2025-06-26,79908.61855543022,23198.64138580385,18790.89952250112,898.9061368712937,8852.398995665459,49465.38197538677,3831.3539841900993,53296.73595957687,43,LP,4.547473508864641e-13,1200.0,10800.0
0.7,2025-06-27,35106.81261365321,16000.0,12960.000000000002,192.76648435827445,12487.93323134482,19882.413643938016,839.1994775283158,20721.613121466333,15,LP,9.094947017729282e-13,1200.0,10800.0
0.7,2025-06-28,35299.473078280214,15999.999999999996,12960.0,258.2100153919107,10740.756977005469,19896.60704618065,757.9468902716303,20654.55393645228,19,LP,9.094947017729282e-13,1200.0,10800.0
0.7,2025-06-29,80999.588783805,23152.480886326142,18753.509517924173,765.8940254329426,8098.74290750265,50391.58050195036,2285.3025522993507,52676.88305424971,29,LP,4.547473508864641e-13,1200.0,10800.0
0.7,2025-06-30,80359.56964780742,23385.42023559396,18942.190390831114,997.5099030811076,7036.165722792337,49828.9055159424,3691.283512487036,53520.18902842944,36,LP,4.547473508864641e-13,1200.0,10800.0
0.7,2025-07-01,84164.10602937444,23385.20599904719,18942.01685922822,4970.182684114965,5824.555540337111,52730.3921706272,16707.604022212676,69437.99619283987,79,LP,4.547473508864641e-13,1200.0,10800.0
0.7,2025-07-02,89278.41483443062,23398.14877873544,18952.50051077571,1325.1845094233454,13253.184709227564,56862.56313699614,3188.3986734908976,60050.96181048704,34,LP,4.547473508864641e-13,1200.0,10800.0
0.7,2025-07-03,87417.91212455297,23025.247102956862,18650.45015339506,2025.08762828734,5307.783869945181,55698.658628744844,6329.875499745407,62028.53412849025,56,LP,4.547473508864641e-13,1200.0,10800.0
0.7,2025-07-04,43800.67475845301,15999.999999999996,12960.0,956.149158177604,12835.956449963958,26437.82955449901,2621.4715027590128,29059.301057258028,35,LP,1.8189894035458565e-12,1200.0,10800.0
0.7,2025-07-05,44463.35617575637,15999.999999999998,12960.0,639.8816182016039,13273.157827291316,26590.52364379716,1821.2397578036685,28411.76340160083,30,LP,9.094947017729282e-13,1200.0,10800.0
0.7,2025-07-06,84109.14357464376,22569.15280344601,18281.013770791265,3163.190313268362,3190.213305257387,52975.24572689405,12786.792180582956,65762.037907477,62,LP,4.547473508864641e-13,1200.0,10800.0
0.7,2025-07-07,86515.25169896029,22614.922355319737,18318.087107808984,493.8542096464225,9302.7878944293,54417.859163160014,1296.3333542903615,55714.19251745038,25,LP,9.094947017729282e-13,1200.0,10800.0
0.7,2025-07-08,86262.3314069561,22410.63570947334,18152.61492467341,730.0035118087583,7162.927117298259,54182.48493364717,3030.1436802820854,57212.62861392925,30,LP,2.273736754432321e-13,1200.0,10800.0
0.7,2025-07-09,81774.71789711094,22292.68258602744,18057.072894682227,1319.5924757233242,4799.97566482238,51170.84513860767,4953.880678906539,56124.72581751421,44,LP,2.273736754432321e-13,1200.0,10800.0
0.7,2025-07-10,80055.09036008417,21986.849748864028,17809.34829657987,1358.8646899966748,4382.830214463355,50220.62136036891,4731.789150548731,54952.410510917645,49,LP,4.547473508864641e-13,1200.0,10800.0
0.7,2025-07-11,42592.20891780521,15999.999999999998,12960.0,2394.7529911477595,9428.18475895298,25060.64796962757,8045.103135380123,33105.7511050077,48,LP,9.094947017729282e-13,1200.0,10800.0
0.7,2025-07-12,43893.07764578442,16000.0,12960.0,742.1444746381559,10510.97878708924,25786.86424438515,2724.0464412320234,28510.91068561717,32,LP,9.094947017729282e-13,1200.0,10800.0
0.7,2025-07-13,80125.74281716945,21510.65497774009,17423.630531969477,807.6846049026864,7578.682576301521,50200.82211002903,3448.430951896722,53649.25306192575,42,LP,2.273736754432321e-13,1200.0,10800.0
0.7,2025-07-14,75024.42502280438,20132.504033725847,16307.328267317936,2748.7665862875447,2140.3366260173475,47243.96345682696,11832.60823319767,59076.57169002463,72,LP,2.273736754432321e-13,1200.0,10800.0
0.7,2025-07-15,80186.07224254883,21001.630319507876,17011.320558801377,2488.584374658455,5935.29627316746,50489.48019691019,7921.770712182335,58411.25090909252,33,LP,2.273736754432321e-13,1200.0,10800.0
0.7,2025-07-16,77683.8226209567,21537.327210954143,17445.235040872856,3053.5876147520594,4510.754682294129,48626.83027449691,10736.746833475358,59363.57710797227,64,LP,2.273736754432321e-13,1200.0,10800.0
0.7,2025-07-17,77209.90348701671,20880.80103005016,16913.44883434063,2350.2157275937443,2872.350952234263,48487.09514713868,9965.426355733423,58452.52150287211,72,LP,2.273736754432321e-13,1200.0,10800.0
0.7,2025-07-18,41361.008494875954,16000.0,12959.999999999998,2527.5357384125846,9574.29613328854,24168.41702177495,9364.03339439038,33532.45041616533,61,LP,9.094947017729282e-13,1200.0,10800.0
0.7,2025-07-19,41652.597934680336,16000.0,12960.000000000004,1391.8459388062072,12821.624823486549,24251.585425401,5556.234443312649,29807.819868713646,43,LP,2.273736754432321e-13,1200.0,10800.0
0.7,2025-07-20,78591.84832924732,20746.96119660935,16805.03856925358,1531.6778064640964,4091.625291688968,49436.56442601053,5456.567489407819,54893.13191541835,42,LP,2.273736754432321e-13,1200.0,10800.0
0.7,2025-07-21,77052.29148941213,20650.215931224357,16726.67490429172,3238.4131870217143,2377.414299501218,48244.37649600972,12308.70227246826,60553.07876847798,71,LP,2.273736754432321e-13,1200.0,10800.0
0.7,2025-07-22,82553.71042209693,21824.329087864884,17677.706561170555,1109.723520623902,5721.666799359839,51609.00650860371,4586.005937757052,56195.01244636076,35,LP,2.273736754432321e-13,1200.0,10800.0
0.7,2025-07-23,81040.97162837077,21464.48768028352,17386.23502102965,1577.5954777633497,4323.767330213592,50658.25017428505,6612.807520065336,57271.057694350384,49,LP,9.094947017729282e-13,1200.0,10800.0
0.7,2025-07-24,79824.97951434329,21580.04066980724,17479.83294254386,2400.04936310617,4508.349150186075,49979.36809244669,9500.869863636051,59480.23795608274,55,LP,4.547473508864641e-13,1200.0,10800.0
0.7,2025-07-25,42420.996412053166,15999.999999999998,12960.000000000004,433.2495858452468,13308.926431231746,24920.802165851183,2064.1601935212893,26984.962359372475,20,LP,4.547473508864641e-13,1200.0,10800.0
0.7,2025-07-26,43259.00684669047,16000.0,12960.0,718.534340102527,12468.449620126334,25355.33051603654,2323.578221699415,27678.90873773596,30,LP,9.094947017729282e-13,1200.0,10800.0
0.7,2025-07-27,81355.51607782132,21642.52374879984,17530.44423652787,1357.9551126039387,4916.201878153297,50857.34767188728,5929.738304987871,56787.085976875154,46,LP,2.273736754432321e-13,1200.0,10800.0
0.7,2025-07-28,82217.91172143938,21922.0530317834,17756.86295574455,2821.0419820310326,2918.886394098232,51435.4760107991,11149.060719505933,62584.53673030503,60,LP,2.273736754432321e-13,1200.0,10800.0
0.7,2025-07-29,84138.04140779108,22496.17559917508,18221.90223533181,1733.1954524278765,5527.717546375696,52616.10650215388,6549.988923428984,59166.09542558287,38,LP,4.547473508864641e-13,1200.0,10800.0
0.7,2025-07-30,81786.7126220981,22070.695508198223,17877.26336164056,1498.8084827147677,4988.834908255207,51009.11822682073,6632.742822463029,57641.86104928376,50,LP,2.273736754432321e-13,1200.0,10800.0
0.7,2025-07-31,81553.73058000827,22094.21321248116,17896.31270210974,1253.1074191753296,3913.941222145519,50986.16474366139,5503.569060326256,56489.73380398765,49,LP,2.273736754432321e-13,1200.0,10800.0
0.7,2025-08-01,42088.31897266256,16000.000000000004,12960.000000000002,583.3767920251635,18380.33609802105,24712.761826557296,2160.503326838674,26873.26515339597,27,LP,9.094947017729282e-13,1200.0,10800.0
0.7,2025-08-02,40459.25482640046,16000.0,12960.0,621.9511307146104,17114.181023781744,23474.55172940324,2807.3823039029667,26281.934033306203,31,LP,1.8189894035458565e-12,1200.0,10800.0
0.7,2025-08-03,76401.38479139537,20341.808452471087,16476.864846501583,563.4860509393891,10260.447253031927,48164.573101451504,2347.417809282474,50511.99091073398,26,LP,2.273736754432321e-13,1200.0,10800.0
0.7,2025-08-04,74465.80431279817,19819.353373333208,16053.6762323999,352.1685515153292,5636.640640046866,47128.82944810998,1326.4953052059957,48455.32475331597,21,LP,2.273736754432321e-13,1200.0,10800.0
0.7,2025-08-05,75370.87313412494,19900.22663238149,16119.183572229009,531.2456183907443,6968.765959029863,47800.906464566375,2278.089808178561,50078.99627274494,19,LP,2.273736754432321e-13,1200.0,10800.0
0.7,2025-08-06,71068.8686362808,19928.22112447067,16141.859110821242,3750.751203973216,2918.85855993791,44978.22131141592,15476.224029854116,60454.44534127004,66,LP,2.273736754432321e-13,1200.0,10800.0
0.7,2025-08-07,77611.77284971773,20512.26798267383,16614.93706596581,269.53913571604505,10595.995818725754,49070.05856106579,876.1979898501966,49946.25655091598,15,LP,2.273736754432321e-13,1200.0,10800.0
0.7,2025-08-08,40441.156138406775,16000.0,12959.999999999996,461.4013913326146,22087.386279739385,23521.507952002463,1881.4432442439388,25402.9511962464,26,LP,9.094947017729282e-13,1200.0,10800.0
0.7,2025-08-09,39172.5933852134,15999.999999999998,12960.0,1807.6948840033212,19018.35926921672,22602.3420449164,7030.497113730651,29632.839158647053,53,LP,9.094947017729282e-13,1200.0,10800.0
0.7,2025-08-10,70513.57647895199,19855.043835423712,16082.585506693204,2209.6414664182585,3646.140566639741,44720.99618507148,7954.220217911539,52675.21640298302,53,LP,2.273736754432321e-13,1200.0,10800.0
0.7,2025-08-11,73032.09519965969,19617.275405390985,15889.9930783667,1128.49021354702,5872.049752849091,46222.04224604722,4764.458635714602,50986.50088176182,39,LP,1.8189894035458565e-12,1200.0,10800.0
0.7,2025-08-12,74316.82101379731,19800.51077485049,16038.413727628897,1805.3599993167452,4599.540315892458,47123.01652973775,7568.628149969951,54691.64467970769,45,LP,9.094947017729282e-13,1200.0,10800.0
0.7,2025-08-13,73612.74334426974,20060.872386980427,16249.30663345415,1378.6541707053202,5058.852311448783,46310.58816516989,5631.536608800583,51942.12477397047,47,LP,2.273736754432321e-13,1200.0,10800.0
0.7,2025-08-14,71570.7087012566,19906.19005776316,16124.01394678816,1940.5705833623556,3802.812190310623,45323.650929043535,8350.089709049014,53673.74063809255,63,LP,9.094947017729282e-13,1200.0,10800.0
0.7,2025-08-15,40617.07111804005,15999.999999999996,12960.0,600.1635463175858,21017.50778102432,23680.046977988117,2105.217244319136,25785.264222307247,32,LP,4.547473508864641e-13,1200.0,10800.0
0.7,2025-08-16,41765.67422995132,16000.000000000004,12960.0,408.066205047572,22204.46006833222,24449.87226539437,1984.286788043947,26434.15905343832,21,LP,9.094947017729282e-13,1200.0,10800.0
0.7,2025-08-17,69450.80405314258,19781.6576662099,16023.142709630016,1710.436421857053,4237.331901753068,44031.752865314425,7308.038543184337,51339.79140849877,66,LP,2.273736754432321e-13,1200.0,10800.0
0.7,2025-08-18,70692.613699816,20134.92281428365,16309.28747956976,1793.5486348963714,4266.411383331821,44986.185893773785,8490.026789885305,53476.21268365909,47,LP,2.273736754432321e-13,1200.0,10800.0
0.7,2025-08-19,70672.57348286189,20198.186895262992,16360.531385163024,1285.8013008650644,3803.059223626996,44916.11699775695,5391.413778985279,50307.53077674224,43,LP,2.273736754432321e-13,1200.0,10800.0
0.7,2025-08-20,71280.54322023697,20305.030183475566,16447.07444861521,5653.535935240627,2425.4323539505885,45285.97736393032,23211.424223391063,68497.40158732138,75,LP,2.273736754432321e-13,1200.0,10800.0
0.7,2025-08-21,73566.31208461056,20292.683341427983,16437.07350655667,1556.5452344569148,5422.829000862826,46494.34508826791,6460.347813462421,52954.692901730334,39,LP,2.273736754432321e-13,1200.0,10800.0
0.7,2025-08-22,41487.51394953384,15999.999999999996,12960.0,1972.887143717241,19189.83169325108,24289.11708535278,8178.954399992263,32468.07148534504,45,LP,9.094947017729282e-13,1200.0,10800.0
0.7,2025-08-23,40857.81316163618,16000.0,12960.0,906.1085204377728,16193.915532073956,23836.33193516722,3656.688621581623,27493.020556748845,33,LP,9.094947017729282e-13,1200.0,10800.0
0.7,2025-08-24,72153.8559505868,19753.42275984061,16000.272435470895,1720.5138281001928,6387.629970983953,45513.43574193402,7485.994343192013,52999.430085126034,61,LP,2.273736754432321e-13,1200.0,10800.0
0.7,2025-08-25,70536.64613797763,20114.823620551306,16293.007132646557,5944.623832477255,1886.36646588348,44773.35652194554,23361.31881642041,68134.67533836595,80,LP,1.8189894035458565e-12,1200.0,10800.0
0.7,2025-08-26,73596.73139515912,20150.448104875784,16321.862964949389,1257.0691853818869,5496.397057281286,46274.48371284705,5346.540682361095,51621.02439520815,47,LP,2.273736754432321e-13,1200.0,10800.0
0.7,2025-08-27,71071.3668920696,19915.96545133892,16131.932015584523,2987.114662674059,2360.299252322621,44980.63180703901,13005.79987315912,57986.431680198126,78,LP,9.094947017729282e-13,1200.0,10800.0
0.7,2025-08-28,73980.90971166888,20489.28039330917,16596.317118580424,3853.6785584509744,3173.830012057786,46600.88968115348,15426.802915063185,62027.69259621666,64,LP,2.273736754432321e-13,1200.0,10800.0
0.7,2025-08-29,39181.92241254125,15999.999999999996,12960.0,2094.7722886648226,15681.47435120607,22757.35359393333,8620.617622555066,31377.9712164884,55,LP,1.8189894035458565e-12,1200.0,10800.0
0.7,2025-08-30,39437.0075616481,16000.000000000004,12960.0,2166.0200996370745,20050.307827951845,22978.942835439364,8109.71821266761,31088.661048106973,63,LP,1.8189894035458565e-12,1200.0,10800.0
0.7,2025-08-31,73863.54362724694,20189.1674089762,16353.225601270724,1407.6968504900456,4788.675586698177,46923.638086949904,5404.639479371881,52328.27756632178,40,LP,2.273736754432321e-13,1200.0,10800.0
0.75,2025-05-01,56712.29173515438,19360.91181861345,15682.338573076891,3250.0118259268,5272.35151554462,33694.02709822759,15287.190494563922,48981.21759279151,75,LP,9.094947017729282e-13,1200.0,10800.0
0.75,2025-05-02,27190.75010161488,16000.000000000004,12960.0,4985.874965756259,14846.304984037804,13476.583778204218,21520.60593412417,34997.189712328385,84,LP,9.094947017729282e-13,1200.0,10800.0
0.75,2025-05-03,29551.975740546804,15999.999999999998,12959.999999999998,1086.56630985152,18731.37040039833,15344.972833388838,5119.298447947321,20464.27128133616,38,LP,4.547473508864641e-13,1200.0,10800.0
0.75,2025-05-04,60600.85010944295,19676.347835825283,15937.841747018472,1189.2005622421557,6316.877249544964,36725.147638267896,4253.311569105845,40978.459207373744,38,LP,9.094947017729282e-13,1200.0,10800.0
0.75,2025-05-05,58763.62279127816,19056.707116525955,15435.932764386022,3394.5608368041085,3461.402475942333,35643.24302091784,15179.67989520975,50822.9229161276,66,LP,9.094947017729282e-13,1200.0,10800.0
0.75,2025-05-06,61141.70268705329,19153.989933169894,15514.73184586762,1710.2090869990766,6342.571320083423,37165.438356875,7437.0192241082095,44602.45758098321,49,LP,9.094947017729282e-13,1200.0,10800.0
0.75,2025-05-07,62265.27712451429,18988.26274782099,15380.492825735002,1061.1593727242712,4650.820625152583,37824.46973925469,4923.915983972407,42748.3857232271,46,LP,1.1368683772161605e-13,1200.0,10800.0
0.75,2025-05-08,62095.64867431574,19243.04187400465,15586.86391794377,1516.570596342597,4129.528914597452,38069.88901720141,5710.822103648728,43780.71112085014,43,LP,1.8189894035458565e-12,1200.0,10800.0
0.75,2025-05-09,29708.813505854087,15999.999999999996,12960.0,309.50894395245155,18478.93659980654,15681.322287510156,1208.0866605472452,16889.4089480574,22,LP,9.094947017729282e-13,1200.0,10800.0
0.75,2025-05-10,28450.36938482373,16000.0,12960.0,1683.9873986657085,14973.311500156107,14504.485196106369,7225.238729063189,21729.72392516956,48,LP,9.094947017729282e-13,1200.0,10800.0
0.75,2025-05-11,63868.44244877437,19803.962836982828,16041.209897956089,948.0029597264804,5569.613386140783,38712.96879025999,4011.2184974952015,42724.1872877552,45,LP,2.273736754432321e-13,1200.0,10800.0
0.75,2025-05-12,63490.151539416205,19586.060686490702,15864.709156057464,781.4624970914665,8619.067272741107,38656.48162880942,2003.817895569536,40660.29952437896,22,LP,1.1368683772161605e-13,1200.0,10800.0
0.75,2025-05-13,58503.91669833149,18724.155319487785,15166.565808785104,1412.252168247424,3229.3665892095687,35338.29092709252,6406.399811054504,41744.69073814702,48,LP,2.273736754432321e-13,1200.0,10800.0
0.75,2025-05-14,60151.87109214941,18920.53508698952,15325.633420461503,1048.1796778338608,4591.000320121933,36156.98844118631,4129.094805670314,40286.08324685662,46,LP,9.094947017729282e-13,1200.0,10800.0
0.75,2025-05-15,61202.93177606513,18806.20333450448,15233.024700948625,779.3983207449769,5644.093179920928,37280.54218398064,3029.2672321225527,40309.80941610319,35,LP,1.1368683772161605e-13,1200.0,10800.0
0.75,2025-05-16,29125.84704720497,15999.999999999996,12960.0,350.82722047737394,23721.167734349016,15251.981645417374,1211.8620071263124,16463.84365254369,20,LP,4.547473508864641e-13,1200.0,10800.0
0.75,2025-05-17,29336.242889272744,15999.999999999996,12960.0,1655.034557761005,17502.478363700415,15447.1068000664,7300.126245143253,22747.23304520965,35,LP,9.094947017729282e-13,1200.0,10800.0
0.75,2025-05-18,61388.27106149096,18662.599438591256,15116.705545258912,1287.735901541046,5453.944969699663,37328.30341442859,4265.196061860355,41593.49947628895,40,LP,1.8189894035458565e-12,1200.0,10800.0
0.75,2025-05-19,60668.39899044265,18640.20702502208,15098.567690267884,396.7580685131711,10008.301174201632,36551.99562740829,2192.999833660773,38744.99546106907,22,LP,4.547473508864641e-13,1200.0,10800.0
0.75,2025-05-20,60898.267072743416,18713.297015137727,15157.77058226156,1014.2964588697926,3829.6422820703815,36862.43703407831,4373.364739329401,41235.80177340771,30,LP,9.094947017729282e-13,1200.0,10800.0
0.75,2025-05-21,60561.4607937234,18662.192039839792,15116.37555227023,1243.5727409416197,6896.601763762138,36590.69795283986,5020.5728802659705,41611.27083310583,36,LP,9.094947017729282e-13,1200.0,10800.0
0.75,2025-05-22,61626.561576929,18356.216606103186,14868.535450943577,300.3109312643458,7622.560536367084,37497.59032495367,1281.5603786291676,38779.15070358284,21,LP,1.1368683772161605e-13,1200.0,10800.0
0.75,2025-05-23,27847.270763535827,16000.000000000004,12960.0,614.0895024759617,19000.41138267845,14306.05823348286,2339.467939691831,16645.526173174694,36,LP,2.273736754432321e-13,1200.0,10800.0
0.75,2025-05-24,28539.572014770747,15999.999999999998,12959.999999999998,302.0807915475756,22047.151422984996,14802.887459466823,1132.470469812754,15935.357929279577,25,LP,4.547473508864641e-13,1200.0,10800.0
0.75,2025-05-25,60166.13074806289,18716.035237448163,15159.988542333009,441.19780827354737,8506.271677887955,36223.15008704503,1986.7849550810915,38209.935042126126,29,LP,9.094947017729282e-13,1200.0,10800.0
0.75,2025-05-26,59164.93353010093,18296.964649501133,14820.54136609592,2577.638800536009,3686.316097231719,35635.45406480768,10534.188126747413,46169.64219155509,58,LP,1.1368683772161605e-13,1200.0,10800.0
0.75,2025-05-27,60474.5708984401,18912.556828884808,15319.171031396696,329.36185182292246,7820.179652774907,36669.81793373125,1053.493424508364,37723.31135823961,25,LP,9.094947017729282e-13,1200.0,10800.0
0.75,2025-05-28,60753.42694375671,18357.16777937523,14869.305901293936,1437.738759978331,6429.479725653758,36654.97111523442,5471.484890126156,42126.45600536058,43,LP,9.094947017729282e-13,1200.0,10800.0
0.75,2025-05-29,60569.62589545731,18661.05106214584,15115.451360338133,1572.611602371186,4486.514296020797,36757.388767137614,6631.073442061167,43388.462209198784,49,LP,9.094947017729282e-13,1200.0,10800.0
0.75,2025-05-30,28423.183930106046,16000.0,12960.0,841.065537990362,19628.016201429746,14792.142303923574,3110.9978133377167,17903.14011726129,30,LP,9.094947017729282e-13,1200.0,10800.0
0.75,2025-05-31,28595.86114348129,16000.0,12960.0,790.8006295023996,17957.480222983686,14776.142058614343,2968.602166722937,17744.74422533728,33,LP,4.547473508864641e-13,1200.0,10800.0
0.75,2025-06-01,63367.85008852354,19562.37511162895,15845.523840419452,12239.444063996323,665.616581310372,38300.64798999264,47093.32651806479,85393.97450805742,117,LP,1.1368683772161605e-13,1200.0,10800.0
0.75,2025-06-02,71171.10256315912,20122.026739199548,16298.841658751631,5367.165139012293,4074.2751717234983,44945.70861077297,21429.13946370428,66374.84807447725,72,LP,2.273736754432321e-13,1200.0,10800.0
0.75,2025-06-03,75042.41782988422,21294.896725097373,17248.866347328873,1394.6880798981565,4198.708698680548,46851.24505906356,5797.081725898826,52648.32678496238,48,LP,2.273736754432321e-13,1200.0,10800.0
0.75,2025-06-04,78256.05938844089,21914.18951910257,17750.493510473083,1571.9918475576344,6019.094410702373,48941.535415899576,4799.932750582124,53741.4681664817,41,LP,4.547473508864641e-13,1200.0,10800.0
0.75,2025-06-05,77312.53526709299,21924.60170076372,17758.92737761861,2149.334692519886,4146.877619801092,48186.85999968977,8158.702623429808,56345.56262311958,62,LP,9.094947017729282e-13,1200.0,10800.0
0.75,2025-06-06,36692.65651255837,16000.000000000004,12960.0,3245.0402334761893,6042.701346034558,21316.730276365863,12913.476526406044,34230.20680277191,50,LP,9.094947017729282e-13,1200.0,10800.0
0.75,2025-06-07,37700.616492058,15851.654041470423,12839.839773591044,755.510051374595,4317.799108886549,21840.490433105093,2859.27079522502,24699.761228330117,35,LP,9.094947017729282e-13,1200.0,10800.0
0.75,2025-06-08,86225.33865357304,24237.67977540655,19632.520618079303,113.72255945103052,16548.978789030174,54375.45906196709,336.2886785681343,54711.747740535226,11,LP,9.094947017729282e-13,1200.0,10800.0
0.75,2025-06-09,78381.95012968522,22333.33333333333,18090.0,1979.6721596261384,5185.57622264469,48406.2940264905,8254.083399795665,56660.37742628616,61,LP,4.547473508864641e-13,1200.0,10800.0
0.75,2025-06-10,81284.13049911387,22795.576253814503,18464.41676558975,746.2201424246477,6080.746919980438,50514.30180246782,2678.4636793844606,53192.76548185228,35,LP,2.273736754432321e-13,1200.0,10800.0
0.75,2025-06-11,81860.77505060437,22830.17565950584,18492.442284199733,1990.7457946667223,3429.3411532983127,51048.43669869559,8696.57062168495,59745.00732038054,47,LP,4.547473508864641e-13,1200.0,10800.0
0.75,2025-06-12,85213.82562322715,24201.258598276934,19603.01946460432,444.3822493466799,8607.57730556789,53797.17385128325,1590.4611358995407,55387.63498718279,19,LP,2.273736754432321e-13,1200.0,10800.0
0.75,2025-06-13,35760.562482424444,16000.000000000002,12960.0,867.0068205715273,5242.255602995974,20479.699720829587,3453.4236694153437,23933.12339024493,35,LP,9.094947017729282e-13,1200.0,10800.0
0.75,2025-06-14,37279.47808220128,15194.36046589212,12307.431977372617,622.9737298427418,8822.180573524514,21171.31966524501,1974.219368641899,23145.539033886907,34,LP,1.8189894035458565e-12,1200.0,10800.0
0.75,2025-06-15,81299.33212828846,22682.369496820495,18372.71929242461,574.816218978224,6937.523809537473,50855.01719981608,2044.766685492024,52899.783885308105,19,LP,2.273736754432321e-13,1200.0,10800.0
0.75,2025-06-16,81894.77382521305,23467.67428529401,19008.816171088147,873.555287225287,5615.41818156583,50897.19622448126,3393.1885733406607,54290.38479782192,41,LP,4.547473508864641e-13,1200.0,10800.0
0.75,2025-06-17,83168.54230897765,23877.411561665947,19340.70336494942,1546.1800493386925,5541.002944933138,51802.95600610632,6558.090420007206,58361.04642611353,43,LP,9.094947017729282e-13,1200.0,10800.0
0.75,2025-06-18,83615.5903088213,23696.043651541186,19193.795357748364,382.7711200876973,8567.722235116165,52132.00515973076,1636.4027520342158,53768.407911764974,26,LP,2.273736754432321e-13,1200.0,10800.0
0.75,2025-06-19,80137.83453025643,22735.95869990225,18416.126546920827,785.1691734907885,8343.667350765782,49973.63172163187,3265.7425508065044,53239.37427243838,33,LP,9.094947017729282e-13,1200.0,10800.0
0.75,2025-06-20,36613.3694568745,15447.591621374824,12512.549213313609,136.65901076328453,11414.40520957657,20959.952818435617,494.0191184277118,21453.971936863327,10,LP,9.094947017729282e-13,1200.0,10800.0
0.75,2025-06-21,36135.54078792462,16000.0,12960.0,322.3232504703872,14083.123638395013,20510.725525842077,1404.8887742826328,21915.614300124707,17,LP,9.094947017729282e-13,1200.0,10800.0
0.75,2025-06-22,79554.52181100304,22672.11582981996,18364.41382215417,592.8804108930603,8382.359114230305,49171.02086453078,2398.649460681921,51569.670325212704,31,LP,4.547473508864641e-13,1200.0,10800.0
0.75,2025-06-23,80148.19548174413,22722.48667461421,18405.214206437515,341.0090322678485,9110.646045835276,49750.24083286387,1508.5426314632437,51258.78346432711,26,LP,4.547473508864641e-13,1200.0,10800.0
0.75,2025-06-24,76212.26912080104,22436.21570093731,18173.334717759222,5638.497162957849,1319.0930505807949,46807.77053055833,21983.92874194696,68791.6992725053,89,LP,4.547473508864641e-13,1200.0,10800.0
0.75,2025-06-25,84092.28886682079,24236.64069351828,19631.678961749807,629.2265677582964,9679.13233614395,52476.77614387758,2015.5440553511255,54492.32019922871,18,LP,9.094947017729282e-13,1200.0,10800.0
0.75,2025-06-26,81170.40488729255,23578.39737109586,19098.50187058765,742.8127809981779,9885.938334449176,50359.793420563255,3256.6828399103424,53616.4762604736,32,LP,4.547473508864641e-13,1200.0,10800.0
0.75,2025-06-27,35556.43479519832,16000.000000000004,12960.0,138.6358219612694,12883.424750492924,20205.721450667777,585.7216487901992,20791.443099457974,10,LP,9.094947017729282e-13,1200.0,10800.0
0.75,2025-06-28,35774.915261243135,15999.999999999998,12959.999999999998,201.03618979982687,11159.025334376294,20229.84147969199,577.4805930466703,20807.32207273866,17,LP,4.547473508864641e-13,1200.0,10800.0
0.75,2025-06-29,82291.79856349951,23611.258461940724,19125.119354171984,539.9983329223767,9077.889255319824,51305.60576331728,1535.659195663146,52841.26495898043,22,LP,2.273736754432321e-13,1200.0,10800.0
0.75,2025-06-30,81696.12036526937,23925.57348034531,19379.71451907969,785.5156244024641,8058.093045072895,50764.03204394661,2856.063008412408,53620.095052359015,28,LP,9.094947017729282e-13,1200.0,10800.0
0.75,2025-07-01,85455.49545258198,23762.324207812653,19247.48260832825,4607.679835605246,6681.789655369495,53644.53904804468,15446.391099405544,69090.93014745023,78,LP,2.273736754432321e-13,1200.0,10800.0
0.75,2025-07-02,90541.75429758464,23541.85427142344,19068.901959852985,1181.2720876581157,14345.307707005646,57792.78829197562,2799.394228076272,60592.18252005189,31,LP,4.547473508864641e-13,1200.0,10800.0
0.75,2025-07-03,88632.47658948197,23072.51684086846,18688.738641103453,1703.2902987675843,6191.569755151213,56617.60997878883,5257.385997684223,61874.99597647305,46,LP,4.547473508864641e-13,1200.0,10800.0
0.75,2025-07-04,44342.78130550561,15999.999999999996,12960.0,780.1834229078595,13202.097261746809,26792.144615978665,2140.1529412390337,28932.2975572177,33,LP,4.547473508864641e-13,1200.0,10800.0
0.75,2025-07-05,45013.52496537674,16000.0,12960.0,479.7237869307147,13663.168785640792,26951.782017178364,1294.1901254706102,28245.97214264897,22,LP,9.094947017729282e-13,1200.0,10800.0
0.75,2025-07-06,85389.58440113752,22696.49123074188,18384.15789690092,2555.686358761256,3838.955876057814,53850.53135102063,10362.44471519319,64212.97606621382,53,LP,4.547473508864641e-13,1200.0,10800.0
0.75,2025-07-07,87763.79070247049,22687.74098000199,18377.07019380161,366.5580921544257,10410.195241757874,55286.28324131099,916.4524485438868,56202.73568985488,20,LP,9.094947017729282e-13,1200.0,10800.0
0.75,2025-07-08,87574.76625600408,22566.431298551157,18278.809351826432,554.3224078674403,8270.079700480142,55081.89261598427,2233.5518446650103,57315.44446064928,22,LP,4.547473508864641e-13,1200.0,10800.0
0.75,2025-07-09,83120.2160670574,22599.198436373776,18305.35073346276,859.9720789576284,5627.615426437347,52043.41722821888,3408.1468477819035,55451.56407600078,35,LP,2.273736754432321e-13,1200.0,10800.0
0.75,2025-07-10,81318.89924330953,22321.41298480424,18080.344517691432,1024.9216531333177,5249.129045996708,51021.587155941335,3632.306940423672,54653.89409636501,41,LP,2.273736754432321e-13,1200.0,10800.0
0.75,2025-07-11,43058.95373950916,15999.999999999996,12960.0,2110.103917977451,9610.28050748662,25391.731148959792,6837.264073184651,32228.995222144444,41,LP,2.273736754432321e-13,1200.0,10800.0
0.75,2025-07-12,44367.06338835792,15999.999999999996,12960.0,633.4337653412799,10876.253820365871,26108.21809626088,2161.575237020436,28269.793333281315,29,LP,4.547473508864641e-13,1200.0,10800.0
0.75,2025-07-13,81352.64217441392,21756.052237132964,17622.402312077702,587.4751122659223,8538.746961624589,50964.02181324799,2536.5970095986604,53500.61882284665,30,LP,4.547473508864641e-13,1200.0,10800.0
0.75,2025-07-14,76325.85604502624,20444.345068960443,16559.91950585796,2087.242907773109,2720.994173030213,47998.06916575034,9095.570367708193,57093.63953345853,64,LP,2.273736754432321e-13,1200.0,10800.0
0.75,2025-07-15,81466.87451152076,21375.678122850022,17314.29927950852,2138.9636878249235,6795.408772670842,51255.48118577911,6689.325720202034,57944.80690598114,29,LP,2.273736754432321e-13,1200.0,10800.0
0.75,2025-07-16,79025.70198367111,21892.44953595498,17732.88412412354,2547.114388929824,5278.687577436176,49433.2259639796,9105.531032667244,58538.75699664684,57,LP,2.273736754432321e-13,1200.0,10800.0
0.75,2025-07-17,78622.96733068992,21260.08629027603,17220.669895123585,1774.1610682383389,3637.295937109157,49326.21591655958,7506.924437432031,56833.140353991614,63,LP,2.273736754432321e-13,1200.0,10800.0
0.75,2025-07-18,41954.63019770487,16000.0,12960.0,2038.9142000130776,9679.296297717949,24573.546811059477,7525.675322760695,32099.22213382017,53,LP,1.8189894035458565e-12,1200.0,10800.0
0.75,2025-07-19,42170.313246739344,16000.0,12960.0,1212.552388083558,13160.046584822909,24603.812328239244,4784.602911405769,29388.41523964501,41,LP,9.094947017729282e-13,1200.0,10800.0
0.75,2025-07-20,79812.59654834887,21134.547514332226,17118.9834866091,1162.7862516460766,4869.840555605157,50154.49896049346,4043.124099830955,54197.62306032442,37,LP,2.273736754432321e-13,1200.0,10800.0
0.75,2025-07-21,78296.55086782327,20920.782300266303,16945.83366321571,2673.0432500745437,3004.896130847208,48982.775335618935,10186.210077271153,59168.98541289009,64,LP,2.273736754432321e-13,1200.0,10800.0
0.75,2025-07-22,83927.71714704589,21992.85370396741,17814.211500213605,818.2366248914002,6772.166951516814,52495.1275602635,3366.967034930301,55862.094595193805,30,LP,4.547473508864641e-13,1200.0,10800.0
0.75,2025-07-23,82184.52251994304,21724.062724485462,17596.49080683323,1219.146998952002,5059.55048457615,51376.38325136565,5178.458562204809,56554.84181357046,39,LP,2.273736754432321e-13,1200.0,10800.0
0.75,2025-07-24,80915.16297670407,21690.57615494181,17569.36668550286,1937.6771164570373,5115.1586237221645,50678.36366167268,7787.764075252613,58466.12773692529,50,LP,2.273736754432321e-13,1200.0,10800.0
0.75,2025-07-25,42923.00231909449,16000.0,12960.0,366.9419394079917,13744.624691835816,25264.04405738868,1762.9227766156278,27026.966834004303,17,LP,9.094947017729282e-13,1200.0,10800.0
0.75,2025-07-26,43785.01990626088,15999.999999999996,12960.0,715.882198028633,12991.81053762285,25722.31044663312,2172.174440797875,27894.48488743099,24,LP,9.094947017729282e-13,1200.0,10800.0
0.75,2025-07-27,82537.60609237975,21953.550395972725,17782.37582073791,1089.6155011344526,5770.857218279402,51596.373322724336,4801.469597790908,56397.84292051524,39,LP,2.273736754432321e-13,1200.0,10800.0
0.75,2025-07-28,83346.42175098107,22324.76919559345,18083.063048430697,2378.7430595469555,3528.5814300319366,52162.011993860986,9338.000585440335,61500.01257930132,52,LP,2.273736754432321e-13,1200.0,10800.0
0.75,2025-07-29,85285.19345104999,22535.36983827588,18253.649569003464,1384.6364696249707,6318.863701402537,53413.33507695523,5233.904302131313,58647.23937908654,32,LP,2.273736754432321e-13,1200.0,10800.0
0.75,2025-07-30,82959.64738189042,22368.685231124786,18118.63503721108,1129.7522669652074,5736.095404941932,51759.60477595364,5141.110948493886,56900.71572444752,42,LP,4.547473508864641e-13,1200.0,10800.0
0.75,2025-07-31,82764.00563608584,22267.72516104697,18036.857380448047,891.4290732895406,4729.570662109797,51784.72390841198,3924.949688777021,55709.673597189,40,LP,2.273736754432321e-13,1200.0,10800.0
0.75,2025-08-01,42569.08983143167,16000.0,12960.0,486.1628311246879,18763.89299588969,25042.870291853345,1804.3560129127409,26847.226304766085,24,LP,4.547473508864641e-13,1200.0,10800.0
0.75,2025-08-02,40920.92022546289,15999.999999999998,12959.999999999996,477.7430259056235,17431.638318035184,23798.801573893863,2176.507115958396,25975.30868985226,24,LP,9.094947017729282e-13,1200.0,10800.0
0.75,2025-08-03,77582.66053587725,20596.05782261008,16682.80683631416,452.9085031582835,11282.838069406298,48846.61367930732,1870.848080168552,50717.46175947587,23,LP,2.273736754432321e-13,1200.0,10800.0
0.75,2025-08-04,75611.1078969308,20051.5326889872,16241.741478079632,240.56324225087369,6626.224844940759,47794.90544771799,898.8636611685772,48693.76910888657,15,LP,2.273736754432321e-13,1200.0,10800.0
0.75,2025-08-05,76522.37635624256,20140.7108867306,16313.975818251793,324.9796526861724,7868.311207116586,48460.99470370573,1497.169325418457,49958.164029124186,13,LP,2.273736754432321e-13,1200.0,10800.0
0.75,2025-08-06,72180.05000120678,19927.42228071461,16141.212047378836,3251.765918870532,3531.20642007487,45629.01386210103,13548.371331563623,59177.38519366465,62,LP,9.094947017729282e-13,1200.0,10800.0
0.75,2025-08-07,78741.23752237478,20813.54357662912,16858.970297069583,200.64141549862117,11599.320408313864,49734.62359440978,623.2663160996551,50357.88991050943,13,LP,2.273736754432321e-13,1200.0,10800.0
0.75,2025-08-08,40870.38140787162,15999.999999999998,12959.999999999998,369.6121286982914,22424.822286569917,23835.64687475284,1487.918496213345,25323.565370966186,22,LP,1.8189894035458565e-12,1200.0,10800.0
0.75,2025-08-09,39592.6707065687,16000.0,12960.0,1534.3126054522174,19165.05431202092,22893.86916874981,5916.254910658664,28810.12407940848,48,LP,4.547473508864641e-13,1200.0,10800.0
0.75,2025-08-10,71592.10336715268,20026.32304885062,16221.321669569004,1802.254417516149,4284.737355387225,45373.23353443595,6414.935132680945,51788.1686671169,44,LP,2.273736754432321e-13,1200.0,10800.0
0.75,2025-08-11,74128.88499938342,19725.9956103715,15978.056444400918,928.7434140954764,6748.435914174983,46878.97984127836,3884.6066353660926,50763.58647664445,33,LP,2.273736754432321e-13,1200.0,10800.0
0.75,2025-08-12,75449.24357001387,19994.5236976134,16195.56419506685,1396.378516112256,5286.11893357959,47804.02232176036,5884.1544067884015,53688.176728548766,37,LP,2.273736754432321e-13,1200.0,10800.0
0.75,2025-08-13,74740.78624307647,20274.028791550627,16421.96332115601,1081.7002748779928,5849.441597559851,46987.724825154815,4399.633958618921,51387.358783773736,41,LP,2.273736754432321e-13,1200.0,10800.0
0.75,2025-08-14,72517.55392658418,19713.185165478037,15967.679984037217,1590.1381249641438,4435.895886774165,45920.3670929736,6909.592485690593,52829.95957866419,53,LP,2.273736754432321e-13,1200.0,10800.0
0.75,2025-08-15,41025.41495212843,15999.999999999998,12960.0,438.8412011179042,21264.529269913,23968.540267177228,1515.740672736758,25484.280939913988,28,LP,4.547473508864641e-13,1200.0,10800.0
0.75,2025-08-16,42213.39663577437,16000.0,12960.0,275.0646147853222,22519.180883893023,24754.40863698721,1395.85685697922,26150.265493966428,17,LP,9.094947017729282e-13,1200.0,10800.0
0.75,2025-08-17,70517.71617562341,19978.26195648261,16182.392184750914,1385.5698533288564,4942.022640553916,44626.80099191374,6036.636729456444,50663.43772137018,57,LP,2.273736754432321e-13,1200.0,10800.0
0.75,2025-08-18,71764.06524754233,20331.893089011253,16468.833402099113,1467.3919248428228,4974.281868806344,45608.92312828473,6988.97602521731,52597.89915350204,40,LP,2.273736754432321e-13,1200.0,10800.0
0.75,2025-08-19,71738.67090529698,20428.06439274146,16546.732158120583,986.3221079146006,4526.0007285907,45532.279354295344,4189.286328294301,49721.56568258965,37,LP,2.273736754432321e-13,1200.0,10800.0
0.75,2025-08-20,72305.54974240923,20404.333934758703,16527.510487154545,4964.788891772119,2742.8241199105423,45898.65976865517,20411.530056537173,66310.18982519234,73,LP,4.547473508864641e-13,1200.0,10800.0
0.75,2025-08-21,74682.52857658961,20513.118319080277,16615.625838455024,1259.3946219585084,6200.012234589547,47158.47939975018,5303.261446462387,52461.74084621256,33,LP,2.273736754432321e-13,1200.0,10800.0
0.75,2025-08-22,41991.890964310456,15999.999999999996,12960.0,1664.5573357007452,19385.8789000112,24642.547198702978,6847.802954306527,31490.350153009505,40,LP,9.094947017729282e-13,1200.0,10800.0
0.75,2025-08-23,41335.83573401107,16000.0,12959.999999999996,710.2273822022323,16476.056966213302,24169.44217203042,2732.729061879402,26902.171233909823,29,LP,9.094947017729282e-13,1200.0,10800.0
0.75,2025-08-24,73322.414176199,19998.52824634944,16198.807879543048,1329.894876489497,7118.9992025487845,46192.20044832724,5779.076875501588,51971.27732382883,55,LP,2.273736754432321e-13,1200.0,10800.0
0.75,2025-08-25,71654.15576066644,20087.361590639357,16270.762888417874,5198.809647264423,2263.2796890427294,45446.02911369673,20417.43932547538,65863.46843917211,75,LP,4.547473508864641e-13,1200.0,10800.0
0.75,2025-08-26,74794.57842784098,20489.746040011058,16596.69429240896,1034.373300028138,6407.081596933691,46988.17185615709,4369.022638584995,51357.194494742085,41,LP,1.8189894035458565e-12,1200.0,10800.0
0.75,2025-08-27,72260.36265909644,20077.93978941956,16263.131229429842,2411.603249798302,2943.008482238361,45702.83636361861,10663.690482345302,56366.52684596391,65,LP,2.273736754432321e-13,1200.0,10800.0
0.75,2025-08-28,75039.61542680825,20764.73954213796,16819.439029131747,3449.835540808798,3776.355471277504,47238.738180777735,13840.818477920206,61079.55665869794,58,LP,2.273736754432321e-13,1200.0,10800.0
0.75,2025-08-29,39682.96719931024,15999.999999999998,12960.0,1719.265382859605,15807.012232169844,23117.426615320397,7043.015767607223,30160.442382927617,51,LP,1.8189894035458565e-12,1200.0,10800.0
0.75,2025-08-30,39910.83023472791,16000.0,12960.0,1753.8242358351697,20111.934637229748,23314.967154810183,6413.350526648372,29728.317681458557,60,LP,4.547473508864641e-13,1200.0,10800.0
0.75,2025-08-31,75169.2796450707,20470.28690415073,16580.93239236209,980.888375576022,5614.190425524752,47691.7546306072,3731.092008067835,51422.84663867504,32,LP,2.273736754432321e-13,1200.0,10800.0
0.8,2025-05-01,57795.711977306055,19527.1084518381,15816.957845988863,2920.7419250460653,5994.924496502887,34299.68010143854,13759.810968657925,48059.49107009647,70,LP,9.094947017729282e-13,1200.0,10800.0
0.8,2025-05-02,27542.876599695854,16000.000000000004,12960.0,4554.324947253003,14766.881463615522,13728.93258798443,19484.884094699948,33213.81668268438,79,LP,4.547473508864641e-13,1200.0,10800.0
0.8,2025-05-03,29913.06502162996,16000.0,12959.999999999996,902.0443248275772,18907.93769645753,15600.142386256755,4344.269560576355,19944.411946833112,30,LP,4.547473508864641e-13,1200.0,10800.0
0.8,2025-05-04,61546.44272416969,19423.54699523224,15733.073066138117,998.5999599257128,7119.901421667948,37335.34962168768,3618.1206430634193,40953.47026475109,34,LP,1.1368683772161605e-13,1200.0,10800.0
0.8,2025-05-05,59871.19544532043,19269.369934738763,15608.1896471384,2865.5727506400503,3999.581108360117,36290.40765278375,12846.602656263673,49137.010309047415,62,LP,1.1368683772161605e-13,1200.0,10800.0
0.8,2025-05-06,62263.841912480886,19039.06310994178,15421.64111905284,1365.967361554111,7142.304916479385,37853.64405233096,5873.961302427047,43727.605354758,42,LP,2.273736754432321e-13,1200.0,10800.0
0.8,2025-05-07,63464.57807818046,19285.2303326415,15621.03656943961,798.3630640850181,5530.901429063588,38517.11643417919,3670.564424050831,42187.68085823002,41,LP,4.547473508864641e-13,1200.0,10800.0
0.8,2025-05-08,63345.60371840911,19580.09396711615,15859.876113364084,1125.916314742915,4924.789779399962,38802.93709734335,4406.272617256445,43209.20971459979,31,LP,2.273736754432321e-13,1200.0,10800.0
0.8,2025-05-09,30132.414880070766,16000.0,12960.0,217.08752913002616,18810.11655920079,15976.527346559687,828.8786592420479,16805.406005801735,18,LP,9.094947017729282e-13,1200.0,10800.0
0.8,2025-05-10,28859.235780437804,16000.0,12960.0,1419.945034333688,15118.135531438164,14794.801148722749,6087.167904666698,20881.969053389446,44,LP,1.1368683772161605e-13,1200.0,10800.0
0.8,2025-05-11,65083.59376227656,20127.56121023383,16303.324580289403,665.3950952896657,6440.673144288463,39440.69666757319,2851.537453115176,42292.234120688365,40,LP,2.273736754432321e-13,1200.0,10800.0
0.8,2025-05-12,64783.10947087855,19884.77147379641,16106.664893775092,562.3776499269595,9636.185307450856,39415.35292595626,1400.938347119626,40816.29127307588,15,LP,1.1368683772161605e-13,1200.0,10800.0
0.8,2025-05-13,59726.0211319908,18948.26469865058,15348.09440590697,1002.7573926282656,3999.395465208796,36033.028587534776,4600.700026474191,40633.72861400897,41,LP,1.1368683772161605e-13,1200.0,10800.0
0.8,2025-05-14,61328.64571271301,18945.707534983118,15346.023103336323,750.7791939696536,5465.591691702554,36882.104472374514,2942.4078231662625,39824.51229554078,38,LP,1.1368683772161605e-13,1200.0,10800.0
0.8,2025-05-15,62502.26048327959,19026.3540302459,15411.346764499176,532.3378184288831,6654.532752628423,38058.7441360488,2042.4263582720216,40101.17049432082,29,LP,4.547473508864641e-13,1200.0,10800.0
0.8,2025-05-16,29598.00666639272,16000.000000000002,12960.0,264.6904600761971,24107.19059313558,15603.669484896049,878.4675044093104,16482.136989305356,15,LP,4.547473508864641e-13,1200.0,10800.0
0.8,2025-05-17,29819.059428927943,15999.999999999998,12960.0,1356.792537871887,17687.052883466495,15802.800902252198,5942.777051862588,21745.577954114782,30,LP,9.094947017729282e-13,1200.0,10800.0
0.8,2025-05-18,62789.76343066365,18761.68965257141,15196.968618582838,900.5192805081983,6449.393577183284,38178.08742182384,2977.7200902871814,41155.80751211102,35,LP,4.547473508864641e-13,1200.0,10800.0
0.8,2025-05-19,61977.41384388976,18702.21094588317,15148.790866165364,282.964232769888,11191.741446941856,37365.95078781482,1642.0083671437053,39007.95915495853,15,LP,1.1368683772161605e-13,1200.0,10800.0
0.8,2025-05-20,62153.16855186478,18727.895524119725,15169.595374536975,723.0198227825418,4790.493408397909,37657.4948378846,3207.518732868128,40865.01357075273,22,LP,4.547473508864641e-13,1200.0,10800.0
0.8,2025-05-21,61826.127567596246,18492.275698046556,14978.743315417709,957.7330907828097,7907.712992416882,37402.44343472585,3764.628048776132,41167.07148350198,31,LP,1.1368683772161605e-13,1200.0,10800.0
0.8,2025-05-22,63014.60300603171,18713.90280613477,15158.261272969165,199.53011920617604,8841.860775405614,38319.66001887429,872.8121959737105,39192.472214848,16,LP,4.547473508864641e-13,1200.0,10800.0
0.8,2025-05-23,28329.481326111956,16000.000000000002,12959.999999999996,399.7263376635609,19268.25878044217,14662.78813037926,1472.0926787299795,16134.88080910924,29,LP,9.094947017729282e-13,1200.0,10800.0
0.8,2025-05-24,28997.19948060534,16000.0,12959.999999999998,192.1784909396876,22394.876588211693,15140.954357308305,727.3774081328825,15868.331765441186,18,LP,9.094947017729282e-13,1200.0,10800.0
0.8,2025-05-25,61384.826559753536,18493.55027602507,14979.775723580304,292.5654721039361,9618.607296079384,37006.80111848928,1286.86245025048,38293.663568739765,21,LP,1.1368683772161605e-13,1200.0,10800.0
0.8,2025-05-26,60434.761362064055,18488.907132221306,14976.01477709926,2100.501864398976,4442.537921340985,36381.93893631329,8529.794209735886,44911.73314604917,43,LP,2.273736754432321e-13,1200.0,10800.0
0.8,2025-05-27,61584.1790595158,18662.42653026836,15116.565489517372,196.17808389475056,8844.128802659558,37385.03000694839,526.0127095815632,37911.04271652996,18,LP,1.1368683772161605e-13,1200.0,10800.0
0.8,2025-05-28,61895.43189752124,18541.387684922836,15018.52402478749,1053.2072412784055,7151.951378664307,37335.85215435302,4033.147308333588,41368.99946268661,38,LP,4.547473508864641e-13,1200.0,10800.0
0.8,2025-05-29,61769.15226025251,18746.0826191892,15184.326921543248,1107.0957053136672,5204.368767920229,37471.48669148692,4689.411196998097,42160.897888485015,41,LP,4.547473508864641e-13,1200.0,10800.0
0.8,2025-05-30,28828.33879207856,16000.0,12960.0,670.878700841456,19862.984226253346,15077.02207892739,2463.374600906229,17540.39667983362,23,LP,9.094947017729282e-13,1200.0,10800.0
0.8,2025-05-31,29036.487500557192,16000.0,12960.0,610.7846387557547,18218.09058931295,15086.074953143623,2217.8577826584237,17303.932735802045,27,LP,1.8189894035458565e-12,1200.0,10800.0
0.8,2025-06-01,64698.27009790712,19906.566897003016,16124.319186572448,11220.479052902368,911.6751403789232,39076.16760408897,43347.30724642048,82423.47485050946,114,LP,2.273736754432321e-13,1200.0,10800.0
0.8,2025-06-02,72433.0895711559,20477.784851636472,16587.005729825545,4707.348366871547,4608.851366216515,45694.02623366179,18828.695068541147,64522.72130220293,69,LP,2.273736754432321e-13,1200.0,10800.0
0.8,2025-06-03,76431.05634752329,21638.3498229796,17527.06335661348,1096.6698221496158,5224.072869973459,47737.58428476267,4574.040709740648,52311.62499450332,37,LP,9.094947017729282e-13,1200.0,10800.0
0.8,2025-06-04,79490.05381121021,22082.02593634544,17886.441008439808,1201.8944795853645,6851.10254622329,49782.70280550141,3679.263453446583,53461.96625894799,37,LP,2.273736754432321e-13,1200.0,10800.0
0.8,2025-06-05,78733.17459513246,22289.04808524735,18054.12894905035,1716.3570662657542,5065.294508534556,49157.72728728477,6421.93759287562,55579.66488016039,56,LP,4.547473508864641e-13,1200.0,10800.0
0.8,2025-06-06,37213.01928882024,16000.0,12960.0,2633.000228766599,5951.024117586848,21686.57530562407,10510.6042699227,32197.17957554677,43,LP,1.8189894035458565e-12,1200.0,10800.0
0.8,2025-06-07,39116.697400042656,14980.97191930532,12134.587254637308,507.4625507749216,5651.2621194829,22659.24800273281,1861.8574894554115,24521.105492188217,22,LP,9.094947017729282e-13,1200.0,10800.0
0.8,2025-06-08,87699.98890305837,24431.033986570583,19789.137529122178,64.62894427681181,17937.798123220113,55448.37179280762,171.4562333738998,55619.82802618152,8,LP,2.273736754432321e-13,1200.0,10800.0
0.8,2025-06-09,79843.19908031993,22513.38268179088,18235.83997225061,1465.4138549476752,6098.35749239402,49453.446823922844,6081.93610885061,55535.38293277346,46,LP,2.273736754432321e-13,1200.0,10800.0
0.8,2025-06-10,82758.31519443216,23028.140669405337,18652.79394221832,485.0741364955877,7249.598370407411,51582.48061532297,1618.9919284268822,53201.47254374986,28,LP,4.547473508864641e-13,1200.0,10800.0
0.8,2025-06-11,83373.67102148257,23156.550118734383,18756.80559617485,1384.7795736762191,4274.259755932596,52148.77521344786,6128.672805590384,58277.448019038246,41,LP,9.094947017729282e-13,1200.0,10800.0
0.8,2025-06-12,86621.99359083059,24455.73428942053,19809.14477443063,351.0129862650235,9874.025628772386,54824.21737032707,1231.728600648687,56055.94597097576,17,LP,9.094947017729282e-13,1200.0,10800.0
0.8,2025-06-13,36440.83299725188,16000.0,12960.0,767.9688103045057,5823.488107556384,20948.58224397316,3233.532228752718,24182.114472725872,29,LP,9.094947017729282e-13,1200.0,10800.0
0.8,2025-06-14,38531.57978922311,14468.587682452213,11719.55602278629,408.70174843301845,9997.90712799021,21893.40363443965,1321.3915707839742,23214.795205223625,27,LP,9.094947017729282e-13,1200.0,10800.0
0.8,2025-06-15,82866.39747863248,23223.589536759027,18811.10752477481,272.0321486480324,8098.973281962977,51983.02167171567,926.9905714791836,52910.012243194855,12,LP,2.273736754432321e-13,1200.0,10800.0
0.8,2025-06-16,83377.38475632359,24022.99647590109,19458.627145479884,638.6106052365069,6757.573214472223,51959.28141190708,2458.7338690954007,54418.01528100248,34,LP,2.273736754432321e-13,1200.0,10800.0
0.8,2025-06-17,84546.60004307929,24209.586419188385,19609.76499954259,1210.884410607374,6520.651817374208,52820.2320403616,5155.517611588811,57975.74965195041,34,LP,4.547473508864641e-13,1200.0,10800.0
0.8,2025-06-18,84997.22685255678,24219.67146291513,19617.93388496125,271.0029463223256,9738.10132092523,53128.12268377267,1215.4405684872245,54343.5632522599,20,LP,4.547473508864641e-13,1200.0,10800.0
0.8,2025-06-19,81472.80825760518,23089.47837373345,18702.47748272409,623.3076721555899,9449.610838751423,50967.31697864919,2617.1695851162926,53584.48656376549,30,LP,4.547473508864641e-13,1200.0,10800.0
0.8,2025-06-20,37768.03219925959,14744.464569439027,11943.016301245612,79.71916632714573,12645.722247393323,21619.45188433466,268.3410447574099,21887.79292909207,7,LP,9.094947017729282e-13,1200.0,10800.0
0.8,2025-06-21,36704.72508352435,16000.0,12960.0,249.93210247900845,14579.91678600336,20920.69379955777,1078.6302688942114,21999.324068451984,14,LP,1.8189894035458565e-12,1200.0,10800.0
0.8,2025-06-22,80919.0706804368,22882.87426874669,18535.128157684816,427.4928026592492,9541.47627203418,50210.93521337186,1640.920868432805,51851.85608180466,22,LP,4.547473508864641e-13,1200.0,10800.0
0.8,2025-06-23,81504.52159368913,22904.865322298872,18552.940911062084,184.74321844519272,10276.054400897545,50786.13200867978,786.1522577118386,51572.284266391616,16,LP,4.547473508864641e-13,1200.0,10800.0
0.8,2025-06-24,77619.40514359085,22575.17295164388,18285.89009083154,4669.480240285039,1730.8102730635485,47881.837949197805,17813.386050830246,65695.22400002804,83,LP,4.547473508864641e-13,1200.0,10800.0
0.8,2025-06-25,85500.06035709835,24400.34581149348,19764.28010730972,499.2462280409776,10925.819514288902,53548.26814818208,1526.7426572272252,55075.01080540931,14,LP,9.094947017729282e-13,1200.0,10800.0
0.8,2025-06-26,82683.88017924254,24182.01582862709,19587.43282118794,570.2676717305632,11112.181010200617,51435.479505314215,2540.1702388785693,53975.64974419279,27,LP,9.094947017729282e-13,1200.0,10800.0
0.8,2025-06-27,36211.1014154205,15971.58815521218,12936.986405721864,86.82393302739104,13491.677732290917,20665.88012825144,391.2559437822569,21057.13607203369,8,LP,4.547473508864641e-13,1200.0,10800.0
0.8,2025-06-28,36379.06743883557,15999.999999999998,12960.0,134.52650912172612,11696.667831290628,20666.555445064223,375.0415968923015,21041.597041956524,13,LP,1.8189894035458565e-12,1200.0,10800.0
0.8,2025-06-29,83813.17979871391,24200.695740964125,19602.56355018094,361.64606581199854,10308.925140409396,52379.90733213194,1021.2549598449044,53401.16229197684,21,LP,4.547473508864641e-13,1200.0,10800.0
0.8,2025-06-30,82979.24545945162,24116.82669464049,19534.6296226588,648.5999741217363,9167.964378258326,51711.51953045161,2328.9000163623373,54040.41954681394,23,LP,4.547473508864641e-13,1200.0,10800.0
0.8,2025-07-01,86814.35108161373,24257.58714630558,19648.64558850752,4199.804238094548,7538.669728576884,54626.61216670931,13901.899528019472,68528.51169472878,77,LP,2.273736754432321e-13,1200.0,10800.0
0.8,2025-07-02,92012.8978798422,24084.393005232065,19508.35833423797,1048.2415584020946,15580.338400583529,58842.58213137375,2451.568867604786,61294.15099897853,27,LP,4.547473508864641e-13,1200.0,10800.0
0.8,2025-07-03,90083.93699171022,23262.144389397374,18842.33695541188,1388.5227559060886,7292.233380297466,57681.951417084805,4282.320906814444,61964.27232389925,41,LP,4.547473508864641e-13,1200.0,10800.0
0.8,2025-07-04,44981.16981806267,15999.999999999996,12960.0,628.4647757667549,13688.76712716277,27240.16572054897,1676.4394194017482,28916.60513995072,31,LP,9.094947017729282e-13,1200.0,10800.0
0.8,2025-07-05,45591.52852900412,16000.0,12960.0,379.5132271224329,14140.96178945988,27362.03552135489,981.112039716002,28343.14756107089,16,LP,9.094947017729282e-13,1200.0,10800.0
0.8,2025-07-06,86688.23536027674,22658.551031679548,18353.426335660435,2014.6085781242011,4603.737692381829,54778.76100934253,8254.144292681296,63032.90530202383,45,LP,4.547473508864641e-13,1200.0,10800.0
0.8,2025-07-07,89158.11574189548,22751.133228771105,18428.41791530459,276.8693760900719,11702.787037852377,56315.88867923898,655.0657940419412,56970.95447328092,17,LP,9.094947017729282e-13,1200.0,10800.0
0.8,2025-07-08,88895.15300540716,22489.213802162765,18216.26317975184,362.3700299278617,9413.185396257446,56032.49176643068,1429.4761653104374,57461.96793174112,21,LP,9.094947017729282e-13,1200.0,10800.0
0.8,2025-07-09,84522.08488147662,22594.44338690897,18301.499143396268,528.1685035111643,6698.584124808429,53013.84393212671,2192.3566802954165,55206.20061242212,21,LP,9.094947017729282e-13,1200.0,10800.0
0.8,2025-07-10,82726.82155633834,22644.747757373192,18342.24568347229,793.5892538015868,6364.285352905693,51930.80296271431,2812.6439600449057,54743.44692275922,34,LP,4.547473508864641e-13,1200.0,10800.0
0.8,2025-07-11,43715.197248665325,16000.0,12960.0,1790.6695220780225,9947.089620743343,25828.309623035835,5753.598761337129,31581.908384372964,33,LP,1.8189894035458565e-12,1200.0,10800.0
0.8,2025-07-12,44973.85103550489,16000.000000000004,12960.0,495.8098070214369,11345.417509192996,26514.938727220284,1623.096761135284,28138.035488355566,23,LP,9.094947017729282e-13,1200.0,10800.0
0.8,2025-07-13,82785.81931666145,22100.627410671565,17901.508202643967,414.1312444317223,9733.110953065596,51875.81332602043,1823.357815847592,53699.17114186802,21,LP,2.273736754432321e-13,1200.0,10800.0
0.8,2025-07-14,77713.95443475498,20860.566718575283,16897.059042045978,1565.7474366076156,3508.5149781666287,48818.12024181204,6913.123004682559,55731.2432464946,51,LP,2.273736754432321e-13,1200.0,10800.0
0.8,2025-07-15,82904.36735201231,21728.33646537202,17599.952536951336,1709.4939088910612,7736.426749149354,52126.09331296616,5150.32145680557,57276.41476977173,24,LP,4.547473508864641e-13,1200.0,10800.0
0.8,2025-07-16,80357.61865960562,22047.39030799756,17858.38614947803,2058.9360500260505,6092.987167778809,50267.80039052937,7427.415173765086,57695.215564294456,52,LP,2.273736754432321e-13,1200.0,10800.0
0.8,2025-07-17,80013.74831141002,21623.63769599493,17515.1465337559,1389.7215385905636,4574.56262109489,50136.78943423199,5892.271782990967,56029.06121722296,51,LP,2.273736754432321e-13,1200.0,10800.0
0.8,2025-07-18,42509.95859887308,15999.999999999998,12959.999999999998,1793.6966414322628,9989.407140305337,24933.22582213461,6254.308634941603,31187.53445707621,44,LP,4.547473508864641e-13,1200.0,10800.0
0.8,2025-07-19,42760.87034372794,16000.000000000004,12960.0,959.0890511946932,13497.140344922627,24988.050582719832,3877.727426732159,28865.77800945199,36,LP,9.094947017729282e-13,1200.0,10800.0
0.8,2025-07-20,81511.54789546167,21607.322562157988,17501.93127534797,748.9993957533634,6065.177787738353,51145.59603912053,2612.003757239055,53757.59979635959,27,LP,2.273736754432321e-13,1200.0,10800.0
0.8,2025-07-21,79911.85989603176,21375.51035327517,17314.163386152894,2024.1725106628808,3884.936089572364,49928.22883120818,7783.609698534274,57711.83852974245,54,LP,2.273736754432321e-13,1200.0,10800.0
0.8,2025-07-22,85440.60700381818,21923.22937506616,17757.815793803587,582.6630062972627,8062.7118121862095,53507.174454107495,2443.824484979481,55950.998939086974,19,LP,4.547473508864641e-13,1200.0,10800.0
0.8,2025-07-23,83682.85791153698,21984.35395488479,17807.326703456678,908.7575783544032,6198.041121796608,52317.33584610788,3913.261573204968,56230.59741931284,32,LP,4.547473508864641e-13,1200.0,10800.0
0.8,2025-07-24,82395.24469961679,22079.95509988112,17884.763630903704,1494.178729423091,6077.759960062471,51598.16281469743,6129.36502437821,57727.52783907564,44,LP,2.273736754432321e-13,1200.0,10800.0
0.8,2025-07-25,43561.85231548448,15999.999999999996,12960.0,272.4455970258531,14288.97834584367,25706.03216707137,1348.8756178204271,27054.9077848918,14,LP,9.094947017729282e-13,1200.0,10800.0
0.8,2025-07-26,44424.79937922197,15999.999999999996,12960.0,626.559051599258,13542.26686415457,26164.87034715276,1832.454709321153,27997.325056473917,15,LP,9.094947017729282e-13,1200.0,10800.0
0.8,2025-07-27,83941.67927944324,22072.290624307803,17878.555405689323,832.66559517329,6895.4198559980505,52529.6699122258,3632.7569895980514,56162.42690182385,30,LP,4.547473508864641e-13,1200.0,10800.0
0.8,2025-07-28,84781.33077505752,22436.903259740466,18173.89164038977,1820.77024722315,4384.212169596641,53108.919015918495,7075.319538431103,60184.2385543496,43,LP,9.094947017729282e-13,1200.0,10800.0
0.8,2025-07-29,86788.73028704026,22444.193208366956,18179.79649877723,999.513729477577,7454.601356928134,54450.156518519616,3798.067354187823,58248.22387270744,23,LP,4.547473508864641e-13,1200.0,10800.0
0.8,2025-07-30,84445.69098289109,22453.58845417948,18187.40664788538,729.870630038735,6806.125756635729,52750.66077056732,3476.724134675618,56227.38490524294,32,LP,4.547473508864641e-13,1200.0,10800.0
0.8,2025-07-31,84122.41389081185,22249.925367600576,18022.43954775647,656.1851454417167,5856.116949742802,52700.88346070852,2884.4786706605987,55585.36213136911,34,LP,4.547473508864641e-13,1200.0,10800.0
0.8,2025-08-01,43115.11451535561,16000.000000000002,12959.999999999998,363.52472926864135,19187.279577957583,25407.573089699763,1367.4150368383494,26774.988126538112,21,LP,4.547473508864641e-13,1200.0,10800.0
0.8,2025-08-02,41481.38767072561,15999.999999999998,12960.0,359.5284123356363,17873.891149727922,24173.797394102912,1660.1338004371376,25833.93119454005,19,LP,4.547473508864641e-13,1200.0,10800.0
0.8,2025-08-03,79009.75888771375,20887.733129194472,16919.063834647524,352.5558495133608,12554.165459346816,49678.20833275246,1472.5961373329733,51150.80447008543,20,LP,2.273736754432321e-13,1200.0,10800.0
0.8,2025-08-04,77050.62470994197,20325.94402456592,16464.0146598984,142.93659137211762,7915.976853313235,48619.33764888259,504.0486163675364,49123.38626525013,12,LP,2.273736754432321e-13,1200.0,10800.0
0.8,2025-08-05,77909.7628470595,20399.118295077973,16523.28581901316,202.06955653371332,9083.69019419506,49260.75367667439,981.2319751269536,50241.98565180134,8,LP,2.273736754432321e-13,1200.0,10800.0
0.8,2025-08-06,73442.85903613448,19717.115664882072,15970.86368855448,2819.1095174050183,4401.31731054525,46406.86334091109,11763.258470343626,58170.12181125472,52,LP,2.273736754432321e-13,1200.0,10800.0
0.8,2025-08-07,80124.58617545944,21124.49282301808,17110.839186644644,151.7250760858032,12874.672365171798,50552.678526188334,456.9416957390932,51009.62022192743,10,LP,2.273736754432321e-13,1200.0,10800.0
0.8,2025-08-08,41353.69954197876,15999.999999999998,12960.0,287.03114968812974,22825.559441666883,24183.08679372231,1149.2070109522658,25332.293804674573,18,LP,9.094947017729282e-13,1200.0,10800.0
0.8,2025-08-09,40107.467361846255,15999.999999999998,12959.999999999996,1192.7555796708516,19338.293941517102,23270.097550536597,4515.058666359721,27785.156216896317,44,LP,9.094947017729282e-13,1200.0,10800.0
0.8,2025-08-10,72883.68221695248,19900.65758639436,16119.532644979432,1348.2652913092509,5146.20351684681,46145.3511736777,4829.533447738804,50974.8846214165,35,LP,9.094947017729282e-13,1200.0,10800.0
0.8,2025-08-11,75650.26054388919,20032.08770151068,16225.991038223649,675.4597402955625,7958.370287564391,47736.156215086856,2717.531691692953,50453.68790677981,28,LP,2.273736754432321e-13,1200.0,10800.0
0.8,2025-08-12,76973.27039722062,20334.10849231416,16470.627878774474,1028.6788098852412,6377.924943566179,48666.53379796673,4355.453339604268,53021.987137571,30,LP,2.273736754432321e-13,1200.0,10800.0
0.8,2025-08-13,76083.68936855222,20649.218190035328,16725.866733928615,849.0205150507433,6888.378977496264,47754.58940420806,3476.0773065544035,51230.66671076247,35,LP,2.273736754432321e-13,1200.0,10800.0
0.8,2025-08-14,73864.74221493065,20061.97273723434,16250.197917159816,1170.9416293762574,5297.618040899042,46705.21650716162,5202.443380579703,51907.65988774132,44,LP,2.273736754432321e-13,1200.0,10800.0
0.8,2025-08-15,41509.3039014302,15999.999999999996,12960.0,294.9076218622506,21604.48463995911,24300.753851700145,1034.9007214316098,25335.654573131756,23,LP,9.094947017729282e-13,1200.0,10800.0
0.8,2025-08-16,42652.52063149979,15999.999999999996,12960.0,193.6278528659634,22876.868117699087,25058.49741217815,1007.8568893501284,26066.35430152828,12,LP,9.094947017729282e-13,1200.0,10800.0
0.8,2025-08-17,71613.99462995009,19962.17285134734,16169.360009591344,1074.026022961257,5729.814194488691,45284.29971155687,4779.691891836286,50063.99160339316,45,LP,4.547473508864641e-13,1200.0,10800.0
0.8,2025-08-18,72911.73780660039,20242.534096897623,16396.45261848707,1173.8744617901252,5845.415173313296,46296.02227392496,5616.267958030247,51912.29023195521,36,LP,9.094947017729282e-13,1200.0,10800.0
0.8,2025-08-19,72764.95003063131,20161.55585089019,16330.86023922105,770.6222499746586,5387.216618936845,46175.391712968965,3415.8515785336067,49591.24329150257,32,LP,1.8189894035458565e-12,1200.0,10800.0
0.8,2025-08-20,73266.2988342923,20059.9027507642,16248.521228119002,4328.102964706794,3132.3292096872287,46528.56207473857,17765.9453151946,64294.50738993317,70,LP,9.094947017729282e-13,1200.0,10800.0
0.8,2025-08-21,75893.04531900451,20843.549922845705,16883.27543750502,960.8960306523568,7049.248380982857,47852.61565285351,4120.914909482289,51973.53056233579,22,LP,1.8189894035458565e-12,1200.0,10800.0
0.8,2025-08-22,42418.18966504188,16000.0,12960.0,1355.2737229275294,19502.893987969408,24927.576087951296,5518.8071580707465,30446.383246022044,37,LP,9.094947017729282e-13,1200.0,10800.0
0.8,2025-08-23,41787.96152654939,15999.999999999998,12959.999999999998,498.7414205414372,16716.696797090834,24488.61129386745,1914.8140129464716,26403.42530681392,22,LP,4.547473508864641e-13,1200.0,10800.0
0.8,2025-08-24,74644.40907898403,20328.037478539965,16465.710357617372,949.3031952267634,7997.795669954857,46962.10895888911,4097.956705449608,51060.06566433871,50,LP,2.273736754432321e-13,1200.0,10800.0
0.8,2025-08-25,72791.38636944532,19750.919438932287,15998.244745535156,4454.373134772763,2719.9977941542784,46172.9502983901,17450.647653198925,63623.59795158903,69,LP,2.273736754432321e-13,1200.0,10800.0
0.8,2025-08-26,76067.097272579,20788.97116861572,16839.06664657873,782.1124800185592,7370.486847227257,47749.25011030046,3367.3371980234524,51116.58730832391,37,LP,2.273736754432321e-13,1200.0,10800.0
0.8,2025-08-27,73527.1021792402,20352.832282700176,16485.794148987145,1983.8716836092976,3729.7868624698176,46445.529393992925,8854.364474191614,55299.89386818454,59,LP,2.273736754432321e-13,1200.0,10800.0
0.8,2025-08-28,76433.36202715198,21130.407171521558,17115.62980893246,2920.391269463463,4571.180950693024,48096.67950808201,11668.108638926344,59764.78814700835,51,LP,2.273736754432321e-13,1200.0,10800.0
0.8,2025-08-29,40230.24918267386,15999.999999999996,12960.0,1389.534659763347,16024.56349243722,23504.07353159803,5692.7893676802,29196.862899278232,42,LP,9.094947017729282e-13,1200.0,10800.0
0.8,2025-08-30,40410.647474343794,15999.999999999996,12960.0,1358.4289916909788,20216.35663270144,23654.57431148838,4861.278155156209,28515.85246664459,56,LP,2.273736754432321e-13,1200.0,10800.0
0.8,2025-08-31,76606.57286190598,20840.96081746306,16881.178262145077,696.3832963651139,6696.550519619789,48537.71728959288,2648.723221309623,51186.440510902496,25,LP,2.273736754432321e-13,1200.0,10800.0
0.85,2025-05-01,58774.57840186158,19288.07636164933,15623.34185293596,2544.438599834033,6642.903692982251,34912.9681911583,12026.444077911176,46939.41226906948,65,LP,1.8189894035458565e-12,1200.0,10800.0
0.85,2025-05-02,27933.229136043345,16000.0,12960.0,4067.390455712288,14670.299508422297,13994.326769797974,17357.511789154472,31351.838558952448,74,LP,9.094947017729282e-13,1200.0,10800.0
0.85,2025-05-03,30311.02235547332,15999.999999999998,12960.0,732.4112118320071,19136.261917305324,15879.35568900598,3613.612278253424,19492.967967259407,28,LP,1.8189894035458565e-12,1200.0,10800.0
0.85,2025-05-04,62735.79359247512,19644.77511105481,15912.267839954397,713.2665734153311,7981.88556145671,38039.8278892238,2636.733439812052,40676.56132903585,32,LP,9.094947017729282e-13,1200.0,10800.0
0.85,2025-05-05,60999.57712373852,19219.34459780477,15567.669124221868,2322.2090099459388,4594.103860101552,36969.904753154166,10387.34439241134,47357.2491455655,61,LP,9.094947017729282e-13,1200.0,10800.0
0.85,2025-05-06,63492.3220807644,19313.713807145912,15644.108183788192,1062.584800668185,8015.218891408212,38562.6716556958,4585.194548228505,43147.86620392431,39,LP,2.273736754432321e-13,1200.0,10800.0
0.85,2025-05-07,64728.96947664734,19579.28307989036,15859.219294711187,523.0226117752012,6464.082353243378,39249.13320456882,2431.735192373021,41680.86839694184,33,LP,1.1368683772161605e-13,1200.0,10800.0
0.85,2025-05-08,64682.629575455205,19854.26239960516,16081.952543680178,797.6644014761492,5881.471721006377,39603.032539963926,3348.573960512708,42951.60650047664,27,LP,2.273736754432321e-13,1200.0,10800.0
0.85,2025-05-09,30711.03222916325,16000.0,12959.999999999996,138.4715550216546,19310.117934184906,16420.26810578531,500.0735016122919,16920.341607397604,14,LP,9.094947017729282e-13,1200.0,10800.0
0.85,2025-05-10,29403.73452084029,16000.000000000002,12960.000000000004,1098.561694836893,15341.250932343855,15211.392347302475,4627.157449698308,19838.549797000785,38,LP,4.547473508864641e-13,1200.0,10800.0
0.85,2025-05-11,66523.42458915674,20473.056360009447,16583.17565160765,391.73192093963,7541.196718361246,40314.21267374939,1810.810746619013,42125.0234203684,24,LP,1.1368683772161605e-13,1200.0,10800.0
0.85,2025-05-12,66197.26730810749,20275.330759376066,16423.017915094606,424.1497230810506,10837.908953573758,40283.37268090606,1049.403798828094,41332.77647973415,11,LP,1.1368683772161605e-13,1200.0,10800.0
0.85,2025-05-13,61020.212142189324,18831.690289107424,15253.669134177013,684.8367119673278,4997.814932559571,36859.899974231404,3068.09258380604,39927.99255803744,32,LP,1.1368683772161605e-13,1200.0,10800.0
0.85,2025-05-14,62640.8794924816,19277.41652319401,15614.707383787145,510.24139614728495,6474.26296588869,37701.71139309169,1985.9871570392968,39687.69855013098,25,LP,1.1368683772161605e-13,1200.0,10800.0
0.85,2025-05-15,63864.027377585866,19424.07066506893,15733.497238705835,330.6817802033965,7739.07744809283,38896.71685140633,1238.8328114574165,40135.54966286375,19,LP,4.547473508864641e-13,1200.0,10800.0
0.85,2025-05-16,30167.77133682399,16000.0,12959.999999999996,182.28713480595275,24594.5519382966,16007.51248091401,589.253988927616,16596.766469841627,11,LP,9.094947017729282e-13,1200.0,10800.0
0.85,2025-05-17,30350.62001520665,16000.0,12960.0,1061.386651987538,17923.207583860854,16176.788708313345,4617.198685480564,20793.987393793905,22,LP,9.094947017729282e-13,1200.0,10800.0
0.85,2025-05-18,64220.225999113776,19160.43471647623,15519.952120345746,639.0943329103303,7542.669635893624,39026.32613263876,1976.348717820019,41002.67485045877,31,LP,4.547473508864641e-13,1200.0,10800.0
0.85,2025-05-19,63424.11463965936,19075.048346620773,15450.789160762832,209.24769171980336,12493.88659552122,38218.62172773019,1271.8323213983376,39490.45404912853,11,LP,1.1368683772161605e-13,1200.0,10800.0
0.85,2025-05-20,63613.29309290973,19099.654066049792,15470.719793500331,405.59921006217246,5862.563213755773,38532.60190702123,1844.0547746719235,40376.65668169315,17,LP,1.1368683772161605e-13,1200.0,10800.0
0.85,2025-05-21,63233.7145397363,18832.74508655334,15254.523520108203,681.7908738468159,8974.668563804647,38254.1298497307,2643.2371742692253,40897.36702399993,25,LP,4.547473508864641e-13,1200.0,10800.0
0.85,2025-05-22,64357.48830802912,19044.11875801916,15425.736193995524,126.11674162825572,10048.59166896708,39120.08358401079,556.1661898885307,39676.24977389932,11,LP,2.273736754432321e-13,1200.0,10800.0
0.85,2025-05-23,28838.951953123917,16000.0,12960.0,261.83886000888225,19639.841929799462,15030.836841740527,923.1002715231504,15953.93711326368,19,LP,9.094947017729282e-13,1200.0,10800.0
0.85,2025-05-24,29487.53315194422,15999.999999999998,12960.0,102.89832301741716,22795.93009162831,15490.89209637082,372.3532905047488,15863.24538687557,14,LP,9.094947017729282e-13,1200.0,10800.0
0.85,2025-05-25,62721.10030793744,18853.914210372342,15271.670510401596,180.9255526703532,10774.771977303712,37788.89786457944,789.62758762043,38578.52545219987,14,LP,1.1368683772161605e-13,1200.0,10800.0
0.85,2025-05-26,61684.18389248353,18300.677861269807,14823.549067628548,1709.271690436557,5336.493839278833,37168.74865055936,6839.636517502349,44008.38516806171,36,LP,1.1368683772161605e-13,1200.0,10800.0
0.85,2025-05-27,62907.32697517729,18980.68654456468,15374.356101097386,118.4020099174249,10029.03124162743,38148.31200806064,299.3729685975556,38447.6849766582,13,LP,2.273736754432321e-13,1200.0,10800.0
0.85,2025-05-28,63252.80668514752,18863.27928710396,15279.256222554206,696.745457181239,8091.704977779,38127.251239607096,2701.841967035012,40829.09320664211,34,LP,1.1368683772161605e-13,1200.0,10800.0
0.85,2025-05-29,63119.59534265321,19042.253544382256,15424.22537094963,751.2453633116129,6142.689032532202,38261.09706800608,3216.595286334119,41477.69235434019,34,LP,2.273736754432321e-13,1200.0,10800.0
0.85,2025-05-30,29245.32636244177,16000.000000000002,12960.000000000002,504.0969761208873,20113.19007189599,15376.185373947435,1821.4841355899107,17197.669509537347,20,LP,9.094947017729282e-13,1200.0,10800.0
0.85,2025-05-31,29447.72632142104,15999.999999999996,12960.000000000002,472.7607733642429,18491.30554478529,15365.079072469987,1690.8582232419467,17055.937295711934,23,LP,9.094947017729282e-13,1200.0,10800.0
0.85,2025-06-01,65965.31874601748,20236.78369854577,16391.794795822076,10270.488535751934,1165.9920790457268,39813.77961926488,39882.269561887326,79696.04918115221,111,LP,4.547473508864641e-13,1200.0,10800.0
0.85,2025-06-02,73914.91391731099,20817.99339304243,16862.57464836436,3812.166431912252,5130.854154545181,46562.41113509996,15304.198147189536,61866.60928228949,64,LP,2.273736754432321e-13,1200.0,10800.0
0.85,2025-06-03,78076.97665814868,22077.821854537164,17883.035702175108,857.2680089838129,6547.0916814371085,48882.54612173661,3545.69060651283,52428.23672824944,32,LP,9.094947017729282e-13,1200.0,10800.0
0.85,2025-06-04,81211.3251060139,22333.33333333333,18090.0,699.483900199489,8022.214856213388,51050.35050620708,1888.720419156043,52939.07092536312,30,LP,4.547473508864641e-13,1200.0,10800.0
0.85,2025-06-05,80202.93507479479,22333.33333333333,18090.0,1284.9765660878452,6095.260290882642,50268.35234838823,4706.132127973528,54974.48447636176,47,LP,4.547473508864641e-13,1200.0,10800.0
0.85,2025-06-06,37891.208807031246,16000.0,12960.0,1960.4070952857928,5956.620502317035,22178.93860831961,7831.864315030642,30010.802923350257,39,LP,9.094947017729282e-13,1200.0,10800.0
0.85,2025-06-07,40565.81593266371,14109.06028113776,11428.338827721584,291.5263101029987,7050.10762268387,23507.0399197457,966.7346836644732,24473.774603410173,12,LP,9.094947017729282e-13,1200.0,10800.0
0.85,2025-06-08,89445.42246833409,24704.71752060612,20010.82119169096,34.5924790439899,19601.195351796265,56755.233453403496,87.02686087715749,56842.260314280655,6,LP,4.547473508864641e-13,1200.0,10800.0
0.85,2025-06-09,81736.70133815371,22829.89202161092,18492.21253750484,1001.3136977287988,7467.622818443106,50838.10135610352,4179.762948674346,55017.86430477787,37,LP,2.273736754432321e-13,1200.0,10800.0
0.85,2025-06-10,84631.3461783171,23335.16166926452,18901.480952104263,281.4056043970287,8860.626832220525,52932.35385708764,857.4061631459498,53789.76002023359,20,LP,2.273736754432321e-13,1200.0,10800.0
0.85,2025-06-11,85270.32731146694,23807.319278899347,19283.92861590847,906.5927707724052,5569.083102581817,53467.50204035153,4053.180687790397,57520.682728141925,27,LP,2.273736754432321e-13,1200.0,10800.0
0.85,2025-06-12,88176.33883987479,24642.796248063816,19960.66496093169,239.1148048771347,11280.93092428648,55959.205591750935,838.5660755566355,56797.77166730757,14,LP,2.273736754432321e-13,1200.0,10800.0
0.85,2025-06-13,37704.50337845824,15310.633788956298,12401.6133690546,568.422878912791,7018.592137469326,21696.126934459764,2535.1109580241064,24231.23789248387,26,LP,9.094947017729282e-13,1200.0,10800.0
0.85,2025-06-14,39885.97191985478,13750.112634567036,11137.5912339993,238.89884788262904,11319.006617169682,22680.260165000327,757.2091770821052,23437.469342082437,17,LP,9.094947017729282e-13,1200.0,10800.0
0.85,2025-06-15,84410.86073233739,23797.42513731304,19275.91436122356,147.15250070488395,9409.52812361946,53066.41713769868,463.01475464663866,53529.43189234532,7,LP,9.094947017729282e-13,1200.0,10800.0
0.85,2025-06-16,84899.65340652189,24307.923024162617,19689.41764957172,514.7411223714253,8101.836337635752,53058.38563610769,2004.0601280753408,55062.44576418303,27,LP,9.094947017729282e-13,1200.0,10800.0
0.85,2025-06-17,86072.87059195447,24457.53669240581,19810.604720848707,959.4666022809716,7748.394006011668,53942.37243609029,4083.925704856712,58026.298140947,27,LP,9.094947017729282e-13,1200.0,10800.0
0.85,2025-06-18,86565.44606726347,24488.112004332164,19835.37072350905,145.8911384607283,11130.205024901104,54278.49946161488,697.0227766581609,54975.52223827304,14,LP,9.094947017729282e-13,1200.0,10800.0
0.85,2025-06-19,82993.63682853642,23639.9102273179,19148.3272841275,476.96519071317687,10719.514876059182,52045.91421118585,2074.677479818496,54120.591691004345,20,LP,4.547473508864641e-13,1200.0,10800.0
0.85,2025-06-20,39062.964992939305,14022.266199676307,11358.035621737808,45.743426017009085,14043.896991017817,22387.84164929266,159.52200038027777,22547.363649672938,3,LP,1.1368683772161605e-13,1200.0,10800.0
0.85,2025-06-21,37385.67917159652,16000.0,12959.999999999996,167.38465092051135,15178.323422517024,21411.200847833818,782.9503361595018,22194.15118399332,13,LP,9.094947017729282e-13,1200.0,10800.0
0.85,2025-06-22,82547.79227294176,23416.859470547784,18967.656171143703,268.6256526917731,10909.873526229458,51393.16932571992,914.0840678619464,52307.253393581865,17,LP,4.547473508864641e-13,1200.0,10800.0
0.85,2025-06-23,83182.74718678214,23540.479981308577,19067.78878485995,44.285751565233056,11693.055741898748,51978.36224863973,143.00092754671255,52121.36317618644,9,LP,4.547473508864641e-13,1200.0,10800.0
0.85,2025-06-24,79156.74810156072,22753.16170359668,18430.06097991331,3792.524323725697,2357.3794516030566,49026.95776697426,14232.328591409376,63259.28635838363,72,LP,4.547473508864641e-13,1200.0,10800.0
0.85,2025-06-25,87039.63186667567,24527.719327670187,19867.452655412853,356.02220291730293,12297.966030668977,54701.755520999424,1066.1593673352131,55767.91488833464,11,LP,9.094947017729282e-13,1200.0,10800.0
0.85,2025-06-26,84375.28788145047,24463.222384005305,19815.210131044296,398.42495134661567,12578.316746502756,52690.054512625145,1852.734877083643,54542.78938970879,19,LP,2.273736754432321e-13,1200.0,10800.0
0.85,2025-06-27,37738.054358973386,15071.015719692628,12207.522732951038,43.02025240431516,15145.935757969442,21559.416088758702,188.71296767934425,21748.12905643805,5,LP,9.094947017729282e-13,1200.0,10800.0
0.85,2025-06-28,37883.24506657274,15118.469042129154,12245.959924124612,65.04281855665175,13298.852650458186,21543.03041248852,171.15248995604156,21714.182902444565,8,LP,1.8189894035458565e-12,1200.0,10800.0
0.85,2025-06-29,85594.61403193307,24369.7084751028,19739.46386483327,233.2359639149712,11929.83685224519,53741.69795937829,635.6598163852261,54377.35777576352,17,LP,9.094947017729282e-13,1200.0,10800.0
0.85,2025-06-30,84512.66194028762,24321.206256321635,19700.177067620523,532.7658609118895,10546.714629165082,52863.87683136196,1828.3358721128225,54692.21270347478,16,LP,2.273736754432321e-13,1200.0,10800.0
0.85,2025-07-01,88313.87950055077,24613.81850210942,19937.192986708636,3780.732863794464,8551.442815611115,55692.72418125111,12427.6364087183,68120.36058996941,74,LP,4.547473508864641e-13,1200.0,10800.0
0.85,2025-07-02,93487.43363807704,24606.10868327086,19930.948033449396,914.0336270346728,16821.540248623587,59843.35410797941,2117.444738312573,61960.79884629198,25,LP,4.547473508864641e-13,1200.0,10800.0
0.85,2025-07-03,91537.50421002827,23760.396488821403,19245.92115594534,1154.252387257667,8416.862331076542,58711.11799936026,3549.80800421225,62260.92600357251,35,LP,4.547473508864641e-13,1200.0,10800.0
0.85,2025-07-04,45690.75928453618,15999.999999999998,12960.0,485.3169322545143,14255.208750124037,27709.87427719325,1219.019012620414,28928.893289813663,25,LP,2.273736754432321e-13,1200.0,10800.0
0.85,2025-07-05,46345.62294314048,15999.999999999996,12960.0,309.8314548855099,14825.37443135933,27861.77987758821,779.3200399642647,28641.09991755248,12,LP,9.094947017729282e-13,1200.0,10800.0
0.85,2025-07-06,88272.65242167146,22673.81151373842,18365.78732612812,1375.109995800116,5545.7566798612825,55910.39391995776,5766.057615372894,61676.45153533065,34,LP,2.273736754432321e-13,1200.0,10800.0
0.85,2025-07-07,90830.67840588224,23278.97243528332,18855.96767257949,199.38946313073075,13197.580339642484,57473.88487390688,453.0629089877169,57926.9477828946,12,LP,2.273736754432321e-13,1200.0,10800.0
0.85,2025-07-08,90513.63076671242,22559.895005581755,18273.51495452122,168.31149346630963,10824.17519245153,57203.41969660955,642.8482525260115,57846.26794913556,11,LP,4.547473508864641e-13,1200.0,10800.0
0.85,2025-07-09,86013.11709059097,22502.303620606486,18226.865932691253,361.3069717771572,8040.261357786238,54070.38224169835,1586.938147847749,55657.320389546105,20,LP,4.547473508864641e-13,1200.0,10800.0
0.85,2025-07-10,84125.41222632208,22579.736957716083,18289.586935750027,571.0387516167553,7552.677572639436,52893.81661935861,2053.0928918037657,54946.909511162376,22,LP,4.547473508864641e-13,1200.0,10800.0
0.85,2025-07-11,44424.89081094209,16000.0,12960.0,1486.7057149653654,10352.81937590745,26287.327526840047,4629.345963363737,30916.673490203782,30,LP,4.547473508864641e-13,1200.0,10800.0
0.85,2025-07-12,45741.57270152192,16000.000000000002,12960.0,396.5114633954645,12013.840831584052,27008.81905137794,1328.8375058348158,28337.65655721276,17,LP,9.094947017729282e-13,1200.0,10800.0
0.85,2025-07-13,84522.69265374076,22452.177311558768,18186.263622362603,277.6014137832543,11266.65997832785,52954.30705013911,1236.744659007769,54191.05170914687,14,LP,4.547473508864641e-13,1200.0,10800.0
0.85,2025-07-14,79459.61048754668,21190.899251999,17164.628394119194,1030.549738395016,4656.21015139524,49825.3941889603,4622.347890251851,54447.74207921216,42,LP,2.273736754432321e-13,1200.0,10800.0
0.85,2025-07-15,84633.17242818049,22016.926801375637,17833.710709114268,1275.265125206799,8976.170877792585,53191.65711480407,3631.724997074495,56823.38211187856,20,LP,2.273736754432321e-13,1200.0,10800.0
0.85,2025-07-16,82174.85351193591,22414.480617551428,18155.72930021665,1623.3728363786358,7404.911647646434,51380.99182092894,5962.888733936623,57343.880554865566,42,LP,2.273736754432321e-13,1200.0,10800.0
0.85,2025-07-17,81956.17507050298,21897.026646725757,17736.59158384786,1021.8944279659484,6097.218368924376,51315.7759054089,4351.4329853388535,55667.20889074775,35,LP,2.273736754432321e-13,1200.0,10800.0
0.85,2025-07-18,43210.36228533307,15999.999999999998,12960.000000000002,1376.842589227867,10272.956774560938,25388.16962084305,4673.1165693005005,30061.286190143557,36,LP,9.094947017729282e-13,1200.0,10800.0
0.85,2025-07-19,43476.36338395481,16000.0,12960.000000000004,687.685263446924,13941.229597401738,25455.304606002,2805.349243293153,28260.65384929515,30,LP,9.094947017729282e-13,1200.0,10800.0
0.85,2025-07-20,83405.96964114971,21750.957732288545,17618.275763153724,465.9797569396728,7649.289212287911,52320.28429627464,1633.4916037091104,53953.77589998375,16,LP,2.273736754432321e-13,1200.0,10800.0
0.85,2025-07-21,81905.34754788701,21506.76430976261,17420.47909090771,1289.0779378265654,5118.390916858678,51138.42319131682,5174.009959888106,56312.433151204925,41,LP,2.273736754432321e-13,1200.0,10800.0
0.85,2025-07-22,87216.00792807921,22021.288331507138,17837.243548520786,414.9478725221896,9651.766400948389,54698.3569011521,1777.3720347388316,56475.72893589093,10,LP,4.547473508864641e-13,1200.0,10800.0
0.85,2025-07-23,85327.42699833233,21993.578779707408,17814.798811562992,613.9109974219989,7546.010910943262,53415.30168041646,2688.479129145967,56103.78080956243,24,LP,4.547473508864641e-13,1200.0,10800.0
0.85,2025-07-24,84028.68337492035,22125.77725100736,17921.879573315957,1019.0136750074106,7227.327372236363,52681.27145781503,4353.210422568812,57034.48188038384,35,LP,4.547473508864641e-13,1200.0,10800.0
0.85,2025-07-25,44304.05365967906,15999.999999999996,12960.0,192.52630795909937,14951.260400971503,26213.709696253954,963.7838535966677,27177.493549850624,8,LP,9.094947017729282e-13,1200.0,10800.0
0.85,2025-07-26,45140.55975937724,15999.999999999996,12960.0,488.0348510216355,14119.503043732211,26665.20569656576,1380.8019535446806,28046.00765011044,11,LP,1.8189894035458565e-12,1200.0,10800.0
0.85,2025-07-27,85734.61292476379,22299.99048818778,18062.992295432105,575.4767516560033,8387.901683664128,53751.08340347854,2515.165680428079,56266.249083906616,20,LP,4.547473508864641e-13,1200.0,10800.0
0.85,2025-07-28,86605.08139138824,22501.88065500634,18226.523330555134,1261.340127988749,5636.186961592462,54367.19711739932,5114.019318493638,59481.21643589295,33,LP,2.273736754432321e-13,1200.0,10800.0
0.85,2025-07-29,88468.3229613869,22458.68466449823,18191.534578243565,709.7621961734906,8841.689121305728,55658.56532597684,2720.1425841385,58378.707910115336,18,LP,2.273736754432321e-13,1200.0,10800.0
0.85,2025-07-30,86053.51214149839,22380.503901763102,18128.20816042812,468.45630434448776,8166.418654507885,53907.43674788308,2302.4786215435224,56209.915369426606,23,LP,4.547473508864641e-13,1200.0,10800.0
0.85,2025-07-31,85690.14271370776,22420.20630785857,18160.36710936545,410.163357893167,7145.470606441147,53794.33537090023,1855.1909616600133,55649.52633256024,22,LP,4.547473508864641e-13,1200.0,10800.0
0.85,2025-08-01,43725.5100385925,15999.999999999993,12960.0,257.8313884563726,19691.981760382216,25819.37759600341,947.2411634133912,26766.6187594168,15,LP,9.094947017729282e-13,1200.0,10800.0
0.85,2025-08-02,42032.9466385037,15999.999999999996,12959.999999999998,240.11884531856225,18306.040550488928,24566.69269373606,1035.2316791560136,25601.924372892077,15,LP,4.547473508864641e-13,1200.0,10800.0
0.85,2025-08-03,80476.35007185442,21236.784726901667,17201.79562879035,262.98471002782827,13864.865700437607,50531.79528789728,1105.257330130503,51637.05261802778,18,LP,2.273736754432321e-13,1200.0,10800.0
0.85,2025-08-04,78440.92844617291,20610.170954115874,16694.23847283386,99.38908565070574,9208.729967208274,49421.66133171122,358.07952532320775,49779.74085703443,7,LP,2.273736754432321e-13,1200.0,10800.0
0.85,2025-08-05,79299.83248259229,20676.9269277731,16748.310811496216,106.38988806839112,10325.29652105047,50067.44397970926,531.9295119550278,50599.373491664286,6,LP,2.273736754432321e-13,1200.0,10800.0
0.85,2025-08-06,74842.52811574354,19988.796205603256,16190.92492653864,2404.216022238419,5334.473592250677,47215.70754251161,10052.036808350267,57267.74435086188,44,LP,2.273736754432321e-13,1200.0,10800.0
0.85,2025-08-07,81569.65312055369,21434.79008399126,17362.17996803292,105.59924607639812,14214.657000671752,51394.44180776047,311.4559146828412,51705.89772244331,8,LP,2.273736754432321e-13,1200.0,10800.0
0.85,2025-08-08,41913.80633289021,16000.000000000004,12960.0,190.19049300090745,23288.82557589112,24578.84510857094,779.243426369765,25358.088534940704,12,LP,1.8189894035458565e-12,1200.0,10800.0
0.85,2025-08-09,40628.75328271504,16000.000000000004,12960.0,872.4496876526756,19539.27397036772,23638.80907095835,3345.245110269076,26984.054181227424,37,LP,9.094947017729282e-13,1200.0,10800.0
0.85,2025-08-10,74477.9739261652,19908.58497247737,16125.95382770667,745.6087489991894,6136.33248039369,47065.5460981357,2697.335583898768,49762.88168203447,32,LP,2.273736754432321e-13,1200.0,10800.0
0.85,2025-08-11,77149.31167671338,20385.60387648282,16512.339139951087,447.07785606346073,9161.871462911758,48598.3957576455,1680.93946579775,50279.33522344325,19,LP,2.273736754432321e-13,1200.0,10800.0
0.85,2025-08-12,78530.58182044077,20648.102351561945,16724.96290476518,696.8203832569732,7543.719106900984,49552.76887318818,2979.578828102361,52532.34770129054,20,LP,2.273736754432321e-13,1200.0,10800.0
0.85,2025-08-13,77623.711287051,21019.75286077465,17025.99981722747,611.1947200292396,8120.173513533066,48656.46563539941,2526.555100431833,51183.02073583124,28,LP,2.273736754432321e-13,1200.0,10800.0
0.85,2025-08-14,75321.2999897981,20406.625730389867,16529.366841615793,787.3639467293438,6305.114064420043,47533.076951036666,3694.188522019325,51227.26547305599,37,LP,2.273736754432321e-13,1200.0,10800.0
0.85,2025-08-15,42097.52514464817,16000.0,12960.0,211.81893442174297,22109.617195736584,24712.55274812327,766.5402647951998,25479.09301291847,14,LP,4.547473508864641e-13,1200.0,10800.0
0.85,2025-08-16,43222.83464690677,15999.999999999993,12960.0,134.13766865955705,23387.691948899665,25468.63914799981,704.2953524098109,26172.934500409618,10,LP,1.8189894035458565e-12,1200.0,10800.0
0.85,2025-08-17,72960.51455905412,19619.11083797929,15891.47977876322,795.7523336307793,6863.242216802171,46124.11638813365,3643.180066467535,49767.29645460119,33,LP,2.273736754432321e-13,1200.0,10800.0
0.85,2025-08-18,74234.62650772938,19965.56530213652,16172.10789473058,921.9429763720838,6968.996460028864,47129.33757376958,4440.994876345376,51570.33245011496,30,LP,2.273736754432321e-13,1200.0,10800.0
0.85,2025-08-19,74112.28587055829,20172.1875114842,16339.4718843022,543.3551673838292,6505.265360760122,46983.27208714736,2489.4947450454115,49472.76683219277,22,LP,2.273736754432321e-13,1200.0,10800.0
0.85,2025-08-20,74657.68242205743,20280.274245284098,16427.022138680117,3500.9271589700884,3654.666407756883,47336.632352730725,14309.781053316405,61646.413406047126,61,LP,2.273736754432321e-13,1200.0,10800.0
0.85,2025-08-21,77396.18471593175,21243.10227656616,17206.91284401859,614.0930250129609,8129.669825063819,48719.42051706163,2693.897423936798,51413.31794099843,17,LP,1.8189894035458565e-12,1200.0,10800.0
0.85,2025-08-22,42945.93163451206,15999.999999999998,12959.999999999998,1007.7913700583636,19683.153604570434,25293.85654388053,4024.071654336708,29317.928198217243,32,LP,9.094947017729282e-13,1200.0,10800.0
0.85,2025-08-23,42324.47983826559,15999.999999999998,12960.0,281.4376545734472,17035.911342839034,24846.1112152353,1044.0223356677386,25890.13355090304,17,LP,9.094947017729282e-13,1200.0,10800.0
0.85,2025-08-24,76067.5243061005,20691.51476802702,16760.12696210189,633.6230862827982,9036.170103124845,47778.79145729565,2740.337151080538,50519.12860837619,39,LP,2.273736754432321e-13,1200.0,10800.0
0.85,2025-08-25,74262.75020467627,20104.88362785516,16284.95573856268,3665.9360638861417,3335.671362603271,46981.28201015681,14494.524447505508,61475.80645766232,63,LP,2.273736754432321e-13,1200.0,10800.0
0.85,2025-08-26,77596.1503554282,21209.82068874495,17179.95475788341,597.3445528326151,8634.810594065948,48639.09073623453,2569.88111608836,51208.971852322895,30,LP,2.273736754432321e-13,1200.0,10800.0
0.85,2025-08-27,75116.34511924745,20787.52702882236,16837.896893346115,1358.085611857403,4610.651728961953,47364.90399439701,6047.923778338504,53412.82777273552,52,LP,2.273736754432321e-13,1200.0,10800.0
0.85,2025-08-28,78066.89847979773,21634.190575482666,17523.69436614096,2357.42541518032,5546.032702303025,49047.32323217778,9460.447195001789,58507.77042717957,44,LP,2.273736754432321e-13,1200.0,10800.0
0.85,2025-08-29,40766.93366339394,16000.0,12960.0,1068.7568822338392,16240.470195627782,23860.13627147968,4476.32006531309,28336.45633679277,38,LP,4.547473508864641e-13,1200.0,10800.0
0.85,2025-08-30,40946.268174795,16000.0,12960.0,1006.1351978354468,20399.683539297108,24006.596978031124,3596.6991066505743,27603.2960846817,48,LP,9.094947017729282e-13,1200.0,10800.0
0.85,2025-08-31,78169.49838022678,21344.42125352432,17288.981215354695,493.0729339285784,7960.5081926524035,49428.63877997056,1874.179849392273,51302.81862936283,20,LP,2.273736754432321e-13,1200.0,10800.0
0.9,2025-05-01,60127.83642064927,19247.16937487967,15590.20719365254,2145.4175561948537,7604.912995616996,35705.020886570666,10270.38173144306,45975.40261801373,60,LP,9.094947017729282e-13,1200.0,10800.0
0.9,2025-05-02,28397.25739576969,15999.999999999998,12960.0,3455.6173037931226,14522.554616229483,14300.31385460344,14768.32336608331,29068.63722068675,67,LP,9.094947017729282e-13,1200.0,10800.0
0.9,2025-05-03,30868.24461470908,16000.0,12959.999999999998,549.197046497087,19510.27001120617,16277.44311244017,2811.0331850609755,19088.476297501147,24,LP,9.094947017729282e-13,1200.0,10800.0
0.9,2025-05-04,64128.228073618746,19966.473006591557,16172.843135339155,458.8909693800467,9058.821838413069,38858.600177493565,1798.8658520493996,40657.46602954296,22,LP,1.1368683772161605e-13,1200.0,10800.0
0.9,2025-05-05,62304.251863934085,19059.771964829357,15438.415291511776,1747.8555059708965,5354.7438965874,37781.97864479531,7792.259465108832,45574.23810990414,52,LP,4.547473508864641e-13,1200.0,10800.0
0.9,2025-05-06,65038.72210950423,19663.15212918328,15927.15322463846,731.731542547445,9164.3723808402,39485.86247924984,3200.289905210257,42686.152384460096,29,LP,1.1368683772161605e-13,1200.0,10800.0
0.9,2025-05-07,66382.21188161532,20028.69626684657,16223.24397614572,254.26760822717216,7763.181249141648,40267.92542031283,1135.5871440781052,41403.51256439093,24,LP,2.273736754432321e-13,1200.0,10800.0
0.9,2025-05-08,66324.3156046265,20286.13337679975,16431.768035207802,460.4911300607878,7103.92899309534,40599.89779543269,2110.046572944674,42709.94436837736,20,LP,2.273736754432321e-13,1200.0,10800.0
0.9,2025-05-09,31337.51323536055,16000.0,12960.000000000002,66.94736620703641,19865.07475156759,16866.834007999118,211.2143919337352,17078.048399932853,11,LP,9.094947017729282e-13,1200.0,10800.0
0.9,2025-05-10,30033.940949709493,16000.000000000002,12960.0,738.8036802802039,15611.699346656362,15648.393722117467,3145.216001838032,18793.6097239555,30,LP,9.094947017729282e-13,1200.0,10800.0
0.9,2025-05-11,68077.56152662181,20943.09210900605,16963.904608294903,224.7235937973093,8839.018536374631,41305.630738758686,1105.123002890924,42410.75374164961,15,LP,2.273736754432321e-13,1200.0,10800.0
0.9,2025-05-12,67729.32245748807,20714.231788327885,16778.527748545584,348.5490068228354,12210.972191195287,41259.06896967816,854.3914115627274,42113.46038124089,10,LP,2.273736754432321e-13,1200.0,10800.0
0.9,2025-05-13,62579.83709769179,18969.72427492553,15365.476662689684,418.27178480906633,6264.648503598351,37853.50501123293,1797.7437694802156,39651.24878071315,24,LP,1.8189894035458565e-12,1200.0,10800.0
0.9,2025-05-14,64360.6682151893,19728.12684184881,15979.782741897538,318.9767216664084,7917.152053571113,38761.19937889901,1236.005128929536,39997.20450782855,19,LP,1.1368683772161605e-13,1200.0,10800.0
0.9,2025-05-15,65552.80009841773,19846.20591962231,16075.426794894069,206.7374045050318,9223.700094861206,39938.2661367109,768.0216200957492,40706.287756806654,12,LP,2.273736754432321e-13,1200.0,10800.0
0.9,2025-05-16,30872.012633559218,16000.000000000004,12959.999999999998,132.31134716555766,25248.81744739144,16529.14795787036,406.41297727660015,16935.560935146957,7,LP,9.094947017729282e-13,1200.0,10800.0
0.9,2025-05-17,31057.163302788056,16000.000000000004,12960.0,666.2144904127974,18234.578709867517,16704.481794074967,2847.2748072259265,19551.75660130089,16,LP,9.094947017729282e-13,1200.0,10800.0
0.9,2025-05-18,65929.9663520254,19593.736534296568,15870.926592780215,398.2806836399736,8929.26899414903,40104.03834472946,1137.9363815546717,41241.97472628413,19,LP,1.1368683772161605e-13,1200.0,10800.0
0.9,2025-05-19,65124.27228520953,19504.228644219704,15798.42520181796,126.5920001339606,14029.844292941749,39287.65818072764,841.9415010738971,40129.599681801534,6,LP,1.1368683772161605e-13,1200.0,10800.0
0.9,2025-05-20,65305.90030622483,19523.77124807489,15814.254710940664,202.4921461715948,7271.481098595537,39595.78221723426,939.5797824442708,40535.361999678535,8,LP,2.273736754432321e-13,1200.0,10800.0
0.9,2025-05-21,64925.74891174844,19296.4956129894,15630.161446521412,513.1078234254899,10409.907285372614,39313.39899007928,1955.027167171295,41268.42615725058,19,LP,2.273736754432321e-13,1200.0,10800.0
0.9,2025-05-22,66066.60670591991,19509.23276291039,15802.47853795742,68.83265493364067,11612.054319233916,40190.791622618206,312.9604655628067,40503.75208818101,7,LP,2.273736754432321e-13,1200.0,10800.0
0.9,2025-05-23,29557.05688473967,16000.0,12960.000000000002,104.31813972819968,20200.42614113454,15563.41110569593,298.7716789872383,15862.182784683167,10,LP,9.094947017729282e-13,1200.0,10800.0
0.9,2025-05-24,30200.252885889822,16000.000000000004,12959.999999999996,42.87399063741111,23448.62549319389,16018.707116868363,168.49166216646572,16187.19877903483,9,LP,9.094947017729282e-13,1200.0,10800.0
0.9,2025-05-25,64368.12422072473,19215.548563513148,15564.594336445654,99.9066687199048,12272.066479043808,38825.4248912169,443.3724553620086,39268.79734657891,10,LP,4.547473508864641e-13,1200.0,10800.0
0.9,2025-05-26,63318.63267290049,18668.49809329819,15121.483455571532,1424.8969779085005,6616.682063082329,38200.74711785503,5638.148341071295,43838.89545892633,22,LP,2.273736754432321e-13,1200.0,10800.0
0.9,2025-05-27,64478.77047010667,19299.406283263044,15632.519089443063,43.68010325355738,11465.19607954024,39151.51455132678,94.6193081249258,39246.13385945171,9,LP,2.273736754432321e-13,1200.0,10800.0
0.9,2025-05-28,64774.7106148296,19181.99902580232,15537.419210899883,444.6899811488015,9300.996681075974,39107.82631892082,1765.1023130192004,40872.92863194002,24,LP,1.1368683772161605e-13,1200.0,10800.0
0.9,2025-05-29,64600.121126147686,19301.80716755207,15634.46380571718,481.19798145291935,7303.85224576572,39216.480048066056,2054.4290193651914,41270.90906743125,24,LP,2.273736754432321e-13,1200.0,10800.0
0.9,2025-05-30,29822.13851230957,15999.999999999998,12960.0,276.30682538791143,20462.212071030823,15802.121275345668,970.0274680751096,16772.148743420777,16,LP,9.094947017729282e-13,1200.0,10800.0
0.9,2025-05-31,30010.044647122937,16000.000000000004,12959.999999999998,310.36927187948976,18891.232369002424,15775.167201136735,1035.3232294266018,16810.49043056334,17,LP,9.094947017729282e-13,1200.0,10800.0
0.9,2025-06-01,67395.84414456143,20558.268196203386,16652.19723892474,9137.729508198185,1402.6763954809792,40689.359087484016,35188.52062922216,75877.87971670617,108,LP,1.1368683772161605e-13,1200.0,10800.0
0.9,2025-06-02,75605.65869107227,21124.60176797922,17110.927432063167,2995.3308351535934,5946.507740309814,47700.45601984569,11916.044343808177,59616.50036365386,54,LP,2.273736754432321e-13,1200.0,10800.0
0.9,2025-06-03,79817.21156085943,22348.55072545515,18102.32608761867,541.0449131781833,7919.66500286781,50150.80644965351,2219.012075178881,52369.81852483239,25,LP,1.8189894035458565e-12,1200.0,10800.0
0.9,2025-06-04,82981.2369978526,22477.24509536175,18206.56852724302,489.29322133543633,9554.592834402649,52393.56075890016,1263.430455805957,53656.99121470612,20,LP,9.094947017729282e-13,1200.0,10800.0
0.9,2025-06-05,82033.62142526067,22421.57123946189,18161.47270396413,837.7235084175751,7461.928381513841,51646.19730739795,2959.6551230225923,54605.85243042055,33,LP,4.547473508864641e-13,1200.0,10800.0
0.9,2025-06-06,39070.53740974483,15531.28455868928,12580.340492538317,1335.8432738104998,6600.441217404363,22914.89800611914,5363.747213139981,28278.64521925912,34,LP,1.8189894035458565e-12,1200.0,10800.0
0.9,2025-06-07,42361.33271835375,13926.19090772872,11280.214635260263,186.9641526115716,8775.807431830195,24533.494827999413,568.9860847752689,25102.48091277468,8,LP,9.094947017729282e-13,1200.0,10800.0
0.9,2025-06-08,91324.66902899776,24824.576108511035,20107.90664789393,13.560249404186491,21436.63655111819,58153.11466473602,29.658004802028213,58182.77266953805,2,LP,4.547473508864641e-13,1200.0,10800.0
0.9,2025-06-09,83602.14044575239,22952.93415367865,18591.876664479703,662.5665815741063,8970.936804794219,52197.354289646,2814.7682892910334,55012.12257893703,28,LP,2.273736754432321e-13,1200.0,10800.0
0.9,2025-06-10,86412.5669094514,23490.843861494905,19027.583527810875,140.75601186551103,10471.618354299542,54255.52384675639,325.3376636952904,54580.86151045168,11,LP,2.273736754432321e-13,1200.0,10800.0
0.9,2025-06-11,87133.93444169793,24292.41985768756,19676.860084726926,661.349313998712,7095.277666069351,54809.76441770823,2999.863477424985,57809.62789513321,19,LP,4.547473508864641e-13,1200.0,10800.0
0.9,2025-06-12,90187.3889726686,24760.384978464383,20055.911832556158,156.86869442310854,13187.393087850149,57435.8127992309,553.7679949180683,57989.58079414897,12,LP,9.094947017729282e-13,1200.0,10800.0
0.9,2025-06-13,39575.62794294949,14349.042124278349,11622.724120665462,278.36334480390593,8782.359584140511,22841.48121547188,1269.1421630326904,24110.623378504573,18,LP,9.094947017729282e-13,1200.0,10800.0
0.9,2025-06-14,41964.0270225566,13902.915721229949,11261.361734196253,166.14503729523153,13295.27532281814,23882.729372259164,491.2443912573798,24373.973763516544,8,LP,9.094947017729282e-13,1200.0,10800.0
0.9,2025-06-15,86604.06524232455,24145.60545966017,19557.94042232474,54.94282153130969,11444.368693187103,54690.52138366869,170.42163864845708,54860.94302231714,3,LP,4.547473508864641e-13,1200.0,10800.0
0.9,2025-06-16,87002.06749000399,24462.01792195641,19814.23451678469,312.9189920832862,9973.150260248894,54647.08124650756,1173.023803243048,55820.10504975061,18,LP,9.094947017729282e-13,1200.0,10800.0
0.9,2025-06-17,88150.05763881915,24611.6315901996,19935.42158806168,625.25752558563,9462.093945600212,55487.72496992735,2740.051134059552,58227.77610398691,23,LP,4.547473508864641e-13,1200.0,10800.0
0.9,2025-06-18,88745.82123429906,24725.121603192954,20027.34849858629,75.9682955128053,13195.625525205194,55877.32388411831,393.643669425428,56270.967553543735,7,LP,9.094947017729282e-13,1200.0,10800.0
0.9,2025-06-19,85358.32887249406,24208.179685625026,19608.62554535627,296.1274783258524,12795.398010551176,53742.60257864341,1290.934092262915,55033.53667090632,18,LP,4.547473508864641e-13,1200.0,10800.0
0.9,2025-06-20,41263.173168377136,13677.575776798112,11078.836379206472,24.62228667079279,16288.475207456284,23671.44140179528,104.11656826773972,23775.55797006302,3,LP,9.094947017729282e-13,1200.0,10800.0
0.9,2025-06-21,38616.30793528458,16000.0,12959.999999999998,87.52725923882221,16329.094794523404,22315.595462660644,456.9153583859359,22772.51082104658,7,LP,2.273736754432321e-13,1200.0,10800.0
0.9,2025-06-22,84893.77816722853,24092.782970320502,19515.15420595961,121.92080508294232,12980.729107950585,53070.78096105933,384.53669196124895,53455.31765302058,8,LP,9.094947017729282e-13,1200.0,10800.0
0.9,2025-06-23,85470.1736681313,24169.88542821752,19577.60719685619,9.43173806884272,13826.04117483882,53619.04785218177,20.581823471591942,53639.62967565336,2,LP,9.094947017729282e-13,1200.0,10800.0
0.9,2025-06-24,81318.04101117281,23087.81404921983,18701.129379868064,2831.994229173626,3494.558320994675,50613.44696749224,10477.669303186558,61091.1162706788,50,LP,4.547473508864641e-13,1200.0,10800.0
0.9,2025-06-25,89307.48832403043,24709.606447832968,20014.781222744707,181.02443154776225,14356.266163823277,56378.55826986373,541.3308933363718,56919.8891632001,9,LP,9.094947017729282e-13,1200.0,10800.0
0.9,2025-06-26,86611.77827112687,24645.109504168093,19962.53869837615,258.3864905124767,14640.210122514069,54343.258724882246,1276.6223261031955,55619.88105098544,16,LP,4.547473508864641e-13,1200.0,10800.0
0.9,2025-06-27,39679.128543377774,14015.353567977982,11352.436390062168,19.213627890265517,17263.779126685564,22737.2764802521,100.39522118757328,22837.671701439675,4,LP,9.094947017729282e-13,1200.0,10800.0
0.9,2025-06-28,39906.49176887605,14058.508321301466,11387.391740254188,28.12260655740416,15486.57167771951,22793.225959510983,67.48330678855557,22860.70926629954,4,LP,9.094947017729282e-13,1200.0,10800.0
0.9,2025-06-29,87875.82638927858,24538.80182340387,19876.42947695713,126.04179253809514,14071.7273020366,55467.56194927327,291.70041171086,55759.262360984125,7,LP,9.094947017729282e-13,1200.0,10800.0
0.9,2025-06-30,86497.40814575105,24425.64430601948,19784.77188787578,402.7617368478873,12381.613481121907,54376.814343111866,1361.120110700345,55737.93445381221,11,LP,9.094947017729282e-13,1200.0,10800.0
0.9,2025-07-01,90142.15732590592,24807.483333144897,20094.06149984737,3328.8438320130567,9891.035291288108,57070.45323490765,10850.599196343714,67921.05243125136,68,LP,9.094947017729282e-13,1200.0,10800.0
0.9,2025-07-02,95500.6921576326,24833.33333333333,20115.0,765.0254736470552,18642.617931279678,61371.99493562895,1753.2265531816,63125.22148881055,19,LP,4.547473508864641e-13,1200.0,10800.0
0.9,2025-07-03,93774.41833189184,24365.81299360441,19736.308524819568,848.7060353769798,10233.200965150643,60275.50419431958,2539.4238449148597,62814.928039234444,26,LP,4.547473508864641e-13,1200.0,10800.0
0.9,2025-07-04,47330.55132322028,15295.36932519054,12389.24915340434,312.0985740522624,15855.66225881968,28676.955842907657,757.2612105874803,29434.217053495136,17,LP,1.8189894035458565e-12,1200.0,10800.0
0.9,2025-07-05,47317.08345916702,16000.0,12960.0,202.05542413727304,15689.058916637628,28496.053739975083,501.8798956138381,28997.93363558892,11,LP,1.1368683772161605e-13,1200.0,10800.0
0.9,2025-07-06,90460.0184442874,22684.94858073052,18374.80835039172,798.8258509608413,7154.722514909427,57473.07057758229,3455.758159244635,60928.82873682693,23,LP,4.547473508864641e-13,1200.0,10800.0
0.9,2025-07-07,93018.47575950186,23931.86168642261,19384.807966002307,135.27858154927458,15197.217853964174,58987.18208903855,300.4476173879627,59287.62970642651,9,LP,4.547473508864641e-13,1200.0,10800.0
0.9,2025-07-08,92762.06950420664,22904.59834566711,18552.72465999036,88.6463869715518,12927.455188834783,58775.49345345223,339.15604184919823,59114.64949530143,5,LP,2.273736754432321e-13,1200.0,10800.0
0.9,2025-07-09,88278.33970476763,22593.063081893877,18300.38109633404,209.61221299507235,10136.544915536191,55664.62258327916,1042.034002155094,56706.656585434255,12,LP,2.273736754432321e-13,1200.0,10800.0
0.9,2025-07-10,86204.87309818933,22474.78485019986,18204.57572866189,372.2367369233008,9453.277330241348,54311.61183838738,1405.4506446498074,55717.06248303719,18,LP,4.547473508864641e-13,1200.0,10800.0
0.9,2025-07-11,45355.2741189689,16000.0,12960.0,1069.950827002838,10866.44779597174,26902.668213176818,3292.876994879084,30195.5452080559,29,LP,1.8189894035458565e-12,1200.0,10800.0
0.9,2025-07-12,46708.9459293431,15999.999999999996,12960.0,144.26309593213122,12728.965691941905,27640.784709297768,480.4030772297332,28121.187786527506,12,LP,9.094947017729282e-13,1200.0,10800.0
0.9,2025-07-13,86540.06483671369,22412.1268106189,18153.82271660131,148.84343803204268,13162.883780728143,54324.26143020007,723.9871690536941,55048.24859925377,8,LP,4.547473508864641e-13,1200.0,10800.0
0.9,2025-07-14,81657.86480912517,21561.58609152725,17464.88473413707,475.66802468556216,6229.152259753894,51131.1782626556,2450.680326649056,53581.858589304655,27,LP,2.273736754432321e-13,1200.0,10800.0
0.9,2025-07-15,86731.0934040318,22335.10779683758,18091.43731543844,786.2086748443637,10524.581014143692,54580.69882829732,2041.8275392581957,56622.52636755551,17,LP,4.547473508864641e-13,1200.0,10800.0
0.9,2025-07-16,84287.22734725333,22315.582002361,18075.62142191241,1032.9309850528605,8945.634368524261,52828.73575200051,3965.746219463402,56794.48197146392,33,LP,4.547473508864641e-13,1200.0,10800.0
0.9,2025-07-17,84104.34412864201,22295.329617663232,18059.216990307214,686.0688507288269,7833.884285348157,52703.91387425685,2924.183573547244,55628.097447804095,24,LP,2.273736754432321e-13,1200.0,10800.0
0.9,2025-07-18,44221.218070121424,16000.000000000004,12959.999999999998,951.8345214877336,10858.80449160915,26096.675860263425,3009.9925345649,29106.668394828324,25,LP,9.094947017729282e-13,1200.0,10800.0
0.9,2025-07-19,44477.41830661434,16000.000000000002,12960.0,396.3309015596851,14650.930158174024,26159.774290419897,1479.6345727251228,27639.40886314502,22,LP,1.8189894035458565e-12,1200.0,10800.0
0.9,2025-07-20,85485.95608025933,22164.84093073783,17953.521153897644,210.31169986151707,9394.969786613998,53607.01931438972,764.502065244489,54371.52137963421,9,LP,2.273736754432321e-13,1200.0,10800.0
0.9,2025-07-21,83921.39231191057,22046.152900983878,17857.38384979694,752.3797439576244,6495.253654681267,52407.47999473206,3122.5940345708686,55530.07402930292,32,LP,4.547473508864641e-13,1200.0,10800.0
0.9,2025-07-22,89297.48345775355,22333.33333333333,18090.0,197.02302846734923,11456.0285362209,56172.85926476992,849.6391254954569,57022.49839026538,7,LP,2.273736754432321e-13,1200.0,10800.0
0.9,2025-07-23,87371.09046964285,22256.089465879268,18027.432467362207,300.34996216420734,9226.236316623324,54809.76828784762,1355.7626179635004,56165.53090581112,16,LP,4.547473508864641e-13,1200.0,10800.0
0.9,2025-07-24,85981.10269986343,22379.45289495588,18127.356844914262,585.1974362960798,8697.732086117914,54006.99666070454,2586.197604521073,56593.19426522562,26,LP,2.273736754432321e-13,1200.0,10800.0
0.9,2025-07-25,45184.66221629631,16000.000000000002,12959.999999999996,221.9669073609783,15861.309556990618,26832.01606911205,1049.6564097804635,27881.67247889252,8,LP,9.094947017729282e-13,1200.0,10800.0
0.9,2025-07-26,46053.51631537478,16000.000000000004,12960.0,263.5826465929037,14808.00739530101,27290.228706899376,693.2166628611881,27983.445369760564,7,LP,9.094947017729282e-13,1200.0,10800.0
0.9,2025-07-27,87515.24601305075,22387.170033137543,18133.60772684141,384.2559764799095,9960.749883234545,55013.25035891442,1683.423545498054,56696.67390441247,14,LP,4.547473508864641e-13,1200.0,10800.0
0.9,2025-07-28,88366.06213685125,22419.1554870602,18159.515944518767,857.7494167169893,7009.2947776934825,55640.2009436344,3500.2220582360387,59140.42300187043,28,LP,4.547473508864641e-13,1200.0,10800.0
0.9,2025-07-29,90255.5949122037,22557.2247743076,18271.352067189157,483.67469533670624,10384.150950421954,56952.78255288684,1767.8619314678,58720.64448435464,11,LP,2.273736754432321e-13,1200.0,10800.0
0.9,2025-07-30,87707.03771530153,22398.66290517525,18142.916953191954,264.6431756417774,9612.680888960014,55126.31638901951,1348.9414439441043,56475.25783296361,18,LP,4.547473508864641e-13,1200.0,10800.0
0.9,2025-07-31,87320.07651472956,22384.80685810843,18131.69355506783,256.59752188449124,8628.564466906777,55015.4295729972,1171.1692107370875,56186.59878373429,11,LP,2.273736754432321e-13,1200.0,10800.0
0.9,2025-08-01,44453.12366009949,15999.999999999996,12959.999999999998,177.96460648148866,20339.728599914317,26357.09830447244,607.3003406336522,26964.398645106096,9,LP,9.094947017729282e-13,1200.0,10800.0
0.9,2025-08-02,42745.24857643648,16000.000000000002,12960.0,165.27015834591998,18943.49380144906,25078.7781574166,660.1585013489395,25738.93665876554,9,LP,4.547473508864641e-13,1200.0,10800.0
0.9,2025-08-03,82159.61131669267,21439.55628201663,17366.04058843347,173.6937429706457,15420.30938274683,51583.78376854517,732.0953897660502,52315.87915831122,15,LP,2.273736754432321e-13,1200.0,10800.0
0.9,2025-08-04,80237.44812511132,21035.98672757017,17039.149249331836,60.18330108194243,10885.1388646216,50479.46200397999,192.38209509853775,50671.84409907853,7,LP,2.273736754432321e-13,1200.0,10800.0
0.9,2025-08-05,81062.1664682983,21101.994219344557,17092.615317669093,41.12779635921281,11941.605629648728,51100.75876157774,211.8706727262936,51312.62943430403,4,LP,2.273736754432321e-13,1200.0,10800.0
0.9,2025-08-06,76565.54439371696,20338.32269890506,16474.041386113095,1958.1423900123832,6545.006204270721,48204.376306375125,8171.095304339027,56375.47161071415,35,LP,2.273736754432321e-13,1200.0,10800.0
0.9,2025-08-07,83294.88581005184,21646.977734264005,17534.051964753846,58.50830795617884,15852.483098497854,52491.97649587415,143.84437758744065,52635.82087346159,5,LP,2.273736754432321e-13,1200.0,10800.0
0.9,2025-08-08,42601.42875446535,16000.000000000004,12960.0,113.35792771889528,23899.61543218424,25068.568587574337,466.775085751798,25535.343673326133,8,LP,1.8189894035458565e-12,1200.0,10800.0
0.9,2025-08-09,41328.81926723731,16000.0,12960.0,569.514929786151,19936.405197023472,24139.95033101175,2214.653134477437,26354.60346548919,25,LP,9.094947017729282e-13,1200.0,10800.0
0.9,2025-08-10,76147.94418601852,20267.92458446897,16417.018913419866,374.2707497858635,7366.6902147552655,48047.02388717434,1253.2324424357416,49300.256329610085,23,LP,1.8189894035458565e-12,1200.0,10800.0
0.9,2025-08-11,78825.45223199646,20787.17636831187,16837.61285833262,268.03079259070864,10582.666181274575,49616.26608473087,948.2122425602784,50564.47832729115,15,LP,2.273736754432321e-13,1200.0,10800.0
0.9,2025-08-12,80305.46356320851,21113.25954050778,17101.740227811304,468.5167155488752,9001.917316060913,50623.12997172025,1978.474446870064,52601.60441859032,13,LP,2.273736754432321e-13,1200.0,10800.0
0.9,2025-08-13,79539.80218502998,21510.38571576225,17423.412429767424,405.489384715637,9737.338833750797,49815.33658072378,1689.6086568033802,51504.94523752716,16,LP,4.547473508864641e-13,1200.0,10800.0
0.9,2025-08-14,77398.96578169134,20944.219594087364,16964.81787121077,539.5397777103869,8032.812853191797,48747.80554152958,2608.0380849656253,51355.84362649521,25,LP,2.273736754432321e-13,1200.0,10800.0
0.9,2025-08-15,42770.86094915352,16000.000000000002,12960.0,142.42180210919147,22713.555867929383,25194.53608079078,515.7029970063182,25710.239077797098,9,LP,9.094947017729282e-13,1200.0,10800.0
0.9,2025-08-16,43920.0304096916,16000.0,12960.0,62.14818414853028,24012.898227173468,25973.149263341536,349.2980894330444,26322.44735277458,8,LP,9.094947017729282e-13,1200.0,10800.0
0.9,2025-08-17,74842.520064215,20057.82954410847,16246.841930727862,559.1833062904561,8425.32214045819,47222.41103529489,2682.0147817262064,49904.425817021096,23,LP,2.273736754432321e-13,1200.0,10800.0
0.9,2025-08-18,76118.14747436799,20401.692524211183,16525.37094461106,469.7642755379594,8317.474553639153,48191.94060417997,2263.571083488422,50455.51168766839,22,LP,2.273736754432321e-13,1200.0,10800.0
0.9,2025-08-19,76065.23847193553,20547.06818057033,16643.125226261975,335.17193310603454,8178.807400733218,48127.68802913338,1697.4086522139814,49825.09668134736,15,LP,2.273736754432321e-13,1200.0,10800.0
0.9,2025-08-20,76663.39387627979,20657.80049990828,16732.818404925707,2555.3114674424355,4643.032182072994,48532.798313523,10558.32157106893,59091.11988459193,51,LP,2.273736754432321e-13,1200.0,10800.0
0.9,2025-08-21,79368.58361625505,21630.42047878057,17520.64058781226,234.14249946948595,9648.527741422897,49944.640314509525,1107.8032512959792,51052.4435658055,11,LP,2.273736754432321e-13,1200.0,10800.0
0.9,2025-08-22,43647.562385027486,15999.999999999996,12960.0,725.8964480360764,20102.88943306357,25806.528295803797,2857.477831555986,28664.00612735978,26,LP,1.8189894035458565e-12,1200.0,10800.0
0.9,2025-08-23,42989.03221802594,16000.0,12959.999999999996,132.4660603260508,17551.492128351987,25315.845985654967,492.1109253973458,25807.95691105231,10,LP,1.8189894035458565e-12,1200.0,10800.0
0.9,2025-08-24,77925.53812267908,21306.262175888296,17258.072362469517,347.2189812899336,10490.97780721691,48893.10059974848,1563.8226218656962,50456.923221614175,27,LP,2.273736754432321e-13,1200.0,10800.0
0.9,2025-08-25,76052.94505174707,20624.736607833136,16706.03665234484,2794.536277878345,4155.694357470451,48042.29965163366,11158.235309046402,59200.53496068006,53,LP,2.273736754432321e-13,1200.0,10800.0
0.9,2025-08-26,79484.00466120457,21625.563475572897,17516.706415214052,349.37124063274825,10195.700458145147,49823.73187292738,1497.586358559597,51321.31823148698,18,LP,2.273736754432321e-13,1200.0,10800.0
0.9,2025-08-27,76974.83414199058,21333.409542041874,17280.061729053916,861.7870377213819,5869.124500057342,48456.289015948205,3830.50528351692,52286.79429946512,39,LP,2.273736754432321e-13,1200.0,10800.0
0.9,2025-08-28,79917.10049695853,21940.915310106582,17772.141401186334,1858.9198028415312,6839.451407546487,50208.189947299325,7392.471021422018,57600.66096872134,39,LP,2.273736754432321e-13,1200.0,10800.0
0.9,2025-08-29,41464.81401546887,15999.999999999996,12960.0,827.7938966145144,16697.38756208339,24349.18261568525,3514.845851355272,27864.028467040524,31,LP,9.094947017729282e-13,1200.0,10800.0
0.9,2025-08-30,41668.398041197564,15999.999999999998,12960.0,631.086120950418,20746.764328814657,24525.871484526542,2097.692317437409,26623.563801963952,36,LP,9.094947017729282e-13,1200.0,10800.0
0.9,2025-08-31,80101.1306786183,21898.972240427454,17738.167514746245,248.63088911701695,9542.333758720766,50608.65914126967,946.625287028828,51555.2844282985,12,LP,4.547473508864641e-13,1200.0,10800.0
0.95,2025-05-01,62033.51439363329,19624.23758061157,15895.632440295372,1795.7689677657925,9089.29942108289,36766.91640201134,8772.814724768592,45539.73112677993,47,LP,9.094947017729282e-13,1200.0,10800.0
0.95,2025-05-02,29115.776779758653,16000.0,12960.0,2648.763926883436,14434.220623308756,14813.022702656232,11210.453270565537,26023.475973221764,61,LP,9.094947017729282e-13,1200.0,10800.0
0.95,2025-05-03,31904.79464974065,16000.0,12960.0,392.8087521393584,20390.431751880005,17099.191161980132,2137.480583549043,19236.671745529176,15,LP,9.094947017729282e-13,1200.0,10800.0
0.95,2025-05-04,66562.60397931065,20545.247964761824,16641.65085145708,215.98428763758903,11140.323820310165,40472.55618299271,893.1292784686825,41365.68546146139,12,LP,4.547473508864641e-13,1200.0,10800.0
0.95,2025-05-05,64719.42849180686,19529.058112621427,15818.537071223356,1098.9860483981065,7031.886698806895,39359.69022858031,4829.672583868609,44189.36281244892,38,LP,1.1368683772161605e-13,1200.0,10800.0
0.95,2025-05-06,67400.57821760538,20256.743522163844,16407.96225295272,434.5716729850204,11116.286254712611,41062.01796752015,1893.227111582305,42955.24507910245,16,LP,1.1368683772161605e-13,1200.0,10800.0
0.95,2025-05-07,68720.94538979663,20688.158198878093,16757.408141091255,40.75388298348773,9763.103264993286,41836.35842429183,161.14967980718393,41997.50810409901,9,LP,1.1368683772161605e-13,1200.0,10800.0
0.95,2025-05-08,68736.05579677431,20903.89488466185,16932.154856576104,237.6722485443747,9175.47561723294,42174.15328346905,1250.9475490880288,43425.10083255708,7,LP,2.273736754432321e-13,1200.0,10800.0
0.95,2025-05-09,32387.203488245385,16000.0,12960.0,15.430887912236166,20863.24852615762,17712.537779756676,36.33963389029002,17748.877413646966,4,LP,9.094947017729282e-13,1200.0,10800.0
0.95,2025-05-10,31072.57157671523,16000.0,12959.999999999998,379.41904363644966,16290.945337018344,16487.48759300144,1498.240211811877,17985.727804813316,19,LP,9.094947017729282e-13,1200.0,10800.0
0.95,2025-05-11,70639.96692083511,21488.910973036676,17406.01788815971,119.0518985282981,11192.046651153112,43030.16880289216,694.8360476666196,43725.004850558784,9,LP,2.273736754432321e-13,1200.0,10800.0
0.95,2025-05-12,70320.12403911391,21439.180235929813,17365.73599110315,217.175753999338,14532.660314953264,42964.56793859054,501.5827033152694,43466.150641905806,8,LP,2.273736754432321e-13,1200.0,10800.0
0.95,2025-05-13,65210.41931686265,19736.16392302845,15986.29277765304,103.40322781636353,8434.738632636938,39517.36512289527,434.1772547637953,39951.54237765906,8,LP,1.1368683772161605e-13,1200.0,10800.0
0.95,2025-05-14,66897.09677074873,20483.395678506477,16591.55049959024,165.8188359592114,10156.921644458382,40383.84854400226,628.9764052383717,41012.82494924063,12,LP,4.547473508864641e-13,1200.0,10800.0
0.95,2025-05-15,68026.73682119891,20604.770999761167,16689.864509806546,98.07528192763272,11444.847329838598,41534.53078386205,356.8482282798656,41891.37901214192,6,LP,2.273736754432321e-13,1200.0,10800.0
0.95,2025-05-16,31879.51716897845,15999.999999999996,12960.0,71.64055744299122,26195.65119308812,17330.669464875155,223.0997999405641,17553.769264815717,3,LP,9.094947017729282e-13,1200.0,10800.0
0.95,2025-05-17,32049.218059640647,15999.999999999996,12959.999999999996,345.22881842332123,18905.64779473063,17499.088506371263,1420.691906887483,18919.780413258744,12,LP,1.8189894035458565e-12,1200.0,10800.0
0.95,2025-05-18,68438.85853585905,20320.5144603873,16459.616712913717,137.27876972850575,11039.07145811397,41680.97007323932,302.6777880539844,41983.6478612933,9,LP,2.273736754432321e-13,1200.0,10800.0
0.95,2025-05-19,67584.84055581035,20143.375933597352,16316.134506213852,72.32992973329726,16314.712508160155,40835.742896775264,487.28307496386816,41323.02597173913,2,LP,4.547473508864641e-13,1200.0,10800.0
0.95,2025-05-20,67767.56857716967,20158.87379861717,16328.68777687991,67.10994826871493,9477.09768703446,41141.52924183744,341.1809216816225,41482.71016351906,5,LP,2.273736754432321e-13,1200.0,10800.0
0.95,2025-05-21,67382.37150700501,19965.42456264181,16171.993895739866,331.0931705445131,12557.418727314243,40864.23812976267,1246.0985288650138,42110.33665862768,11,LP,2.273736754432321e-13,1200.0,10800.0
0.95,2025-05-22,68574.67580628964,20258.099626781117,16409.0606976927,15.548659180381035,13924.554719714954,41785.84041802547,51.21882988537676,41837.05924791085,5,LP,2.273736754432321e-13,1200.0,10800.0
0.95,2025-05-23,30506.31332244588,16000.0,12960.0,35.08814100577764,21080.45258011832,16295.894914548362,105.5761947613428,16401.471109309707,4,LP,9.094947017729282e-13,1200.0,10800.0
0.95,2025-05-24,31147.50862532897,15999.999999999996,12959.999999999996,3.104115148163657,24356.1113571438,16745.377838829874,6.788193335742698,16752.166032165616,2,LP,4.547473508864641e-13,1200.0,10800.0
0.95,2025-05-25,66793.37767789797,19877.77782344164,16101.00003698773,18.960288921081485,14490.5499970318,40340.01623609945,73.19027578225237,40413.206511881705,4,LP,4.547473508864641e-13,1200.0,10800.0
0.95,2025-05-26,65769.59160549864,19282.065480168367,15618.473038936376,1129.8767299251977,8656.042944191853,39718.55035474122,4358.360642084864,44076.91099682609,19,LP,2.273736754432321e-13,1200.0,10800.0
0.95,2025-05-27,66785.721035266,19854.80160096058,16082.389296778074,15.854969918485269,13638.796401001988,40599.78101632868,34.53212448246091,40634.31314081114,1,LP,2.273736754432321e-13,1200.0,10800.0
0.95,2025-05-28,67106.86682254085,19760.6134693225,16006.096910151226,235.700478920641,11314.226642290228,40582.89854990536,991.0053588021772,41573.903908707536,12,LP,2.273736754432321e-13,1200.0,10800.0
0.95,2025-05-29,66932.17439523208,19866.934403124644,16092.216866530964,247.6372884687483,9294.970647107146,40685.08622032438,1038.3482402190482,41723.43446054343,11,LP,2.273736754432321e-13,1200.0,10800.0
0.95,2025-05-30,30747.67948222743,16000.000000000004,12960.0,139.69996025675158,21251.146175817517,16482.289484772333,484.8040559881298,16967.093540760463,7,LP,9.094947017729282e-13,1200.0,10800.0
0.95,2025-05-31,30818.72855380537,16000.0,12959.999999999998,184.05609389323112,19573.6030976986,16369.82948986895,506.1168048114906,16875.94629468044,10,LP,4.547473508864641e-13,1200.0,10800.0
0.95,2025-06-01,69466.32169807977,20911.517472156625,16938.329152446866,7639.825342456501,1908.1324208265164,41999.1390762338,29188.440834090063,71187.57991032387,103,LP,2.273736754432321e-13,1200.0,10800.0
0.95,2025-06-02,78738.76330581418,21823.004739274395,17676.63383881226,2016.555734213764,7968.140689565807,49780.19466915362,8072.591450923108,57852.78612007673,42,LP,2.273736754432321e-13,1200.0,10800.0
0.95,2025-06-03,82970.44892860457,22333.33333333333,18090.0,226.41987092446897,10761.168632862376,52469.83361830197,911.1943380950256,53381.02795639699,11,LP,9.094947017729282e-13,1200.0,10800.0
0.95,2025-06-04,86224.66125570958,23206.21805888185,18797.03662769429,225.35763532806016,12395.576643183424,54710.5858708509,486.733129904691,55197.3190007556,11,LP,9.094947017729282e-13,1200.0,10800.0
0.95,2025-06-05,85172.12520934307,22650.320470354003,18346.759580986745,476.9100869790574,10196.156390288206,53955.51322151986,1672.972135995996,55628.485357515856,20,LP,2.273736754432321e-13,1200.0,10800.0
0.95,2025-06-06,41838.67803319081,13900.272786295242,11259.220956899142,646.6805976661783,8989.311401460891,24562.56753406173,2672.8369467371303,27235.40448079886,21,LP,9.094947017729282e-13,1200.0,10800.0
0.95,2025-06-07,45421.7061669977,14126.039621235155,11442.09209320048,102.45687123776986,11713.702343534122,26271.25566569782,294.874092366553,26566.129758064373,4,LP,1.8189894035458565e-12,1200.0,10800.0
0.95,2025-06-08,94365.71261236352,24833.33333333333,20115.0,3.995275870841169,24466.45128823436,60436.43929207432,8.723684863981694,60445.1629769383,1,LP,9.094947017729282e-13,1200.0,10800.0
0.95,2025-06-09,86667.16208181331,23199.17843077256,18791.33452892577,393.7170856670295,11720.322532300224,54422.18168729139,1618.4102091465386,56040.59189643793,18,LP,4.547473508864641e-13,1200.0,10800.0
0.95,2025-06-10,89692.90040761541,24457.414302667174,19810.50558516041,62.751389778934936,13490.298846554257,56545.310703940864,135.782491839895,56681.09319578076,5,LP,9.094947017729282e-13,1200.0,10800.0
0.95,2025-06-11,90285.59096511116,24550.338846273677,19885.77446548168,267.0738188758585,9803.65408652836,57093.32254133561,1244.7136443012148,58338.036185636825,11,LP,9.094947017729282e-13,1200.0,10800.0
0.95,2025-06-12,93296.53441036,24833.33333333333,20115.0,64.90258638094434,16190.71223007428,59738.70291458126,228.12139920952427,59966.82431379079,8,LP,9.094947017729282e-13,1200.0,10800.0
0.95,2025-06-13,42630.055529150224,14080.766500317555,11405.420865257223,64.37358403706256,11673.769778126953,24540.04339268924,248.40650539238675,24788.449898081624,5,LP,2.273736754432321e-13,1200.0,10800.0
0.95,2025-06-14,44977.50501267598,14127.161554982906,11443.00085953615,94.79896542128336,16194.800532650508,25563.47470985897,237.8350030333021,25801.309712892275,5,LP,9.094947017729282e-13,1200.0,10800.0
0.95,2025-06-15,89595.31617782093,24385.80445534184,19752.50160882689,19.93084903947859,14354.96984701214,56870.2870330211,48.103104156781576,56918.390137177885,1,LP,4.547473508864641e-13,1200.0,10800.0
0.95,2025-06-16,89954.95666138598,24702.216917638067,20008.79570328683,198.27339615155304,12765.756026519626,56821.00468042679,715.9519468593026,57536.9566272861,11,LP,9.094947017729282e-13,1200.0,10800.0
0.95,2025-06-17,91037.66875765286,24833.33333333333,20115.0,349.0620420390505,12031.386249691925,57582.86255309564,1610.877325608375,59193.739878704015,14,LP,9.094947017729282e-13,1200.0,10800.0
0.95,2025-06-18,91709.98499124857,24833.33333333333,20115.0,20.93125777628154,16084.192015691518,58076.57028064537,114.11744003599216,58190.68772068136,2,LP,9.094947017729282e-13,1200.0,10800.0
0.95,2025-06-19,88374.2145799211,24450.820171984054,19805.164339307088,108.39952197019328,15577.45406921434,55954.08608642077,544.1582313013662,56498.24431772213,8,LP,9.094947017729282e-13,1200.0,10800.0
0.95,2025-06-20,44219.061538925314,13857.356992425845,11224.459163864927,4.890960509756951,19190.47382087416,25298.959029525187,30.717677481528533,25329.676707006714,1,LP,9.094947017729282e-13,1200.0,10800.0
0.95,2025-06-21,40875.78303460972,14832.69225022877,12014.4807226853,55.61377576695992,18778.44488283321,23674.521102615952,318.56521955074845,23993.086322166702,3,LP,9.094947017729282e-13,1200.0,10800.0
0.95,2025-06-22,87930.48982291475,24412.647515461027,19774.24448752343,42.48993519311546,15877.235630170277,55306.13056066629,91.08793448847146,55397.21849515477,4,LP,9.094947017729282e-13,1200.0,10800.0
0.95,2025-06-23,88452.64070026642,24414.26506461349,19775.55470233693,2.881473417935922,16755.5258114078,55821.94113600229,6.2873749979361815,55828.22851100023,1,LP,9.094947017729282e-13,1200.0,10800.0
0.95,2025-06-24,84164.71170018794,23972.56182787971,19417.775080582564,1764.9480940539688,5106.080796944765,52623.22854638353,6389.574521772253,59012.80306815578,37,LP,9.094947017729282e-13,1200.0,10800.0
0.95,2025-06-25,92404.76977756612,24833.33333333333,20115.0,39.6907282906343,17288.705805856764,58652.15694252937,147.94252116418554,58800.09946369356,4,LP,4.547473508864641e-13,1200.0,10800.0
0.95,2025-06-26,89829.52236829308,24833.33333333333,20115.0,138.6943890627963,17702.499590689207,56693.24956371404,705.6346886279802,57398.88425234202,11,LP,2.273736754432321e-13,1200.0,10800.0
0.95,2025-06-27,42911.473027272485,13716.29167895394,11110.196259952694,3.9805419733295366,20537.712283577894,24498.43460769354,26.832833442214408,24525.267441135755,1,LP,9.094947017729282e-13,1200.0,10800.0
0.95,2025-06-28,43117.19224586204,13612.26536108071,11025.934942475373,14.83821004198893,18768.77392063202,24551.745179014542,32.80728240283752,24584.55246141738,1,LP,1.8189894035458565e-12,1200.0,10800.0
0.95,2025-06-29,91225.84962918772,24790.306648035985,20080.14838490915,2.591010970805087,17250.513843698354,57936.73626371462,5.685973575431763,57942.422237290055,1,LP,4.547473508864641e-13,1200.0,10800.0
0.95,2025-06-30,89267.56153827246,24632.50324884425,19952.327631563843,288.43676682027774,14998.138704479004,56468.86651671355,966.7400207738826,57435.60653748743,10,LP,4.547473508864641e-13,1200.0,10800.0
0.95,2025-07-01,92822.56315389884,24833.33333333333,20115.0,2742.2244036340603,11979.910190866252,59116.43059669429,8646.365048973625,67762.79564566791,61,LP,9.094947017729282e-13,1200.0,10800.0
0.95,2025-07-02,98475.49770612284,24833.33333333333,20115.0,553.9771018188792,21406.37510794172,63598.78435214433,1266.6537812840356,64865.43813342836,13,LP,9.094947017729282e-13,1200.0,10800.0
0.95,2025-07-03,96971.80736881006,24608.296697365076,19932.72032486571,538.1548576274533,13073.966920604831,62620.33153293299,1745.5526170087105,64365.8841499417,17,LP,4.547473508864641e-13,1200.0,10800.0
0.95,2025-07-04,50299.42381612976,14275.788321395494,11563.388540330354,80.06608991528299,18786.22265831323,30385.107260555924,172.41192445285952,30557.519185008783,7,LP,9.094947017729282e-13,1200.0,10800.0
0.95,2025-07-05,49087.815520801625,15668.43351529896,12691.43114739216,66.85285233351593,17387.586038561676,29653.80935623165,187.46261812142308,29841.271974353072,5,LP,9.094947017729282e-13,1200.0,10800.0
0.95,2025-07-06,93852.3537724573,23731.83632690908,19222.787424796352,364.2144118743984,9913.53773221898,59844.77799068199,1614.2147821041965,61458.99277278619,10,LP,4.547473508864641e-13,1200.0,10800.0
0.95,2025-07-07,96137.87540066052,24134.25041245207,19548.742834086177,90.18440501094824,18233.06946063892,61287.00495167106,191.4011008064689,61478.406052477534,5,LP,9.094947017729282e-13,1200.0,10800.0
0.95,2025-07-08,95958.02775985276,23800.60680962633,19278.491515797323,53.29839761878691,15917.82384697588,61008.56909701963,198.03559147867867,61206.60468849831,4,LP,9.094947017729282e-13,1200.0,10800.0
0.95,2025-07-09,91557.85483038556,23383.879216637677,18940.942165476517,119.94043425601342,13176.13319681375,57971.37683757172,706.6233789950403,58678.00021656676,6,LP,9.094947017729282e-13,1200.0,10800.0
0.95,2025-07-10,89223.5834414613,22595.55700973025,18302.401177881507,186.39774162044944,12263.20196789968,56512.85166434829,702.2902729581008,57215.14193730639,13,LP,4.547473508864641e-13,1200.0,10800.0
0.95,2025-07-11,46652.04829934458,16000.000000000004,12959.999999999998,500.10657101787854,11593.377720362454,27822.40248529738,1653.026065025591,29475.428550322973,18,LP,9.094947017729282e-13,1200.0,10800.0
0.95,2025-07-12,48035.919146871885,16000.000000000004,12959.999999999996,43.316052654723215,13954.991866193272,28567.74593804274,114.61892800018111,28682.36486604292,5,LP,9.094947017729282e-13,1200.0,10800.0
0.95,2025-07-13,89326.26957308222,22571.350575038425,18282.79396578112,42.648749881359606,15812.641313706285,56333.0162876457,163.06807158548455,56496.08435923119,4,LP,4.547473508864641e-13,1200.0,10800.0
0.95,2025-07-14,84651.23299204113,22066.753634280663,17874.07044376734,177.41104738824976,8828.281632249385,53025.76660294173,988.776903737986,54014.543506679714,11,LP,2.273736754432321e-13,1200.0,10800.0
0.95,2025-07-15,89602.69208878167,22340.311664986373,18095.65244863896,445.53592443249096,13054.518213533414,56559.98874872381,1107.9728924271171,57667.96164115093,10,LP,4.547473508864641e-13,1200.0,10800.0
0.95,2025-07-16,87184.06080263887,22486.636766474665,18214.17578084448,488.1392696307537,11265.175703306102,54837.96110294128,2161.567612073065,56999.52871501435,18,LP,4.547473508864641e-13,1200.0,10800.0
0.95,2025-07-17,86934.78212680545,22290.699143497,18055.466306232567,428.39014458231486,10407.523367456672,54704.19283111703,1786.7893058965435,56490.98213701357,15,LP,9.094947017729282e-13,1200.0,10800.0
0.95,2025-07-18,45565.11590377637,16000.0,12960.0,580.3163430809462,11831.184146857322,27056.238996506727,1749.202542664945,28805.441539171672,15,LP,4.547473508864641e-13,1200.0,10800.0
0.95,2025-07-19,45767.17074649384,16000.000000000004,12959.999999999998,222.3038398357293,15766.655536329565,27068.080715366923,811.3613986547737,27879.4421140217,14,LP,4.547473508864641e-13,1200.0,10800.0
0.95,2025-07-20,88601.79795333219,22399.927656004795,18143.94140136388,101.02768633204316,12356.86116835667,55821.21781352142,356.86257587850423,56178.080389399925,5,LP,2.273736754432321e-13,1200.0,10800.0
0.95,2025-07-21,86989.99971319163,22119.145573482747,17916.507914521026,309.3321740917831,9106.9448783217,54586.198331889966,1319.7672051154173,55905.96553700538,14,LP,2.273736754432321e-13,1200.0,10800.0
0.95,2025-07-22,92262.6001511998,22596.033133711117,18302.786838306,87.0832818744037,14261.292521002417,58348.03968111135,368.4863958132215,58716.52607692457,4,LP,4.547473508864641e-13,1200.0,10800.0
0.95,2025-07-23,89898.00229699994,22333.33333333333,18090.0,87.02929561353369,11525.151142613478,56663.1515522386,334.93828757813003,56998.089839816734,7,LP,9.094947017729282e-13,1200.0,10800.0
0.95,2025-07-24,88480.18031556957,22349.0567123,18102.735936963,279.8058086716306,10897.193348904202,55820.6031558495,1230.4259974640122,57051.02915331352,15,LP,4.547473508864641e-13,1200.0,10800.0
0.95,2025-07-25,46517.88008791009,16000.0,12960.0,48.90156768313884,17021.462088926564,27738.733302368688,228.05806443718103,27966.791366805868,7,LP,9.094947017729282e-13,1200.0,10800.0
0.95,2025-07-26,47318.44911631152,15999.999999999993,12960.0,177.59619300323243,15986.95374264809,28158.75517286673,427.6882463433484,28586.44341921008,3,LP,9.094947017729282e-13,1200.0,10800.0
0.95,2025-07-27,89852.07546827418,22333.33333333333,18090.0,249.220805662704,12172.77314060356,56731.13022219132,1058.781282931434,57789.91150512276,9,LP,2.273736754432321e-13,1200.0,10800.0
0.95,2025-07-28,90796.86921189848,22540.92384779317,18258.148316712468,434.50010036757726,8993.716547852026,57397.96877523014,1758.8714148147164,59156.84019004486,19,LP,9.094947017729282e-13,1200.0,10800.0
0.95,2025-07-29,92688.58567088514,22738.076779975567,18417.842191780208,311.9073376542616,12611.012470344056,58706.6040942386,1050.6711016846589,59757.275195923256,10,LP,4.547473508864641e-13,1200.0,10800.0
0.95,2025-07-30,89939.34420201553,22578.719177222963,18288.7625335506,143.474437857135,11689.60794620031,56736.20582538635,741.0689086528694,57477.27473403922,8,LP,2.273736754432321e-13,1200.0,10800.0
0.95,2025-07-31,89483.77691706666,22466.882270366696,18198.17463899702,134.3775662045477,10654.45058523488,56596.25794932077,674.6691777651972,57270.92712708597,9,LP,4.547473508864641e-13,1200.0,10800.0
0.95,2025-08-01,45440.32827569271,15999.999999999998,12960.000000000002,118.1641488357062,21267.13275786176,27055.82254046288,389.5228545821589,27445.34539504504,7,LP,1.8189894035458565e-12,1200.0,10800.0
0.95,2025-08-02,43636.57184558117,15999.999999999998,12959.999999999998,96.01896696351582,19765.56587921136,25717.757529949875,362.3937159516795,26080.151245901558,6,LP,9.094947017729282e-13,1200.0,10800.0
0.95,2025-08-03,84421.69405961156,22099.49624474649,17900.59195824465,89.68701965811198,17472.99680943451,53036.39888634501,346.8899693816958,53383.2888557267,8,LP,9.094947017729282e-13,1200.0,10800.0
0.95,2025-08-04,82524.87729373787,21660.785945636875,17545.23661596587,36.89302036085394,13030.565901094393,51865.9161995414,101.46502462534112,51967.38122416675,3,LP,2.273736754432321e-13,1200.0,10800.0
0.95,2025-08-05,83357.40277739045,21664.50070372144,17548.245570014362,1.5070980985776714,14090.345008448636,52503.13218212343,4.301257973340674,52507.43344009677,1,LP,2.273736754432321e-13,1200.0,10800.0
0.95,2025-08-06,78870.14447079739,20919.712966517385,16944.96750287908,1467.4399945840382,8248.43973507646,49586.81949575434,6055.885998328208,55642.70549408255,27,LP,2.273736754432321e-13,1200.0,10800.0
0.95,2025-08-07,85689.54127721307,22211.817191378417,17991.571925016517,28.18836326210601,18109.49912411327,54063.71954435375,59.64641994708899,54123.36596430084,2,LP,2.273736754432321e-13,1200.0,10800.0
0.95,2025-08-08,43529.93547959227,16000.000000000002,12959.999999999998,57.119558620481854,24771.883788212752,25739.321994507176,229.9767753103024,25969.29876981748,4,LP,9.094947017729282e-13,1200.0,10800.0
0.95,2025-08-09,42205.26060536875,16000.000000000002,12959.999999999998,322.0234707528158,20565.355076121563,24773.4632876434,1301.803368754387,26075.266656397784,17,LP,9.094947017729282e-13,1200.0,10800.0
0.95,2025-08-10,78633.12050449601,20920.55627488066,16945.650582653332,86.15750904490609,9439.753271313588,49517.1255769002,272.4979914827661,49789.623568382965,11,LP,2.273736754432321e-13,1200.0,10800.0
0.95,2025-08-11,81163.25013573514,21499.84119777672,17414.871370199144,107.05549879569436,12624.082473619928,51016.449951557646,249.77143382779064,51266.22138538544,6,LP,2.273736754432321e-13,1200.0,10800.0
0.95,2025-08-12,82529.97431021095,21749.147215108314,17616.80924423774,214.3704629466744,10851.463152287046,51939.624827776825,802.0793102701675,52741.70413804699,8,LP,2.273736754432321e-13,1200.0,10800.0
0.95,2025-08-13,81749.829643588,21911.595610701017,17748.392444667825,254.72112809146532,11720.36815564628,51178.273184060046,1040.0554080224638,52218.32859208251,11,LP,2.273736754432321e-13,1200.0,10800.0
0.95,2025-08-14,79658.57190588512,21492.882628932024,17409.23492943494,322.6090093111157,9971.242232365812,50051.36795949028,1569.3907875076754,51620.75874699796,19,LP,2.273736754432321e-13,1200.0,10800.0
0.95,2025-08-15,43583.21446352949,16000.0,12959.999999999998,88.18873172235988,23471.67631191852,25741.062815073605,308.1776793508868,26049.24049442449,5,LP,9.094947017729282e-13,1200.0,10800.0
0.95,2025-08-16,44779.17321390797,15999.999999999996,12960.0,18.446969622997813,24828.3398168643,26542.283041585,124.41558662230877,26666.698628207305,1,LP,9.094947017729282e-13,1200.0,10800.0
0.95,2025-08-17,77104.88472658368,20632.56488414913,16712.377556160794,361.5112224008238,10380.815004329495,48502.31355134896,1917.8013676708529,50420.11491901981,18,LP,2.273736754432321e-13,1200.0,10800.0
0.95,2025-08-18,78396.91067776992,21004.31250942212,17013.493132631917,228.379644999438,10240.355329312486,49519.86439368813,1022.1910511122152,50542.055444800346,12,LP,2.273736754432321e-13,1200.0,10800.0
0.95,2025-08-19,78330.64178011399,21111.214611246956,17100.083835110032,174.70920719102324,10176.560161168092,49452.83403713205,942.5828782114396,50395.41691534349,11,LP,2.273736754432321e-13,1200.0,10800.0
0.95,2025-08-20,78933.44410120322,21228.24598913987,17194.8792512033,1659.9947184910325,5909.381015091012,49866.07463465819,6829.053610729082,56695.12824538727,39,LP,2.273736754432321e-13,1200.0,10800.0
0.95,2025-08-21,81778.7927532201,21824.404780791032,17677.767872440738,123.97455728126316,11911.711918817737,51522.18845948553,667.0810720386477,52189.26953152418,6,LP,2.273736754432321e-13,1200.0,10800.0
0.95,2025-08-22,44627.67803821685,16000.0,12960.0,362.1027538272022,20719.211392044053,26480.980495523872,1345.1796751358393,27826.16017065971,18,LP,9.094947017729282e-13,1200.0,10800.0
0.95,2025-08-23,43990.92585968465,15999.999999999996,12960.0,82.59013632364122,18503.5098460083,26022.853943946087,309.9444937369788,26332.798437683065,6,LP,9.094947017729282e-13,1200.0,10800.0
0.95,2025-08-24,80377.03469729291,21771.327185601825,17634.77502033748,133.180836610121,12640.07388530536,50450.6204779837,606.7599786762512,51057.38045665995,16,LP,2.273736754432321e-13,1200.0,10800.0
0.95,2025-08-25,78543.2908415935,21382.30528853085,17319.667283709983,1851.8433665434925,5559.409186649453,49515.35094348332,7496.760795194208,57012.11173867753,40,LP,2.273736754432321e-13,1200.0,10800.0
0.95,2025-08-26,82288.08305408468,22162.591404281404,17951.699037467937,182.89557044459275,12731.26787438249,51713.73362316676,835.5049143435357,52549.2385375103,8,LP,2.273736754432321e-13,1200.0,10800.0
0.95,2025-08-27,79840.66834764257,21981.92083680749,17805.355877814065,396.6292252667088,8146.583747249187,50307.52642668354,1744.0362519696137,52051.56267865316,18,LP,2.273736754432321e-13,1200.0,10800.0
0.95,2025-08-28,82654.50854675833,22272.02087137116,18040.33690581064,1379.4256901569229,9034.4552880214,52097.277005856944,5339.247047564281,57436.52405342123,31,LP,2.273736754432321e-13,1200.0,10800.0
0.95,2025-08-29,42537.159200085,15999.999999999998,12960.0,536.4389401407898,17478.377790225793,25134.108803539584,2279.1080397807955,27413.21684332038,23,LP,9.094947017729282e-13,1200.0,10800.0
0.95,2025-08-30,42701.72121501618,16000.0,12960.0,256.249897208766,21405.251278891617,25281.09315154341,683.3773912964924,25964.470542839903,19,LP,9.094947017729282e-13,1200.0,10800.0
0.95,2025-08-31,82715.41644442208,22286.82825642801,18052.33088770668,100.27368796587972,11934.569680333305,52333.6094791748,359.7447751738199,52693.35425434863,8,LP,2.273736754432321e-13,1200.0,10800.0
